# Plate-preserving conversion from a NASA PDS latitude/longitude/radius table
# source /var/folders/1d/8mhxhkdj2n319hrdpdvy5r940000gn/T/tmp.vO2AIgIASu/halley.tab
v 0.00000000 -8.80000000 0.00000000
v 0.00000000 -8.80000000 0.00000000
v 0.00000000 -8.80000000 0.00000000
v 0.00000000 -8.80000000 0.00000000
v 0.00000000 -8.80000000 0.00000000
v 0.00000000 -8.80000000 0.00000000
v 0.00000000 -8.80000000 0.00000000
v 0.00000000 -8.80000000 0.00000000
v 0.00000000 -8.80000000 0.00000000
v 0.00000000 -8.80000000 0.00000000
v 0.00000000 -8.80000000 0.00000000
v 0.00000000 -8.80000000 0.00000000
v 0.00000000 -8.80000000 0.00000000
v 0.00000000 -8.80000000 0.00000000
v 0.00000000 -8.80000000 0.00000000
v 0.00000000 -8.80000000 0.00000000
v 0.00000000 -8.80000000 0.00000000
v 0.00000000 -8.80000000 0.00000000
v 0.00000000 -8.80000000 0.00000000
v -0.00000000 -8.80000000 0.00000000
v -0.00000000 -8.80000000 0.00000000
v -0.00000000 -8.80000000 0.00000000
v -0.00000000 -8.80000000 0.00000000
v -0.00000000 -8.80000000 0.00000000
v -0.00000000 -8.80000000 0.00000000
v -0.00000000 -8.80000000 0.00000000
v -0.00000000 -8.80000000 0.00000000
v -0.00000000 -8.80000000 0.00000000
v -0.00000000 -8.80000000 0.00000000
v -0.00000000 -8.80000000 0.00000000
v -0.00000000 -8.80000000 0.00000000
v -0.00000000 -8.80000000 0.00000000
v -0.00000000 -8.80000000 0.00000000
v -0.00000000 -8.80000000 0.00000000
v -0.00000000 -8.80000000 0.00000000
v -0.00000000 -8.80000000 0.00000000
v -0.00000000 -8.80000000 0.00000000
v -0.00000000 -8.80000000 -0.00000000
v -0.00000000 -8.80000000 -0.00000000
v -0.00000000 -8.80000100 -0.00000000
v -0.00000000 -8.80000100 -0.00000000
v -0.00000000 -8.80000100 -0.00000000
v -0.00000000 -8.80000100 -0.00000000
v -0.00000000 -8.80000100 -0.00000000
v -0.00000000 -8.80000100 -0.00000000
v -0.00000000 -8.80000100 -0.00000000
v -0.00000000 -8.80000000 -0.00000000
v -0.00000000 -8.80000000 -0.00000000
v -0.00000000 -8.80000000 -0.00000000
v -0.00000000 -8.80000000 -0.00000000
v -0.00000000 -8.80000000 -0.00000000
v -0.00000000 -8.79999900 -0.00000000
v -0.00000000 -8.79999900 -0.00000000
v -0.00000000 -8.79999900 -0.00000000
v -0.00000000 -8.79999900 -0.00000000
v 0.00000000 -8.79999900 -0.00000000
v 0.00000000 -8.79999900 -0.00000000
v 0.00000000 -8.79999900 -0.00000000
v 0.00000000 -8.80000000 -0.00000000
v 0.00000000 -8.80000000 -0.00000000
v 0.00000000 -8.80000000 -0.00000000
v 0.00000000 -8.80000000 -0.00000000
v 0.00000000 -8.80000000 -0.00000000
v 0.00000000 -8.80000000 -0.00000000
v 0.00000000 -8.80000000 -0.00000000
v 0.00000000 -8.80000000 -0.00000000
v 0.00000000 -8.80000000 -0.00000000
v 0.00000000 -8.80000000 -0.00000000
v 0.00000000 -8.80000000 -0.00000000
v 0.00000000 -8.80000000 -0.00000000
v 0.00000000 -8.80000000 -0.00000000
v 0.00000000 -8.80000000 -0.00000000
v 0.00000000 -8.80000000 -0.00000000
v 0.76697054 -8.76651334 0.00000000
v 0.76526899 -8.78047700 0.06695236
v 0.75760783 -8.79308385 0.13358670
v 0.74403816 -8.80439763 0.19936442
v 0.72466379 -8.81452594 0.26375605
v 0.69963868 -8.82361024 0.32624687
v 0.66916468 -8.83182785 0.38634241
v 0.63348751 -8.83937901 0.44357273
v 0.59289316 -8.84648387 0.49749643
v 0.54770363 -8.85337455 0.54770363
v 0.49827274 -8.86028814 0.59381832
v 0.44498176 -8.86745775 0.63549982
v 0.38823569 -8.87510853 0.67244394
v 0.32704093 -8.84508621 0.70134154
v 0.26423240 -8.83044513 0.72597254
v 0.19962460 -8.81588774 0.74500916
v 0.13361670 -8.79505831 0.75777795
v 0.06691819 -8.77599612 0.76487846
v 0.00000000 -8.75912656 0.76632428
v -0.06657561 -8.73106774 0.76096269
v -0.13226283 -8.70594271 0.75009979
v -0.19663918 -8.68404436 0.73386740
v -0.25929972 -8.66559882 0.71242012
v -0.31985576 -8.65075751 0.68593290
v -0.37912748 -8.66689387 0.65666806
v -0.43328299 -8.63432827 0.61879224
v -0.48420769 -8.61018350 0.57705626
v -0.53152315 -8.59182463 0.53152315
v -0.57470960 -8.57516925 0.48223861
v -0.61344706 -8.55974417 0.42954025
v -0.64743682 -8.54505727 0.37379782
v -0.67514279 -8.51467632 0.31482426
v -0.69757172 -8.48498872 0.25389534
v -0.71687715 -8.48299434 0.19208665
v -0.73173319 -8.49277299 0.12902430
v -0.74014540 -8.49221611 0.06475433
v -0.74025207 -8.46111990 0.00000000
v -0.73547661 -8.43864774 -0.06434587
v -0.72763336 -8.44518875 -0.12830139
v -0.71285904 -8.43544696 -0.19101000
v -0.69768352 -8.48634853 -0.25393603
v -0.67421103 -8.50292521 -0.31438977
v -0.64547428 -8.51915521 -0.37266475
v -0.60988472 -8.51003704 -0.42704588
v -0.56966048 -8.49983202 -0.47800190
v -0.52513389 -8.48854514 -0.52513389
v -0.47785865 -8.49728475 -0.56948976
v -0.42779494 -8.52496402 -0.61095448
v -0.37408975 -8.55173078 -0.64794245
v -0.31715313 -8.57766272 -0.68013709
v -0.25742232 -8.60285748 -0.70726200
v -0.19535601 -8.62737682 -0.72907856
v -0.13142765 -8.65096870 -0.74536326
v -0.06594526 -8.64840052 -0.75375777
v -0.00000000 -8.64509913 -0.75634817
v 0.06581694 -8.63157180 -0.75229105
v 0.13093080 -8.61826463 -0.74254549
v 0.19507009 -8.61475005 -0.72801150
v 0.25809907 -8.62547409 -0.70912137
v 0.31837881 -8.61081210 -0.68276556
v 0.37817500 -8.64512005 -0.65501831
v 0.43497522 -8.66805046 -0.62120899
v 0.48929220 -8.70059614 -0.58311573
v 0.54008211 -8.73017615 -0.54008211
v 0.58539202 -8.73456040 -0.49120223
v 0.62644780 -8.74115023 -0.43864347
v 0.66292256 -8.74944255 -0.38273852
v 0.69462748 -8.76041065 -0.32391011
v 0.72089141 -8.76864022 -0.26238301
v 0.74144287 -8.77368694 -0.19866902
v 0.75606527 -8.77518024 -0.13331471
v 0.76460375 -8.77284416 -0.06689416
v 0.76697054 -8.76651334 -0.00000000
v 1.51073932 -8.56782844 0.00000000
v 1.50501801 -8.56798502 0.13167201
v 1.48691975 -8.56282955 0.26218407
v 1.45667722 -8.55265156 0.39031548
v 1.41467510 -8.53792081 0.51489963
v 1.36143258 -8.51925575 0.63484644
v 1.29758379 -8.49739892 0.74916035
v 1.22385482 -8.47318349 0.85695237
v 1.14103961 -8.44749576 0.95744591
v 1.04997718 -8.42124079 1.04997718
v 0.95153134 -8.39531178 1.13399089
v 0.84657370 -8.37056356 1.20903254
v 0.73597021 -8.34778890 1.27473779
v 0.61944862 -8.31262634 1.32841185
v 0.49994517 -8.28995016 1.37358806
v 0.37828116 -8.28895353 1.41176449
v 0.25444519 -8.31008061 1.44303035
v 0.12835966 -8.35244803 1.46715764
v 0.00000000 -8.39900087 1.48097046
v -0.12904353 -8.39694755 1.47497425
v -0.25662005 -8.38111086 1.45536463
v -0.38201937 -8.37086590 1.42571571
v -0.50482498 -8.37086590 1.38699524
v -0.62442190 -8.37936479 1.33907709
v -0.74250632 -8.42192523 1.28605868
v -0.84762737 -8.38098185 1.21053734
v -0.94923032 -8.37500997 1.13124864
v -1.04351485 -8.36941035 1.04351485
v -1.13068888 -8.37086590 0.94876062
v -1.21015783 -8.37835438 0.84736164
v -1.27287920 -8.33561766 0.73489715
v -1.32143289 -8.26895504 0.61619428
v -1.36389394 -8.23144371 0.49641680
v -1.40289000 -8.23684834 0.37590324
v -1.42591019 -8.21148954 0.25142644
v -1.43614204 -8.17587790 0.12564615
v -1.43121488 -8.11682292 0.00000000
v -1.41206046 -8.03878282 -0.12353928
v -1.38776366 -7.99181241 -0.24470018
v -1.35467682 -7.95377224 -0.36298456
v -1.31536445 -7.93855598 -0.47875351
v -1.26665535 -7.92618088 -0.59065109
v -1.20892716 -7.91681930 -0.69797442
v -1.14259323 -7.91058054 -0.80005239
v -1.06943188 -7.91735996 -0.89735990
v -0.98839111 -7.92729569 -0.98839111
v -0.90021422 -7.94254346 -1.07283353
v -0.80394389 -7.94905797 -1.14815086
v -0.70371488 -7.98193085 -1.21886993
v -0.59744914 -8.01740658 -1.28123381
v -0.48552606 -8.05085656 -1.33397189
v -0.36833413 -8.07099292 -1.37464170
v -0.24766872 -8.08876378 -1.40459909
v -0.12464142 -8.11049947 -1.42465792
v -0.00000000 -8.12837472 -1.43325177
v 0.12506052 -8.13777077 -1.42944829
v 0.25018233 -8.17085735 -1.41885449
v 0.37364681 -8.18740508 -1.39446888
v 0.49413843 -8.19366452 -1.35763419
v 0.61211859 -8.21426177 -1.31269255
v 0.72792335 -8.25651692 -1.26080023
v 0.83598148 -8.26583221 -1.19390529
v 0.93759874 -8.27238513 -1.11738666
v 1.03073178 -8.26688497 -1.03073178
v 1.11586090 -8.26108938 -0.93631847
v 1.19258654 -8.25670206 -0.83505809
v 1.26243430 -8.26721784 -0.72886678
v 1.33077867 -8.32743686 -0.62055228
v 1.38924870 -8.38446610 -0.50564518
v 1.43707514 -8.43756102 -0.38506312
v 1.47359618 -8.48610220 -0.25983477
v 1.49827911 -8.52962085 -0.13108244
v 1.51073932 -8.56782844 -0.00000000
v 1.75531387 -6.55092055 0.00000000
v 1.75369643 -6.56988457 0.15342856
v 1.75177082 -6.63855223 0.30888446
v 1.74373900 -6.73729014 0.46723346
v 1.72006578 -6.83135393 0.62605274
v 1.69716069 -6.98867427 0.79139902
v 1.67809879 -7.23160075 0.96885079
v 1.61211982 -7.34480629 1.12881845
v 1.52994114 -7.45363812 1.28377304
v 1.41888357 -7.48874952 1.41888357
v 1.30124776 -7.55509703 1.55076670
v 1.17681819 -7.65712295 1.68067056
v 1.03991163 -7.76200607 1.80117978
v 0.87385310 -7.71680847 1.87398403
v 0.70497331 -7.69251834 1.93689826
v 0.53589544 -7.72736411 1.99998900
v 0.36123244 -7.76361627 2.04865097
v 0.18295598 -7.83426312 2.09119645
v 0.00000000 -7.80792619 2.09212752
v -0.18201614 -7.79401879 2.08045404
v -0.36337009 -7.80955860 2.06077416
v -0.54510639 -7.86018181 2.03436475
v -0.72646850 -7.92706927 1.99595581
v -0.89146049 -7.87229548 1.91174319
v -1.05080532 -7.84331771 1.82004821
v -1.20246529 -7.82399919 1.71729841
v -1.34257100 -7.79502142 1.60001381
v -1.47325225 -7.77570290 1.47325225
v -1.59604847 -7.77570290 1.33924369
v -1.70669781 -7.77570290 1.19504267
v -1.80211670 -7.76604364 1.04045256
v -1.88124912 -7.74672513 0.87724087
v -1.94568277 -7.72740661 0.70817062
v -2.00000000 -7.72740661 0.53589838
v -2.03909602 -7.72740661 0.35954764
v -2.04933862 -7.67745086 0.17929390
v -2.04900386 -7.64698652 0.00000000
v -2.03368499 -7.61880757 -0.17792438
v -2.00084028 -7.58243177 -0.35280213
v -1.92441000 -7.43534928 -0.51564411
v -1.84453524 -7.32569255 -0.67135592
v -1.76288454 -7.25931606 -0.82204656
v -1.66320331 -7.16741015 -0.96025088
v -1.55585477 -7.08846310 -1.08942124
v -1.44264859 -7.02836223 -1.21052590
v -1.32113996 -6.97286689 -1.32113996
v -1.19996584 -6.96705008 -1.43006360
v -1.07504510 -6.99492284 -1.53532351
v -0.94137469 -7.02651634 -1.63050879
v -0.80087268 -7.07233407 -1.71747700
v -0.65014179 -7.09420842 -1.78624988
v -0.49281349 -7.10614244 -1.83920500
v -0.32924996 -7.07624800 -1.86726930
v -0.16539918 -7.08247242 -1.89052128
v -0.00000000 -7.05371585 -1.89003746
v 0.16459839 -7.04818206 -1.88136817
v 0.32802390 -7.04989754 -1.86031598
v 0.49027977 -7.06960726 -1.82974900
v 0.63558561 -6.93537448 -1.74625710
v 0.78241453 -6.90933408 -1.67789336
v 0.93584114 -6.98521335 -1.62092440
v 1.08154538 -7.03721783 -1.54460689
v 1.22108596 -7.08967437 -1.45523358
v 1.33054425 -7.02250195 -1.33054425
v 1.41844179 -6.91043041 -1.19021398
v 1.49925833 -6.83061016 -1.04979199
v 1.57321358 -6.77960831 -0.90829529
v 1.62918895 -6.70877601 -0.75970328
v 1.67600993 -6.65638322 -0.61001773
v 1.71652000 -6.63212400 -0.45994015
v 1.74345921 -6.60705436 -0.30741890
v 1.75672211 -6.58121971 -0.15369327
v 1.75531387 -6.55092055 -0.00000000
v 1.97294183 -5.42061312 0.00000000
v 1.97707348 -5.45271396 0.17297152
v 1.99077183 -5.55397806 0.35102679
v 1.99389810 -5.67143964 0.53426339
v 2.01428843 -5.88938537 0.73314103
v 2.01431702 -6.10641395 0.93929145
v 2.00237994 -6.35257771 1.15607460
v 1.97911072 -6.63803754 1.38578825
v 1.89174860 -6.78490210 1.58736555
v 1.79214926 -6.96343148 1.79214926
v 1.64593129 -7.03523057 1.96154452
v 1.46615101 -7.02298168 2.09388065
v 1.26948284 -6.97575085 2.19880877
v 1.06582147 -6.92899644 2.28566153
v 0.85160478 -6.84101490 2.33976490
v 0.63760619 -6.76846875 2.37957871
v 0.42650667 -6.74822777 2.41883954
v 0.21576478 -6.80171884 2.46620270
v 0.00000000 -6.93904082 2.52560431
v -0.22148102 -6.98191617 2.53153959
v -0.44043165 -6.96854998 2.49781199
v -0.65473994 -6.95035096 2.44352272
v -0.85978667 -6.90674076 2.36224447
v -1.05228002 -6.84096228 2.25662178
v -1.23127252 -6.76578687 2.13262656
v -1.41245780 -6.76578687 2.01719880
v -1.58948882 -6.79397765 1.89427902
v -1.76546677 -6.85975613 1.76546677
v -1.93312457 -6.93330024 1.62208412
v -2.06953194 -6.94131487 1.44910186
v -2.16757527 -6.87666214 1.25145017
v -2.25756256 -6.84381425 1.05271871
v -2.32464685 -6.79681270 0.84610226
v -2.37621591 -6.75890362 0.63670513
v -2.41290369 -6.73166757 0.42546002
v -2.45530959 -6.77167592 0.21481175
v -2.46094198 -6.76138253 0.00000000
v -2.46946100 -6.81070512 -0.21604984
v -2.43030840 -6.78022431 -0.42852894
v -2.34596231 -6.67285033 -0.62859871
v -2.24857873 -6.57440437 -0.81841573
v -2.13784133 -6.48087864 -0.99689178
v -2.03282674 -6.44917060 -1.17365307
v -1.90129280 -6.37703227 -1.33129955
v -1.75606660 -6.29826818 -1.47351484
v -1.62035991 -6.29594056 -1.62035991
v -1.46459150 -6.26012699 -1.74543218
v -1.29885049 -6.22159866 -1.85495073
v -1.12428930 -6.17791892 -1.94732619
v -0.93930547 -6.10650510 -2.01434708
v -0.75067436 -6.03023213 -2.06246086
v -0.55848557 -5.92856867 -2.08429651
v -0.36894213 -5.83743634 -2.09237482
v -0.18295110 -5.76730802 -2.09114063
v -0.00000000 -5.70841372 -2.07769268
v 0.17942949 -5.65629367 -2.05088847
v 0.35601564 -5.63291224 -2.01906505
v 0.53472317 -5.67632040 -1.99561403
v 0.71068995 -5.70903392 -1.95260460
v 0.88190707 -5.73335317 -1.89125581
v 1.04214068 -5.72651596 -1.80504060
v 1.19476039 -5.72299869 -1.70629467
v 1.34910557 -5.76650364 -1.60780141
v 1.48609616 -5.77425611 -1.48609616
v 1.58676260 -5.69104632 -1.33145191
v 1.69637005 -5.68971102 -1.18781110
v 1.79432327 -5.69251506 -1.03595302
v 1.87878952 -5.69556155 -0.87609394
v 1.95365138 -5.71209450 -0.71107095
v 1.98013604 -5.63229486 -0.53057585
v 1.98454968 -5.53661912 -0.34992965
v 1.97607960 -5.44997288 -0.17288456
v 1.97294183 -5.42061312 -0.00000000
v 2.28617377 -4.90271548 0.00000000
v 2.27098011 -4.88873568 0.19868501
v 2.24997123 -4.89951349 0.39673063
v 2.23192399 -4.95522151 0.59804223
v 2.22239380 -5.07180623 0.80888519
v 2.23574859 -5.29023184 1.04254669
v 2.25026277 -5.57224310 1.29918982
v 2.20732248 -5.77868099 1.54558384
v 2.12934054 -5.96099295 1.78672886
v 2.01985655 -6.12580231 2.01985655
v 1.88324338 -6.28299052 2.24436206
v 1.70208269 -6.36380417 2.43082601
v 1.47126645 -6.31028216 2.54830824
v 1.23067759 -6.24487121 2.63919662
v 0.98693632 -6.18820794 2.71158525
v 0.73685608 -6.10539679 2.74998433
v 0.48769515 -6.02290012 2.76585665
v 0.24421298 -6.00897198 2.79136708
v 0.00000000 -5.98761303 2.79206981
v -0.24620004 -6.05786457 2.81407931
v -0.49376865 -6.09790615 2.80030118
v -0.74017472 -6.13289416 2.76236966
v -0.96817581 -6.07057735 2.66004119
v -1.18673511 -6.02189231 2.54496166
v -1.40309263 -6.01788371 2.43022772
v -1.59986558 -5.98163139 2.28484485
v -1.78748189 -5.96350524 2.13023796
v -1.95628063 -5.93298986 1.95628063
v -2.11508349 -5.92108097 1.77476577
v -2.25383777 -5.90045612 1.57815420
v -2.36345612 -5.85253963 1.36454203
v -2.44566085 -5.78692657 1.14043038
v -2.51310739 -5.73525434 0.91469628
v -2.56097945 -5.68577628 0.68621238
v -2.59846483 -5.65838947 0.45817946
v -2.61796146 -5.63568193 0.22904195
v -2.61928529 -5.61707543 0.00000000
v -2.60999216 -5.61852643 -0.22834473
v -2.56911832 -5.59448480 -0.45300488
v -2.52278658 -5.60098212 -0.67597863
v -2.44235726 -5.57379289 -0.88894534
v -2.34409600 -5.54660366 -1.09306991
v -2.23258872 -5.52847750 -1.28898570
v -2.11175054 -5.52847750 -1.47866365
v -1.97484066 -5.52847750 -1.65708807
v -1.82290106 -5.52847750 -1.82290106
v -1.66252115 -5.54660366 -1.98131555
v -1.49636689 -5.59466697 -2.13703339
v -1.30701840 -5.60581999 -2.26382227
v -1.09791889 -5.57120901 -2.35449467
v -0.86156265 -5.40210013 -2.36712392
v -0.64361435 -5.33282015 -2.40200144
v -0.42619342 -5.26337069 -2.41706297
v -0.21014929 -5.17081945 -2.40201739
v -0.00000000 -5.06778041 -2.36314481
v 0.19868240 -4.88867133 -2.27095022
v 0.38662783 -4.77474663 -2.19267537
v 0.57653484 -4.77701693 -2.15165733
v 0.76857593 -4.81906236 -2.11164501
v 0.96075076 -4.87517188 -2.06033666
v 1.14692363 -4.91917131 -1.98652999
v 1.31473803 -4.91558686 -1.87764049
v 1.47344468 -4.91579531 -1.75598299
v 1.61085254 -4.88537872 -1.61085254
v 1.69936658 -4.75730020 -1.42593787
v 1.80162128 -4.71657164 -1.26150880
v 1.93177447 -4.78358222 -1.11531051
v 2.04207110 -4.83195187 -0.95223339
v 2.13617104 -4.87503412 -0.77750268
v 2.20667040 -4.89915459 -0.59127555
v 2.26023591 -4.92186576 -0.39854057
v 2.28445412 -4.91774115 -0.19986384
v 2.28617377 -4.90271548 -0.00000000
v 2.50149200 -4.33271124 0.00000000
v 2.50493605 -4.35524955 0.21915351
v 2.49261293 -4.38393404 0.43951491
v 2.47231903 -4.43324120 0.66245589
v 2.42898373 -4.47712704 0.88407778
v 2.39404827 -4.57528149 1.11636304
v 2.40344956 -4.80689912 1.38763225
v 2.33812288 -4.94382899 1.63717127
v 2.28136347 -5.15823523 1.91429124
v 2.19134407 -5.36767482 2.19134407
v 2.03111404 -5.47302507 2.42058745
v 1.82854992 -5.52174247 2.61143992
v 1.59502350 -5.52532348 2.76266174
v 1.32403702 -5.42640866 2.83940656
v 1.06292918 -5.38286230 2.92037391
v 0.80051514 -5.35715174 2.98756318
v 0.54061097 -5.39231497 3.06595717
v 0.27323325 -5.42997928 3.12307038
v 0.00000000 -5.45596004 3.15000000
v -0.27226513 -5.41073966 3.11200465
v -0.53830935 -5.36935750 3.05290403
v -0.78939809 -5.28275496 2.94607377
v -1.02460171 -5.18876523 2.81507007
v -1.24132323 -5.08741601 2.66202626
v -1.45487700 -5.03984177 2.51992088
v -1.64459019 -4.96623220 2.34871820
v -1.81988246 -4.90384200 2.16885146
v -1.98159180 -4.85388879 1.98159180
v -2.13609961 -4.82978904 1.79240039
v -2.26158213 -4.78198790 1.58357686
v -2.37435803 -4.74871607 1.37083625
v -2.46049695 -4.70227199 1.14734857
v -2.52405197 -4.65235775 0.91867979
v -2.57212573 -4.61220968 0.68919901
v -2.58957956 -4.55447610 0.45661275
v -2.59217880 -4.50693563 0.22678626
v -2.57000000 -4.45137058 0.00000000
v -2.53161116 -4.40162867 -0.22148728
v -2.47395870 -4.35112554 -0.43622567
v -2.40515531 -4.31280651 -0.64445942
v -2.34923155 -4.33012702 -0.85505036
v -2.31108486 -4.41672956 -1.07767657
v -2.29496732 -4.58993464 -1.32500000
v -2.21990204 -4.69385769 -1.55439214
v -2.10662222 -4.76313972 -1.76766593
v -1.95432788 -4.78710611 -1.95432788
v -1.78930762 -4.82145527 -2.13241379
v -1.62624951 -4.91084815 -2.32252500
v -1.42500000 -4.93634480 -2.46817240
v -1.20446205 -4.93634480 -2.58297719
v -0.95031203 -4.81254907 -2.61096085
v -0.69931288 -4.67989303 -2.60987121
v -0.45845229 -4.57282458 -2.60001212
v -0.22303499 -4.43238643 -2.54930158
v -0.00000000 -4.32742502 -2.49844000
v 0.21083597 -4.18995475 -2.40986620
v 0.40877354 -4.07730476 -2.31826995
v 0.59470081 -3.97981541 -2.21945365
v 0.76971650 -3.89798121 -2.11477871
v 0.93498775 -3.83193638 -2.00508771
v 1.10260250 -3.81952710 -1.90976355
v 1.25635580 -3.79386590 -1.79426204
v 1.41962504 -3.82531128 -1.69184324
v 1.57072564 -3.84747634 -1.57072564
v 1.70223540 -3.84880829 -1.42834510
v 1.80462513 -3.81577808 -1.26361212
v 1.91996316 -3.83992633 -1.10849125
v 2.04025109 -3.89913735 -0.95138471
v 2.17223152 -4.00387879 -0.79062762
v 2.27248540 -4.07490933 -0.60891063
v 2.40433722 -4.22867734 -0.42394952
v 2.47557520 -4.30420082 -0.21658477
v 2.50149200 -4.33271124 -0.00000000
v 2.63081730 -3.75719649 0.00000000
v 2.68918609 -3.85522605 0.23527330
v 2.72336885 -3.94937366 0.48020341
v 2.68339558 -3.96747446 0.71901368
v 2.63972051 -4.01185612 0.96077969
v 2.63670057 -4.15487842 1.22951367
v 2.61317021 -4.30933528 1.50871452
v 2.56066239 -4.46437864 1.79299511
v 2.43986340 -4.54867348 2.04728848
v 2.29365144 -4.63250223 2.29365144
v 2.14534838 -4.76654335 2.55672663
v 1.89809752 -4.72607314 2.71076419
v 1.64631293 -4.70235705 2.85149764
v 1.39231527 -4.70503159 2.98582972
v 1.11313916 -4.64805219 3.05832471
v 0.84736675 -4.67571905 3.16241578
v 0.57521631 -4.73079556 3.26221380
v 0.29625993 -4.85456288 3.38626653
v 0.00000000 -4.75106302 3.32673014
v -0.28442159 -4.66057784 3.25095362
v -0.56072245 -4.61159255 3.18001501
v -0.82159406 -4.53350688 3.06623078
v -1.06408666 -4.44322732 2.92355407
v -1.28473836 -4.34149846 2.75513031
v -1.47982721 -4.22682455 2.56313591
v -1.66807204 -4.15333268 2.38225376
v -1.84343913 -4.09576022 2.19692521
v -2.00929053 -4.05817671 2.00929053
v -2.15114173 -4.01040540 1.80502223
v -2.27331332 -3.96340081 1.59179112
v -2.35701954 -3.88692150 1.36082587
v -2.44617363 -3.85464855 1.14066950
v -2.53237238 -3.84870806 0.92170817
v -2.60375177 -3.84971889 0.69767318
v -2.59339455 -3.76088759 0.45728543
v -2.59984181 -3.72714180 0.22745669
v -2.60403702 -3.71895028 0.00000000
v -2.58270000 -3.70256724 -0.22595697
v -2.53058410 -3.66980116 -0.44621025
v -2.50976629 -3.71075876 -0.67248985
v -2.47933351 -3.76809940 -0.90240360
v -2.46922476 -3.89097221 -1.15141841
v -2.40914906 -3.97288741 -1.39092286
v -2.30224692 -4.01384502 -1.61205065
v -2.21010676 -4.12033478 -1.85449977
v -2.06845692 -4.17767543 -2.06845692
v -1.89874231 -4.21863303 -2.26283297
v -1.71074763 -4.25959063 -2.44320081
v -1.49703450 -4.27597367 -2.59293981
v -1.27262035 -4.30054823 -2.72914315
v -1.02767938 -4.29120417 -2.82352590
v -0.75545981 -4.16858202 -2.81941438
v -0.49357956 -4.05938414 -2.79922876
v -0.24054379 -3.94158925 -2.74942814
v -0.00000000 -3.79585227 -2.65788438
v 0.22251883 -3.64622924 -2.54340182
v 0.43557780 -3.58235586 -2.47028446
v 0.63075555 -3.48047137 -2.35401174
v 0.79463954 -3.31811707 -2.18325419
v 0.94702856 -3.20028041 -2.03090929
v 1.10228400 -3.14844938 -1.90921188
v 1.25030385 -3.11313164 -1.78561895
v 1.43601770 -3.19054970 -1.71137925
v 1.53687485 -3.10403578 -1.53687485
v 1.69842750 -3.16640356 -1.42514989
v 1.85834693 -3.23992901 -1.30122853
v 1.96941677 -3.24773225 -1.13704330
v 2.09295337 -3.29804866 -0.97596019
v 2.18593349 -3.32218907 -0.79561472
v 2.32314550 -3.43483477 -0.62248496
v 2.45230262 -3.55627897 -0.43240712
v 2.52689768 -3.62256885 -0.22107490
v 2.63081730 -3.75719649 -0.00000000
v 2.76100547 -3.29043819 0.00000000
v 2.82676242 -3.38167255 0.24730967
v 2.84216912 -3.43941775 0.50115110
v 2.82759667 -3.48867211 0.75765224
v 2.81550236 -3.57072619 1.02475905
v 2.81272511 -3.69860582 1.31159526
v 2.79661634 -3.84847552 1.61462720
v 2.70647597 -3.93755040 1.89509488
v 2.53814896 -3.94865881 2.12975986
v 2.34025579 -3.94425329 2.34025579
v 2.13065562 -3.95031960 2.53921649
v 1.89739918 -3.94233818 2.70976685
v 1.65135447 -3.93601525 2.86022985
v 1.40924148 -3.97396126 3.02212811
v 1.13947002 -3.97043133 3.13066816
v 0.86570209 -3.98619652 3.23084419
v 0.60009790 -4.11849317 3.40332433
v 0.30812447 -4.21324444 3.52187885
v 0.00000000 -4.11374216 3.45183953
v -0.29235136 -3.99756539 3.34159131
v -0.56961969 -3.90932013 3.23047382
v -0.83182838 -3.83022222 3.10442577
v -1.07724692 -3.75361777 2.95971159
v -1.30393815 -3.67701333 2.79630440
v -1.51055088 -3.60040888 2.61635088
v -1.69596400 -3.52380444 2.42208761
v -1.85929160 -3.44719999 2.21581744
v -1.99988570 -3.37059555 1.99988570
v -2.11733667 -3.29399111 1.77665642
v -2.21147129 -3.21738666 1.54848887
v -2.29904875 -3.16376355 1.32735641
v -2.40598691 -3.16376355 1.12193012
v -2.47649337 -3.14078222 0.90136987
v -2.54562913 -3.14078222 0.68209927
v -2.59539111 -3.14078222 0.45763748
v -2.63820743 -3.15610311 0.23081324
v -2.65471283 -3.16376355 0.00000000
v -2.67022451 -3.19440533 -0.23361437
v -2.65869333 -3.21738666 -0.46879937
v -2.65738845 -3.27867022 -0.71204509
v -2.59729793 -3.29399111 -0.94533913
v -2.56327903 -3.37059555 -1.19527664
v -2.56068384 -3.52380444 -1.47841150
v -2.42208761 -3.52380444 -1.69596400
v -2.27982995 -3.54678577 -1.91300447
v -2.11351557 -3.56210666 -2.11351557
v -1.92539975 -3.56976710 -2.29460206
v -1.74533904 -3.62639388 -2.49260248
v -1.55233208 -3.69999466 -2.68871803
v -1.32295392 -3.73063644 -2.83708384
v -1.08053538 -3.76507626 -2.96874656
v -0.80180669 -3.69198490 -2.99238331
v -0.51107335 -3.50751450 -2.89844100
v -0.24958990 -3.41285209 -2.85282560
v -0.00000000 -3.30223374 -2.77090312
v 0.23403163 -3.20011083 -2.67499377
v 0.45750800 -3.13989361 -2.59465680
v 0.66263315 -3.05114889 -2.47298060
v 0.85553192 -2.98106195 -2.35055462
v 1.02039409 -2.87743912 -2.18824218
v 1.17453495 -2.79951248 -2.03435420
v 1.34732321 -2.79941290 -1.92417695
v 1.50924029 -2.79819105 -1.79864254
v 1.65561356 -2.79036131 -1.65561356
v 1.76527036 -2.74627316 -1.48123771
v 1.90590704 -2.77283269 -1.33453048
v 2.02115777 -2.78135263 -1.16691598
v 2.15568329 -2.83462566 -1.00521163
v 2.23959926 -2.84034418 -0.81514747
v 2.38012350 -2.93658235 -0.63775217
v 2.49502607 -3.01932664 -0.43994041
v 2.63819206 -3.15608472 -0.23081190
v 2.76100547 -3.29043819 -0.00000000
v 2.84638976 -2.84638976 0.00000000
v 2.92227200 -2.93343460 0.25566567
v 2.97905109 -3.02500776 0.52528708
v 3.00893733 -3.11508114 0.80624233
v 2.96809719 -3.15858306 1.08029903
v 2.94928516 -3.25417612 1.37527425
v 2.89388719 -3.34157310 1.67078655
v 2.76177226 -3.37150140 1.93381376
v 2.56148787 -3.34378493 2.14934352
v 2.33062650 -3.29600361 2.33062650
v 2.10766363 -3.27894253 2.51181571
v 1.87203098 -3.26378641 2.67353731
v 1.66302641 -3.32605281 2.88044623
v 1.40290764 -3.31956228 3.00854515
v 1.13161970 -3.30863465 3.10909957
v 0.86015970 -3.32340187 3.21015970
v 0.59552085 -3.42946789 3.37736657
v 0.31168640 -3.57620032 3.56259180
v 0.00000000 -3.45919395 3.45919395
v -0.29583261 -3.39429852 3.38138219
v -0.57710268 -3.32340187 3.27291193
v -0.84185843 -3.25269119 3.14185843
v -1.09313833 -3.19612265 3.00337287
v -1.33280962 -3.15369624 2.85821946
v -1.55563492 -3.11126984 2.69443872
v -1.74399309 -3.04055916 2.49068025
v -1.88625583 -2.93449314 2.24795216
v -2.00000000 -2.82842712 2.00000000
v -2.11253336 -2.75771645 1.77262596
v -2.20106627 -2.68700577 1.54120319
v -2.26577801 -2.61629509 1.30814755
v -2.35445187 -2.59785021 1.09789894
v -2.43480050 -2.59106057 0.88619491
v -2.49873230 -2.58687803 0.66953330
v -2.56262040 -2.60215295 0.45185912
v -2.59225098 -2.60215295 0.22679257
v -2.60215295 -2.60215295 0.00000000
v -2.62042762 -2.63043723 -0.22925771
v -2.66707504 -2.70821897 -0.47027729
v -2.75242576 -2.84952083 -0.73751026
v -2.79116929 -2.97030032 -1.01590254
v -2.71349935 -2.99401527 -1.26532553
v -2.63417453 -3.04168275 -1.52084138
v -2.53701849 -3.09712770 -1.77643947
v -2.38337097 -3.11126984 -1.99988570
v -2.21631450 -3.13434202 -2.21631450
v -1.97156596 -3.06721214 -2.34962081
v -1.79808202 -3.13486033 -2.56792725
v -1.60776566 -3.21553132 -2.78473181
v -1.39867343 -3.30954329 -2.99946485
v -1.12801137 -3.29808462 -3.09918578
v -0.82792585 -3.19885986 -3.08986135
v -0.53934285 -3.10595169 -3.05876530
v -0.26651653 -3.05793419 -3.04629782
v -0.00000000 -2.97177252 -2.97177252
v 0.25084165 -2.87808511 -2.86713313
v 0.48718689 -2.80559748 -2.76297415
v 0.70343842 -2.71787734 -2.62526792
v 0.90424789 -2.64384397 -2.48440067
v 1.10703885 -2.61947707 -2.37405247
v 1.28951882 -2.57903763 -2.23351211
v 1.44272883 -2.51532095 -2.06043030
v 1.60300793 -2.49383763 -1.91039046
v 1.75376000 -2.48019118 -1.75376000
v 1.88989401 -2.46708142 -1.58580937
v 2.01995906 -2.46591469 -1.41439056
v 2.14832069 -2.48066706 -1.24033353
v 2.26610470 -2.50036988 -1.05670197
v 2.35905836 -2.51045747 -0.85862702
v 2.48114746 -2.56867286 -0.66482146
v 2.63365513 -2.67428350 -0.46438446
v 2.74977178 -2.76027547 -0.24057386
v 2.84638976 -2.84638976 -0.00000000
v 2.98433449 -2.50415397 0.00000000
v 3.06310607 -2.58006912 0.26798706
v 3.13408225 -2.67037628 0.55262326
v 3.11871171 -2.70922443 0.83565628
v 3.08784050 -2.75729080 1.12388203
v 3.05797468 -2.83120752 1.42595701
v 2.95564182 -2.86374736 1.70644060
v 2.76397826 -2.83128530 1.93535841
v 2.57201360 -2.81729824 2.15817566
v 2.35339087 -2.79268912 2.35339087
v 2.10307271 -2.74536645 2.50634446
v 1.86236997 -2.72450864 2.65973996
v 1.61442526 -2.70932728 2.79626657
v 1.36175203 -2.70372988 2.92028665
v 1.09831686 -2.69457016 3.01760077
v 0.84304232 -2.73317020 3.14627678
v 0.58529777 -2.82826548 3.31938863
v 0.30881082 -2.97310353 3.52972384
v 0.00000000 -2.89254424 3.44719999
v -0.29376676 -2.82826548 3.35776942
v -0.57199555 -2.76398672 3.24394798
v -0.83272094 -2.69970796 3.10775687
v -1.07421078 -2.63542920 2.95136987
v -1.30145237 -2.58400619 2.79097362
v -1.51293778 -2.53901106 2.62048510
v -1.70042011 -2.48758805 2.42845159
v -1.85636261 -2.42330929 2.21232681
v -1.98794806 -2.35903053 1.98794806
v -2.09496200 -2.29475177 1.75788184
v -2.19627405 -2.24975663 1.53784765
v -2.29541226 -2.22404513 1.32525689
v -2.37441039 -2.19833363 1.10720575
v -2.44747746 -2.18547787 0.89080894
v -2.52320260 -2.19190575 0.67609010
v -2.61779058 -2.23047301 0.46158711
v -2.66042863 -2.24089195 0.23275734
v -2.69168330 -2.25859046 0.00000000
v -2.73200330 -2.30117964 -0.23901932
v -2.72990217 -2.32599703 -0.48135541
v -2.74034083 -2.38053370 -0.73427211
v -2.79061955 -2.49188701 -1.01570245
v -2.88216000 -2.66843056 -1.34397328
v -2.81950928 -2.73184734 -1.62784444
v -2.69827955 -2.76398672 -1.88935568
v -2.52921182 -2.77041460 -2.12226071
v -2.30576787 -2.73617652 -2.30576787
v -2.09296218 -2.73216809 -2.49429520
v -1.86738643 -2.73184734 -2.66690420
v -1.67920542 -2.81804130 -2.90846911
v -1.42899470 -2.83723880 -3.06448903
v -1.13677806 -2.78892945 -3.12327205
v -0.85395711 -2.76855630 -3.18701133
v -0.55981843 -2.70514466 -3.17488810
v -0.27489258 -2.64655264 -3.14203655
v -0.00000000 -2.60737795 -3.10735204
v 0.26219544 -2.52430986 -2.99690765
v 0.50393979 -2.43512887 -2.85798456
v 0.72992353 -2.36643544 -2.72411168
v 0.94598774 -2.32085151 -2.59907997
v 1.16412195 -2.31133954 -2.49646758
v 1.36925503 -2.29788279 -2.37161928
v 1.56206391 -2.28518323 -2.23085846
v 1.72205207 -2.24797933 -2.05226174
v 1.87283557 -2.22243045 -1.87283557
v 2.02316994 -2.21611313 -1.69764115
v 2.14485677 -2.19708726 -1.50184488
v 2.31443632 -2.24247771 -1.33624043
v 2.41728516 -2.23802897 -1.12719858
v 2.51239248 -2.24344382 -0.91443608
v 2.64087485 -2.29412762 -0.70762028
v 2.77728645 -2.36637052 -0.48971053
v 2.89144774 -2.43548047 -0.25296890
v 2.98433449 -2.50415397 -0.00000000
v 3.00523048 -2.10428503 0.00000000
v 3.05197061 -2.14517587 0.26701283
v 3.08415811 -2.19286531 0.54382029
v 3.13786761 -2.27466591 0.84078909
v 3.14466122 -2.34322952 1.14456308
v 3.08985078 -2.38719874 1.44082108
v 2.97486344 -2.40526640 1.71753821
v 2.78497362 -2.38058311 1.95005952
v 2.56753159 -2.34686772 2.15441481
v 2.33158660 -2.30883730 2.33158660
v 2.09338821 -2.28038963 2.49480291
v 1.83817925 -2.24400252 2.62519203
v 1.60211272 -2.24362281 2.77494063
v 1.34969628 -2.23622023 2.89443301
v 1.08728892 -2.22597386 2.98730176
v 0.82806009 -2.24022896 3.09036234
v 0.57893414 -2.33445610 3.28329865
v 0.30167452 -2.42364723 3.44815557
v 0.00000000 -2.38034221 3.39948098
v -0.29128672 -2.34019186 3.32942249
v -0.57039948 -2.30004151 3.23489621
v -0.83320775 -2.25415539 3.10957365
v -1.07864102 -2.20826928 2.96354186
v -1.31103636 -2.17216723 2.81152654
v -1.54000584 -2.15664740 2.66736836
v -1.73843135 -2.12223281 2.48273727
v -1.89554682 -2.06487517 2.25902474
v -2.02729788 -2.00751753 2.02729788
v -2.13352336 -1.95015988 1.79023867
v -2.24117364 -1.91574530 1.56928668
v -2.32685325 -1.88133071 1.34340935
v -2.41281260 -1.86412342 1.12511299
v -2.50169118 -1.86412342 0.91054112
v -2.61109238 -1.89280224 0.69964009
v -2.69440233 -1.91574530 0.47509583
v -2.77176544 -1.94822464 0.24249805
v -2.83651137 -1.98614664 0.00000000
v -2.86436663 -2.01331237 -0.25059961
v -2.84967331 -2.02614442 -0.50247429
v -2.95588080 -2.14274219 -0.79202587
v -3.03372238 -2.26056396 -1.10418464
v -3.11809628 -2.40902103 -1.45399217
v -3.05044786 -2.46637868 -1.76117690
v -2.89876351 -2.47785021 -2.02973606
v -2.71710475 -2.48358597 -2.27992160
v -2.51796073 -2.49339298 -2.51796073
v -2.27402013 -2.47715732 -2.71007166
v -2.04164150 -2.49238406 -2.91576623
v -1.79647702 -2.51581351 -3.11158948
v -1.50948379 -2.50096132 -3.23709843
v -1.17186811 -2.39913028 -3.21968116
v -0.85598294 -2.31577127 -3.19457183
v -0.57760017 -2.32907710 -3.27573335
v -0.28902433 -2.32201580 -3.30356316
v -0.00000000 -2.26856880 -3.23985201
v 0.27618386 -2.21885578 -3.15679601
v 0.52791539 -2.12873144 -2.99395694
v 0.76266495 -2.06330931 -2.84630433
v 0.99081863 -2.02847314 -2.72225182
v 1.23199007 -2.04120080 -2.64201124
v 1.47515890 -2.06583476 -2.55505016
v 1.65611287 -2.02174050 -2.36517429
v 1.82966604 -1.99310929 -2.18051108
v 1.99487501 -1.97541101 -1.99487501
v 2.15295537 -1.96792183 -1.80654406
v 2.30874368 -1.97350387 -1.61659973
v 2.46792795 -1.99539384 -1.42485887
v 2.59134217 -2.00205421 -1.20836270
v 2.69359783 -2.00712176 -0.98038943
v 2.78986359 -2.02239495 -0.74754170
v 2.90210283 -2.06342230 -0.51171903
v 2.97852747 -2.09355399 -0.26058739
v 3.00523048 -2.10428503 -0.00000000
v 3.02231175 -1.74493250 0.00000000
v 3.03488542 -1.75888500 0.26551807
v 3.07572111 -1.80316250 0.54233262
v 3.16880908 -1.89405100 0.84907983
v 3.18636623 -1.95771400 1.15974246
v 3.12770149 -1.99245700 1.45847115
v 3.06078675 -2.04052450 1.76714605
v 2.85507874 -2.01230100 1.99914765
v 2.58504950 -1.94829300 2.16911408
v 2.31119523 -1.88708300 2.31119523
v 2.05968048 -1.85000000 2.45463161
v 1.81779933 -1.82975950 2.59608649
v 1.57470265 -1.81831000 2.72746500
v 1.33393882 -1.82233000 2.86064103
v 1.07497648 -1.81462400 2.95347361
v 0.81722854 -1.82300000 3.04993844
v 0.56677870 -1.88444150 3.21436171
v 0.29139675 -1.93031450 3.33068013
v 0.00000000 -1.89695350 3.28561984
v -0.28309292 -1.87530700 3.23576690
v -0.56107419 -1.86547500 3.18200985
v -0.81954507 -1.82816750 3.05858384
v -1.06836563 -1.80346450 2.93531046
v -1.31177178 -1.79204700 2.81310365
v -1.53719509 -1.77500000 2.66250000
v -1.73362068 -1.74502700 2.47586692
v -1.88842194 -1.69617600 2.25053363
v -2.03838882 -1.66433750 2.03838882
v -2.15609533 -1.62500000 1.80917880
v -2.27010074 -1.60000000 1.58954165
v -2.38500000 -1.59000000 1.37698039
v -2.45669183 -1.56500000 1.14557421
v -2.56346270 -1.57500000 0.93302412
v -2.67685217 -1.60000000 0.71726038
v -2.72917930 -1.60000000 0.48122795
v -2.80788047 -1.62732300 0.24565771
v -2.94448637 -1.70000000 0.00000000
v -2.99411194 -1.73525450 -0.26195085
v -3.10534038 -1.82052700 -0.54755529
v -3.17750383 -1.89924800 -0.85140959
v -3.31707109 -2.03801950 -1.20731514
v -3.36097340 -2.14105950 -1.56724764
v -3.28975650 -2.19317100 -1.89934180
v -3.13476153 -2.20942550 -2.19498366
v -2.92459007 -2.20419700 -2.45402245
v -2.69140870 -2.19752600 -2.69140870
v -2.43817571 -2.18996350 -2.90570466
v -2.16301996 -2.17725150 -3.08911265
v -1.85788387 -2.14529950 -3.21794925
v -1.53348833 -2.09494000 -3.28857634
v -1.18894582 -2.00701100 -3.26660180
v -0.87545619 -1.95288900 -3.26724698
v -0.57889767 -1.92473500 -3.28309183
v -0.29283048 -1.93981200 -3.34706769
v -0.00000000 -1.90294100 -3.29599050
v 0.28639641 -1.89719050 -3.27352600
v 0.55300535 -1.83864750 -3.13624919
v 0.80958210 -1.80594300 -3.02140153
v 1.06271447 -1.79392500 -2.91978401
v 1.30861907 -1.78774000 -2.80634265
v 1.54975203 -1.78949950 -2.68424925
v 1.74279929 -1.75426600 -2.48897534
v 1.92238997 -1.72668600 -2.29101515
v 2.09055070 -1.70692750 -2.09055070
v 2.25414062 -1.69889450 -1.89144856
v 2.42669938 -1.71037300 -1.69919320
v 2.60390175 -1.73593450 -1.50336338
v 2.76255702 -1.75984700 -1.28820150
v 2.87581615 -1.76691100 -1.04671148
v 2.96897621 -1.77460750 -0.79553478
v 2.98733237 -1.75134400 -0.52674730
v 3.00129330 -1.73941650 -0.26257914
v 3.02231175 -1.74493250 -0.00000000
v 2.99851116 -1.39822872 0.00000000
v 3.01004166 -1.40896702 0.26334452
v 3.07555797 -1.45628041 0.54230385
v 3.13813993 -1.51495968 0.84086206
v 3.14838331 -1.56233561 1.14591781
v 3.13888989 -1.61500146 1.46368839
v 3.14590848 -1.69390090 1.81629111
v 2.98794620 -1.70090791 2.09218245
v 2.64836806 -1.61211835 2.22224466
v 2.29420945 -1.51293619 2.29420945
v 2.04570522 -1.48404854 2.43797655
v 1.79556306 -1.45976151 2.56432981
v 1.57689353 -1.47063506 2.73125971
v 1.30896772 -1.44428608 2.80709033
v 1.06751787 -1.45544573 2.93298125
v 0.81076278 -1.46073058 3.02580788
v 0.56656330 -1.52142574 3.21314017
v 0.28549709 -1.52748947 3.26324667
v 0.00000000 -1.50438620 3.22616661
v -0.27870277 -1.49113796 3.18558725
v -0.55405453 -1.48783520 3.14219939
v -0.81128188 -1.46166583 3.02774520
v -1.06070988 -1.44616377 2.91427644
v -1.30685765 -1.44195787 2.80256527
v -1.53619170 -1.43267591 2.66076207
v -1.74774691 -1.42088782 2.49604127
v -1.90604147 -1.38273004 2.27153177
v -2.05074042 -1.35237844 2.05074042
v -2.17307150 -1.32279516 1.82342349
v -2.30145202 -1.31011661 1.61149405
v -2.39390098 -1.28898570 1.38211938
v -2.48882323 -1.28053333 1.16055733
v -2.62308428 -1.30166425 0.95472460
v -2.73132943 -1.31856898 0.73185751
v -2.85612459 -1.35237844 0.50361183
v -2.96858960 -1.38956377 0.25971794
v -3.07791369 -1.43525472 0.00000000
v -3.18394766 -1.49037048 -0.27855933
v -3.39690412 -1.60843819 -0.59896585
v -3.38385190 -1.63357891 -0.90670039
v -3.44918550 -1.71160396 -1.25540085
v -3.44985398 -1.77499670 -1.60869333
v -3.40640336 -1.83416326 -1.96668790
v -3.29889093 -1.87791523 -2.30990830
v -3.06660587 -1.86670867 -2.57318785
v -2.83654634 -1.87058492 -2.83654634
v -2.55022029 -1.85004694 -3.03923419
v -2.28900462 -1.86092091 -3.26903738
v -1.92727212 -1.79740350 -3.33813323
v -1.52653966 -1.68435015 -3.27367487
v -1.19402508 -1.62792470 -3.28055695
v -0.87789311 -1.58167758 -3.27634170
v -0.58294029 -1.56540382 -3.30601866
v -0.29458796 -1.57612818 -3.36715581
v -0.00000000 -1.56401256 -3.35403576
v 0.28451801 -1.52225112 -3.25205573
v 0.57261483 -1.53767626 -3.24746007
v 0.84436395 -1.52126895 -3.15120917
v 1.11176037 -1.51576562 -3.05453650
v 1.36101393 -1.50171271 -2.91870378
v 1.59492588 -1.48745231 -2.76249266
v 1.85095895 -1.50479740 -2.64344333
v 1.99095766 -1.44433214 -2.37273095
v 2.17627265 -1.43516175 -2.17627265
v 2.36299864 -1.43840788 -1.98279129
v 2.47118856 -1.40674025 -1.73034486
v 2.68096110 -1.44355199 -1.54785361
v 2.85494309 -1.46890697 -1.33128183
v 2.96061220 -1.46915716 -1.07757472
v 3.05246461 -1.47359930 -0.81790543
v 3.01430213 -1.42727569 -0.53150279
v 2.98846333 -1.39886645 -0.26145666
v 2.99851116 -1.39822872 -0.00000000
v 2.98822253 -1.08762406 0.00000000
v 2.99557378 -1.09446446 0.26207875
v 3.02991197 -1.11981020 0.53425523
v 3.09800540 -1.16735853 0.83010804
v 3.14440416 -1.21791902 1.14446952
v 3.18861358 -1.28053676 1.48687493
v 3.18194893 -1.33729876 1.83709907
v 3.00375596 -1.33464571 2.10325257
v 2.67984240 -1.27327191 2.24865477
v 2.33792445 -1.20340369 2.33792445
v 2.05266992 -1.16229800 2.44627675
v 1.79584216 -1.13957452 2.56472841
v 1.57009622 -1.14293658 2.71948643
v 1.31570421 -1.13311992 2.82153679
v 1.07260458 -1.14144195 2.94695686
v 0.81961887 -1.15260788 3.05885926
v 0.56260460 -1.17923107 3.19068922
v 0.28091566 -1.17312909 3.21088065
v 0.00000000 -1.16286849 3.19495491
v -0.27518268 -1.14918768 3.14535247
v -0.54486248 -1.14204322 3.09006868
v -0.80011656 -1.12518231 2.98607566
v -1.04958571 -1.11694578 2.88371304
v -1.29800367 -1.11787574 2.78357786
v -1.53639743 -1.11840587 2.66111842
v -1.75810940 -1.11563072 2.51084044
v -1.91969974 -1.08700534 2.28780907
v -2.06648001 -1.06368265 2.06648001
v -2.19553125 -1.04316144 1.84226946
v -2.29385837 -1.01922003 1.60617692
v -2.38442721 -1.00211902 1.37664969
v -2.52940270 -1.01579983 1.17947985
v -2.66672711 -1.03290083 0.97060929
v -2.81378745 -1.06026244 0.75395208
v -2.96133305 -1.09446446 0.52216292
v -3.10790780 -1.13550688 0.27190670
v -3.29524830 -1.19937230 0.00000000
v -3.43079602 -1.25347749 -0.30015576
v -3.52070295 -1.30119922 -0.62079492
v -3.54909728 -1.33733433 -0.95097775
v -3.57624000 -1.38518158 -1.30164491
v -3.55138358 -1.42622400 -1.65603736
v -3.49933003 -1.47068662 -2.02033913
v -3.36075499 -1.49326952 -2.35322598
v -3.15992087 -1.50137130 -2.65148843
v -2.90449413 -1.49503503 -2.90449413
v -2.61393030 -1.48010448 -3.11516082
v -2.32433150 -1.47493416 -3.31948940
v -1.99098314 -1.44931720 -3.44848395
v -1.61925189 -1.39454336 -3.47249688
v -1.26006073 -1.34092862 -3.46198840
v -0.91987163 -1.29359064 -3.43300767
v -0.60268745 -1.26324559 -3.41801040
v -0.29771441 -1.24328221 -3.40289131
v -0.00000000 -1.24869571 -3.43076326
v 0.29737240 -1.24185394 -3.39898209
v 0.59354193 -1.24407638 -3.36614358
v 0.87183905 -1.22604371 -3.25374763
v 1.13770097 -1.21071608 -3.12580771
v 1.39526708 -1.20164160 -2.99215990
v 1.63333190 -1.18896839 -2.82901383
v 1.87460197 -1.18955256 -2.67720906
v 2.06646822 -1.17011111 -2.46272092
v 2.24566575 -1.15591522 -2.24566575
v 2.41655934 -1.14817838 -2.02773405
v 2.59636287 -1.15363052 -1.81799285
v 2.75554092 -1.15808944 -1.59091229
v 2.92621744 -1.17515932 -1.36451760
v 3.04191001 -1.17822006 -1.10716470
v 3.07098850 -1.15717830 -0.82286889
v 3.02273814 -1.11715886 -0.53299029
v 2.97685145 -1.08762406 -0.26044075
v 2.98822253 -1.08762406 -0.00000000
v 2.99437006 -0.80233904 0.00000000
v 2.98297558 -0.80233904 0.26097655
v 3.04267127 -0.82785834 0.53650504
v 3.10476118 -0.86126515 0.83191825
v 3.20132949 -0.91284494 1.16518864
v 3.26042120 -0.96394099 1.52035938
v 3.21604298 -0.99504716 1.85678328
v 3.00561736 -0.98315417 2.10455593
v 2.67926379 -0.93716047 2.24816926
v 2.31488714 -0.87719727 2.31488714
v 2.06619403 -0.86130319 2.46239416
v 1.78542558 -0.83407077 2.54985198
v 1.55816006 -0.83501546 2.69881240
v 1.30451498 -0.82709094 2.79754140
v 1.02403775 -0.80226295 2.81352059
v 0.78568775 -0.81340381 2.93222660
v 0.55611702 -0.85812076 3.15389632
v 0.28005999 -0.86100866 3.20110038
v 0.00000000 -0.85410285 3.18755523
v -0.27781374 -0.85410285 3.17542562
v -0.55351316 -0.85410285 3.13912910
v -0.81511825 -0.84387251 3.04206272
v -1.07240632 -0.84015638 2.94641215
v -1.33021026 -0.84338231 2.85264510
v -1.55514058 -0.83339733 2.69358250
v -1.77844366 -0.83080913 2.53988077
v -1.98683249 -0.82822094 2.36781476
v -2.11733938 -0.80233904 2.11733938
v -2.25682344 -0.78939809 1.89369972
v -2.37372035 -0.77645714 1.66209688
v -2.46772310 -0.76351618 1.42474059
v -2.62627829 -0.77645714 1.22465368
v -2.75025031 -0.78422171 1.00100925
v -2.89575140 -0.80328554 0.77591425
v -3.08625475 -0.83971665 0.54418998
v -3.24731918 -0.87344025 0.28410361
v -3.40196758 -0.91155447 0.00000000
v -3.54899808 -0.95458365 -0.31049710
v -3.61618350 -0.98390112 -0.63763072
v -3.67634715 -1.01982391 -0.98507425
v -3.68379510 -1.05041787 -1.34079177
v -3.72285716 -1.10065982 -1.73599680
v -3.66154479 -1.13288590 -2.11399387
v -3.49496772 -1.14322339 -2.44720275
v -3.27626389 -1.14598085 -2.74911182
v -2.98142626 -1.12977386 -2.98142626
v -2.70928576 -1.12937916 -3.22880104
v -2.41279568 -1.12714995 -3.44582934
v -2.07737755 -1.11326328 -3.59812347
v -1.71052605 -1.08451081 -3.66823495
v -1.33663510 -1.04716141 -3.67237475
v -0.97055600 -1.00479351 -3.62216430
v -0.62892245 -0.97046375 -3.56679644
v -0.30796150 -0.94678828 -3.52001607
v -0.00000000 -0.94727771 -3.53528852
v 0.30314674 -0.93198590 -3.46498306
v 0.60962564 -0.94068765 -3.45735879
v 0.89208275 -0.92355202 -3.32929815
v 1.15958101 -0.90845174 -3.18592264
v 1.41579069 -0.89764217 -3.03617293
v 1.66482049 -0.89217461 -2.88355368
v 1.85493114 -0.86654066 -2.64911622
v 2.07451079 -0.86477008 -2.47230568
v 2.29370282 -0.86916974 -2.29370282
v 2.48760473 -0.87012142 -2.08734821
v 2.65618990 -0.86885450 -1.85988419
v 2.83669371 -0.87767609 -1.63776588
v 2.98801836 -0.88340531 -1.39333585
v 3.10562622 -0.88555557 -1.13035550
v 3.09571469 -0.85875564 -0.82949425
v 2.99171465 -0.81399392 -0.52752001
v 2.99259808 -0.80492723 -0.26181841
v 2.99437006 -0.80233904 -0.00000000
v 2.95442326 -0.52094453 0.00000000
v 2.99223380 -0.52962694 0.26178654
v 3.03561895 -0.54351880 0.53526152
v 3.06604161 -0.55969708 0.82154337
v 3.26885823 -0.61337919 1.18976710
v 3.30364362 -0.64274136 1.54051432
v 3.20471662 -0.65249588 1.85024400
v 3.01014756 -0.64795081 2.10772801
v 2.69060967 -0.61932057 2.25768958
v 2.36747338 -0.59036265 2.36747338
v 2.07631289 -0.56956602 2.47445334
v 1.78496557 -0.54872824 2.54919502
v 1.55107221 -0.54699176 2.68653588
v 1.29437497 -0.54004583 2.77579609
v 1.04752292 -0.54004583 2.87804556
v 0.80034519 -0.54525528 2.98692890
v 0.54381203 -0.55220120 3.08411127
v 0.27736987 -0.56115398 3.17035216
v 0.00000000 -0.56782954 3.22032135
v -0.28066950 -0.56782954 3.20806706
v -0.55744392 -0.56604340 3.16142160
v -0.82202842 -0.56002753 3.06785184
v -1.08307301 -0.55837353 2.97571865
v -1.34550112 -0.56137695 2.88543646
v -1.61467208 -0.56942051 2.79669408
v -1.88099220 -0.57824843 2.68633526
v -2.12062444 -0.58172140 2.52726180
v -2.24229285 -0.55914713 2.24229285
v -2.33866017 -0.53830935 1.96236889
v -2.42012185 -0.52094453 1.69458756
v -2.54154823 -0.51747157 1.46736355
v -2.67761681 -0.52094453 1.24859322
v -2.82252056 -0.52962694 1.02731347
v -3.00533942 -0.54861606 0.80527827
v -3.17951117 -0.56928228 0.56063360
v -3.34033753 -0.59124148 0.29224167
v -3.49678742 -0.61657797 0.00000000
v -3.64795388 -0.64568974 -0.31915461
v -3.68614724 -0.65999401 -0.64996721
v -3.83775179 -0.70057055 -1.02832249
v -3.85974875 -0.72425581 -1.40483366
v -3.83791742 -0.74668716 -1.78965029
v -3.72703548 -0.75884254 -2.15180494
v -3.54951205 -0.76405198 -2.48539509
v -3.33466159 -0.76756749 -2.79811331
v -3.04806009 -0.76007648 -3.04806009
v -2.77009638 -0.75988199 -3.30127231
v -2.49481757 -0.76694861 -3.56296873
v -2.13703282 -0.75363309 -3.70144943
v -1.76884040 -0.73800476 -3.79329047
v -1.40575386 -0.72473022 -3.86227699
v -1.01880756 -0.69408826 -3.80224159
v -0.64378400 -0.65371541 -3.65108051
v -0.31508739 -0.63746124 -3.60146536
v -0.00000000 -0.63555233 -3.60439638
v 0.31472355 -0.63672515 -3.59730664
v 0.62467021 -0.63430675 -3.54268079
v 0.91002204 -0.61997539 -3.39624851
v 1.17804158 -0.60733415 -3.23664263
v 1.43230374 -0.59759319 -3.07158528
v 1.67746785 -0.59156568 -2.90545955
v 1.89617231 -0.58291505 -2.70801471
v 2.09450721 -0.57455702 -2.49613649
v 2.32553554 -0.57990486 -2.32553554
v 2.55351364 -0.58776400 -2.14265235
v 2.72375437 -0.58630310 -1.90719334
v 2.88733865 -0.58787618 -1.66700575
v 3.00869788 -0.58535811 -1.40297886
v 3.08279490 -0.57846567 -1.12204558
v 3.08691682 -0.56350779 -0.82713687
v 3.03429511 -0.54328177 -0.53502810
v 2.95299139 -0.52268101 -0.25835327
v 2.95442326 -0.52094453 -0.00000000
v 2.95869825 -0.25885256 0.00000000
v 2.96728759 -0.26059567 0.25960403
v 3.01185500 -0.26756813 0.53107130
v 3.08298320 -0.27924099 0.82608286
v 3.28829938 -0.30615215 1.19684310
v 3.30485041 -0.31902732 1.54107705
v 3.21542804 -0.32483285 1.85642825
v 3.00335778 -0.32077044 2.10297376
v 2.73967580 -0.31289382 2.29886095
v 2.43006553 -0.30066631 2.43006553
v 2.09391706 -0.28499928 2.49543318
v 1.79050420 -0.27310888 2.55710500
v 1.55637640 -0.27233058 2.69572299
v 1.30001890 -0.26912447 2.78789952
v 1.05622783 -0.27018280 2.90196210
v 0.80186424 -0.27105436 2.99259808
v 0.54441036 -0.27428871 3.08750456
v 0.28118493 -0.28225902 3.21395851
v 0.00000000 -0.28499928 3.25755666
v -0.28304653 -0.28412772 3.23523664
v -0.56105849 -0.28267649 3.18192082
v -0.82859210 -0.28008919 3.09234782
v -1.09338728 -0.27968818 3.00405687
v -1.36039932 -0.28162417 2.91738575
v -1.64372125 -0.28761395 2.84700872
v -1.94273894 -0.29632953 2.77451874
v -2.17716147 -0.29632953 2.59464000
v -2.32457289 -0.28761395 2.32457289
v -2.44201412 -0.27889838 2.04909315
v -2.44810477 -0.26146723 1.71418141
v -2.61407164 -0.26408190 1.50923497
v -2.74469140 -0.26495346 1.27987062
v -2.90196210 -0.27018280 1.05622783
v -3.09664234 -0.28047816 0.82974282
v -3.26670699 -0.29020875 0.57600858
v -3.42846760 -0.30109782 0.29995205
v -3.58630091 -0.31376067 0.00000000
v -3.68981120 -0.32404976 -0.32281665
v -3.82613502 -0.33990740 -0.67465084
v -3.91635826 -0.35472387 -1.04938503
v -3.97868459 -0.37042942 -1.44812276
v -3.95565827 -0.38185180 -1.84455374
v -3.79601163 -0.38348527 -2.19162834
v -3.62834832 -0.38752189 -2.54059685
v -3.41923491 -0.39050514 -2.86907875
v -3.10382255 -0.38402868 -3.10382255
v -2.82187981 -0.38408098 -3.36298541
v -2.51413274 -0.38348527 -3.59055366
v -2.14181860 -0.37476969 -3.70973864
v -1.77666250 -0.36779723 -3.81006503
v -1.41738960 -0.36256789 -3.89424592
v -1.06585342 -0.36029068 -3.97781910
v -0.67869840 -0.34194667 -3.84908987
v -0.32267591 -0.32390848 -3.68820252
v -0.00000000 -0.32247625 -3.68592038
v 0.32136782 -0.32259539 -3.67325096
v 0.63900869 -0.32194991 -3.62399835
v 0.92965742 -0.31425232 -3.46952873
v 1.19702368 -0.30619834 -3.28879552
v 1.46168129 -0.30259114 -3.13458564
v 1.70461714 -0.29826935 -2.95248349
v 1.94471424 -0.29663082 -2.77733977
v 2.11632966 -0.28804982 -2.52214347
v 2.35227968 -0.29104205 -2.35227968
v 2.58590904 -0.29533238 -2.16983532
v 2.74887811 -0.29359100 -1.92478517
v 2.91375468 -0.29435684 -1.68225705
v 3.04247777 -0.29369969 -1.41873069
v 3.08142225 -0.28689117 -1.12154598
v 3.03337536 -0.27474776 -0.81279048
v 2.98615221 -0.26528474 -0.52653920
v 2.94743951 -0.25885256 -0.25786754
v 2.95869825 -0.25885256 -0.00000000
v 3.00000000 0.00000000 0.00000000
v 2.98858409 0.00000000 0.26146723
v 3.05290403 0.00000000 0.53830935
v 3.11028116 0.00000000 0.83339733
v 3.23385349 0.00000000 1.17702641
v 3.26270803 0.00000000 1.52142574
v 3.20429399 0.00000000 1.85000000
v 3.03086256 0.00000000 2.12223281
v 2.74243911 0.00000000 2.30117964
v 2.42205851 0.00000000 2.42205851
v 2.10834336 0.00000000 2.51262577
v 1.81085308 0.00000000 2.58616622
v 1.56000000 0.00000000 2.70199926
v 1.31011661 0.00000000 2.80955414
v 1.07736345 0.00000000 2.96003176
v 0.81876266 0.00000000 3.05566385
v 0.55741065 0.00000000 3.16123289
v 0.28374711 0.00000000 3.24324433
v 0.00000000 0.00000000 3.27000000
v -0.28412772 0.00000000 3.24759472
v -0.56438940 0.00000000 3.20081133
v -0.83483507 0.00000000 3.11564688
v -1.10335493 0.00000000 3.03144276
v -1.37487948 0.00000000 2.94843856
v -1.65477950 0.00000000 2.86616217
v -1.95015988 0.00000000 2.78511695
v -2.20476150 0.00000000 2.62753244
v -2.36880772 0.00000000 2.36880772
v -2.52794666 0.00000000 2.12119911
v -2.53937134 0.00000000 1.77808695
v -2.68467875 0.00000000 1.55000000
v -2.85486953 0.00000000 1.33124752
v -3.00701639 0.00000000 1.09446446
v -3.21744967 0.00000000 0.86211304
v -3.39810574 0.00000000 0.59917773
v -3.54708571 0.00000000 0.31032979
v -3.68963400 0.00000000 0.00000000
v -3.83652410 0.00000000 -0.33565237
v -3.93269583 0.00000000 -0.69344038
v -4.01024874 0.00000000 -1.07454291
v -4.02204416 0.00000000 -1.46390436
v -4.00678763 0.00000000 -1.86839576
v -3.84812413 0.00000000 -2.22171550
v -3.66480351 0.00000000 -2.56612305
v -3.47018133 0.00000000 -2.91182787
v -3.16783838 0.00000000 -3.16783838
v -2.84754911 0.00000000 -3.39357688
v -2.55330935 0.00000000 -3.64650366
v -2.20172800 0.00000000 -3.81350476
v -1.79993498 0.00000000 -3.85997302
v -1.42031184 0.00000000 -3.90227470
v -1.06046290 0.00000000 -3.95770141
v -0.70032032 0.00000000 -3.97171391
v -0.33990740 0.00000000 -3.88515932
v -0.00000000 0.00000000 -3.85000000
v 0.32912972 0.00000000 -3.76196989
v 0.65326809 0.00000000 -3.70486745
v 0.94842220 0.00000000 -3.53955985
v 1.22075882 0.00000000 -3.35400728
v 1.47489928 0.00000000 -3.16293170
v 1.72093300 0.00000000 -2.98074339
v 1.95128180 0.00000000 -2.78671921
v 2.18114870 0.00000000 -2.59939180
v 2.36880772 0.00000000 -2.36880772
v 2.60273788 0.00000000 -2.18395639
v 2.77344240 0.00000000 -1.94198527
v 2.93004540 0.00000000 -1.69166250
v 3.07133661 0.00000000 -1.43218778
v 3.04690258 0.00000000 -1.10898185
v 2.98255679 0.00000000 -0.79917368
v 2.97411941 0.00000000 -0.52441750
v 2.98858409 0.00000000 -0.26146723
v 3.00000000 0.00000000 -0.00000000
v 2.98858409 0.26146723 0.00000000
v 3.02683182 0.26582502 0.26481347
v 3.09033983 0.27454059 0.54491029
v 3.12731311 0.28325616 0.83796102
v 3.21198526 0.29904704 1.16906703
v 3.27737821 0.31637535 1.52826656
v 3.17484609 0.32073313 1.83299824
v 2.97036712 0.31724690 2.07987345
v 2.73200330 0.31201756 2.29242296
v 2.41286721 0.29853840 2.41286721
v 2.11089828 0.28731056 2.51567061
v 1.85783839 0.28337949 2.65326819
v 1.58394957 0.27715526 2.74348113
v 1.33460193 0.27628370 2.86206307
v 1.08608159 0.27781939 2.98398466
v 0.84224984 0.28470591 3.14331918
v 0.57431815 0.28935707 3.25712007
v 0.28651949 0.28761395 3.27493279
v 0.00000000 0.28587084 3.26751861
v -0.28478301 0.28587084 3.25508471
v -0.56739865 0.28587084 3.21787766
v -0.84067215 0.28417261 3.13743117
v -1.11282630 0.28466068 3.05746514
v -1.38871351 0.28748566 2.97810573
v -1.67360709 0.29284330 2.89877252
v -1.93131106 0.29458641 2.75819804
v -2.17716147 0.29632953 2.59464000
v -2.40910281 0.29807264 2.40910281
v -2.59464000 0.29632953 2.17716147
v -2.61131176 0.27889838 1.82846018
v -2.76073573 0.27889838 1.59391152
v -2.88914884 0.27889838 1.34723223
v -3.14535247 0.29284330 1.14481468
v -3.34863065 0.30330198 0.89726288
v -3.49874442 0.31082257 0.61692304
v -3.61837996 0.31777646 0.31656723
v -3.73482358 0.32675472 0.00000000
v -3.91065481 0.34344487 -0.34213796
v -4.06905437 0.36148794 -0.71748407
v -4.07559238 0.36914649 -1.09205169
v -4.02389622 0.37463879 -1.46457845
v -4.02392886 0.38844216 -1.87638884
v -3.90816652 0.39481551 -2.25638099
v -3.72360000 0.39769514 -2.60729279
v -3.44082995 0.39297147 -2.88719914
v -3.12500927 0.38665007 -3.12500927
v -2.81750308 0.38348527 -3.35776942
v -2.54665133 0.38844539 -3.63699503
v -2.20159028 0.38522838 -3.81326623
v -1.79771301 0.37215502 -3.85520798
v -1.41791430 0.36270211 -3.89568754
v -1.06904669 0.36137011 -3.98973657
v -0.70924832 0.35733855 -4.02234707
v -0.34362986 0.34494247 -3.92770728
v -0.00000000 0.33990740 -3.88515932
v 0.33022405 0.33148545 -3.77447814
v 0.65541101 0.33021385 -3.71702052
v 0.97005462 0.32790779 -3.62029312
v 1.24522514 0.31852827 -3.42122797
v 1.49763218 0.31003355 -3.21168258
v 1.74435236 0.30522211 -3.02130691
v 1.96894877 0.30032736 -2.81195026
v 2.20237620 0.29976146 -2.62468975
v 2.40177477 0.29716596 -2.40177477
v 2.61135406 0.29823841 -2.19118623
v 2.82606277 0.30183463 -1.97883045
v 3.00230011 0.30330198 -1.73337877
v 3.13656381 0.30278210 -1.46260372
v 3.03946268 0.28298459 -1.10627394
v 2.98297558 0.27018280 -0.79928590
v 2.99223380 0.26582502 -0.52761155
v 2.97721163 0.26146723 -0.26047227
v 2.98858409 0.26146723 -0.00000000
v 3.00366365 0.52962694 0.00000000
v 3.04128681 0.53830935 0.26607812
v 3.10350819 0.55567417 0.54723223
v 3.18669166 0.58172140 0.85387146
v 3.27063318 0.61371225 1.19041313
v 3.28454328 0.63902529 1.53160769
v 3.15561357 0.64249826 1.82189434
v 2.95254866 0.63555233 2.06739683
v 2.72340749 0.62686992 2.28521022
v 2.40688342 0.60019009 2.40688342
v 2.12082258 0.58177575 2.52749793
v 1.86924927 0.57463846 2.66956462
v 1.59344012 0.56193297 2.75991924
v 1.34481897 0.56109234 2.88397359
v 1.10102271 0.56762741 3.02503503
v 0.84921110 0.57854641 3.16929898
v 0.58143424 0.59040380 3.29747746
v 0.29354425 0.59387677 3.35522610
v 0.00000000 0.58459354 3.31539469
v -0.28925266 0.58519436 3.30617308
v -0.57972414 0.58866732 3.28777899
v -0.86661581 0.59040380 3.23425422
v -1.15193838 0.59387677 3.16492470
v -1.43172023 0.59734973 3.07033394
v -1.70371741 0.60082269 2.95092512
v -1.96572157 0.60429566 2.80734135
v -2.21557778 0.60776862 2.64042277
v -2.46512941 0.61471455 2.46512941
v -2.64042277 0.60776862 2.21557778
v -2.70246940 0.58172140 1.89228945
v -2.85710958 0.58172140 1.64955299
v -3.03463238 0.59040380 1.41507232
v -3.23895802 0.60776862 1.17888431
v -3.44009548 0.62797953 0.92177081
v -3.51751716 0.62980128 0.62023318
v -3.66410998 0.64854938 0.32056808
v -3.84535914 0.67804057 0.00000000
v -3.98076189 0.70459693 -0.34827154
v -4.08759185 0.73187150 -0.72075273
v -4.10450357 0.74926532 -1.09979842
v -4.03958125 0.75800017 -1.47028733
v -3.98429648 0.77516599 -1.85790796
v -3.83323126 0.78046451 -2.21311710
v -3.68418457 0.79304098 -2.57969381
v -3.39036470 0.78038915 -2.84485377
v -3.09882087 0.77273439 -3.09882087
v -2.82659488 0.77538044 -3.36860460
v -2.55298767 0.78483107 -3.64604426
v -2.19612129 0.77447087 -3.80379365
v -1.78965029 0.74668716 -3.83791742
v -1.42771176 0.73605052 -3.92260582
v -1.05577128 0.71927072 -3.94019204
v -0.70914217 0.72008183 -4.02174510
v -0.35025545 0.70861063 -4.00343812
v -0.00000000 0.70327512 -3.98847140
v 0.33528761 0.67832882 -3.83235494
v 0.66139376 0.67159683 -3.75095043
v 0.98347360 0.67001611 -3.67037343
v 1.27074365 0.65512630 -3.49133948
v 1.53626161 0.64096703 -3.29452365
v 1.78103122 0.62808772 -3.08483657
v 1.99404322 0.61300220 -2.84778885
v 2.19199896 0.60130057 -2.61232264
v 2.41400653 0.60196634 -2.41400653
v 2.63205339 0.60584217 -2.20855503
v 2.84115932 0.61157516 -1.98940118
v 3.02620356 0.61614975 -1.74717944
v 3.08604976 0.60040733 -1.43904864
v 3.05570796 0.57338298 -1.11218674
v 2.99644141 0.54699176 -0.80289406
v 3.00652356 0.53830935 -0.53013122
v 2.97261259 0.52615398 -0.26006990
v 3.00366365 0.52962694 -0.00000000
v 2.98596554 0.80008706 0.00000000
v 3.04071059 0.81786818 0.26602771
v 3.10107905 0.84375009 0.54680391
v 3.15358293 0.87480837 0.84500000
v 3.33379897 0.95061802 1.21340359
v 3.25658508 0.96280685 1.51857056
v 3.13693614 0.97057142 1.81111092
v 2.94341323 0.96280685 2.06100013
v 2.72298697 0.95245409 2.28485736
v 2.43490681 0.92267721 2.43490681
v 2.14108271 0.89252091 2.55164302
v 1.89036317 0.88309291 2.69971839
v 1.61182497 0.86377440 2.79176274
v 1.36036286 0.86249972 2.91730757
v 1.11252565 0.87158711 3.05663909
v 0.85734975 0.88759377 3.19967283
v 0.58705941 0.90586666 3.32937935
v 0.29670920 0.91219452 3.39140171
v 0.00000000 0.89786138 3.35086431
v -0.29212536 0.89810209 3.33900815
v -0.58538210 0.90327847 3.31986684
v -0.87750000 0.90845485 3.27487458
v -1.16288864 0.91104304 3.19501027
v -1.44509134 0.91621942 3.09900839
v -1.71934797 0.92139580 2.97799804
v -1.98897593 0.92916037 2.84055201
v -2.25381311 0.93951313 2.68598987
v -2.52714700 0.95763047 2.52714700
v -2.72298697 0.95245409 2.28485736
v -2.88011402 0.94210132 2.01667755
v -3.02818902 0.93692494 1.74832575
v -3.15153395 0.93174856 1.46958442
v -3.31300780 0.94468951 1.20583623
v -3.45214700 0.95763047 0.92500000
v -3.56719216 0.97057142 0.62899222
v -3.66968543 0.98704525 0.32105587
v -3.91474476 1.04895270 0.00000000
v -4.02220578 1.08186361 -0.35189741
v -4.04957927 1.10182063 -0.71405009
v -4.05619621 1.12519458 -1.08685450
v -4.00105508 1.14088315 -1.45626496
v -3.88216282 1.14775842 -1.81028225
v -3.79600475 1.17448796 -2.19162436
v -3.64441399 1.19210810 -2.55184615
v -3.35217899 1.17253465 -2.81281215
v -3.08721741 1.16986208 -3.08721741
v -2.81473441 1.17333595 -3.35446985
v -2.54854855 1.19056761 -3.63970453
v -2.21687366 1.18801902 -3.83973782
v -1.82643707 1.15800092 -3.91680694
v -1.44976302 1.13578933 -3.98319116
v -1.06250000 1.09998094 -3.96530398
v -0.70279398 1.08445180 -3.98574271
v -0.35133033 1.08012020 -4.01572406
v -0.00000000 1.07409904 -4.00859218
v 0.34321413 1.05516798 -3.92295545
v 0.67229473 1.03738970 -3.81277289
v 1.00290650 1.03828521 -3.74289801
v 1.28957941 1.01029652 -3.54309030
v 1.56217273 0.99045157 -3.35009022
v 1.77209477 0.94966272 -3.06935817
v 2.03564041 0.95095992 -2.90719579
v 2.24404161 0.93543984 -2.67434466
v 2.43759720 0.92369670 -2.43759720
v 2.62528649 0.91828014 -2.20287693
v 2.81175008 0.91973910 -1.96880860
v 2.99339914 0.92616092 -1.72823980
v 3.06740113 0.90687476 -1.43035264
v 3.07444129 0.87666333 -1.11900512
v 3.04162141 0.84375009 -0.81500000
v 3.01546644 0.82045637 -0.53170809
v 2.98297558 0.80233904 -0.26097655
v 2.98596554 0.80008706 -0.00000000
v 3.11655166 1.13433204 0.00000000
v 3.13599130 1.14576748 0.27436369
v 3.22248283 1.19098152 0.56821067
v 3.32208454 1.25179372 0.89014987
v 3.33405173 1.29137503 1.21349559
v 3.23627281 1.29967654 1.50909880
v 3.10870714 1.30651695 1.79481291
v 2.92505430 1.29967654 2.04814507
v 2.71382059 1.28941594 2.27716586
v 2.45640684 1.26439033 2.45640684
v 2.17246878 1.23013256 2.58904747
v 1.88992964 1.19927893 2.69909924
v 1.62211808 1.18080539 2.80959092
v 1.35675726 1.16847591 2.90957533
v 1.10649909 1.17751174 3.04008127
v 0.85610042 1.20391090 3.19501027
v 0.58416976 1.22443211 3.31299135
v 0.29156261 1.21759171 3.33257583
v 0.00000000 1.21759171 3.34530573
v -0.29156261 1.21759171 3.33257583
v -0.58416976 1.22443211 3.31299135
v -0.86837768 1.22117608 3.24082962
v -1.15257443 1.22654409 3.16667222
v -1.44105909 1.24107892 3.09036119
v -1.73843135 1.26547453 3.01105142
v -2.02119579 1.28257554 2.88656674
v -2.29528654 1.29967654 2.73541598
v -2.62210133 1.34967852 2.62210133
v -2.83721808 1.34804572 2.38070865
v -3.00202941 1.33387856 2.10204362
v -3.11684512 1.30993715 1.79951137
v -3.19369027 1.28257554 1.48924223
v -3.33782400 1.29283614 1.21486858
v -3.49454248 1.31677755 0.93635984
v -3.65588873 1.35116186 0.64463182
v -3.81341785 1.39327241 0.33363083
v -3.94670901 1.43648460 0.00000000
v -4.08146928 1.49120782 -0.35708229
v -4.05735943 1.49953944 -0.71542194
v -4.01456035 1.51272534 -1.07569820
v -3.91436863 1.51614862 -1.42471367
v -3.90839983 1.56960055 -1.82251677
v -3.75027919 1.57615468 -2.16522470
v -3.56394774 1.58355326 -2.49550307
v -3.23930840 1.53909064 -2.71810248
v -2.95686046 1.52198964 -2.95686046
v -2.66978066 1.51172903 -3.18172069
v -2.41601618 1.53311384 -3.45042869
v -2.15296876 1.56723309 -3.72905128
v -1.83667172 1.58179118 -3.93875522
v -1.43340448 1.52539718 -3.93824644
v -1.06039711 1.49120782 -3.95745590
v -0.70165642 1.47068662 -3.97929129
v -0.35150001 1.46789573 -4.01766356
v -0.00000000 1.45399774 -3.99482597
v 0.34510587 1.44119319 -3.94457811
v 0.67432560 1.41340064 -3.82429049
v 0.99933697 1.40534059 -3.72957633
v 1.28912726 1.37186058 -3.54184805
v 1.55138216 1.33609211 -3.32694977
v 1.79918905 1.30970252 -3.11628685
v 2.03099185 1.28879175 -2.90055697
v 2.23223683 1.26397546 -2.66027626
v 2.44866585 1.26040579 -2.44866585
v 2.64301363 1.25577347 -2.21775176
v 2.81318329 1.24996939 -1.96981214
v 2.96617699 1.24661486 -1.71252308
v 3.06031751 1.22901347 -1.42704949
v 3.08814417 1.19612789 -1.12399256
v 3.12193802 1.17637657 -0.83652077
v 3.11081929 1.14971234 -0.54852137
v 3.11145006 1.13680108 -0.27221661
v 3.11655166 1.13433204 -0.00000000
v 3.28208943 1.53046343 0.00000000
v 3.30537497 1.54720926 0.28918284
v 3.37507172 1.59810053 0.59511621
v 3.37039048 1.62708031 0.90309341
v 3.32995439 1.65243740 1.21200428
v 3.21986371 1.65666359 1.50144711
v 3.07675142 1.65666359 1.77636326
v 2.89537512 1.64821122 2.02736348
v 2.67989009 1.63130649 2.24869479
v 2.42909370 1.60188677 2.42909370
v 2.16964792 1.57396226 2.58568570
v 1.88780238 1.53475047 2.69606121
v 1.63119632 1.52127867 2.82531490
v 1.36476908 1.50585606 2.92675673
v 1.11591187 1.52142574 3.06594266
v 0.85383377 1.53833047 3.18655100
v 0.58170077 1.56207528 3.29898902
v 0.29068294 1.55523520 3.32252117
v 0.00000000 1.54678284 3.31708650
v -0.28989304 1.55100902 3.31349258
v -0.58030168 1.55831820 3.29105435
v -0.86625001 1.56070050 3.23288905
v -1.15428994 1.57375011 3.17138554
v -1.44836674 1.59809588 3.10603250
v -1.75263658 1.63453572 3.03565560
v -2.02736348 1.64821122 2.89537512
v -2.33572510 1.69444228 2.78360878
v -2.66688602 1.75870096 2.66688602
v -2.91092855 1.77194455 2.44255907
v -3.08728652 1.75745804 2.16174129
v -3.18663540 1.71583014 1.83980481
v -3.22323061 1.65839590 1.50301712
v -3.40092415 1.68765503 1.23783516
v -3.51118351 1.69504916 0.94081878
v -3.61343674 1.71096665 0.63714639
v -3.65891108 1.71269558 0.32011324
v -3.84757111 1.79415187 0.00000000
v -3.92679477 1.83808896 -0.34355003
v -3.91407331 1.85331843 -0.69015673
v -3.89790736 1.88174289 -1.04444113
v -3.85552595 1.91324401 -1.40329668
v -3.81948119 1.96517492 -1.78105333
v -3.71250873 1.99898438 -2.14341792
v -3.44284601 1.95986261 -2.41070673
v -3.08951060 1.88065126 -2.59240720
v -2.81976808 1.85952035 -2.81976808
v -2.55162776 1.85106799 -3.04091155
v -2.28728188 1.85952035 -3.26657706
v -2.02895260 1.89223227 -3.51424899
v -1.77722311 1.96094873 -3.81126725
v -1.40245479 1.91209618 -3.85321286
v -1.03914384 1.87219890 -3.87813761
v -0.68617111 1.84261562 -3.89146976
v -0.34202639 1.82993707 -3.90937952
v -0.00000000 1.82938471 -3.92312817
v 0.34486426 1.84512048 -3.94181654
v 0.67338488 1.80828000 -3.81895543
v 0.99141383 1.78620496 -3.70000679
v 1.28232843 1.74831681 -3.52316840
v 1.55348374 1.71407966 -3.33145663
v 1.82307074 1.70022370 -3.15765115
v 2.08099609 1.69181359 -2.97197041
v 2.28952258 1.66092485 -2.72854676
v 2.51122201 1.65604699 -2.51122201
v 2.71129410 1.65042278 -2.27504588
v 2.84738390 1.62089191 -1.99375967
v 2.96073592 1.59419554 -1.70938168
v 3.05558495 1.57213993 -1.42484266
v 3.14259123 1.55946139 -1.14380967
v 3.17779674 1.53410429 -0.85148807
v 3.20421478 1.51719956 -0.56498952
v 3.24247369 1.51776587 -0.28367969
v 3.28209033 1.53046386 -0.00000000
v 3.35151831 1.93500000 0.00000000
v 3.38740721 1.96319100 0.29635973
v 3.41147413 2.00000000 0.60153493
v 3.37116070 2.01500000 0.90329979
v 3.29588061 2.02500000 1.19960244
v 3.19448426 2.03500000 1.48961247
v 3.07500000 2.05000000 1.77535208
v 2.88019031 2.03000000 2.01673097
v 2.66028993 2.00500000 2.23224830
v 2.42524592 1.98020500 2.42524592
v 2.15939518 1.93956350 2.57346696
v 1.89613244 1.90860800 2.70795777
v 1.62780387 1.87962600 2.81943900
v 1.37262958 1.87518650 2.94361364
v 1.10319350 1.86225600 3.03099923
v 0.84397967 1.88267400 3.14977499
v 0.57296202 1.90500000 3.24942911
v 0.28637573 1.89705350 3.27328961
v 0.00000000 1.89022400 3.27396401
v -0.28608220 1.89510900 3.26993446
v -0.57500965 1.91180800 3.26104176
v -0.86168546 1.92217050 3.21585392
v -1.15229189 1.94513700 3.16589596
v -1.45036979 1.98138950 3.11032804
v -1.75956963 2.03177600 3.04766400
v -2.07137146 2.08500000 2.95822502
v -2.36028249 2.12000000 2.81287514
v -2.65486170 2.16768550 2.65486170
v -2.92475659 2.20432250 2.45416217
v -3.08591819 2.17500000 2.16078318
v -3.18750000 2.12500000 1.84030398
v -3.25727510 2.07500000 1.51889233
v -3.33894027 2.05145600 1.21527487
v -3.35968788 2.00814250 0.90022566
v -3.44242473 2.01814500 0.60699236
v -3.60726617 2.09061150 0.31559490
v -3.71246644 2.14339350 0.00000000
v -3.78887772 2.19586550 -0.33148385
v -3.74135174 2.19339300 -0.65970126
v -3.75698126 2.24561150 -1.00668010
v -3.82484910 2.35000000 -1.39213122
v -3.74390416 2.38500000 -1.74581118
v -3.59605125 2.39736750 -2.07618116
v -3.22201427 2.27092250 -2.25607868
v -2.91902137 2.20000000 -2.44934976
v -2.66382010 2.17500000 -2.66382010
v -2.42151624 2.17500000 -2.88585067
v -2.18561977 2.20000000 -3.12138851
v -1.92177879 2.21907900 -3.32861850
v -1.68938305 2.30791200 -3.62289364
v -1.35883589 2.29379550 -3.73337092
v -1.00131140 2.23363550 -3.73694502
v -0.66741790 2.21904950 -3.78511498
v -0.33569430 2.22375700 -3.83700338
v -0.00000000 2.23242450 -3.86667266
v 0.33738375 2.23494850 -3.85631386
v 0.66883090 2.22374750 -3.79312853
v 0.98676805 2.20119350 -3.68266850
v 1.29251179 2.18183650 -3.55114697
v 1.57814889 2.15595200 -3.38435122
v 1.84079502 2.12556700 -3.18835050
v 2.10566781 2.11952200 -3.00720528
v 2.32067205 2.08442200 -2.76566926
v 2.54093226 2.07466250 -2.54093226
v 2.73815814 2.06368750 -2.29758749
v 2.90186622 2.04527750 -2.03190860
v 3.00928350 2.00618900 -1.73741064
v 3.11593841 1.98496350 -1.45298594
v 3.20186175 1.96723450 -1.16538237
v 3.26078070 1.94902400 -0.87372356
v 3.32128072 1.94712350 -0.58563140
v 3.33573142 1.93324200 -0.29183868
v 3.35151831 1.93500000 -0.00000000
v 3.35852420 2.35166396 0.00000000
v 3.37987385 2.37565322 0.29570065
v 3.42850596 2.43769985 0.60453810
v 3.38650769 2.45490715 0.90741200
v 3.30223235 2.46064291 1.20191428
v 3.17748859 2.45490715 1.48168726
v 3.02916567 2.44917138 1.74888961
v 2.85179280 2.43769985 1.99684682
v 2.62297872 2.39754950 2.20094048
v 2.40958834 2.38607798 2.40958834
v 2.17287375 2.36697559 2.58953010
v 1.90106019 2.32076597 2.71499532
v 1.64392388 2.30217579 2.84735969
v 1.38453808 2.29394726 2.96915150
v 1.11220049 2.27697456 3.05574573
v 0.84200859 2.27796513 3.14241882
v 0.56873679 2.29333697 3.22546661
v 0.28280835 2.27207679 3.23251426
v 0.00000000 2.26438742 3.23388039
v -0.28257040 2.27016506 3.22979442
v -0.56778845 2.28951294 3.22008829
v -0.85383293 2.30995463 3.18654787
v -1.14531925 2.34477760 3.14673878
v -1.44532846 2.39466671 3.09951688
v -1.75694925 2.46045822 3.04312537
v -2.10021301 2.56388667 2.99941502
v -2.38522975 2.59830126 2.84260613
v -2.67955085 2.65340647 2.67955085
v -2.85955760 2.61379585 2.39945373
v -3.08664633 2.63845161 2.16129303
v -3.17814103 2.56962243 1.83490058
v -3.22912204 2.49479882 1.50576434
v -3.23295475 2.40902103 1.17669930
v -3.30738368 2.39754950 0.88621079
v -3.38817059 2.40902103 0.59742589
v -3.50895017 2.46637868 0.30699336
v -3.56331139 2.49505750 0.00000000
v -3.63135541 2.55241514 -0.31770243
v -3.54951205 2.52373632 -0.62587474
v -3.57640532 2.59256549 -0.95829492
v -3.58061054 2.66807511 -1.30323566
v -3.45275784 2.66757839 -1.61004742
v -3.28793516 2.65839429 -1.89829025
v -3.00184072 2.56596015 -2.10191150
v -2.76103024 2.52373632 -2.31677945
v -2.51964165 2.49505750 -2.51964165
v -2.29045241 2.49505750 -2.72965489
v -2.06732377 2.52373632 -2.95244432
v -1.82027216 2.54913658 -3.15280387
v -1.59437477 2.64161144 -3.41914773
v -1.28863898 2.63819178 -3.54050651
v -0.96610502 2.61369490 -3.60555302
v -0.64670129 2.60771594 -3.66762529
v -0.32908710 2.64387936 -3.76148279
v -0.00000000 2.65487367 -3.79155255
v 0.33296521 2.67503603 -3.80580980
v 0.65658627 2.64757549 -3.72368580
v 0.96996894 2.62414833 -3.61997338
v 1.28416444 2.62903119 -3.52821281
v 1.58614587 2.62797753 -3.40150079
v 1.85663760 2.60006328 -3.21579065
v 2.09162563 2.55340341 -2.98715097
v 2.32009719 2.52735043 -2.76498416
v 2.52417700 2.49954860 -2.52417700
v 2.70549713 2.47297595 -2.27018165
v 2.87589079 2.45829871 -2.01372041
v 3.00776500 2.43186830 -1.73653393
v 3.08558196 2.38390068 -1.43883050
v 3.16976280 2.36193385 -1.15369931
v 3.22822011 2.34016318 -0.86499897
v 3.31372280 2.35608796 -0.58429874
v 3.30432941 2.32255438 -0.28909136
v 3.35852338 2.35166339 -0.00000000
v 3.37825599 2.83469336 0.00000000
v 3.37727271 2.84469321 0.29547308
v 3.38730106 2.88612987 0.59727257
v 3.38153545 2.93753938 0.90607969
v 3.27530071 2.92468362 1.19211197
v 3.12422420 2.89254424 1.45684967
v 2.99199691 2.89897212 1.72743022
v 2.82611964 2.89493991 1.97887028
v 2.61953461 2.86935118 2.19805053
v 2.38794813 2.83369704 2.38794813
v 2.13493371 2.78695802 2.54431491
v 1.88636654 2.75961384 2.69401062
v 1.63376405 2.74178162 2.82976234
v 1.37654488 2.73310078 2.95201002
v 1.11325022 2.73120712 3.05862985
v 0.83512414 2.70749919 3.11672571
v 0.55869333 2.69970796 3.16850733
v 0.27796618 2.67614401 3.17716797
v 0.00000000 2.66772735 3.17927365
v -0.27778071 2.67435835 3.17504800
v -0.55795426 2.69613663 3.16431585
v -0.84157792 2.72842257 3.14081156
v -1.13176307 2.77662585 3.10949347
v -1.43108059 2.84138028 3.06896223
v -1.74200345 2.92342890 3.01723848
v -2.07829125 3.04038539 2.96810750
v -2.38815880 3.11751991 2.84609683
v -2.68129234 3.18179867 2.68129234
v -2.85574774 3.12809119 2.39625688
v -3.03734159 3.11130544 2.12676948
v -3.16266014 3.06432923 1.82596269
v -3.19365140 2.95682300 1.48922411
v -3.20331608 2.86040486 1.16591170
v -3.25574529 2.82826548 0.87237432
v -3.31938863 2.82826548 0.58529777
v -3.35776942 2.82826548 0.29376676
v -3.37059555 2.82826548 0.00000000
v -3.39592589 2.86040486 -0.29710502
v -3.41746148 2.91182787 -0.60259066
v -3.41083790 2.96299441 -0.91393126
v -3.33672880 2.97953590 -1.21446996
v -3.18759180 2.95121275 -1.48639847
v -3.00758979 2.91408020 -1.73643277
v -2.81834358 2.88697449 -1.97342542
v -2.59963071 2.84754911 -2.18134917
v -2.38878772 2.83469336 -2.38878772
v -2.16657706 2.82826548 -2.58202599
v -1.93610449 2.83237675 -2.76504377
v -1.72433731 2.89378161 -2.98663984
v -1.49929288 2.97681434 -3.21524396
v -1.21321576 2.97645888 -3.33328289
v -0.91847157 2.97771424 -3.42778257
v -0.62574597 3.02371855 -3.54878177
v -0.31580521 3.04044260 -3.60967004
v -0.00000000 3.04312945 -3.62666046
v 0.31823119 3.06379893 -3.63739911
v 0.63786044 3.08225786 -3.61748633
v 0.95527110 3.09701948 -3.56512027
v 1.26030051 3.09197488 -3.46264719
v 1.56978919 3.11678327 -3.36642378
v 1.87238421 3.14223380 -3.24306459
v 2.09913743 3.07088181 -2.99787894
v 2.30359090 3.00712435 -2.74531273
v 2.49228344 2.95750822 -2.49228344
v 2.67764546 2.93300387 -2.24681131
v 2.84495112 2.91422997 -1.99205622
v 2.98484265 2.89204030 -1.72329971
v 3.11033876 2.87968849 -1.45037478
v 3.20331608 2.86040486 -1.16591170
v 3.24877948 2.82221428 -0.87050784
v 3.29217492 2.80507821 -0.58049926
v 3.33945278 2.81283729 -0.29216426
v 3.37825599 2.83469336 -0.00000000
v 3.41410104 3.41410104 0.00000000
v 3.40937357 3.42239682 0.29828154
v 3.41218478 3.46482323 0.60166024
v 3.34676224 3.46482323 0.89676224
v 3.22264567 3.42946789 1.17294710
v 3.10174489 3.42239682 1.44636740
v 2.95775886 3.41532575 1.70766288
v 2.79187879 3.40825469 1.95489458
v 2.56754217 3.35168826 2.15442369
v 2.36317100 3.34202848 2.36317100
v 2.11832939 3.29553550 2.52452666
v 1.89021028 3.29548105 2.69950004
v 1.64756799 3.29513599 2.85367147
v 1.39509277 3.30107073 2.99178611
v 1.10965245 3.24440673 3.04874506
v 0.83201509 3.21465946 3.10512259
v 0.55507307 3.19653843 3.14797583
v 0.27736325 3.18238639 3.17027645
v 0.00000000 3.18468237 3.18468237
v -0.27799100 3.18958898 3.17745164
v -0.55757451 3.21094361 3.16216216
v -0.83931474 3.24286312 3.13236524
v -1.12589112 3.29188542 3.09336043
v -1.41189723 3.34083347 3.02782339
v -1.70398239 3.40796477 2.95138407
v -1.99703472 3.48172379 2.85206116
v -2.32138233 3.61142980 2.76651573
v -2.58495300 3.65567559 2.58495300
v -2.77356563 3.62063279 2.32729790
v -2.95657995 3.60931767 2.07021957
v -3.09036260 3.56844336 1.78422168
v -3.11776502 3.44007308 1.45383770
v -3.10304232 3.30218867 1.12941504
v -3.10770779 3.21733585 0.83270779
v -3.16845729 3.21733585 0.55868451
v -3.18396044 3.19612265 0.27856044
v -3.18005365 3.18005365 0.00000000
v -3.22531177 3.23763194 -0.28217822
v -3.23326234 3.28314063 -0.57011139
v -3.10879037 3.21845662 -0.83299787
v -3.02986102 3.22431076 -1.10277923
v -2.94159039 3.24568589 -1.37168613
v -2.79241831 3.22440692 -1.61220346
v -2.62969496 3.21026479 -1.84133224
v -2.45106846 3.19964263 -2.05669064
v -2.25000000 3.18198052 -2.25000000
v -2.03396466 3.16428729 -2.42398469
v -1.84216286 3.21171294 -2.63088122
v -1.62013861 3.24027723 -2.80616239
v -1.38178709 3.26958680 -2.96325198
v -1.13122065 3.30746793 -3.10800320
v -0.86560378 3.34443618 -3.23047728
v -0.59269698 3.41320585 -3.36135158
v -0.29820179 3.42148182 -3.40846205
v -0.00000000 3.39208174 -3.39208174
v 0.30060203 3.44902151 -3.43589694
v 0.60490663 3.48351842 -3.43059595
v 0.90580197 3.49975006 -3.38049897
v 1.19525897 3.49470344 -3.28394703
v 1.49234275 3.53118379 -3.20033936
v 1.79443230 3.58886461 -3.10804792
v 2.07030555 3.60946758 -2.95670274
v 2.27754074 3.54322440 -2.71426736
v 2.44783100 3.46175580 -2.44783100
v 2.62170807 3.42239682 -2.19987427
v 2.77167706 3.38359292 -1.94074917
v 2.90704402 3.35676529 -1.67838265
v 3.05235281 3.36789869 -1.42333549
v 3.15026770 3.35244487 -1.14660367
v 3.23491891 3.34903449 -0.86679391
v 3.31164440 3.36273186 -0.58393226
v 3.37819823 3.39110240 -0.29555405
v 3.41410034 3.41410034 -0.00000000
v 3.33683840 3.97668915 0.00000000
v 3.33617978 3.99109155 0.29187791
v 3.32969689 4.02939377 0.58711540
v 3.29069131 4.06003555 0.88173808
v 3.18320002 4.03705422 1.15859006
v 3.04680667 4.00641244 1.42074928
v 2.89468608 3.98343110 1.67124779
v 2.73801208 3.98343110 1.91717670
v 2.52952057 3.93523542 2.12251978
v 2.31435409 3.90059872 2.31435409
v 2.09325948 3.88098568 2.49464951
v 1.85912348 3.86281051 2.65510349
v 1.63338952 3.89319567 2.82911364
v 1.37338101 3.87283727 2.94522508
v 1.09288415 3.80810498 3.00267452
v 0.81737153 3.76365449 3.05047209
v 0.54492881 3.73986574 3.09044487
v 0.27334389 3.73766030 3.12433493
v 0.00000000 3.75278891 3.14896379
v -0.27464081 3.75539423 3.13915884
v -0.55009688 3.77533437 3.11975443
v -0.82643164 3.80537250 3.08428487
v -1.10582694 3.85320355 3.03823455
v -1.37621137 3.88081869 2.95129481
v -1.64750739 3.92684570 2.85356650
v -1.90548966 3.95914826 2.72132126
v -2.15076944 3.98761141 2.56318721
v -2.39994011 4.04484489 2.39994011
v -2.60315464 4.04978970 2.18430610
v -2.81444579 4.09463165 1.97069616
v -2.92147807 4.02030006 1.68671615
v -2.95818887 3.88988405 1.37942612
v -2.97783227 3.77659910 1.08384231
v -3.00508414 3.70765510 0.80520987
v -3.00052533 3.63105066 0.52907357
v -3.00960556 3.60040888 0.26330637
v -3.02110177 3.60040888 0.00000000
v -3.00960556 3.60040888 -0.26330637
v -2.97372950 3.59862400 -0.52434874
v -2.92154963 3.60459072 -0.78282686
v -2.86197527 3.62966489 -1.04167381
v -2.74432401 3.60866148 -1.27969930
v -2.60540117 3.58534079 -1.50422907
v -2.46115588 3.58064340 -1.72331990
v -2.25733349 3.51178750 -1.89412770
v -2.08630349 3.51624358 -2.08630349
v -1.88410240 3.49320020 -2.24538580
v -1.68204899 3.49489239 -2.40221491
v -1.47703979 3.52053496 -2.55830797
v -1.26143167 3.55714805 -2.70514895
v -1.03580611 3.60921916 -2.84585390
v -0.80085691 3.68761155 -2.98883868
v -0.54797858 3.76079637 -3.10774094
v -0.27632121 3.77837173 -3.15836588
v -0.00000000 3.80477192 -3.19258272
v 0.28261552 3.86443912 -3.23031018
v 0.57101895 3.91892327 -3.23840938
v 0.84991282 3.91349354 -3.17191784
v 1.13199041 3.94436897 -3.11011809
v 1.41706484 3.99602258 -3.03890536
v 1.69229104 4.03358786 -2.93113407
v 1.97865724 4.11117285 -2.82581539
v 2.22051849 4.11692890 -2.64631089
v 2.39986284 4.04471466 -2.39986284
v 2.55773974 3.97913666 -2.14619847
v 2.68535800 3.90682666 -1.88030792
v 2.80696150 3.86271169 -1.62059998
v 2.93508848 3.85950809 -1.36865424
v 3.04231956 3.85838431 -1.10731376
v 3.12816220 3.85950809 -0.83818854
v 3.19521891 3.86665682 -0.56340330
v 3.28589760 3.93093867 -0.28747879
v 3.33683840 3.97668915 -0.00000000
v 3.21202804 4.58725145 0.00000000
v 3.25694469 4.66916665 0.28494574
v 3.25360812 4.71831578 0.57369890
v 3.19676633 4.72650730 0.85657096
v 3.10994659 4.72650730 1.13192799
v 2.99425991 4.71831578 1.39624633
v 2.84130570 4.68554969 1.64042861
v 2.67013752 4.65524271 1.86965042
v 2.47823753 4.62021495 2.07948820
v 2.27534519 4.59552898 2.27534519
v 2.06430452 4.58647981 2.46014233
v 1.83019236 4.55699607 2.61378556
v 1.60705277 4.59021842 2.78349705
v 1.37379682 4.64245247 2.94611679
v 1.09900301 4.58902491 3.01948595
v 0.82447018 4.54937713 3.07696460
v 0.54753922 4.50316877 3.10524924
v 0.27424288 4.49378784 3.13461042
v 0.00000000 4.47802162 3.13554449
v -0.26968119 4.41903939 3.08247016
v -0.53066431 4.36438311 3.00954684
v -0.78331395 4.32227952 2.92336746
v -1.02596109 4.28402921 2.81880493
v -1.26387684 4.27100142 2.71039264
v -1.52264669 4.34912968 2.63730144
v -1.77855015 4.42841213 2.54003285
v -2.01446272 4.47574110 2.40074319
v -2.23710754 4.51830014 2.23710754
v -2.43870474 4.54651338 2.04631625
v -2.58723596 4.51070824 1.81160212
v -2.68549435 4.42860381 1.55047089
v -2.77368693 4.37073973 1.29339146
v -2.86350623 4.35196641 1.04223103
v -2.89204857 4.27597367 0.77492208
v -2.90904199 4.21863303 0.51294259
v -2.89906018 4.15610224 0.25363490
v -2.88228813 4.11633404 0.00000000
v -2.86755638 4.11093829 -0.25087868
v -2.80834959 4.07261098 -0.49518780
v -2.70921791 4.00565350 -0.72593275
v -2.61732351 3.97781707 -0.95262785
v -2.52359760 3.97665224 -1.17677289
v -2.38353409 3.93064620 -1.37613405
v -2.21774882 3.86652708 -1.55288444
v -2.04962489 3.82114605 -1.71983949
v -1.88642906 3.81003262 -1.88642906
v -1.70386019 3.78564318 -2.03058150
v -1.52196630 3.78954399 -2.17359313
v -1.32129900 3.77402105 -2.28855699
v -1.12494137 3.80149869 -2.41244454
v -0.93255270 3.89399079 -2.56216750
v -0.71287843 3.93362054 -2.66049853
v -0.48403215 3.98086268 -2.74508273
v -0.24592162 4.02971117 -2.81089697
v -0.00000000 4.07829098 -2.85565009
v 0.25419159 4.16522431 -2.90542322
v 0.51499914 4.23554688 -2.92070527
v 0.76940885 4.24555200 -2.87147292
v 1.02064966 4.26185067 -2.80421189
v 1.27662656 4.31408636 -2.73773449
v 1.56337980 4.46547549 -2.70785324
v 1.85221330 4.61182601 -2.64523473
v 2.11530253 4.69978738 -2.52091939
v 2.31407523 4.67375227 -2.31407523
v 2.48167923 4.62663136 -2.08237613
v 2.60181059 4.53611834 -1.82180739
v 2.71202082 4.47234817 -1.56578595
v 2.81901513 4.44216733 -1.31452835
v 2.92217373 4.44112947 -1.06358426
v 3.04583907 4.50335717 -0.81613012
v 3.12768728 4.53570794 -0.55149565
v 3.16985570 4.54431559 -0.27732644
v 3.21202804 4.58725145 -0.00000000
v 3.05998300 5.30004603 0.00000000
v 3.07664372 5.34925879 0.26917145
v 3.07518383 5.40854255 0.54223788
v 3.05000111 5.46911237 0.81724533
v 2.96776918 5.47022175 1.08017965
v 2.81692469 5.38344341 1.31355355
v 2.66640735 5.33281470 1.53945100
v 2.48191315 5.24786540 1.73785429
v 2.30895715 5.22062543 1.93744510
v 2.15953452 5.28975764 2.15953452
v 1.98300331 5.34338627 2.36325132
v 1.77228006 5.35182222 2.53107824
v 1.57491825 5.45567685 2.72783843
v 1.36112410 5.57840564 2.91894005
v 1.10165748 5.57898934 3.02677906
v 0.83268764 5.57245432 3.10763259
v 0.55029646 5.48892270 3.12088630
v 0.27020686 5.36983555 3.08847851
v 0.00000000 5.24990575 3.03103450
v -0.25066188 4.98141709 2.86507837
v -0.48301777 4.81785261 2.73932992
v -0.71932283 4.81380221 2.68454935
v -0.94556000 4.78848395 2.59790476
v -1.17050868 4.79719097 2.51016397
v -1.38846400 4.80978038 2.40489019
v -1.60747463 4.85415293 2.29571169
v -1.81235445 4.88355709 2.15987993
v -2.02319726 4.95580093 2.02319726
v -2.20441737 4.98425766 1.84972580
v -2.35286148 4.97499292 1.64749134
v -2.47721717 4.95443434 1.43022200
v -2.55125642 4.87572302 1.18967041
v -2.61704395 4.82376150 0.95252610
v -2.66595528 4.78046023 0.71434056
v -2.70822132 4.76313972 0.47753249
v -2.73374056 4.75306438 0.23917131
v -2.72154850 4.71386028 0.00000000
v -2.64554047 4.59971380 -0.23145480
v -2.57459768 4.52812641 -0.45397104
v -2.47759974 4.44271032 -0.66387085
v -2.36729479 4.36342137 -0.86162484
v -2.26581116 4.33020669 -1.05656509
v -2.13877704 4.27755408 -1.23482350
v -1.98541895 4.19805641 -1.39020531
v -1.83009281 4.13789796 -1.53563021
v -1.67609445 4.10557616 -1.67609445
v -1.53495464 4.13607757 -1.82928770
v -1.37104241 4.14018946 -1.95805149
v -1.19399650 4.13612520 -2.06806260
v -1.01237867 4.14911385 -2.17105305
v -0.82507452 4.17832402 -2.26687360
v -0.62899667 4.20932773 -2.34744752
v -0.42508813 4.24003440 -2.41079461
v -0.21623301 4.29721026 -2.47155456
v -0.00000000 4.42001093 -2.55189450
v 0.22618175 4.49492213 -2.58526919
v 0.45620945 4.55045341 -2.58729235
v 0.68958504 4.61479303 -2.57356641
v 0.91425045 4.62992683 -2.51188248
v 1.14529549 4.69385769 -2.45609410
v 1.40000000 4.84974226 -2.42487113
v 1.67697174 5.06401600 -2.39496384
v 1.93696847 5.21934112 -2.30838913
v 2.15586640 5.28077263 -2.15586640
v 2.36211872 5.34082543 -1.98205295
v 2.55543532 5.40332389 -1.78933507
v 2.70693734 5.41387467 -1.56285100
v 2.80909963 5.36848888 -1.30990467
v 2.86837837 5.28702360 -1.04400435
v 2.92320451 5.24174693 -0.78327029
v 2.96919538 5.22213318 -0.52354926
v 3.01348896 5.23945369 -0.26364612
v 3.05998300 5.30004603 -0.00000000
v 2.76033625 5.91956019 0.00000000
v 2.75742946 5.93591451 0.24124382
v 2.71249344 5.90669696 0.47828578
v 2.65331140 5.89076769 0.71095265
v 2.57977461 5.88739804 0.93896117
v 2.47154051 5.84816307 1.15249827
v 2.33730152 5.78777397 1.34944166
v 2.19074317 5.73527700 1.53397488
v 2.04608450 5.72792141 1.71686875
v 1.89748849 5.75468558 1.89748849
v 1.73675272 5.79425951 2.06978129
v 1.56879716 5.86547174 2.24047454
v 1.39805396 5.99627280 2.42150050
v 1.18576099 6.01694930 2.54287266
v 0.95863085 6.01072931 2.63381663
v 0.70871546 5.87223098 2.64496212
v 0.46754069 5.77399809 2.65155502
v 0.22702947 5.58616399 2.59495873
v 0.00000000 5.41948946 2.52714944
v -0.21406378 5.26713731 2.44676024
v -0.41534324 5.12937399 2.35552855
v -0.61909360 5.12964770 2.31048879
v -0.81972194 5.13975393 2.25216753
v -1.01428744 5.14683492 2.17514643
v -1.19780560 5.13740478 2.07466015
v -1.37366277 5.13589669 1.96179375
v -1.53858020 5.13310435 1.83360848
v -1.69870382 5.15181327 1.69870382
v -1.84816564 5.17385648 1.55079511
v -1.98946357 5.20833515 1.39303739
v -2.11264417 5.23146322 1.21973568
v -2.20237777 5.21126978 1.02698562
v -2.26138931 5.16079931 0.82307840
v -2.29358285 5.09211387 0.61456367
v -2.32159595 5.05548272 0.40936000
v -2.33506837 5.02669838 0.20429201
v -2.31672696 4.96823700 0.00000000
v -2.25166796 4.84716243 -0.19699542
v -2.20637826 4.80458591 -0.38904402
v -2.14122042 4.75384536 -0.57373828
v -2.03061276 4.63413570 -0.73908260
v -1.92310057 4.55044361 -0.89675652
v -1.83214538 4.53687437 -1.05778963
v -1.71896321 4.50017615 -1.20363100
v -1.58221644 4.42934367 -1.32763723
v -1.46418820 4.44057645 -1.46418820
v -1.33635623 4.45843252 -1.59260734
v -1.18785850 4.44120543 -1.69643775
v -1.02728674 4.40604703 -1.77931282
v -0.86878179 4.40849043 -1.86310856
v -0.70545965 4.42331582 -1.93823447
v -0.53821462 4.45950559 -2.00864431
v -0.36806175 4.54546073 -2.08738192
v -0.18917675 4.65478048 -2.16230015
v -0.00000000 4.74465812 -2.21247042
v 0.19447998 4.78526886 -2.22291634
v 0.38948808 4.81006998 -2.20889667
v 0.59344306 4.91711399 -2.21475965
v 0.79299229 4.97215587 -2.17872842
v 0.99579669 5.05300668 -2.13549290
v 1.20090571 5.15070123 -2.08002971
v 1.42812753 5.33953136 -2.03957748
v 1.65708807 5.52847750 -1.97484066
v 1.86772649 5.66442367 -1.86772649
v 2.05400361 5.75009060 -1.72351367
v 2.22504561 5.82507941 -1.55799371
v 2.37898798 5.89100062 -1.37350935
v 2.49924259 5.91371178 -1.16541596
v 2.59320876 5.91805662 -0.94385080
v 2.67485632 5.93860081 -0.71672559
v 2.73894073 5.96428829 -0.48294915
v 2.77470477 5.97310304 -0.24275521
v 2.76033583 5.91955928 -0.00000000
v 2.21287033 6.07981126 0.00000000
v 2.20225376 6.07375494 0.19267224
v 2.16818415 6.04893390 0.38230937
v 2.11433967 6.01402338 0.56653561
v 2.06045536 6.02436845 0.74994442
v 1.99713135 6.05431552 0.93127764
v 1.89914453 6.02506195 1.09647160
v 1.79234893 6.01162904 1.25501623
v 1.67234288 5.99798658 1.40326229
v 1.55223103 6.03122445 1.55223103
v 1.42112590 6.07434131 1.69363190
v 1.27751963 6.11942212 1.82448711
v 1.11068066 6.10314007 1.92375533
v 0.93721710 6.09292843 2.00986856
v 0.75342194 6.05230363 2.07000976
v 0.56703026 6.01927438 2.11618576
v 0.37658738 5.95840015 2.13573317
v 0.18508772 5.83466237 2.11556232
v 0.00000000 5.70452809 2.07627843
v -0.17740650 5.59252143 2.02776560
v -0.34898943 5.52174284 1.97921742
v -0.51446152 5.46123416 1.91999653
v -0.68108802 5.47123906 1.87127397
v -0.84448406 5.49006299 1.81100190
v -0.99817912 5.48494918 1.72889695
v -1.14078233 5.46443945 1.62920602
v -1.27152730 5.43490961 1.51534723
v -1.40166429 5.44619438 1.40166429
v -1.52114771 5.45571346 1.27639448
v -1.62978512 5.46638179 1.14118783
v -1.72668050 5.47791746 0.99689945
v -1.79567144 5.44358861 0.83733535
v -1.84348465 5.38998854 0.67097354
v -1.87319984 5.32812576 0.50192239
v -1.88771983 5.26647722 0.33285594
v -1.89307407 5.22104590 0.16562252
v -1.88988703 5.19242193 0.00000000
v -1.86015383 5.13025280 -0.16274237
v -1.80745903 5.04256069 -0.31870379
v -1.73377214 4.93153788 -0.46456284
v -1.64313933 4.80421799 -0.59805381
v -1.56474681 4.74353922 -0.72965342
v -1.48141363 4.69980498 -0.85529456
v -1.39479771 4.67822212 -0.97664787
v -1.29655670 4.65020049 -1.08794025
v -1.19169708 4.63036264 -1.19169708
v -1.07887093 4.61143535 -1.28574830
v -0.96125601 4.60449384 -1.37281585
v -0.83446434 4.58534385 -1.44533463
v -0.70774634 4.60111941 -1.51776692
v -0.57873247 4.64900802 -1.59005439
v -0.44260663 4.69846310 -1.65183045
v -0.29906996 4.73191240 -1.69611003
v -0.15115865 4.76509013 -1.72775124
v -0.00000000 4.81405187 -1.75217159
v 0.15498750 4.88578989 -1.77151519
v 0.31346234 4.95962999 -1.77773329
v 0.47800437 5.07422551 -1.78393658
v 0.63901685 5.13327767 -1.75568437
v 0.79826063 5.18956056 -1.71187545
v 0.96516460 5.30353588 -1.67171412
v 1.12499282 5.38880641 -1.60665626
v 1.29435944 5.53250138 -1.54255752
v 1.45767771 5.66383564 -1.45767771
v 1.63751644 5.87307888 -1.37403944
v 1.78844873 5.99854758 -1.25228529
v 1.92319996 6.10137814 -1.11036002
v 2.03084615 6.15652212 -0.94699911
v 2.11139789 6.17331443 -0.76848598
v 2.13704540 6.07860751 -0.57261959
v 2.17620764 6.07131831 -0.38372412
v 2.20211406 6.07336966 -0.19266002
v 2.21287033 6.07981126 -0.00000000
v 1.59995929 5.97112936 0.00000000
v 1.60293280 6.00507779 0.14023845
v 1.59192659 6.03280276 0.28069961
v 1.57104850 6.07006528 0.42096118
v 1.53548907 6.09829543 0.55887232
v 1.49186410 6.14329115 0.69566765
v 1.43267762 6.17398248 0.82715681
v 1.35783796 6.18629997 0.95076838
v 1.27215770 6.19775681 1.06746706
v 1.17657073 6.20984248 1.17657073
v 1.07251975 6.22709295 1.27817926
v 0.96012905 6.24720642 1.37120639
v 0.83996434 6.26957919 1.45486091
v 0.69699839 6.15504261 1.49471787
v 0.56162958 6.12838209 1.54306458
v 0.42239531 6.09074479 1.57640075
v 0.28111961 6.04182934 1.59430851
v 0.13990618 5.99084970 1.59913490
v 0.00000000 5.93968365 1.59153344
v -0.13754553 5.88976557 1.57215256
v -0.27218597 5.84982743 1.54364335
v -0.40325181 5.81470444 1.50495625
v -0.53187853 5.80374504 1.46132426
v -0.65947797 5.82370783 1.41425507
v -0.78343645 5.84764927 1.35695174
v -0.89838958 5.84549043 1.28303329
v -0.99901623 5.80032856 1.19058118
v -1.09440004 5.77615241 1.09440004
v -1.17950005 5.74634297 0.98971805
v -1.25830038 5.73280745 0.88107141
v -1.32981755 5.73071719 0.76777052
v -1.37692423 5.66998460 0.64207031
v -1.41548422 5.62168831 0.51519412
v -1.44527975 5.58413215 0.38726154
v -1.45077068 5.49787497 0.25581001
v -1.44585920 5.41663192 0.12649629
v -1.44512779 5.39329032 0.00000000
v -1.41729711 5.30962955 -0.12399743
v -1.37122759 5.19643657 -0.24178442
v -1.33225950 5.14745543 -0.35697786
v -1.27274285 5.05478161 -0.46324051
v -1.20130822 4.94682201 -0.56017922
v -1.14377455 4.92898330 -0.66035855
v -1.07424055 4.89423218 -0.75219133
v -1.00192766 4.88123758 -0.84071713
v -0.92333019 4.87326000 -0.92333019
v -0.83863556 4.86915192 -0.99944694
v -0.74884239 4.87244186 -1.06945776
v -0.65166947 4.86412717 -1.12872464
v -0.55133659 4.86873464 -1.18234514
v -0.44718876 4.87962835 -1.22864103
v -0.34033540 4.90747889 -1.27014900
v -0.22982281 4.93935734 -1.30338992
v -0.11648770 4.98805932 -1.33146050
v -0.00000000 5.03410597 -1.34888463
v 0.11883646 5.08863441 -1.35830697
v 0.23959594 5.14940177 -1.35881612
v 0.36434405 5.25367250 -1.35975050
v 0.48617710 5.30506072 -1.33576060
v 0.60592898 5.35082822 -1.29941888
v 0.71992497 5.37359316 -1.24694663
v 0.84136170 5.47443098 -1.20158904
v 0.96375419 5.59559575 -1.14855752
v 1.07663463 5.68238805 -1.07663463
v 1.18595899 5.77780993 -0.99513775
v 1.28858250 5.87077257 -0.90227518
v 1.36639895 5.88836111 -0.78889080
v 1.43539801 5.91077156 -0.66933708
v 1.49377898 5.93264108 -0.54369109
v 1.53618650 5.93536886 -0.41161993
v 1.56732974 5.93958995 -0.27636252
v 1.58798023 5.94906086 -0.13893027
v 1.59995929 5.97112936 -0.00000000
v 1.04813641 5.94427695 0.00000000
v 1.04519174 5.95021928 0.09144243
v 1.03424360 5.95597154 0.18236505
v 1.01420836 5.95476515 0.27175631
v 0.98645941 5.95353119 0.35904186
v 0.95586233 5.98137269 0.44572592
v 0.91697338 6.00492141 0.52941483
v 0.87022449 6.02487460 0.60933775
v 0.81611873 6.04199844 0.68480493
v 0.75521019 6.05709061 0.75521019
v 0.68834191 6.07320502 0.82033394
v 0.61581059 6.08887528 0.87946866
v 0.53822435 6.10484394 0.93223192
v 0.45378630 6.08953806 0.97314786
v 0.36612046 6.07090648 1.00590769
v 0.27609318 6.04979516 1.03039376
v 0.18454408 6.02713769 1.04660148
v 0.09226777 6.00392478 1.05462543
v 0.00000000 5.98117572 1.05464266
v -0.09152409 5.95553330 1.04612518
v -0.18102149 5.91209146 1.02662391
v -0.26801517 5.87278877 1.00024624
v -0.35318340 5.85638778 0.97036341
v -0.43564557 5.84610048 0.93424495
v -0.51542790 5.84627380 0.89274732
v -0.59243395 5.85773697 0.84608337
v -0.66376410 5.85635626 0.79104324
v -0.72697072 5.83059862 0.72697072
v -0.78543649 5.81484760 0.65905947
v -0.83877528 5.80714050 0.58731678
v -0.88449426 5.79222755 0.51066300
v -0.91962321 5.75460396 0.42882734
v -0.94344967 5.69395654 0.34338760
v -0.96078243 5.64108320 0.25744088
v -0.97208196 5.59799687 0.17140428
v -0.97774516 5.56624963 0.08554162
v -0.97576089 5.53381498 0.00000000
v -0.96284853 5.48144389 -0.08423833
v -0.94734569 5.45554640 -0.16704261
v -0.92232870 5.41530814 -0.24713723
v -0.89039710 5.37377092 -0.32407804
v -0.85033047 5.32100000 -0.39651561
v -0.80758546 5.28858013 -0.46625968
v -0.75611515 5.23485492 -0.52943753
v -0.70137044 5.19247865 -0.58851968
v -0.64160323 5.14591694 -0.64160323
v -0.58059697 5.12257699 -0.69192852
v -0.51872291 5.12891325 -0.74081308
v -0.45270488 5.13483391 -0.78410785
v -0.38320741 5.14241201 -0.82179094
v -0.31067844 5.15158254 -0.85358200
v -0.23576636 5.16614784 -0.87989202
v -0.15933635 5.20386302 -0.90364133
v -0.08041633 5.23274350 -0.91916281
v -0.00000000 5.25090237 -0.92587576
v 0.08172718 5.31804164 -0.93414594
v 0.16486653 5.38447677 -0.93500458
v 0.24819709 5.43853188 -0.92628414
v 0.32925440 5.45960381 -0.90461902
v 0.40982718 5.49963329 -0.87887723
v 0.48670815 5.52051811 -0.84300324
v 0.56652915 5.60160127 -0.80908748
v 0.64302821 5.67340459 -0.76633117
v 0.71413767 5.72767242 -0.71413767
v 0.78513972 5.81265050 -0.65881045
v 0.84631963 5.85937273 -0.59259939
v 0.90053825 5.89729374 -0.51992600
v 0.94469898 5.91151732 -0.44052037
v 0.97840195 5.90490236 -0.35610919
v 1.00622117 5.90786959 -0.26961615
v 1.02852486 5.92303858 -0.18135668
v 1.04257080 5.93529845 -0.09121313
v 1.04813641 5.94427695 -0.00000000
v 0.51005746 5.82998341 0.00000000
v 0.50900900 5.84022330 0.04453252
v 0.50405049 5.85020118 0.08887770
v 0.49475050 5.85451172 0.13256800
v 0.48376706 5.88435273 0.17607681
v 0.46878263 5.91213062 0.21859693
v 0.44990374 5.93795896 0.25975205
v 0.42551629 5.93744891 0.29794971
v 0.39761725 5.93279668 0.33364049
v 0.36671256 5.92773800 0.36671256
v 0.33311813 5.92350816 0.39699473
v 0.29702779 5.91907709 0.42419964
v 0.25872919 5.91457628 0.44813210
v 0.21852393 5.91015616 0.46862608
v 0.17672355 5.90596617 0.48554396
v 0.13364546 5.90209496 0.49877164
v 0.08951914 5.89242290 0.50768829
v 0.04486185 5.88341431 0.51277334
v 0.00000000 5.87533019 0.51402479
v -0.04473068 5.86621202 0.51127407
v -0.08900430 5.85853435 0.50476847
v -0.13252308 5.85252829 0.49458288
v -0.17500071 5.84839010 0.48081049
v -0.21608867 5.84429275 0.46340366
v -0.25499339 5.82917550 0.44166150
v -0.29186342 5.81616320 0.41682416
v -0.32641497 5.80431247 0.38900621
v -0.35690458 5.76919661 0.35690458
v -0.38429446 5.73400902 0.32246134
v -0.40891459 5.70579678 0.28632508
v -0.43046093 5.68134718 0.24852674
v -0.44880719 5.66020693 0.20928223
v -0.46388225 5.64248164 0.16883933
v -0.47562774 5.62822709 0.12744407
v -0.48412725 5.61896447 0.08536470
v -0.49008369 5.62307975 0.04287677
v -0.49231281 5.62716116 0.00000000
v -0.48928178 5.61387889 -0.04280661
v -0.48135257 5.58676048 -0.08487545
v -0.47026837 5.56480834 -0.12600803
v -0.45564577 5.54229633 -0.16584150
v -0.43816622 5.52600655 -0.20432026
v -0.41796522 5.51642515 -0.24131233
v -0.39494053 5.51080960 -0.27654034
v -0.36943934 5.51235769 -0.30999641
v -0.34155769 5.52112121 -0.34155769
v -0.31048006 5.52095784 -0.37001572
v -0.27685743 5.51712847 -0.39539338
v -0.24146228 5.51985306 -0.41822494
v -0.20442653 5.52888057 -0.43839410
v -0.16588806 5.54385238 -0.45577370
v -0.12599743 5.56434012 -0.47022880
v -0.08492248 5.58985666 -0.48161933
v -0.04266349 5.59510959 -0.48764593
v -0.00000000 5.51975145 -0.48291568
v 0.04240221 5.56084448 -0.48465953
v 0.08514086 5.60423075 -0.48285780
v 0.12776646 5.64246470 -0.47683092
v 0.17001440 5.68175163 -0.46711073
v 0.21160584 5.72305088 -0.45379019
v 0.25223713 5.76616718 -0.43688752
v 0.28971933 5.77343641 -0.41376208
v 0.32473322 5.77440770 -0.38700199
v 0.35736260 5.77660033 -0.35736260
v 0.38736919 5.77988677 -0.32504135
v 0.41521773 5.79374782 -0.29073858
v 0.44016105 5.80937214 -0.25412710
v 0.45992612 5.80043528 -0.21446707
v 0.47663934 5.79765390 -0.17348253
v 0.49040490 5.80308914 -0.13140360
v 0.50052727 5.80930938 -0.08825646
v 0.50721426 5.81963096 -0.04437550
v 0.51005746 5.82998341 -0.00000000
v 0.00000000 5.75000000 0.00000000
v 0.00000000 5.75000000 0.00000000
v 0.00000000 5.75000000 0.00000000
v 0.00000000 5.75000000 0.00000000
v 0.00000000 5.75000000 0.00000000
v 0.00000000 5.75000000 0.00000000
v 0.00000000 5.75000000 0.00000000
v 0.00000000 5.75000000 0.00000000
v 0.00000000 5.75000000 0.00000000
v 0.00000000 5.75000000 0.00000000
v 0.00000000 5.75000000 0.00000000
v 0.00000000 5.75000000 0.00000000
v 0.00000000 5.75000000 0.00000000
v 0.00000000 5.75000000 0.00000000
v 0.00000000 5.75000000 0.00000000
v 0.00000000 5.75000000 0.00000000
v 0.00000000 5.75000000 0.00000000
v 0.00000000 5.75000000 0.00000000
v 0.00000000 5.75000000 0.00000000
v -0.00000000 5.75000000 0.00000000
v -0.00000000 5.75000000 0.00000000
v -0.00000000 5.75000000 0.00000000
v -0.00000000 5.75000000 0.00000000
v -0.00000000 5.75000000 0.00000000
v -0.00000000 5.75000000 0.00000000
v -0.00000000 5.75000000 0.00000000
v -0.00000000 5.75000000 0.00000000
v -0.00000000 5.75000000 0.00000000
v -0.00000000 5.75000000 0.00000000
v -0.00000000 5.75000000 0.00000000
v -0.00000000 5.75000000 0.00000000
v -0.00000000 5.75000000 0.00000000
v -0.00000000 5.75000000 0.00000000
v -0.00000000 5.75000000 0.00000000
v -0.00000000 5.75000000 0.00000000
v -0.00000000 5.75000000 0.00000000
v -0.00000000 5.75000000 0.00000000
v -0.00000000 5.75000000 -0.00000000
v -0.00000000 5.75000000 -0.00000000
v -0.00000000 5.75000000 -0.00000000
v -0.00000000 5.75000000 -0.00000000
v -0.00000000 5.75000000 -0.00000000
v -0.00000000 5.75000000 -0.00000000
v -0.00000000 5.75000000 -0.00000000
v -0.00000000 5.75000000 -0.00000000
v -0.00000000 5.75000000 -0.00000000
v -0.00000000 5.75000000 -0.00000000
v -0.00000000 5.75000000 -0.00000000
v -0.00000000 5.75000000 -0.00000000
v -0.00000000 5.75000000 -0.00000000
v -0.00000000 5.75000000 -0.00000000
v -0.00000000 5.75000000 -0.00000000
v -0.00000000 5.75000000 -0.00000000
v -0.00000000 5.75000000 -0.00000000
v -0.00000000 5.75000000 -0.00000000
v 0.00000000 5.75000000 -0.00000000
v 0.00000000 5.75000000 -0.00000000
v 0.00000000 5.75000000 -0.00000000
v 0.00000000 5.75000000 -0.00000000
v 0.00000000 5.75000000 -0.00000000
v 0.00000000 5.75000000 -0.00000000
v 0.00000000 5.75000000 -0.00000000
v 0.00000000 5.75000000 -0.00000000
v 0.00000000 5.75000000 -0.00000000
v 0.00000000 5.75000000 -0.00000000
v 0.00000000 5.75000000 -0.00000000
v 0.00000000 5.75000000 -0.00000000
v 0.00000000 5.75000000 -0.00000000
v 0.00000000 5.75000000 -0.00000000
v 0.00000000 5.75000000 -0.00000000
v 0.00000000 5.75000000 -0.00000000
v 0.00000000 5.75000000 -0.00000000
v 0.00000000 5.75000000 -0.00000000
f 1 74 2
f 2 74 75
f 2 75 3
f 3 75 76
f 3 76 4
f 4 76 77
f 4 77 5
f 5 77 78
f 5 78 6
f 6 78 79
f 6 79 7
f 7 79 80
f 7 80 8
f 8 80 81
f 8 81 9
f 9 81 82
f 9 82 10
f 10 82 83
f 10 83 11
f 11 83 84
f 11 84 12
f 12 84 85
f 12 85 13
f 13 85 86
f 13 86 14
f 14 86 87
f 14 87 15
f 15 87 88
f 15 88 16
f 16 88 89
f 16 89 17
f 17 89 90
f 17 90 18
f 18 90 91
f 18 91 19
f 19 91 92
f 19 92 20
f 20 92 93
f 20 93 21
f 21 93 94
f 21 94 22
f 22 94 95
f 22 95 23
f 23 95 96
f 23 96 24
f 24 96 97
f 24 97 25
f 25 97 98
f 25 98 26
f 26 98 99
f 26 99 27
f 27 99 100
f 27 100 28
f 28 100 101
f 28 101 29
f 29 101 102
f 29 102 30
f 30 102 103
f 30 103 31
f 31 103 104
f 31 104 32
f 32 104 105
f 32 105 33
f 33 105 106
f 33 106 34
f 34 106 107
f 34 107 35
f 35 107 108
f 35 108 36
f 36 108 109
f 36 109 37
f 37 109 110
f 37 110 38
f 38 110 111
f 38 111 39
f 39 111 112
f 39 112 40
f 40 112 113
f 40 113 41
f 41 113 114
f 41 114 42
f 42 114 115
f 42 115 43
f 43 115 116
f 43 116 44
f 44 116 117
f 44 117 45
f 45 117 118
f 45 118 46
f 46 118 119
f 46 119 47
f 47 119 120
f 47 120 48
f 48 120 121
f 48 121 49
f 49 121 122
f 49 122 50
f 50 122 123
f 50 123 51
f 51 123 124
f 51 124 52
f 52 124 125
f 52 125 53
f 53 125 126
f 53 126 54
f 54 126 127
f 54 127 55
f 55 127 128
f 55 128 56
f 56 128 129
f 56 129 57
f 57 129 130
f 57 130 58
f 58 130 131
f 58 131 59
f 59 131 132
f 59 132 60
f 60 132 133
f 60 133 61
f 61 133 134
f 61 134 62
f 62 134 135
f 62 135 63
f 63 135 136
f 63 136 64
f 64 136 137
f 64 137 65
f 65 137 138
f 65 138 66
f 66 138 139
f 66 139 67
f 67 139 140
f 67 140 68
f 68 140 141
f 68 141 69
f 69 141 142
f 69 142 70
f 70 142 143
f 70 143 71
f 71 143 144
f 71 144 72
f 72 144 145
f 72 145 73
f 73 145 146
f 73 146 1
f 1 146 74
f 74 147 75
f 75 147 148
f 75 148 76
f 76 148 149
f 76 149 77
f 77 149 150
f 77 150 78
f 78 150 151
f 78 151 79
f 79 151 152
f 79 152 80
f 80 152 153
f 80 153 81
f 81 153 154
f 81 154 82
f 82 154 155
f 82 155 83
f 83 155 156
f 83 156 84
f 84 156 157
f 84 157 85
f 85 157 158
f 85 158 86
f 86 158 159
f 86 159 87
f 87 159 160
f 87 160 88
f 88 160 161
f 88 161 89
f 89 161 162
f 89 162 90
f 90 162 163
f 90 163 91
f 91 163 164
f 91 164 92
f 92 164 165
f 92 165 93
f 93 165 166
f 93 166 94
f 94 166 167
f 94 167 95
f 95 167 168
f 95 168 96
f 96 168 169
f 96 169 97
f 97 169 170
f 97 170 98
f 98 170 171
f 98 171 99
f 99 171 172
f 99 172 100
f 100 172 173
f 100 173 101
f 101 173 174
f 101 174 102
f 102 174 175
f 102 175 103
f 103 175 176
f 103 176 104
f 104 176 177
f 104 177 105
f 105 177 178
f 105 178 106
f 106 178 179
f 106 179 107
f 107 179 180
f 107 180 108
f 108 180 181
f 108 181 109
f 109 181 182
f 109 182 110
f 110 182 183
f 110 183 111
f 111 183 184
f 111 184 112
f 112 184 185
f 112 185 113
f 113 185 186
f 113 186 114
f 114 186 187
f 114 187 115
f 115 187 188
f 115 188 116
f 116 188 189
f 116 189 117
f 117 189 190
f 117 190 118
f 118 190 191
f 118 191 119
f 119 191 192
f 119 192 120
f 120 192 193
f 120 193 121
f 121 193 194
f 121 194 122
f 122 194 195
f 122 195 123
f 123 195 196
f 123 196 124
f 124 196 197
f 124 197 125
f 125 197 198
f 125 198 126
f 126 198 199
f 126 199 127
f 127 199 200
f 127 200 128
f 128 200 201
f 128 201 129
f 129 201 202
f 129 202 130
f 130 202 203
f 130 203 131
f 131 203 204
f 131 204 132
f 132 204 205
f 132 205 133
f 133 205 206
f 133 206 134
f 134 206 207
f 134 207 135
f 135 207 208
f 135 208 136
f 136 208 209
f 136 209 137
f 137 209 210
f 137 210 138
f 138 210 211
f 138 211 139
f 139 211 212
f 139 212 140
f 140 212 213
f 140 213 141
f 141 213 214
f 141 214 142
f 142 214 215
f 142 215 143
f 143 215 216
f 143 216 144
f 144 216 217
f 144 217 145
f 145 217 218
f 145 218 146
f 146 218 219
f 146 219 74
f 74 219 147
f 147 220 148
f 148 220 221
f 148 221 149
f 149 221 222
f 149 222 150
f 150 222 223
f 150 223 151
f 151 223 224
f 151 224 152
f 152 224 225
f 152 225 153
f 153 225 226
f 153 226 154
f 154 226 227
f 154 227 155
f 155 227 228
f 155 228 156
f 156 228 229
f 156 229 157
f 157 229 230
f 157 230 158
f 158 230 231
f 158 231 159
f 159 231 232
f 159 232 160
f 160 232 233
f 160 233 161
f 161 233 234
f 161 234 162
f 162 234 235
f 162 235 163
f 163 235 236
f 163 236 164
f 164 236 237
f 164 237 165
f 165 237 238
f 165 238 166
f 166 238 239
f 166 239 167
f 167 239 240
f 167 240 168
f 168 240 241
f 168 241 169
f 169 241 242
f 169 242 170
f 170 242 243
f 170 243 171
f 171 243 244
f 171 244 172
f 172 244 245
f 172 245 173
f 173 245 246
f 173 246 174
f 174 246 247
f 174 247 175
f 175 247 248
f 175 248 176
f 176 248 249
f 176 249 177
f 177 249 250
f 177 250 178
f 178 250 251
f 178 251 179
f 179 251 252
f 179 252 180
f 180 252 253
f 180 253 181
f 181 253 254
f 181 254 182
f 182 254 255
f 182 255 183
f 183 255 256
f 183 256 184
f 184 256 257
f 184 257 185
f 185 257 258
f 185 258 186
f 186 258 259
f 186 259 187
f 187 259 260
f 187 260 188
f 188 260 261
f 188 261 189
f 189 261 262
f 189 262 190
f 190 262 263
f 190 263 191
f 191 263 264
f 191 264 192
f 192 264 265
f 192 265 193
f 193 265 266
f 193 266 194
f 194 266 267
f 194 267 195
f 195 267 268
f 195 268 196
f 196 268 269
f 196 269 197
f 197 269 270
f 197 270 198
f 198 270 271
f 198 271 199
f 199 271 272
f 199 272 200
f 200 272 273
f 200 273 201
f 201 273 274
f 201 274 202
f 202 274 275
f 202 275 203
f 203 275 276
f 203 276 204
f 204 276 277
f 204 277 205
f 205 277 278
f 205 278 206
f 206 278 279
f 206 279 207
f 207 279 280
f 207 280 208
f 208 280 281
f 208 281 209
f 209 281 282
f 209 282 210
f 210 282 283
f 210 283 211
f 211 283 284
f 211 284 212
f 212 284 285
f 212 285 213
f 213 285 286
f 213 286 214
f 214 286 287
f 214 287 215
f 215 287 288
f 215 288 216
f 216 288 289
f 216 289 217
f 217 289 290
f 217 290 218
f 218 290 291
f 218 291 219
f 219 291 292
f 219 292 147
f 147 292 220
f 220 293 221
f 221 293 294
f 221 294 222
f 222 294 295
f 222 295 223
f 223 295 296
f 223 296 224
f 224 296 297
f 224 297 225
f 225 297 298
f 225 298 226
f 226 298 299
f 226 299 227
f 227 299 300
f 227 300 228
f 228 300 301
f 228 301 229
f 229 301 302
f 229 302 230
f 230 302 303
f 230 303 231
f 231 303 304
f 231 304 232
f 232 304 305
f 232 305 233
f 233 305 306
f 233 306 234
f 234 306 307
f 234 307 235
f 235 307 308
f 235 308 236
f 236 308 309
f 236 309 237
f 237 309 310
f 237 310 238
f 238 310 311
f 238 311 239
f 239 311 312
f 239 312 240
f 240 312 313
f 240 313 241
f 241 313 314
f 241 314 242
f 242 314 315
f 242 315 243
f 243 315 316
f 243 316 244
f 244 316 317
f 244 317 245
f 245 317 318
f 245 318 246
f 246 318 319
f 246 319 247
f 247 319 320
f 247 320 248
f 248 320 321
f 248 321 249
f 249 321 322
f 249 322 250
f 250 322 323
f 250 323 251
f 251 323 324
f 251 324 252
f 252 324 325
f 252 325 253
f 253 325 326
f 253 326 254
f 254 326 327
f 254 327 255
f 255 327 328
f 255 328 256
f 256 328 329
f 256 329 257
f 257 329 330
f 257 330 258
f 258 330 331
f 258 331 259
f 259 331 332
f 259 332 260
f 260 332 333
f 260 333 261
f 261 333 334
f 261 334 262
f 262 334 335
f 262 335 263
f 263 335 336
f 263 336 264
f 264 336 337
f 264 337 265
f 265 337 338
f 265 338 266
f 266 338 339
f 266 339 267
f 267 339 340
f 267 340 268
f 268 340 341
f 268 341 269
f 269 341 342
f 269 342 270
f 270 342 343
f 270 343 271
f 271 343 344
f 271 344 272
f 272 344 345
f 272 345 273
f 273 345 346
f 273 346 274
f 274 346 347
f 274 347 275
f 275 347 348
f 275 348 276
f 276 348 349
f 276 349 277
f 277 349 350
f 277 350 278
f 278 350 351
f 278 351 279
f 279 351 352
f 279 352 280
f 280 352 353
f 280 353 281
f 281 353 354
f 281 354 282
f 282 354 355
f 282 355 283
f 283 355 356
f 283 356 284
f 284 356 357
f 284 357 285
f 285 357 358
f 285 358 286
f 286 358 359
f 286 359 287
f 287 359 360
f 287 360 288
f 288 360 361
f 288 361 289
f 289 361 362
f 289 362 290
f 290 362 363
f 290 363 291
f 291 363 364
f 291 364 292
f 292 364 365
f 292 365 220
f 220 365 293
f 293 366 294
f 294 366 367
f 294 367 295
f 295 367 368
f 295 368 296
f 296 368 369
f 296 369 297
f 297 369 370
f 297 370 298
f 298 370 371
f 298 371 299
f 299 371 372
f 299 372 300
f 300 372 373
f 300 373 301
f 301 373 374
f 301 374 302
f 302 374 375
f 302 375 303
f 303 375 376
f 303 376 304
f 304 376 377
f 304 377 305
f 305 377 378
f 305 378 306
f 306 378 379
f 306 379 307
f 307 379 380
f 307 380 308
f 308 380 381
f 308 381 309
f 309 381 382
f 309 382 310
f 310 382 383
f 310 383 311
f 311 383 384
f 311 384 312
f 312 384 385
f 312 385 313
f 313 385 386
f 313 386 314
f 314 386 387
f 314 387 315
f 315 387 388
f 315 388 316
f 316 388 389
f 316 389 317
f 317 389 390
f 317 390 318
f 318 390 391
f 318 391 319
f 319 391 392
f 319 392 320
f 320 392 393
f 320 393 321
f 321 393 394
f 321 394 322
f 322 394 395
f 322 395 323
f 323 395 396
f 323 396 324
f 324 396 397
f 324 397 325
f 325 397 398
f 325 398 326
f 326 398 399
f 326 399 327
f 327 399 400
f 327 400 328
f 328 400 401
f 328 401 329
f 329 401 402
f 329 402 330
f 330 402 403
f 330 403 331
f 331 403 404
f 331 404 332
f 332 404 405
f 332 405 333
f 333 405 406
f 333 406 334
f 334 406 407
f 334 407 335
f 335 407 408
f 335 408 336
f 336 408 409
f 336 409 337
f 337 409 410
f 337 410 338
f 338 410 411
f 338 411 339
f 339 411 412
f 339 412 340
f 340 412 413
f 340 413 341
f 341 413 414
f 341 414 342
f 342 414 415
f 342 415 343
f 343 415 416
f 343 416 344
f 344 416 417
f 344 417 345
f 345 417 418
f 345 418 346
f 346 418 419
f 346 419 347
f 347 419 420
f 347 420 348
f 348 420 421
f 348 421 349
f 349 421 422
f 349 422 350
f 350 422 423
f 350 423 351
f 351 423 424
f 351 424 352
f 352 424 425
f 352 425 353
f 353 425 426
f 353 426 354
f 354 426 427
f 354 427 355
f 355 427 428
f 355 428 356
f 356 428 429
f 356 429 357
f 357 429 430
f 357 430 358
f 358 430 431
f 358 431 359
f 359 431 432
f 359 432 360
f 360 432 433
f 360 433 361
f 361 433 434
f 361 434 362
f 362 434 435
f 362 435 363
f 363 435 436
f 363 436 364
f 364 436 437
f 364 437 365
f 365 437 438
f 365 438 293
f 293 438 366
f 366 439 367
f 367 439 440
f 367 440 368
f 368 440 441
f 368 441 369
f 369 441 442
f 369 442 370
f 370 442 443
f 370 443 371
f 371 443 444
f 371 444 372
f 372 444 445
f 372 445 373
f 373 445 446
f 373 446 374
f 374 446 447
f 374 447 375
f 375 447 448
f 375 448 376
f 376 448 449
f 376 449 377
f 377 449 450
f 377 450 378
f 378 450 451
f 378 451 379
f 379 451 452
f 379 452 380
f 380 452 453
f 380 453 381
f 381 453 454
f 381 454 382
f 382 454 455
f 382 455 383
f 383 455 456
f 383 456 384
f 384 456 457
f 384 457 385
f 385 457 458
f 385 458 386
f 386 458 459
f 386 459 387
f 387 459 460
f 387 460 388
f 388 460 461
f 388 461 389
f 389 461 462
f 389 462 390
f 390 462 463
f 390 463 391
f 391 463 464
f 391 464 392
f 392 464 465
f 392 465 393
f 393 465 466
f 393 466 394
f 394 466 467
f 394 467 395
f 395 467 468
f 395 468 396
f 396 468 469
f 396 469 397
f 397 469 470
f 397 470 398
f 398 470 471
f 398 471 399
f 399 471 472
f 399 472 400
f 400 472 473
f 400 473 401
f 401 473 474
f 401 474 402
f 402 474 475
f 402 475 403
f 403 475 476
f 403 476 404
f 404 476 477
f 404 477 405
f 405 477 478
f 405 478 406
f 406 478 479
f 406 479 407
f 407 479 480
f 407 480 408
f 408 480 481
f 408 481 409
f 409 481 482
f 409 482 410
f 410 482 483
f 410 483 411
f 411 483 484
f 411 484 412
f 412 484 485
f 412 485 413
f 413 485 486
f 413 486 414
f 414 486 487
f 414 487 415
f 415 487 488
f 415 488 416
f 416 488 489
f 416 489 417
f 417 489 490
f 417 490 418
f 418 490 491
f 418 491 419
f 419 491 492
f 419 492 420
f 420 492 493
f 420 493 421
f 421 493 494
f 421 494 422
f 422 494 495
f 422 495 423
f 423 495 496
f 423 496 424
f 424 496 497
f 424 497 425
f 425 497 498
f 425 498 426
f 426 498 499
f 426 499 427
f 427 499 500
f 427 500 428
f 428 500 501
f 428 501 429
f 429 501 502
f 429 502 430
f 430 502 503
f 430 503 431
f 431 503 504
f 431 504 432
f 432 504 505
f 432 505 433
f 433 505 506
f 433 506 434
f 434 506 507
f 434 507 435
f 435 507 508
f 435 508 436
f 436 508 509
f 436 509 437
f 437 509 510
f 437 510 438
f 438 510 511
f 438 511 366
f 366 511 439
f 439 512 440
f 440 512 513
f 440 513 441
f 441 513 514
f 441 514 442
f 442 514 515
f 442 515 443
f 443 515 516
f 443 516 444
f 444 516 517
f 444 517 445
f 445 517 518
f 445 518 446
f 446 518 519
f 446 519 447
f 447 519 520
f 447 520 448
f 448 520 521
f 448 521 449
f 449 521 522
f 449 522 450
f 450 522 523
f 450 523 451
f 451 523 524
f 451 524 452
f 452 524 525
f 452 525 453
f 453 525 526
f 453 526 454
f 454 526 527
f 454 527 455
f 455 527 528
f 455 528 456
f 456 528 529
f 456 529 457
f 457 529 530
f 457 530 458
f 458 530 531
f 458 531 459
f 459 531 532
f 459 532 460
f 460 532 533
f 460 533 461
f 461 533 534
f 461 534 462
f 462 534 535
f 462 535 463
f 463 535 536
f 463 536 464
f 464 536 537
f 464 537 465
f 465 537 538
f 465 538 466
f 466 538 539
f 466 539 467
f 467 539 540
f 467 540 468
f 468 540 541
f 468 541 469
f 469 541 542
f 469 542 470
f 470 542 543
f 470 543 471
f 471 543 544
f 471 544 472
f 472 544 545
f 472 545 473
f 473 545 546
f 473 546 474
f 474 546 547
f 474 547 475
f 475 547 548
f 475 548 476
f 476 548 549
f 476 549 477
f 477 549 550
f 477 550 478
f 478 550 551
f 478 551 479
f 479 551 552
f 479 552 480
f 480 552 553
f 480 553 481
f 481 553 554
f 481 554 482
f 482 554 555
f 482 555 483
f 483 555 556
f 483 556 484
f 484 556 557
f 484 557 485
f 485 557 558
f 485 558 486
f 486 558 559
f 486 559 487
f 487 559 560
f 487 560 488
f 488 560 561
f 488 561 489
f 489 561 562
f 489 562 490
f 490 562 563
f 490 563 491
f 491 563 564
f 491 564 492
f 492 564 565
f 492 565 493
f 493 565 566
f 493 566 494
f 494 566 567
f 494 567 495
f 495 567 568
f 495 568 496
f 496 568 569
f 496 569 497
f 497 569 570
f 497 570 498
f 498 570 571
f 498 571 499
f 499 571 572
f 499 572 500
f 500 572 573
f 500 573 501
f 501 573 574
f 501 574 502
f 502 574 575
f 502 575 503
f 503 575 576
f 503 576 504
f 504 576 577
f 504 577 505
f 505 577 578
f 505 578 506
f 506 578 579
f 506 579 507
f 507 579 580
f 507 580 508
f 508 580 581
f 508 581 509
f 509 581 582
f 509 582 510
f 510 582 583
f 510 583 511
f 511 583 584
f 511 584 439
f 439 584 512
f 512 585 513
f 513 585 586
f 513 586 514
f 514 586 587
f 514 587 515
f 515 587 588
f 515 588 516
f 516 588 589
f 516 589 517
f 517 589 590
f 517 590 518
f 518 590 591
f 518 591 519
f 519 591 592
f 519 592 520
f 520 592 593
f 520 593 521
f 521 593 594
f 521 594 522
f 522 594 595
f 522 595 523
f 523 595 596
f 523 596 524
f 524 596 597
f 524 597 525
f 525 597 598
f 525 598 526
f 526 598 599
f 526 599 527
f 527 599 600
f 527 600 528
f 528 600 601
f 528 601 529
f 529 601 602
f 529 602 530
f 530 602 603
f 530 603 531
f 531 603 604
f 531 604 532
f 532 604 605
f 532 605 533
f 533 605 606
f 533 606 534
f 534 606 607
f 534 607 535
f 535 607 608
f 535 608 536
f 536 608 609
f 536 609 537
f 537 609 610
f 537 610 538
f 538 610 611
f 538 611 539
f 539 611 612
f 539 612 540
f 540 612 613
f 540 613 541
f 541 613 614
f 541 614 542
f 542 614 615
f 542 615 543
f 543 615 616
f 543 616 544
f 544 616 617
f 544 617 545
f 545 617 618
f 545 618 546
f 546 618 619
f 546 619 547
f 547 619 620
f 547 620 548
f 548 620 621
f 548 621 549
f 549 621 622
f 549 622 550
f 550 622 623
f 550 623 551
f 551 623 624
f 551 624 552
f 552 624 625
f 552 625 553
f 553 625 626
f 553 626 554
f 554 626 627
f 554 627 555
f 555 627 628
f 555 628 556
f 556 628 629
f 556 629 557
f 557 629 630
f 557 630 558
f 558 630 631
f 558 631 559
f 559 631 632
f 559 632 560
f 560 632 633
f 560 633 561
f 561 633 634
f 561 634 562
f 562 634 635
f 562 635 563
f 563 635 636
f 563 636 564
f 564 636 637
f 564 637 565
f 565 637 638
f 565 638 566
f 566 638 639
f 566 639 567
f 567 639 640
f 567 640 568
f 568 640 641
f 568 641 569
f 569 641 642
f 569 642 570
f 570 642 643
f 570 643 571
f 571 643 644
f 571 644 572
f 572 644 645
f 572 645 573
f 573 645 646
f 573 646 574
f 574 646 647
f 574 647 575
f 575 647 648
f 575 648 576
f 576 648 649
f 576 649 577
f 577 649 650
f 577 650 578
f 578 650 651
f 578 651 579
f 579 651 652
f 579 652 580
f 580 652 653
f 580 653 581
f 581 653 654
f 581 654 582
f 582 654 655
f 582 655 583
f 583 655 656
f 583 656 584
f 584 656 657
f 584 657 512
f 512 657 585
f 585 658 586
f 586 658 659
f 586 659 587
f 587 659 660
f 587 660 588
f 588 660 661
f 588 661 589
f 589 661 662
f 589 662 590
f 590 662 663
f 590 663 591
f 591 663 664
f 591 664 592
f 592 664 665
f 592 665 593
f 593 665 666
f 593 666 594
f 594 666 667
f 594 667 595
f 595 667 668
f 595 668 596
f 596 668 669
f 596 669 597
f 597 669 670
f 597 670 598
f 598 670 671
f 598 671 599
f 599 671 672
f 599 672 600
f 600 672 673
f 600 673 601
f 601 673 674
f 601 674 602
f 602 674 675
f 602 675 603
f 603 675 676
f 603 676 604
f 604 676 677
f 604 677 605
f 605 677 678
f 605 678 606
f 606 678 679
f 606 679 607
f 607 679 680
f 607 680 608
f 608 680 681
f 608 681 609
f 609 681 682
f 609 682 610
f 610 682 683
f 610 683 611
f 611 683 684
f 611 684 612
f 612 684 685
f 612 685 613
f 613 685 686
f 613 686 614
f 614 686 687
f 614 687 615
f 615 687 688
f 615 688 616
f 616 688 689
f 616 689 617
f 617 689 690
f 617 690 618
f 618 690 691
f 618 691 619
f 619 691 692
f 619 692 620
f 620 692 693
f 620 693 621
f 621 693 694
f 621 694 622
f 622 694 695
f 622 695 623
f 623 695 696
f 623 696 624
f 624 696 697
f 624 697 625
f 625 697 698
f 625 698 626
f 626 698 699
f 626 699 627
f 627 699 700
f 627 700 628
f 628 700 701
f 628 701 629
f 629 701 702
f 629 702 630
f 630 702 703
f 630 703 631
f 631 703 704
f 631 704 632
f 632 704 705
f 632 705 633
f 633 705 706
f 633 706 634
f 634 706 707
f 634 707 635
f 635 707 708
f 635 708 636
f 636 708 709
f 636 709 637
f 637 709 710
f 637 710 638
f 638 710 711
f 638 711 639
f 639 711 712
f 639 712 640
f 640 712 713
f 640 713 641
f 641 713 714
f 641 714 642
f 642 714 715
f 642 715 643
f 643 715 716
f 643 716 644
f 644 716 717
f 644 717 645
f 645 717 718
f 645 718 646
f 646 718 719
f 646 719 647
f 647 719 720
f 647 720 648
f 648 720 721
f 648 721 649
f 649 721 722
f 649 722 650
f 650 722 723
f 650 723 651
f 651 723 724
f 651 724 652
f 652 724 725
f 652 725 653
f 653 725 726
f 653 726 654
f 654 726 727
f 654 727 655
f 655 727 728
f 655 728 656
f 656 728 729
f 656 729 657
f 657 729 730
f 657 730 585
f 585 730 658
f 658 731 659
f 659 731 732
f 659 732 660
f 660 732 733
f 660 733 661
f 661 733 734
f 661 734 662
f 662 734 735
f 662 735 663
f 663 735 736
f 663 736 664
f 664 736 737
f 664 737 665
f 665 737 738
f 665 738 666
f 666 738 739
f 666 739 667
f 667 739 740
f 667 740 668
f 668 740 741
f 668 741 669
f 669 741 742
f 669 742 670
f 670 742 743
f 670 743 671
f 671 743 744
f 671 744 672
f 672 744 745
f 672 745 673
f 673 745 746
f 673 746 674
f 674 746 747
f 674 747 675
f 675 747 748
f 675 748 676
f 676 748 749
f 676 749 677
f 677 749 750
f 677 750 678
f 678 750 751
f 678 751 679
f 679 751 752
f 679 752 680
f 680 752 753
f 680 753 681
f 681 753 754
f 681 754 682
f 682 754 755
f 682 755 683
f 683 755 756
f 683 756 684
f 684 756 757
f 684 757 685
f 685 757 758
f 685 758 686
f 686 758 759
f 686 759 687
f 687 759 760
f 687 760 688
f 688 760 761
f 688 761 689
f 689 761 762
f 689 762 690
f 690 762 763
f 690 763 691
f 691 763 764
f 691 764 692
f 692 764 765
f 692 765 693
f 693 765 766
f 693 766 694
f 694 766 767
f 694 767 695
f 695 767 768
f 695 768 696
f 696 768 769
f 696 769 697
f 697 769 770
f 697 770 698
f 698 770 771
f 698 771 699
f 699 771 772
f 699 772 700
f 700 772 773
f 700 773 701
f 701 773 774
f 701 774 702
f 702 774 775
f 702 775 703
f 703 775 776
f 703 776 704
f 704 776 777
f 704 777 705
f 705 777 778
f 705 778 706
f 706 778 779
f 706 779 707
f 707 779 780
f 707 780 708
f 708 780 781
f 708 781 709
f 709 781 782
f 709 782 710
f 710 782 783
f 710 783 711
f 711 783 784
f 711 784 712
f 712 784 785
f 712 785 713
f 713 785 786
f 713 786 714
f 714 786 787
f 714 787 715
f 715 787 788
f 715 788 716
f 716 788 789
f 716 789 717
f 717 789 790
f 717 790 718
f 718 790 791
f 718 791 719
f 719 791 792
f 719 792 720
f 720 792 793
f 720 793 721
f 721 793 794
f 721 794 722
f 722 794 795
f 722 795 723
f 723 795 796
f 723 796 724
f 724 796 797
f 724 797 725
f 725 797 798
f 725 798 726
f 726 798 799
f 726 799 727
f 727 799 800
f 727 800 728
f 728 800 801
f 728 801 729
f 729 801 802
f 729 802 730
f 730 802 803
f 730 803 658
f 658 803 731
f 731 804 732
f 732 804 805
f 732 805 733
f 733 805 806
f 733 806 734
f 734 806 807
f 734 807 735
f 735 807 808
f 735 808 736
f 736 808 809
f 736 809 737
f 737 809 810
f 737 810 738
f 738 810 811
f 738 811 739
f 739 811 812
f 739 812 740
f 740 812 813
f 740 813 741
f 741 813 814
f 741 814 742
f 742 814 815
f 742 815 743
f 743 815 816
f 743 816 744
f 744 816 817
f 744 817 745
f 745 817 818
f 745 818 746
f 746 818 819
f 746 819 747
f 747 819 820
f 747 820 748
f 748 820 821
f 748 821 749
f 749 821 822
f 749 822 750
f 750 822 823
f 750 823 751
f 751 823 824
f 751 824 752
f 752 824 825
f 752 825 753
f 753 825 826
f 753 826 754
f 754 826 827
f 754 827 755
f 755 827 828
f 755 828 756
f 756 828 829
f 756 829 757
f 757 829 830
f 757 830 758
f 758 830 831
f 758 831 759
f 759 831 832
f 759 832 760
f 760 832 833
f 760 833 761
f 761 833 834
f 761 834 762
f 762 834 835
f 762 835 763
f 763 835 836
f 763 836 764
f 764 836 837
f 764 837 765
f 765 837 838
f 765 838 766
f 766 838 839
f 766 839 767
f 767 839 840
f 767 840 768
f 768 840 841
f 768 841 769
f 769 841 842
f 769 842 770
f 770 842 843
f 770 843 771
f 771 843 844
f 771 844 772
f 772 844 845
f 772 845 773
f 773 845 846
f 773 846 774
f 774 846 847
f 774 847 775
f 775 847 848
f 775 848 776
f 776 848 849
f 776 849 777
f 777 849 850
f 777 850 778
f 778 850 851
f 778 851 779
f 779 851 852
f 779 852 780
f 780 852 853
f 780 853 781
f 781 853 854
f 781 854 782
f 782 854 855
f 782 855 783
f 783 855 856
f 783 856 784
f 784 856 857
f 784 857 785
f 785 857 858
f 785 858 786
f 786 858 859
f 786 859 787
f 787 859 860
f 787 860 788
f 788 860 861
f 788 861 789
f 789 861 862
f 789 862 790
f 790 862 863
f 790 863 791
f 791 863 864
f 791 864 792
f 792 864 865
f 792 865 793
f 793 865 866
f 793 866 794
f 794 866 867
f 794 867 795
f 795 867 868
f 795 868 796
f 796 868 869
f 796 869 797
f 797 869 870
f 797 870 798
f 798 870 871
f 798 871 799
f 799 871 872
f 799 872 800
f 800 872 873
f 800 873 801
f 801 873 874
f 801 874 802
f 802 874 875
f 802 875 803
f 803 875 876
f 803 876 731
f 731 876 804
f 804 877 805
f 805 877 878
f 805 878 806
f 806 878 879
f 806 879 807
f 807 879 880
f 807 880 808
f 808 880 881
f 808 881 809
f 809 881 882
f 809 882 810
f 810 882 883
f 810 883 811
f 811 883 884
f 811 884 812
f 812 884 885
f 812 885 813
f 813 885 886
f 813 886 814
f 814 886 887
f 814 887 815
f 815 887 888
f 815 888 816
f 816 888 889
f 816 889 817
f 817 889 890
f 817 890 818
f 818 890 891
f 818 891 819
f 819 891 892
f 819 892 820
f 820 892 893
f 820 893 821
f 821 893 894
f 821 894 822
f 822 894 895
f 822 895 823
f 823 895 896
f 823 896 824
f 824 896 897
f 824 897 825
f 825 897 898
f 825 898 826
f 826 898 899
f 826 899 827
f 827 899 900
f 827 900 828
f 828 900 901
f 828 901 829
f 829 901 902
f 829 902 830
f 830 902 903
f 830 903 831
f 831 903 904
f 831 904 832
f 832 904 905
f 832 905 833
f 833 905 906
f 833 906 834
f 834 906 907
f 834 907 835
f 835 907 908
f 835 908 836
f 836 908 909
f 836 909 837
f 837 909 910
f 837 910 838
f 838 910 911
f 838 911 839
f 839 911 912
f 839 912 840
f 840 912 913
f 840 913 841
f 841 913 914
f 841 914 842
f 842 914 915
f 842 915 843
f 843 915 916
f 843 916 844
f 844 916 917
f 844 917 845
f 845 917 918
f 845 918 846
f 846 918 919
f 846 919 847
f 847 919 920
f 847 920 848
f 848 920 921
f 848 921 849
f 849 921 922
f 849 922 850
f 850 922 923
f 850 923 851
f 851 923 924
f 851 924 852
f 852 924 925
f 852 925 853
f 853 925 926
f 853 926 854
f 854 926 927
f 854 927 855
f 855 927 928
f 855 928 856
f 856 928 929
f 856 929 857
f 857 929 930
f 857 930 858
f 858 930 931
f 858 931 859
f 859 931 932
f 859 932 860
f 860 932 933
f 860 933 861
f 861 933 934
f 861 934 862
f 862 934 935
f 862 935 863
f 863 935 936
f 863 936 864
f 864 936 937
f 864 937 865
f 865 937 938
f 865 938 866
f 866 938 939
f 866 939 867
f 867 939 940
f 867 940 868
f 868 940 941
f 868 941 869
f 869 941 942
f 869 942 870
f 870 942 943
f 870 943 871
f 871 943 944
f 871 944 872
f 872 944 945
f 872 945 873
f 873 945 946
f 873 946 874
f 874 946 947
f 874 947 875
f 875 947 948
f 875 948 876
f 876 948 949
f 876 949 804
f 804 949 877
f 877 950 878
f 878 950 951
f 878 951 879
f 879 951 952
f 879 952 880
f 880 952 953
f 880 953 881
f 881 953 954
f 881 954 882
f 882 954 955
f 882 955 883
f 883 955 956
f 883 956 884
f 884 956 957
f 884 957 885
f 885 957 958
f 885 958 886
f 886 958 959
f 886 959 887
f 887 959 960
f 887 960 888
f 888 960 961
f 888 961 889
f 889 961 962
f 889 962 890
f 890 962 963
f 890 963 891
f 891 963 964
f 891 964 892
f 892 964 965
f 892 965 893
f 893 965 966
f 893 966 894
f 894 966 967
f 894 967 895
f 895 967 968
f 895 968 896
f 896 968 969
f 896 969 897
f 897 969 970
f 897 970 898
f 898 970 971
f 898 971 899
f 899 971 972
f 899 972 900
f 900 972 973
f 900 973 901
f 901 973 974
f 901 974 902
f 902 974 975
f 902 975 903
f 903 975 976
f 903 976 904
f 904 976 977
f 904 977 905
f 905 977 978
f 905 978 906
f 906 978 979
f 906 979 907
f 907 979 980
f 907 980 908
f 908 980 981
f 908 981 909
f 909 981 982
f 909 982 910
f 910 982 983
f 910 983 911
f 911 983 984
f 911 984 912
f 912 984 985
f 912 985 913
f 913 985 986
f 913 986 914
f 914 986 987
f 914 987 915
f 915 987 988
f 915 988 916
f 916 988 989
f 916 989 917
f 917 989 990
f 917 990 918
f 918 990 991
f 918 991 919
f 919 991 992
f 919 992 920
f 920 992 993
f 920 993 921
f 921 993 994
f 921 994 922
f 922 994 995
f 922 995 923
f 923 995 996
f 923 996 924
f 924 996 997
f 924 997 925
f 925 997 998
f 925 998 926
f 926 998 999
f 926 999 927
f 927 999 1000
f 927 1000 928
f 928 1000 1001
f 928 1001 929
f 929 1001 1002
f 929 1002 930
f 930 1002 1003
f 930 1003 931
f 931 1003 1004
f 931 1004 932
f 932 1004 1005
f 932 1005 933
f 933 1005 1006
f 933 1006 934
f 934 1006 1007
f 934 1007 935
f 935 1007 1008
f 935 1008 936
f 936 1008 1009
f 936 1009 937
f 937 1009 1010
f 937 1010 938
f 938 1010 1011
f 938 1011 939
f 939 1011 1012
f 939 1012 940
f 940 1012 1013
f 940 1013 941
f 941 1013 1014
f 941 1014 942
f 942 1014 1015
f 942 1015 943
f 943 1015 1016
f 943 1016 944
f 944 1016 1017
f 944 1017 945
f 945 1017 1018
f 945 1018 946
f 946 1018 1019
f 946 1019 947
f 947 1019 1020
f 947 1020 948
f 948 1020 1021
f 948 1021 949
f 949 1021 1022
f 949 1022 877
f 877 1022 950
f 950 1023 951
f 951 1023 1024
f 951 1024 952
f 952 1024 1025
f 952 1025 953
f 953 1025 1026
f 953 1026 954
f 954 1026 1027
f 954 1027 955
f 955 1027 1028
f 955 1028 956
f 956 1028 1029
f 956 1029 957
f 957 1029 1030
f 957 1030 958
f 958 1030 1031
f 958 1031 959
f 959 1031 1032
f 959 1032 960
f 960 1032 1033
f 960 1033 961
f 961 1033 1034
f 961 1034 962
f 962 1034 1035
f 962 1035 963
f 963 1035 1036
f 963 1036 964
f 964 1036 1037
f 964 1037 965
f 965 1037 1038
f 965 1038 966
f 966 1038 1039
f 966 1039 967
f 967 1039 1040
f 967 1040 968
f 968 1040 1041
f 968 1041 969
f 969 1041 1042
f 969 1042 970
f 970 1042 1043
f 970 1043 971
f 971 1043 1044
f 971 1044 972
f 972 1044 1045
f 972 1045 973
f 973 1045 1046
f 973 1046 974
f 974 1046 1047
f 974 1047 975
f 975 1047 1048
f 975 1048 976
f 976 1048 1049
f 976 1049 977
f 977 1049 1050
f 977 1050 978
f 978 1050 1051
f 978 1051 979
f 979 1051 1052
f 979 1052 980
f 980 1052 1053
f 980 1053 981
f 981 1053 1054
f 981 1054 982
f 982 1054 1055
f 982 1055 983
f 983 1055 1056
f 983 1056 984
f 984 1056 1057
f 984 1057 985
f 985 1057 1058
f 985 1058 986
f 986 1058 1059
f 986 1059 987
f 987 1059 1060
f 987 1060 988
f 988 1060 1061
f 988 1061 989
f 989 1061 1062
f 989 1062 990
f 990 1062 1063
f 990 1063 991
f 991 1063 1064
f 991 1064 992
f 992 1064 1065
f 992 1065 993
f 993 1065 1066
f 993 1066 994
f 994 1066 1067
f 994 1067 995
f 995 1067 1068
f 995 1068 996
f 996 1068 1069
f 996 1069 997
f 997 1069 1070
f 997 1070 998
f 998 1070 1071
f 998 1071 999
f 999 1071 1072
f 999 1072 1000
f 1000 1072 1073
f 1000 1073 1001
f 1001 1073 1074
f 1001 1074 1002
f 1002 1074 1075
f 1002 1075 1003
f 1003 1075 1076
f 1003 1076 1004
f 1004 1076 1077
f 1004 1077 1005
f 1005 1077 1078
f 1005 1078 1006
f 1006 1078 1079
f 1006 1079 1007
f 1007 1079 1080
f 1007 1080 1008
f 1008 1080 1081
f 1008 1081 1009
f 1009 1081 1082
f 1009 1082 1010
f 1010 1082 1083
f 1010 1083 1011
f 1011 1083 1084
f 1011 1084 1012
f 1012 1084 1085
f 1012 1085 1013
f 1013 1085 1086
f 1013 1086 1014
f 1014 1086 1087
f 1014 1087 1015
f 1015 1087 1088
f 1015 1088 1016
f 1016 1088 1089
f 1016 1089 1017
f 1017 1089 1090
f 1017 1090 1018
f 1018 1090 1091
f 1018 1091 1019
f 1019 1091 1092
f 1019 1092 1020
f 1020 1092 1093
f 1020 1093 1021
f 1021 1093 1094
f 1021 1094 1022
f 1022 1094 1095
f 1022 1095 950
f 950 1095 1023
f 1023 1096 1024
f 1024 1096 1097
f 1024 1097 1025
f 1025 1097 1098
f 1025 1098 1026
f 1026 1098 1099
f 1026 1099 1027
f 1027 1099 1100
f 1027 1100 1028
f 1028 1100 1101
f 1028 1101 1029
f 1029 1101 1102
f 1029 1102 1030
f 1030 1102 1103
f 1030 1103 1031
f 1031 1103 1104
f 1031 1104 1032
f 1032 1104 1105
f 1032 1105 1033
f 1033 1105 1106
f 1033 1106 1034
f 1034 1106 1107
f 1034 1107 1035
f 1035 1107 1108
f 1035 1108 1036
f 1036 1108 1109
f 1036 1109 1037
f 1037 1109 1110
f 1037 1110 1038
f 1038 1110 1111
f 1038 1111 1039
f 1039 1111 1112
f 1039 1112 1040
f 1040 1112 1113
f 1040 1113 1041
f 1041 1113 1114
f 1041 1114 1042
f 1042 1114 1115
f 1042 1115 1043
f 1043 1115 1116
f 1043 1116 1044
f 1044 1116 1117
f 1044 1117 1045
f 1045 1117 1118
f 1045 1118 1046
f 1046 1118 1119
f 1046 1119 1047
f 1047 1119 1120
f 1047 1120 1048
f 1048 1120 1121
f 1048 1121 1049
f 1049 1121 1122
f 1049 1122 1050
f 1050 1122 1123
f 1050 1123 1051
f 1051 1123 1124
f 1051 1124 1052
f 1052 1124 1125
f 1052 1125 1053
f 1053 1125 1126
f 1053 1126 1054
f 1054 1126 1127
f 1054 1127 1055
f 1055 1127 1128
f 1055 1128 1056
f 1056 1128 1129
f 1056 1129 1057
f 1057 1129 1130
f 1057 1130 1058
f 1058 1130 1131
f 1058 1131 1059
f 1059 1131 1132
f 1059 1132 1060
f 1060 1132 1133
f 1060 1133 1061
f 1061 1133 1134
f 1061 1134 1062
f 1062 1134 1135
f 1062 1135 1063
f 1063 1135 1136
f 1063 1136 1064
f 1064 1136 1137
f 1064 1137 1065
f 1065 1137 1138
f 1065 1138 1066
f 1066 1138 1139
f 1066 1139 1067
f 1067 1139 1140
f 1067 1140 1068
f 1068 1140 1141
f 1068 1141 1069
f 1069 1141 1142
f 1069 1142 1070
f 1070 1142 1143
f 1070 1143 1071
f 1071 1143 1144
f 1071 1144 1072
f 1072 1144 1145
f 1072 1145 1073
f 1073 1145 1146
f 1073 1146 1074
f 1074 1146 1147
f 1074 1147 1075
f 1075 1147 1148
f 1075 1148 1076
f 1076 1148 1149
f 1076 1149 1077
f 1077 1149 1150
f 1077 1150 1078
f 1078 1150 1151
f 1078 1151 1079
f 1079 1151 1152
f 1079 1152 1080
f 1080 1152 1153
f 1080 1153 1081
f 1081 1153 1154
f 1081 1154 1082
f 1082 1154 1155
f 1082 1155 1083
f 1083 1155 1156
f 1083 1156 1084
f 1084 1156 1157
f 1084 1157 1085
f 1085 1157 1158
f 1085 1158 1086
f 1086 1158 1159
f 1086 1159 1087
f 1087 1159 1160
f 1087 1160 1088
f 1088 1160 1161
f 1088 1161 1089
f 1089 1161 1162
f 1089 1162 1090
f 1090 1162 1163
f 1090 1163 1091
f 1091 1163 1164
f 1091 1164 1092
f 1092 1164 1165
f 1092 1165 1093
f 1093 1165 1166
f 1093 1166 1094
f 1094 1166 1167
f 1094 1167 1095
f 1095 1167 1168
f 1095 1168 1023
f 1023 1168 1096
f 1096 1169 1097
f 1097 1169 1170
f 1097 1170 1098
f 1098 1170 1171
f 1098 1171 1099
f 1099 1171 1172
f 1099 1172 1100
f 1100 1172 1173
f 1100 1173 1101
f 1101 1173 1174
f 1101 1174 1102
f 1102 1174 1175
f 1102 1175 1103
f 1103 1175 1176
f 1103 1176 1104
f 1104 1176 1177
f 1104 1177 1105
f 1105 1177 1178
f 1105 1178 1106
f 1106 1178 1179
f 1106 1179 1107
f 1107 1179 1180
f 1107 1180 1108
f 1108 1180 1181
f 1108 1181 1109
f 1109 1181 1182
f 1109 1182 1110
f 1110 1182 1183
f 1110 1183 1111
f 1111 1183 1184
f 1111 1184 1112
f 1112 1184 1185
f 1112 1185 1113
f 1113 1185 1186
f 1113 1186 1114
f 1114 1186 1187
f 1114 1187 1115
f 1115 1187 1188
f 1115 1188 1116
f 1116 1188 1189
f 1116 1189 1117
f 1117 1189 1190
f 1117 1190 1118
f 1118 1190 1191
f 1118 1191 1119
f 1119 1191 1192
f 1119 1192 1120
f 1120 1192 1193
f 1120 1193 1121
f 1121 1193 1194
f 1121 1194 1122
f 1122 1194 1195
f 1122 1195 1123
f 1123 1195 1196
f 1123 1196 1124
f 1124 1196 1197
f 1124 1197 1125
f 1125 1197 1198
f 1125 1198 1126
f 1126 1198 1199
f 1126 1199 1127
f 1127 1199 1200
f 1127 1200 1128
f 1128 1200 1201
f 1128 1201 1129
f 1129 1201 1202
f 1129 1202 1130
f 1130 1202 1203
f 1130 1203 1131
f 1131 1203 1204
f 1131 1204 1132
f 1132 1204 1205
f 1132 1205 1133
f 1133 1205 1206
f 1133 1206 1134
f 1134 1206 1207
f 1134 1207 1135
f 1135 1207 1208
f 1135 1208 1136
f 1136 1208 1209
f 1136 1209 1137
f 1137 1209 1210
f 1137 1210 1138
f 1138 1210 1211
f 1138 1211 1139
f 1139 1211 1212
f 1139 1212 1140
f 1140 1212 1213
f 1140 1213 1141
f 1141 1213 1214
f 1141 1214 1142
f 1142 1214 1215
f 1142 1215 1143
f 1143 1215 1216
f 1143 1216 1144
f 1144 1216 1217
f 1144 1217 1145
f 1145 1217 1218
f 1145 1218 1146
f 1146 1218 1219
f 1146 1219 1147
f 1147 1219 1220
f 1147 1220 1148
f 1148 1220 1221
f 1148 1221 1149
f 1149 1221 1222
f 1149 1222 1150
f 1150 1222 1223
f 1150 1223 1151
f 1151 1223 1224
f 1151 1224 1152
f 1152 1224 1225
f 1152 1225 1153
f 1153 1225 1226
f 1153 1226 1154
f 1154 1226 1227
f 1154 1227 1155
f 1155 1227 1228
f 1155 1228 1156
f 1156 1228 1229
f 1156 1229 1157
f 1157 1229 1230
f 1157 1230 1158
f 1158 1230 1231
f 1158 1231 1159
f 1159 1231 1232
f 1159 1232 1160
f 1160 1232 1233
f 1160 1233 1161
f 1161 1233 1234
f 1161 1234 1162
f 1162 1234 1235
f 1162 1235 1163
f 1163 1235 1236
f 1163 1236 1164
f 1164 1236 1237
f 1164 1237 1165
f 1165 1237 1238
f 1165 1238 1166
f 1166 1238 1239
f 1166 1239 1167
f 1167 1239 1240
f 1167 1240 1168
f 1168 1240 1241
f 1168 1241 1096
f 1096 1241 1169
f 1169 1242 1170
f 1170 1242 1243
f 1170 1243 1171
f 1171 1243 1244
f 1171 1244 1172
f 1172 1244 1245
f 1172 1245 1173
f 1173 1245 1246
f 1173 1246 1174
f 1174 1246 1247
f 1174 1247 1175
f 1175 1247 1248
f 1175 1248 1176
f 1176 1248 1249
f 1176 1249 1177
f 1177 1249 1250
f 1177 1250 1178
f 1178 1250 1251
f 1178 1251 1179
f 1179 1251 1252
f 1179 1252 1180
f 1180 1252 1253
f 1180 1253 1181
f 1181 1253 1254
f 1181 1254 1182
f 1182 1254 1255
f 1182 1255 1183
f 1183 1255 1256
f 1183 1256 1184
f 1184 1256 1257
f 1184 1257 1185
f 1185 1257 1258
f 1185 1258 1186
f 1186 1258 1259
f 1186 1259 1187
f 1187 1259 1260
f 1187 1260 1188
f 1188 1260 1261
f 1188 1261 1189
f 1189 1261 1262
f 1189 1262 1190
f 1190 1262 1263
f 1190 1263 1191
f 1191 1263 1264
f 1191 1264 1192
f 1192 1264 1265
f 1192 1265 1193
f 1193 1265 1266
f 1193 1266 1194
f 1194 1266 1267
f 1194 1267 1195
f 1195 1267 1268
f 1195 1268 1196
f 1196 1268 1269
f 1196 1269 1197
f 1197 1269 1270
f 1197 1270 1198
f 1198 1270 1271
f 1198 1271 1199
f 1199 1271 1272
f 1199 1272 1200
f 1200 1272 1273
f 1200 1273 1201
f 1201 1273 1274
f 1201 1274 1202
f 1202 1274 1275
f 1202 1275 1203
f 1203 1275 1276
f 1203 1276 1204
f 1204 1276 1277
f 1204 1277 1205
f 1205 1277 1278
f 1205 1278 1206
f 1206 1278 1279
f 1206 1279 1207
f 1207 1279 1280
f 1207 1280 1208
f 1208 1280 1281
f 1208 1281 1209
f 1209 1281 1282
f 1209 1282 1210
f 1210 1282 1283
f 1210 1283 1211
f 1211 1283 1284
f 1211 1284 1212
f 1212 1284 1285
f 1212 1285 1213
f 1213 1285 1286
f 1213 1286 1214
f 1214 1286 1287
f 1214 1287 1215
f 1215 1287 1288
f 1215 1288 1216
f 1216 1288 1289
f 1216 1289 1217
f 1217 1289 1290
f 1217 1290 1218
f 1218 1290 1291
f 1218 1291 1219
f 1219 1291 1292
f 1219 1292 1220
f 1220 1292 1293
f 1220 1293 1221
f 1221 1293 1294
f 1221 1294 1222
f 1222 1294 1295
f 1222 1295 1223
f 1223 1295 1296
f 1223 1296 1224
f 1224 1296 1297
f 1224 1297 1225
f 1225 1297 1298
f 1225 1298 1226
f 1226 1298 1299
f 1226 1299 1227
f 1227 1299 1300
f 1227 1300 1228
f 1228 1300 1301
f 1228 1301 1229
f 1229 1301 1302
f 1229 1302 1230
f 1230 1302 1303
f 1230 1303 1231
f 1231 1303 1304
f 1231 1304 1232
f 1232 1304 1305
f 1232 1305 1233
f 1233 1305 1306
f 1233 1306 1234
f 1234 1306 1307
f 1234 1307 1235
f 1235 1307 1308
f 1235 1308 1236
f 1236 1308 1309
f 1236 1309 1237
f 1237 1309 1310
f 1237 1310 1238
f 1238 1310 1311
f 1238 1311 1239
f 1239 1311 1312
f 1239 1312 1240
f 1240 1312 1313
f 1240 1313 1241
f 1241 1313 1314
f 1241 1314 1169
f 1169 1314 1242
f 1242 1315 1243
f 1243 1315 1316
f 1243 1316 1244
f 1244 1316 1317
f 1244 1317 1245
f 1245 1317 1318
f 1245 1318 1246
f 1246 1318 1319
f 1246 1319 1247
f 1247 1319 1320
f 1247 1320 1248
f 1248 1320 1321
f 1248 1321 1249
f 1249 1321 1322
f 1249 1322 1250
f 1250 1322 1323
f 1250 1323 1251
f 1251 1323 1324
f 1251 1324 1252
f 1252 1324 1325
f 1252 1325 1253
f 1253 1325 1326
f 1253 1326 1254
f 1254 1326 1327
f 1254 1327 1255
f 1255 1327 1328
f 1255 1328 1256
f 1256 1328 1329
f 1256 1329 1257
f 1257 1329 1330
f 1257 1330 1258
f 1258 1330 1331
f 1258 1331 1259
f 1259 1331 1332
f 1259 1332 1260
f 1260 1332 1333
f 1260 1333 1261
f 1261 1333 1334
f 1261 1334 1262
f 1262 1334 1335
f 1262 1335 1263
f 1263 1335 1336
f 1263 1336 1264
f 1264 1336 1337
f 1264 1337 1265
f 1265 1337 1338
f 1265 1338 1266
f 1266 1338 1339
f 1266 1339 1267
f 1267 1339 1340
f 1267 1340 1268
f 1268 1340 1341
f 1268 1341 1269
f 1269 1341 1342
f 1269 1342 1270
f 1270 1342 1343
f 1270 1343 1271
f 1271 1343 1344
f 1271 1344 1272
f 1272 1344 1345
f 1272 1345 1273
f 1273 1345 1346
f 1273 1346 1274
f 1274 1346 1347
f 1274 1347 1275
f 1275 1347 1348
f 1275 1348 1276
f 1276 1348 1349
f 1276 1349 1277
f 1277 1349 1350
f 1277 1350 1278
f 1278 1350 1351
f 1278 1351 1279
f 1279 1351 1352
f 1279 1352 1280
f 1280 1352 1353
f 1280 1353 1281
f 1281 1353 1354
f 1281 1354 1282
f 1282 1354 1355
f 1282 1355 1283
f 1283 1355 1356
f 1283 1356 1284
f 1284 1356 1357
f 1284 1357 1285
f 1285 1357 1358
f 1285 1358 1286
f 1286 1358 1359
f 1286 1359 1287
f 1287 1359 1360
f 1287 1360 1288
f 1288 1360 1361
f 1288 1361 1289
f 1289 1361 1362
f 1289 1362 1290
f 1290 1362 1363
f 1290 1363 1291
f 1291 1363 1364
f 1291 1364 1292
f 1292 1364 1365
f 1292 1365 1293
f 1293 1365 1366
f 1293 1366 1294
f 1294 1366 1367
f 1294 1367 1295
f 1295 1367 1368
f 1295 1368 1296
f 1296 1368 1369
f 1296 1369 1297
f 1297 1369 1370
f 1297 1370 1298
f 1298 1370 1371
f 1298 1371 1299
f 1299 1371 1372
f 1299 1372 1300
f 1300 1372 1373
f 1300 1373 1301
f 1301 1373 1374
f 1301 1374 1302
f 1302 1374 1375
f 1302 1375 1303
f 1303 1375 1376
f 1303 1376 1304
f 1304 1376 1377
f 1304 1377 1305
f 1305 1377 1378
f 1305 1378 1306
f 1306 1378 1379
f 1306 1379 1307
f 1307 1379 1380
f 1307 1380 1308
f 1308 1380 1381
f 1308 1381 1309
f 1309 1381 1382
f 1309 1382 1310
f 1310 1382 1383
f 1310 1383 1311
f 1311 1383 1384
f 1311 1384 1312
f 1312 1384 1385
f 1312 1385 1313
f 1313 1385 1386
f 1313 1386 1314
f 1314 1386 1387
f 1314 1387 1242
f 1242 1387 1315
f 1315 1388 1316
f 1316 1388 1389
f 1316 1389 1317
f 1317 1389 1390
f 1317 1390 1318
f 1318 1390 1391
f 1318 1391 1319
f 1319 1391 1392
f 1319 1392 1320
f 1320 1392 1393
f 1320 1393 1321
f 1321 1393 1394
f 1321 1394 1322
f 1322 1394 1395
f 1322 1395 1323
f 1323 1395 1396
f 1323 1396 1324
f 1324 1396 1397
f 1324 1397 1325
f 1325 1397 1398
f 1325 1398 1326
f 1326 1398 1399
f 1326 1399 1327
f 1327 1399 1400
f 1327 1400 1328
f 1328 1400 1401
f 1328 1401 1329
f 1329 1401 1402
f 1329 1402 1330
f 1330 1402 1403
f 1330 1403 1331
f 1331 1403 1404
f 1331 1404 1332
f 1332 1404 1405
f 1332 1405 1333
f 1333 1405 1406
f 1333 1406 1334
f 1334 1406 1407
f 1334 1407 1335
f 1335 1407 1408
f 1335 1408 1336
f 1336 1408 1409
f 1336 1409 1337
f 1337 1409 1410
f 1337 1410 1338
f 1338 1410 1411
f 1338 1411 1339
f 1339 1411 1412
f 1339 1412 1340
f 1340 1412 1413
f 1340 1413 1341
f 1341 1413 1414
f 1341 1414 1342
f 1342 1414 1415
f 1342 1415 1343
f 1343 1415 1416
f 1343 1416 1344
f 1344 1416 1417
f 1344 1417 1345
f 1345 1417 1418
f 1345 1418 1346
f 1346 1418 1419
f 1346 1419 1347
f 1347 1419 1420
f 1347 1420 1348
f 1348 1420 1421
f 1348 1421 1349
f 1349 1421 1422
f 1349 1422 1350
f 1350 1422 1423
f 1350 1423 1351
f 1351 1423 1424
f 1351 1424 1352
f 1352 1424 1425
f 1352 1425 1353
f 1353 1425 1426
f 1353 1426 1354
f 1354 1426 1427
f 1354 1427 1355
f 1355 1427 1428
f 1355 1428 1356
f 1356 1428 1429
f 1356 1429 1357
f 1357 1429 1430
f 1357 1430 1358
f 1358 1430 1431
f 1358 1431 1359
f 1359 1431 1432
f 1359 1432 1360
f 1360 1432 1433
f 1360 1433 1361
f 1361 1433 1434
f 1361 1434 1362
f 1362 1434 1435
f 1362 1435 1363
f 1363 1435 1436
f 1363 1436 1364
f 1364 1436 1437
f 1364 1437 1365
f 1365 1437 1438
f 1365 1438 1366
f 1366 1438 1439
f 1366 1439 1367
f 1367 1439 1440
f 1367 1440 1368
f 1368 1440 1441
f 1368 1441 1369
f 1369 1441 1442
f 1369 1442 1370
f 1370 1442 1443
f 1370 1443 1371
f 1371 1443 1444
f 1371 1444 1372
f 1372 1444 1445
f 1372 1445 1373
f 1373 1445 1446
f 1373 1446 1374
f 1374 1446 1447
f 1374 1447 1375
f 1375 1447 1448
f 1375 1448 1376
f 1376 1448 1449
f 1376 1449 1377
f 1377 1449 1450
f 1377 1450 1378
f 1378 1450 1451
f 1378 1451 1379
f 1379 1451 1452
f 1379 1452 1380
f 1380 1452 1453
f 1380 1453 1381
f 1381 1453 1454
f 1381 1454 1382
f 1382 1454 1455
f 1382 1455 1383
f 1383 1455 1456
f 1383 1456 1384
f 1384 1456 1457
f 1384 1457 1385
f 1385 1457 1458
f 1385 1458 1386
f 1386 1458 1459
f 1386 1459 1387
f 1387 1459 1460
f 1387 1460 1315
f 1315 1460 1388
f 1388 1461 1389
f 1389 1461 1462
f 1389 1462 1390
f 1390 1462 1463
f 1390 1463 1391
f 1391 1463 1464
f 1391 1464 1392
f 1392 1464 1465
f 1392 1465 1393
f 1393 1465 1466
f 1393 1466 1394
f 1394 1466 1467
f 1394 1467 1395
f 1395 1467 1468
f 1395 1468 1396
f 1396 1468 1469
f 1396 1469 1397
f 1397 1469 1470
f 1397 1470 1398
f 1398 1470 1471
f 1398 1471 1399
f 1399 1471 1472
f 1399 1472 1400
f 1400 1472 1473
f 1400 1473 1401
f 1401 1473 1474
f 1401 1474 1402
f 1402 1474 1475
f 1402 1475 1403
f 1403 1475 1476
f 1403 1476 1404
f 1404 1476 1477
f 1404 1477 1405
f 1405 1477 1478
f 1405 1478 1406
f 1406 1478 1479
f 1406 1479 1407
f 1407 1479 1480
f 1407 1480 1408
f 1408 1480 1481
f 1408 1481 1409
f 1409 1481 1482
f 1409 1482 1410
f 1410 1482 1483
f 1410 1483 1411
f 1411 1483 1484
f 1411 1484 1412
f 1412 1484 1485
f 1412 1485 1413
f 1413 1485 1486
f 1413 1486 1414
f 1414 1486 1487
f 1414 1487 1415
f 1415 1487 1488
f 1415 1488 1416
f 1416 1488 1489
f 1416 1489 1417
f 1417 1489 1490
f 1417 1490 1418
f 1418 1490 1491
f 1418 1491 1419
f 1419 1491 1492
f 1419 1492 1420
f 1420 1492 1493
f 1420 1493 1421
f 1421 1493 1494
f 1421 1494 1422
f 1422 1494 1495
f 1422 1495 1423
f 1423 1495 1496
f 1423 1496 1424
f 1424 1496 1497
f 1424 1497 1425
f 1425 1497 1498
f 1425 1498 1426
f 1426 1498 1499
f 1426 1499 1427
f 1427 1499 1500
f 1427 1500 1428
f 1428 1500 1501
f 1428 1501 1429
f 1429 1501 1502
f 1429 1502 1430
f 1430 1502 1503
f 1430 1503 1431
f 1431 1503 1504
f 1431 1504 1432
f 1432 1504 1505
f 1432 1505 1433
f 1433 1505 1506
f 1433 1506 1434
f 1434 1506 1507
f 1434 1507 1435
f 1435 1507 1508
f 1435 1508 1436
f 1436 1508 1509
f 1436 1509 1437
f 1437 1509 1510
f 1437 1510 1438
f 1438 1510 1511
f 1438 1511 1439
f 1439 1511 1512
f 1439 1512 1440
f 1440 1512 1513
f 1440 1513 1441
f 1441 1513 1514
f 1441 1514 1442
f 1442 1514 1515
f 1442 1515 1443
f 1443 1515 1516
f 1443 1516 1444
f 1444 1516 1517
f 1444 1517 1445
f 1445 1517 1518
f 1445 1518 1446
f 1446 1518 1519
f 1446 1519 1447
f 1447 1519 1520
f 1447 1520 1448
f 1448 1520 1521
f 1448 1521 1449
f 1449 1521 1522
f 1449 1522 1450
f 1450 1522 1523
f 1450 1523 1451
f 1451 1523 1524
f 1451 1524 1452
f 1452 1524 1525
f 1452 1525 1453
f 1453 1525 1526
f 1453 1526 1454
f 1454 1526 1527
f 1454 1527 1455
f 1455 1527 1528
f 1455 1528 1456
f 1456 1528 1529
f 1456 1529 1457
f 1457 1529 1530
f 1457 1530 1458
f 1458 1530 1531
f 1458 1531 1459
f 1459 1531 1532
f 1459 1532 1460
f 1460 1532 1533
f 1460 1533 1388
f 1388 1533 1461
f 1461 1534 1462
f 1462 1534 1535
f 1462 1535 1463
f 1463 1535 1536
f 1463 1536 1464
f 1464 1536 1537
f 1464 1537 1465
f 1465 1537 1538
f 1465 1538 1466
f 1466 1538 1539
f 1466 1539 1467
f 1467 1539 1540
f 1467 1540 1468
f 1468 1540 1541
f 1468 1541 1469
f 1469 1541 1542
f 1469 1542 1470
f 1470 1542 1543
f 1470 1543 1471
f 1471 1543 1544
f 1471 1544 1472
f 1472 1544 1545
f 1472 1545 1473
f 1473 1545 1546
f 1473 1546 1474
f 1474 1546 1547
f 1474 1547 1475
f 1475 1547 1548
f 1475 1548 1476
f 1476 1548 1549
f 1476 1549 1477
f 1477 1549 1550
f 1477 1550 1478
f 1478 1550 1551
f 1478 1551 1479
f 1479 1551 1552
f 1479 1552 1480
f 1480 1552 1553
f 1480 1553 1481
f 1481 1553 1554
f 1481 1554 1482
f 1482 1554 1555
f 1482 1555 1483
f 1483 1555 1556
f 1483 1556 1484
f 1484 1556 1557
f 1484 1557 1485
f 1485 1557 1558
f 1485 1558 1486
f 1486 1558 1559
f 1486 1559 1487
f 1487 1559 1560
f 1487 1560 1488
f 1488 1560 1561
f 1488 1561 1489
f 1489 1561 1562
f 1489 1562 1490
f 1490 1562 1563
f 1490 1563 1491
f 1491 1563 1564
f 1491 1564 1492
f 1492 1564 1565
f 1492 1565 1493
f 1493 1565 1566
f 1493 1566 1494
f 1494 1566 1567
f 1494 1567 1495
f 1495 1567 1568
f 1495 1568 1496
f 1496 1568 1569
f 1496 1569 1497
f 1497 1569 1570
f 1497 1570 1498
f 1498 1570 1571
f 1498 1571 1499
f 1499 1571 1572
f 1499 1572 1500
f 1500 1572 1573
f 1500 1573 1501
f 1501 1573 1574
f 1501 1574 1502
f 1502 1574 1575
f 1502 1575 1503
f 1503 1575 1576
f 1503 1576 1504
f 1504 1576 1577
f 1504 1577 1505
f 1505 1577 1578
f 1505 1578 1506
f 1506 1578 1579
f 1506 1579 1507
f 1507 1579 1580
f 1507 1580 1508
f 1508 1580 1581
f 1508 1581 1509
f 1509 1581 1582
f 1509 1582 1510
f 1510 1582 1583
f 1510 1583 1511
f 1511 1583 1584
f 1511 1584 1512
f 1512 1584 1585
f 1512 1585 1513
f 1513 1585 1586
f 1513 1586 1514
f 1514 1586 1587
f 1514 1587 1515
f 1515 1587 1588
f 1515 1588 1516
f 1516 1588 1589
f 1516 1589 1517
f 1517 1589 1590
f 1517 1590 1518
f 1518 1590 1591
f 1518 1591 1519
f 1519 1591 1592
f 1519 1592 1520
f 1520 1592 1593
f 1520 1593 1521
f 1521 1593 1594
f 1521 1594 1522
f 1522 1594 1595
f 1522 1595 1523
f 1523 1595 1596
f 1523 1596 1524
f 1524 1596 1597
f 1524 1597 1525
f 1525 1597 1598
f 1525 1598 1526
f 1526 1598 1599
f 1526 1599 1527
f 1527 1599 1600
f 1527 1600 1528
f 1528 1600 1601
f 1528 1601 1529
f 1529 1601 1602
f 1529 1602 1530
f 1530 1602 1603
f 1530 1603 1531
f 1531 1603 1604
f 1531 1604 1532
f 1532 1604 1605
f 1532 1605 1533
f 1533 1605 1606
f 1533 1606 1461
f 1461 1606 1534
f 1534 1607 1535
f 1535 1607 1608
f 1535 1608 1536
f 1536 1608 1609
f 1536 1609 1537
f 1537 1609 1610
f 1537 1610 1538
f 1538 1610 1611
f 1538 1611 1539
f 1539 1611 1612
f 1539 1612 1540
f 1540 1612 1613
f 1540 1613 1541
f 1541 1613 1614
f 1541 1614 1542
f 1542 1614 1615
f 1542 1615 1543
f 1543 1615 1616
f 1543 1616 1544
f 1544 1616 1617
f 1544 1617 1545
f 1545 1617 1618
f 1545 1618 1546
f 1546 1618 1619
f 1546 1619 1547
f 1547 1619 1620
f 1547 1620 1548
f 1548 1620 1621
f 1548 1621 1549
f 1549 1621 1622
f 1549 1622 1550
f 1550 1622 1623
f 1550 1623 1551
f 1551 1623 1624
f 1551 1624 1552
f 1552 1624 1625
f 1552 1625 1553
f 1553 1625 1626
f 1553 1626 1554
f 1554 1626 1627
f 1554 1627 1555
f 1555 1627 1628
f 1555 1628 1556
f 1556 1628 1629
f 1556 1629 1557
f 1557 1629 1630
f 1557 1630 1558
f 1558 1630 1631
f 1558 1631 1559
f 1559 1631 1632
f 1559 1632 1560
f 1560 1632 1633
f 1560 1633 1561
f 1561 1633 1634
f 1561 1634 1562
f 1562 1634 1635
f 1562 1635 1563
f 1563 1635 1636
f 1563 1636 1564
f 1564 1636 1637
f 1564 1637 1565
f 1565 1637 1638
f 1565 1638 1566
f 1566 1638 1639
f 1566 1639 1567
f 1567 1639 1640
f 1567 1640 1568
f 1568 1640 1641
f 1568 1641 1569
f 1569 1641 1642
f 1569 1642 1570
f 1570 1642 1643
f 1570 1643 1571
f 1571 1643 1644
f 1571 1644 1572
f 1572 1644 1645
f 1572 1645 1573
f 1573 1645 1646
f 1573 1646 1574
f 1574 1646 1647
f 1574 1647 1575
f 1575 1647 1648
f 1575 1648 1576
f 1576 1648 1649
f 1576 1649 1577
f 1577 1649 1650
f 1577 1650 1578
f 1578 1650 1651
f 1578 1651 1579
f 1579 1651 1652
f 1579 1652 1580
f 1580 1652 1653
f 1580 1653 1581
f 1581 1653 1654
f 1581 1654 1582
f 1582 1654 1655
f 1582 1655 1583
f 1583 1655 1656
f 1583 1656 1584
f 1584 1656 1657
f 1584 1657 1585
f 1585 1657 1658
f 1585 1658 1586
f 1586 1658 1659
f 1586 1659 1587
f 1587 1659 1660
f 1587 1660 1588
f 1588 1660 1661
f 1588 1661 1589
f 1589 1661 1662
f 1589 1662 1590
f 1590 1662 1663
f 1590 1663 1591
f 1591 1663 1664
f 1591 1664 1592
f 1592 1664 1665
f 1592 1665 1593
f 1593 1665 1666
f 1593 1666 1594
f 1594 1666 1667
f 1594 1667 1595
f 1595 1667 1668
f 1595 1668 1596
f 1596 1668 1669
f 1596 1669 1597
f 1597 1669 1670
f 1597 1670 1598
f 1598 1670 1671
f 1598 1671 1599
f 1599 1671 1672
f 1599 1672 1600
f 1600 1672 1673
f 1600 1673 1601
f 1601 1673 1674
f 1601 1674 1602
f 1602 1674 1675
f 1602 1675 1603
f 1603 1675 1676
f 1603 1676 1604
f 1604 1676 1677
f 1604 1677 1605
f 1605 1677 1678
f 1605 1678 1606
f 1606 1678 1679
f 1606 1679 1534
f 1534 1679 1607
f 1607 1680 1608
f 1608 1680 1681
f 1608 1681 1609
f 1609 1681 1682
f 1609 1682 1610
f 1610 1682 1683
f 1610 1683 1611
f 1611 1683 1684
f 1611 1684 1612
f 1612 1684 1685
f 1612 1685 1613
f 1613 1685 1686
f 1613 1686 1614
f 1614 1686 1687
f 1614 1687 1615
f 1615 1687 1688
f 1615 1688 1616
f 1616 1688 1689
f 1616 1689 1617
f 1617 1689 1690
f 1617 1690 1618
f 1618 1690 1691
f 1618 1691 1619
f 1619 1691 1692
f 1619 1692 1620
f 1620 1692 1693
f 1620 1693 1621
f 1621 1693 1694
f 1621 1694 1622
f 1622 1694 1695
f 1622 1695 1623
f 1623 1695 1696
f 1623 1696 1624
f 1624 1696 1697
f 1624 1697 1625
f 1625 1697 1698
f 1625 1698 1626
f 1626 1698 1699
f 1626 1699 1627
f 1627 1699 1700
f 1627 1700 1628
f 1628 1700 1701
f 1628 1701 1629
f 1629 1701 1702
f 1629 1702 1630
f 1630 1702 1703
f 1630 1703 1631
f 1631 1703 1704
f 1631 1704 1632
f 1632 1704 1705
f 1632 1705 1633
f 1633 1705 1706
f 1633 1706 1634
f 1634 1706 1707
f 1634 1707 1635
f 1635 1707 1708
f 1635 1708 1636
f 1636 1708 1709
f 1636 1709 1637
f 1637 1709 1710
f 1637 1710 1638
f 1638 1710 1711
f 1638 1711 1639
f 1639 1711 1712
f 1639 1712 1640
f 1640 1712 1713
f 1640 1713 1641
f 1641 1713 1714
f 1641 1714 1642
f 1642 1714 1715
f 1642 1715 1643
f 1643 1715 1716
f 1643 1716 1644
f 1644 1716 1717
f 1644 1717 1645
f 1645 1717 1718
f 1645 1718 1646
f 1646 1718 1719
f 1646 1719 1647
f 1647 1719 1720
f 1647 1720 1648
f 1648 1720 1721
f 1648 1721 1649
f 1649 1721 1722
f 1649 1722 1650
f 1650 1722 1723
f 1650 1723 1651
f 1651 1723 1724
f 1651 1724 1652
f 1652 1724 1725
f 1652 1725 1653
f 1653 1725 1726
f 1653 1726 1654
f 1654 1726 1727
f 1654 1727 1655
f 1655 1727 1728
f 1655 1728 1656
f 1656 1728 1729
f 1656 1729 1657
f 1657 1729 1730
f 1657 1730 1658
f 1658 1730 1731
f 1658 1731 1659
f 1659 1731 1732
f 1659 1732 1660
f 1660 1732 1733
f 1660 1733 1661
f 1661 1733 1734
f 1661 1734 1662
f 1662 1734 1735
f 1662 1735 1663
f 1663 1735 1736
f 1663 1736 1664
f 1664 1736 1737
f 1664 1737 1665
f 1665 1737 1738
f 1665 1738 1666
f 1666 1738 1739
f 1666 1739 1667
f 1667 1739 1740
f 1667 1740 1668
f 1668 1740 1741
f 1668 1741 1669
f 1669 1741 1742
f 1669 1742 1670
f 1670 1742 1743
f 1670 1743 1671
f 1671 1743 1744
f 1671 1744 1672
f 1672 1744 1745
f 1672 1745 1673
f 1673 1745 1746
f 1673 1746 1674
f 1674 1746 1747
f 1674 1747 1675
f 1675 1747 1748
f 1675 1748 1676
f 1676 1748 1749
f 1676 1749 1677
f 1677 1749 1750
f 1677 1750 1678
f 1678 1750 1751
f 1678 1751 1679
f 1679 1751 1752
f 1679 1752 1607
f 1607 1752 1680
f 1680 1753 1681
f 1681 1753 1754
f 1681 1754 1682
f 1682 1754 1755
f 1682 1755 1683
f 1683 1755 1756
f 1683 1756 1684
f 1684 1756 1757
f 1684 1757 1685
f 1685 1757 1758
f 1685 1758 1686
f 1686 1758 1759
f 1686 1759 1687
f 1687 1759 1760
f 1687 1760 1688
f 1688 1760 1761
f 1688 1761 1689
f 1689 1761 1762
f 1689 1762 1690
f 1690 1762 1763
f 1690 1763 1691
f 1691 1763 1764
f 1691 1764 1692
f 1692 1764 1765
f 1692 1765 1693
f 1693 1765 1766
f 1693 1766 1694
f 1694 1766 1767
f 1694 1767 1695
f 1695 1767 1768
f 1695 1768 1696
f 1696 1768 1769
f 1696 1769 1697
f 1697 1769 1770
f 1697 1770 1698
f 1698 1770 1771
f 1698 1771 1699
f 1699 1771 1772
f 1699 1772 1700
f 1700 1772 1773
f 1700 1773 1701
f 1701 1773 1774
f 1701 1774 1702
f 1702 1774 1775
f 1702 1775 1703
f 1703 1775 1776
f 1703 1776 1704
f 1704 1776 1777
f 1704 1777 1705
f 1705 1777 1778
f 1705 1778 1706
f 1706 1778 1779
f 1706 1779 1707
f 1707 1779 1780
f 1707 1780 1708
f 1708 1780 1781
f 1708 1781 1709
f 1709 1781 1782
f 1709 1782 1710
f 1710 1782 1783
f 1710 1783 1711
f 1711 1783 1784
f 1711 1784 1712
f 1712 1784 1785
f 1712 1785 1713
f 1713 1785 1786
f 1713 1786 1714
f 1714 1786 1787
f 1714 1787 1715
f 1715 1787 1788
f 1715 1788 1716
f 1716 1788 1789
f 1716 1789 1717
f 1717 1789 1790
f 1717 1790 1718
f 1718 1790 1791
f 1718 1791 1719
f 1719 1791 1792
f 1719 1792 1720
f 1720 1792 1793
f 1720 1793 1721
f 1721 1793 1794
f 1721 1794 1722
f 1722 1794 1795
f 1722 1795 1723
f 1723 1795 1796
f 1723 1796 1724
f 1724 1796 1797
f 1724 1797 1725
f 1725 1797 1798
f 1725 1798 1726
f 1726 1798 1799
f 1726 1799 1727
f 1727 1799 1800
f 1727 1800 1728
f 1728 1800 1801
f 1728 1801 1729
f 1729 1801 1802
f 1729 1802 1730
f 1730 1802 1803
f 1730 1803 1731
f 1731 1803 1804
f 1731 1804 1732
f 1732 1804 1805
f 1732 1805 1733
f 1733 1805 1806
f 1733 1806 1734
f 1734 1806 1807
f 1734 1807 1735
f 1735 1807 1808
f 1735 1808 1736
f 1736 1808 1809
f 1736 1809 1737
f 1737 1809 1810
f 1737 1810 1738
f 1738 1810 1811
f 1738 1811 1739
f 1739 1811 1812
f 1739 1812 1740
f 1740 1812 1813
f 1740 1813 1741
f 1741 1813 1814
f 1741 1814 1742
f 1742 1814 1815
f 1742 1815 1743
f 1743 1815 1816
f 1743 1816 1744
f 1744 1816 1817
f 1744 1817 1745
f 1745 1817 1818
f 1745 1818 1746
f 1746 1818 1819
f 1746 1819 1747
f 1747 1819 1820
f 1747 1820 1748
f 1748 1820 1821
f 1748 1821 1749
f 1749 1821 1822
f 1749 1822 1750
f 1750 1822 1823
f 1750 1823 1751
f 1751 1823 1824
f 1751 1824 1752
f 1752 1824 1825
f 1752 1825 1680
f 1680 1825 1753
f 1753 1826 1754
f 1754 1826 1827
f 1754 1827 1755
f 1755 1827 1828
f 1755 1828 1756
f 1756 1828 1829
f 1756 1829 1757
f 1757 1829 1830
f 1757 1830 1758
f 1758 1830 1831
f 1758 1831 1759
f 1759 1831 1832
f 1759 1832 1760
f 1760 1832 1833
f 1760 1833 1761
f 1761 1833 1834
f 1761 1834 1762
f 1762 1834 1835
f 1762 1835 1763
f 1763 1835 1836
f 1763 1836 1764
f 1764 1836 1837
f 1764 1837 1765
f 1765 1837 1838
f 1765 1838 1766
f 1766 1838 1839
f 1766 1839 1767
f 1767 1839 1840
f 1767 1840 1768
f 1768 1840 1841
f 1768 1841 1769
f 1769 1841 1842
f 1769 1842 1770
f 1770 1842 1843
f 1770 1843 1771
f 1771 1843 1844
f 1771 1844 1772
f 1772 1844 1845
f 1772 1845 1773
f 1773 1845 1846
f 1773 1846 1774
f 1774 1846 1847
f 1774 1847 1775
f 1775 1847 1848
f 1775 1848 1776
f 1776 1848 1849
f 1776 1849 1777
f 1777 1849 1850
f 1777 1850 1778
f 1778 1850 1851
f 1778 1851 1779
f 1779 1851 1852
f 1779 1852 1780
f 1780 1852 1853
f 1780 1853 1781
f 1781 1853 1854
f 1781 1854 1782
f 1782 1854 1855
f 1782 1855 1783
f 1783 1855 1856
f 1783 1856 1784
f 1784 1856 1857
f 1784 1857 1785
f 1785 1857 1858
f 1785 1858 1786
f 1786 1858 1859
f 1786 1859 1787
f 1787 1859 1860
f 1787 1860 1788
f 1788 1860 1861
f 1788 1861 1789
f 1789 1861 1862
f 1789 1862 1790
f 1790 1862 1863
f 1790 1863 1791
f 1791 1863 1864
f 1791 1864 1792
f 1792 1864 1865
f 1792 1865 1793
f 1793 1865 1866
f 1793 1866 1794
f 1794 1866 1867
f 1794 1867 1795
f 1795 1867 1868
f 1795 1868 1796
f 1796 1868 1869
f 1796 1869 1797
f 1797 1869 1870
f 1797 1870 1798
f 1798 1870 1871
f 1798 1871 1799
f 1799 1871 1872
f 1799 1872 1800
f 1800 1872 1873
f 1800 1873 1801
f 1801 1873 1874
f 1801 1874 1802
f 1802 1874 1875
f 1802 1875 1803
f 1803 1875 1876
f 1803 1876 1804
f 1804 1876 1877
f 1804 1877 1805
f 1805 1877 1878
f 1805 1878 1806
f 1806 1878 1879
f 1806 1879 1807
f 1807 1879 1880
f 1807 1880 1808
f 1808 1880 1881
f 1808 1881 1809
f 1809 1881 1882
f 1809 1882 1810
f 1810 1882 1883
f 1810 1883 1811
f 1811 1883 1884
f 1811 1884 1812
f 1812 1884 1885
f 1812 1885 1813
f 1813 1885 1886
f 1813 1886 1814
f 1814 1886 1887
f 1814 1887 1815
f 1815 1887 1888
f 1815 1888 1816
f 1816 1888 1889
f 1816 1889 1817
f 1817 1889 1890
f 1817 1890 1818
f 1818 1890 1891
f 1818 1891 1819
f 1819 1891 1892
f 1819 1892 1820
f 1820 1892 1893
f 1820 1893 1821
f 1821 1893 1894
f 1821 1894 1822
f 1822 1894 1895
f 1822 1895 1823
f 1823 1895 1896
f 1823 1896 1824
f 1824 1896 1897
f 1824 1897 1825
f 1825 1897 1898
f 1825 1898 1753
f 1753 1898 1826
f 1826 1899 1827
f 1827 1899 1900
f 1827 1900 1828
f 1828 1900 1901
f 1828 1901 1829
f 1829 1901 1902
f 1829 1902 1830
f 1830 1902 1903
f 1830 1903 1831
f 1831 1903 1904
f 1831 1904 1832
f 1832 1904 1905
f 1832 1905 1833
f 1833 1905 1906
f 1833 1906 1834
f 1834 1906 1907
f 1834 1907 1835
f 1835 1907 1908
f 1835 1908 1836
f 1836 1908 1909
f 1836 1909 1837
f 1837 1909 1910
f 1837 1910 1838
f 1838 1910 1911
f 1838 1911 1839
f 1839 1911 1912
f 1839 1912 1840
f 1840 1912 1913
f 1840 1913 1841
f 1841 1913 1914
f 1841 1914 1842
f 1842 1914 1915
f 1842 1915 1843
f 1843 1915 1916
f 1843 1916 1844
f 1844 1916 1917
f 1844 1917 1845
f 1845 1917 1918
f 1845 1918 1846
f 1846 1918 1919
f 1846 1919 1847
f 1847 1919 1920
f 1847 1920 1848
f 1848 1920 1921
f 1848 1921 1849
f 1849 1921 1922
f 1849 1922 1850
f 1850 1922 1923
f 1850 1923 1851
f 1851 1923 1924
f 1851 1924 1852
f 1852 1924 1925
f 1852 1925 1853
f 1853 1925 1926
f 1853 1926 1854
f 1854 1926 1927
f 1854 1927 1855
f 1855 1927 1928
f 1855 1928 1856
f 1856 1928 1929
f 1856 1929 1857
f 1857 1929 1930
f 1857 1930 1858
f 1858 1930 1931
f 1858 1931 1859
f 1859 1931 1932
f 1859 1932 1860
f 1860 1932 1933
f 1860 1933 1861
f 1861 1933 1934
f 1861 1934 1862
f 1862 1934 1935
f 1862 1935 1863
f 1863 1935 1936
f 1863 1936 1864
f 1864 1936 1937
f 1864 1937 1865
f 1865 1937 1938
f 1865 1938 1866
f 1866 1938 1939
f 1866 1939 1867
f 1867 1939 1940
f 1867 1940 1868
f 1868 1940 1941
f 1868 1941 1869
f 1869 1941 1942
f 1869 1942 1870
f 1870 1942 1943
f 1870 1943 1871
f 1871 1943 1944
f 1871 1944 1872
f 1872 1944 1945
f 1872 1945 1873
f 1873 1945 1946
f 1873 1946 1874
f 1874 1946 1947
f 1874 1947 1875
f 1875 1947 1948
f 1875 1948 1876
f 1876 1948 1949
f 1876 1949 1877
f 1877 1949 1950
f 1877 1950 1878
f 1878 1950 1951
f 1878 1951 1879
f 1879 1951 1952
f 1879 1952 1880
f 1880 1952 1953
f 1880 1953 1881
f 1881 1953 1954
f 1881 1954 1882
f 1882 1954 1955
f 1882 1955 1883
f 1883 1955 1956
f 1883 1956 1884
f 1884 1956 1957
f 1884 1957 1885
f 1885 1957 1958
f 1885 1958 1886
f 1886 1958 1959
f 1886 1959 1887
f 1887 1959 1960
f 1887 1960 1888
f 1888 1960 1961
f 1888 1961 1889
f 1889 1961 1962
f 1889 1962 1890
f 1890 1962 1963
f 1890 1963 1891
f 1891 1963 1964
f 1891 1964 1892
f 1892 1964 1965
f 1892 1965 1893
f 1893 1965 1966
f 1893 1966 1894
f 1894 1966 1967
f 1894 1967 1895
f 1895 1967 1968
f 1895 1968 1896
f 1896 1968 1969
f 1896 1969 1897
f 1897 1969 1970
f 1897 1970 1898
f 1898 1970 1971
f 1898 1971 1826
f 1826 1971 1899
f 1899 1972 1900
f 1900 1972 1973
f 1900 1973 1901
f 1901 1973 1974
f 1901 1974 1902
f 1902 1974 1975
f 1902 1975 1903
f 1903 1975 1976
f 1903 1976 1904
f 1904 1976 1977
f 1904 1977 1905
f 1905 1977 1978
f 1905 1978 1906
f 1906 1978 1979
f 1906 1979 1907
f 1907 1979 1980
f 1907 1980 1908
f 1908 1980 1981
f 1908 1981 1909
f 1909 1981 1982
f 1909 1982 1910
f 1910 1982 1983
f 1910 1983 1911
f 1911 1983 1984
f 1911 1984 1912
f 1912 1984 1985
f 1912 1985 1913
f 1913 1985 1986
f 1913 1986 1914
f 1914 1986 1987
f 1914 1987 1915
f 1915 1987 1988
f 1915 1988 1916
f 1916 1988 1989
f 1916 1989 1917
f 1917 1989 1990
f 1917 1990 1918
f 1918 1990 1991
f 1918 1991 1919
f 1919 1991 1992
f 1919 1992 1920
f 1920 1992 1993
f 1920 1993 1921
f 1921 1993 1994
f 1921 1994 1922
f 1922 1994 1995
f 1922 1995 1923
f 1923 1995 1996
f 1923 1996 1924
f 1924 1996 1997
f 1924 1997 1925
f 1925 1997 1998
f 1925 1998 1926
f 1926 1998 1999
f 1926 1999 1927
f 1927 1999 2000
f 1927 2000 1928
f 1928 2000 2001
f 1928 2001 1929
f 1929 2001 2002
f 1929 2002 1930
f 1930 2002 2003
f 1930 2003 1931
f 1931 2003 2004
f 1931 2004 1932
f 1932 2004 2005
f 1932 2005 1933
f 1933 2005 2006
f 1933 2006 1934
f 1934 2006 2007
f 1934 2007 1935
f 1935 2007 2008
f 1935 2008 1936
f 1936 2008 2009
f 1936 2009 1937
f 1937 2009 2010
f 1937 2010 1938
f 1938 2010 2011
f 1938 2011 1939
f 1939 2011 2012
f 1939 2012 1940
f 1940 2012 2013
f 1940 2013 1941
f 1941 2013 2014
f 1941 2014 1942
f 1942 2014 2015
f 1942 2015 1943
f 1943 2015 2016
f 1943 2016 1944
f 1944 2016 2017
f 1944 2017 1945
f 1945 2017 2018
f 1945 2018 1946
f 1946 2018 2019
f 1946 2019 1947
f 1947 2019 2020
f 1947 2020 1948
f 1948 2020 2021
f 1948 2021 1949
f 1949 2021 2022
f 1949 2022 1950
f 1950 2022 2023
f 1950 2023 1951
f 1951 2023 2024
f 1951 2024 1952
f 1952 2024 2025
f 1952 2025 1953
f 1953 2025 2026
f 1953 2026 1954
f 1954 2026 2027
f 1954 2027 1955
f 1955 2027 2028
f 1955 2028 1956
f 1956 2028 2029
f 1956 2029 1957
f 1957 2029 2030
f 1957 2030 1958
f 1958 2030 2031
f 1958 2031 1959
f 1959 2031 2032
f 1959 2032 1960
f 1960 2032 2033
f 1960 2033 1961
f 1961 2033 2034
f 1961 2034 1962
f 1962 2034 2035
f 1962 2035 1963
f 1963 2035 2036
f 1963 2036 1964
f 1964 2036 2037
f 1964 2037 1965
f 1965 2037 2038
f 1965 2038 1966
f 1966 2038 2039
f 1966 2039 1967
f 1967 2039 2040
f 1967 2040 1968
f 1968 2040 2041
f 1968 2041 1969
f 1969 2041 2042
f 1969 2042 1970
f 1970 2042 2043
f 1970 2043 1971
f 1971 2043 2044
f 1971 2044 1899
f 1899 2044 1972
f 1972 2045 1973
f 1973 2045 2046
f 1973 2046 1974
f 1974 2046 2047
f 1974 2047 1975
f 1975 2047 2048
f 1975 2048 1976
f 1976 2048 2049
f 1976 2049 1977
f 1977 2049 2050
f 1977 2050 1978
f 1978 2050 2051
f 1978 2051 1979
f 1979 2051 2052
f 1979 2052 1980
f 1980 2052 2053
f 1980 2053 1981
f 1981 2053 2054
f 1981 2054 1982
f 1982 2054 2055
f 1982 2055 1983
f 1983 2055 2056
f 1983 2056 1984
f 1984 2056 2057
f 1984 2057 1985
f 1985 2057 2058
f 1985 2058 1986
f 1986 2058 2059
f 1986 2059 1987
f 1987 2059 2060
f 1987 2060 1988
f 1988 2060 2061
f 1988 2061 1989
f 1989 2061 2062
f 1989 2062 1990
f 1990 2062 2063
f 1990 2063 1991
f 1991 2063 2064
f 1991 2064 1992
f 1992 2064 2065
f 1992 2065 1993
f 1993 2065 2066
f 1993 2066 1994
f 1994 2066 2067
f 1994 2067 1995
f 1995 2067 2068
f 1995 2068 1996
f 1996 2068 2069
f 1996 2069 1997
f 1997 2069 2070
f 1997 2070 1998
f 1998 2070 2071
f 1998 2071 1999
f 1999 2071 2072
f 1999 2072 2000
f 2000 2072 2073
f 2000 2073 2001
f 2001 2073 2074
f 2001 2074 2002
f 2002 2074 2075
f 2002 2075 2003
f 2003 2075 2076
f 2003 2076 2004
f 2004 2076 2077
f 2004 2077 2005
f 2005 2077 2078
f 2005 2078 2006
f 2006 2078 2079
f 2006 2079 2007
f 2007 2079 2080
f 2007 2080 2008
f 2008 2080 2081
f 2008 2081 2009
f 2009 2081 2082
f 2009 2082 2010
f 2010 2082 2083
f 2010 2083 2011
f 2011 2083 2084
f 2011 2084 2012
f 2012 2084 2085
f 2012 2085 2013
f 2013 2085 2086
f 2013 2086 2014
f 2014 2086 2087
f 2014 2087 2015
f 2015 2087 2088
f 2015 2088 2016
f 2016 2088 2089
f 2016 2089 2017
f 2017 2089 2090
f 2017 2090 2018
f 2018 2090 2091
f 2018 2091 2019
f 2019 2091 2092
f 2019 2092 2020
f 2020 2092 2093
f 2020 2093 2021
f 2021 2093 2094
f 2021 2094 2022
f 2022 2094 2095
f 2022 2095 2023
f 2023 2095 2096
f 2023 2096 2024
f 2024 2096 2097
f 2024 2097 2025
f 2025 2097 2098
f 2025 2098 2026
f 2026 2098 2099
f 2026 2099 2027
f 2027 2099 2100
f 2027 2100 2028
f 2028 2100 2101
f 2028 2101 2029
f 2029 2101 2102
f 2029 2102 2030
f 2030 2102 2103
f 2030 2103 2031
f 2031 2103 2104
f 2031 2104 2032
f 2032 2104 2105
f 2032 2105 2033
f 2033 2105 2106
f 2033 2106 2034
f 2034 2106 2107
f 2034 2107 2035
f 2035 2107 2108
f 2035 2108 2036
f 2036 2108 2109
f 2036 2109 2037
f 2037 2109 2110
f 2037 2110 2038
f 2038 2110 2111
f 2038 2111 2039
f 2039 2111 2112
f 2039 2112 2040
f 2040 2112 2113
f 2040 2113 2041
f 2041 2113 2114
f 2041 2114 2042
f 2042 2114 2115
f 2042 2115 2043
f 2043 2115 2116
f 2043 2116 2044
f 2044 2116 2117
f 2044 2117 1972
f 1972 2117 2045
f 2045 2118 2046
f 2046 2118 2119
f 2046 2119 2047
f 2047 2119 2120
f 2047 2120 2048
f 2048 2120 2121
f 2048 2121 2049
f 2049 2121 2122
f 2049 2122 2050
f 2050 2122 2123
f 2050 2123 2051
f 2051 2123 2124
f 2051 2124 2052
f 2052 2124 2125
f 2052 2125 2053
f 2053 2125 2126
f 2053 2126 2054
f 2054 2126 2127
f 2054 2127 2055
f 2055 2127 2128
f 2055 2128 2056
f 2056 2128 2129
f 2056 2129 2057
f 2057 2129 2130
f 2057 2130 2058
f 2058 2130 2131
f 2058 2131 2059
f 2059 2131 2132
f 2059 2132 2060
f 2060 2132 2133
f 2060 2133 2061
f 2061 2133 2134
f 2061 2134 2062
f 2062 2134 2135
f 2062 2135 2063
f 2063 2135 2136
f 2063 2136 2064
f 2064 2136 2137
f 2064 2137 2065
f 2065 2137 2138
f 2065 2138 2066
f 2066 2138 2139
f 2066 2139 2067
f 2067 2139 2140
f 2067 2140 2068
f 2068 2140 2141
f 2068 2141 2069
f 2069 2141 2142
f 2069 2142 2070
f 2070 2142 2143
f 2070 2143 2071
f 2071 2143 2144
f 2071 2144 2072
f 2072 2144 2145
f 2072 2145 2073
f 2073 2145 2146
f 2073 2146 2074
f 2074 2146 2147
f 2074 2147 2075
f 2075 2147 2148
f 2075 2148 2076
f 2076 2148 2149
f 2076 2149 2077
f 2077 2149 2150
f 2077 2150 2078
f 2078 2150 2151
f 2078 2151 2079
f 2079 2151 2152
f 2079 2152 2080
f 2080 2152 2153
f 2080 2153 2081
f 2081 2153 2154
f 2081 2154 2082
f 2082 2154 2155
f 2082 2155 2083
f 2083 2155 2156
f 2083 2156 2084
f 2084 2156 2157
f 2084 2157 2085
f 2085 2157 2158
f 2085 2158 2086
f 2086 2158 2159
f 2086 2159 2087
f 2087 2159 2160
f 2087 2160 2088
f 2088 2160 2161
f 2088 2161 2089
f 2089 2161 2162
f 2089 2162 2090
f 2090 2162 2163
f 2090 2163 2091
f 2091 2163 2164
f 2091 2164 2092
f 2092 2164 2165
f 2092 2165 2093
f 2093 2165 2166
f 2093 2166 2094
f 2094 2166 2167
f 2094 2167 2095
f 2095 2167 2168
f 2095 2168 2096
f 2096 2168 2169
f 2096 2169 2097
f 2097 2169 2170
f 2097 2170 2098
f 2098 2170 2171
f 2098 2171 2099
f 2099 2171 2172
f 2099 2172 2100
f 2100 2172 2173
f 2100 2173 2101
f 2101 2173 2174
f 2101 2174 2102
f 2102 2174 2175
f 2102 2175 2103
f 2103 2175 2176
f 2103 2176 2104
f 2104 2176 2177
f 2104 2177 2105
f 2105 2177 2178
f 2105 2178 2106
f 2106 2178 2179
f 2106 2179 2107
f 2107 2179 2180
f 2107 2180 2108
f 2108 2180 2181
f 2108 2181 2109
f 2109 2181 2182
f 2109 2182 2110
f 2110 2182 2183
f 2110 2183 2111
f 2111 2183 2184
f 2111 2184 2112
f 2112 2184 2185
f 2112 2185 2113
f 2113 2185 2186
f 2113 2186 2114
f 2114 2186 2187
f 2114 2187 2115
f 2115 2187 2188
f 2115 2188 2116
f 2116 2188 2189
f 2116 2189 2117
f 2117 2189 2190
f 2117 2190 2045
f 2045 2190 2118
f 2118 2191 2119
f 2119 2191 2192
f 2119 2192 2120
f 2120 2192 2193
f 2120 2193 2121
f 2121 2193 2194
f 2121 2194 2122
f 2122 2194 2195
f 2122 2195 2123
f 2123 2195 2196
f 2123 2196 2124
f 2124 2196 2197
f 2124 2197 2125
f 2125 2197 2198
f 2125 2198 2126
f 2126 2198 2199
f 2126 2199 2127
f 2127 2199 2200
f 2127 2200 2128
f 2128 2200 2201
f 2128 2201 2129
f 2129 2201 2202
f 2129 2202 2130
f 2130 2202 2203
f 2130 2203 2131
f 2131 2203 2204
f 2131 2204 2132
f 2132 2204 2205
f 2132 2205 2133
f 2133 2205 2206
f 2133 2206 2134
f 2134 2206 2207
f 2134 2207 2135
f 2135 2207 2208
f 2135 2208 2136
f 2136 2208 2209
f 2136 2209 2137
f 2137 2209 2210
f 2137 2210 2138
f 2138 2210 2211
f 2138 2211 2139
f 2139 2211 2212
f 2139 2212 2140
f 2140 2212 2213
f 2140 2213 2141
f 2141 2213 2214
f 2141 2214 2142
f 2142 2214 2215
f 2142 2215 2143
f 2143 2215 2216
f 2143 2216 2144
f 2144 2216 2217
f 2144 2217 2145
f 2145 2217 2218
f 2145 2218 2146
f 2146 2218 2219
f 2146 2219 2147
f 2147 2219 2220
f 2147 2220 2148
f 2148 2220 2221
f 2148 2221 2149
f 2149 2221 2222
f 2149 2222 2150
f 2150 2222 2223
f 2150 2223 2151
f 2151 2223 2224
f 2151 2224 2152
f 2152 2224 2225
f 2152 2225 2153
f 2153 2225 2226
f 2153 2226 2154
f 2154 2226 2227
f 2154 2227 2155
f 2155 2227 2228
f 2155 2228 2156
f 2156 2228 2229
f 2156 2229 2157
f 2157 2229 2230
f 2157 2230 2158
f 2158 2230 2231
f 2158 2231 2159
f 2159 2231 2232
f 2159 2232 2160
f 2160 2232 2233
f 2160 2233 2161
f 2161 2233 2234
f 2161 2234 2162
f 2162 2234 2235
f 2162 2235 2163
f 2163 2235 2236
f 2163 2236 2164
f 2164 2236 2237
f 2164 2237 2165
f 2165 2237 2238
f 2165 2238 2166
f 2166 2238 2239
f 2166 2239 2167
f 2167 2239 2240
f 2167 2240 2168
f 2168 2240 2241
f 2168 2241 2169
f 2169 2241 2242
f 2169 2242 2170
f 2170 2242 2243
f 2170 2243 2171
f 2171 2243 2244
f 2171 2244 2172
f 2172 2244 2245
f 2172 2245 2173
f 2173 2245 2246
f 2173 2246 2174
f 2174 2246 2247
f 2174 2247 2175
f 2175 2247 2248
f 2175 2248 2176
f 2176 2248 2249
f 2176 2249 2177
f 2177 2249 2250
f 2177 2250 2178
f 2178 2250 2251
f 2178 2251 2179
f 2179 2251 2252
f 2179 2252 2180
f 2180 2252 2253
f 2180 2253 2181
f 2181 2253 2254
f 2181 2254 2182
f 2182 2254 2255
f 2182 2255 2183
f 2183 2255 2256
f 2183 2256 2184
f 2184 2256 2257
f 2184 2257 2185
f 2185 2257 2258
f 2185 2258 2186
f 2186 2258 2259
f 2186 2259 2187
f 2187 2259 2260
f 2187 2260 2188
f 2188 2260 2261
f 2188 2261 2189
f 2189 2261 2262
f 2189 2262 2190
f 2190 2262 2263
f 2190 2263 2118
f 2118 2263 2191
f 2191 2264 2192
f 2192 2264 2265
f 2192 2265 2193
f 2193 2265 2266
f 2193 2266 2194
f 2194 2266 2267
f 2194 2267 2195
f 2195 2267 2268
f 2195 2268 2196
f 2196 2268 2269
f 2196 2269 2197
f 2197 2269 2270
f 2197 2270 2198
f 2198 2270 2271
f 2198 2271 2199
f 2199 2271 2272
f 2199 2272 2200
f 2200 2272 2273
f 2200 2273 2201
f 2201 2273 2274
f 2201 2274 2202
f 2202 2274 2275
f 2202 2275 2203
f 2203 2275 2276
f 2203 2276 2204
f 2204 2276 2277
f 2204 2277 2205
f 2205 2277 2278
f 2205 2278 2206
f 2206 2278 2279
f 2206 2279 2207
f 2207 2279 2280
f 2207 2280 2208
f 2208 2280 2281
f 2208 2281 2209
f 2209 2281 2282
f 2209 2282 2210
f 2210 2282 2283
f 2210 2283 2211
f 2211 2283 2284
f 2211 2284 2212
f 2212 2284 2285
f 2212 2285 2213
f 2213 2285 2286
f 2213 2286 2214
f 2214 2286 2287
f 2214 2287 2215
f 2215 2287 2288
f 2215 2288 2216
f 2216 2288 2289
f 2216 2289 2217
f 2217 2289 2290
f 2217 2290 2218
f 2218 2290 2291
f 2218 2291 2219
f 2219 2291 2292
f 2219 2292 2220
f 2220 2292 2293
f 2220 2293 2221
f 2221 2293 2294
f 2221 2294 2222
f 2222 2294 2295
f 2222 2295 2223
f 2223 2295 2296
f 2223 2296 2224
f 2224 2296 2297
f 2224 2297 2225
f 2225 2297 2298
f 2225 2298 2226
f 2226 2298 2299
f 2226 2299 2227
f 2227 2299 2300
f 2227 2300 2228
f 2228 2300 2301
f 2228 2301 2229
f 2229 2301 2302
f 2229 2302 2230
f 2230 2302 2303
f 2230 2303 2231
f 2231 2303 2304
f 2231 2304 2232
f 2232 2304 2305
f 2232 2305 2233
f 2233 2305 2306
f 2233 2306 2234
f 2234 2306 2307
f 2234 2307 2235
f 2235 2307 2308
f 2235 2308 2236
f 2236 2308 2309
f 2236 2309 2237
f 2237 2309 2310
f 2237 2310 2238
f 2238 2310 2311
f 2238 2311 2239
f 2239 2311 2312
f 2239 2312 2240
f 2240 2312 2313
f 2240 2313 2241
f 2241 2313 2314
f 2241 2314 2242
f 2242 2314 2315
f 2242 2315 2243
f 2243 2315 2316
f 2243 2316 2244
f 2244 2316 2317
f 2244 2317 2245
f 2245 2317 2318
f 2245 2318 2246
f 2246 2318 2319
f 2246 2319 2247
f 2247 2319 2320
f 2247 2320 2248
f 2248 2320 2321
f 2248 2321 2249
f 2249 2321 2322
f 2249 2322 2250
f 2250 2322 2323
f 2250 2323 2251
f 2251 2323 2324
f 2251 2324 2252
f 2252 2324 2325
f 2252 2325 2253
f 2253 2325 2326
f 2253 2326 2254
f 2254 2326 2327
f 2254 2327 2255
f 2255 2327 2328
f 2255 2328 2256
f 2256 2328 2329
f 2256 2329 2257
f 2257 2329 2330
f 2257 2330 2258
f 2258 2330 2331
f 2258 2331 2259
f 2259 2331 2332
f 2259 2332 2260
f 2260 2332 2333
f 2260 2333 2261
f 2261 2333 2334
f 2261 2334 2262
f 2262 2334 2335
f 2262 2335 2263
f 2263 2335 2336
f 2263 2336 2191
f 2191 2336 2264
f 2264 2337 2265
f 2265 2337 2338
f 2265 2338 2266
f 2266 2338 2339
f 2266 2339 2267
f 2267 2339 2340
f 2267 2340 2268
f 2268 2340 2341
f 2268 2341 2269
f 2269 2341 2342
f 2269 2342 2270
f 2270 2342 2343
f 2270 2343 2271
f 2271 2343 2344
f 2271 2344 2272
f 2272 2344 2345
f 2272 2345 2273
f 2273 2345 2346
f 2273 2346 2274
f 2274 2346 2347
f 2274 2347 2275
f 2275 2347 2348
f 2275 2348 2276
f 2276 2348 2349
f 2276 2349 2277
f 2277 2349 2350
f 2277 2350 2278
f 2278 2350 2351
f 2278 2351 2279
f 2279 2351 2352
f 2279 2352 2280
f 2280 2352 2353
f 2280 2353 2281
f 2281 2353 2354
f 2281 2354 2282
f 2282 2354 2355
f 2282 2355 2283
f 2283 2355 2356
f 2283 2356 2284
f 2284 2356 2357
f 2284 2357 2285
f 2285 2357 2358
f 2285 2358 2286
f 2286 2358 2359
f 2286 2359 2287
f 2287 2359 2360
f 2287 2360 2288
f 2288 2360 2361
f 2288 2361 2289
f 2289 2361 2362
f 2289 2362 2290
f 2290 2362 2363
f 2290 2363 2291
f 2291 2363 2364
f 2291 2364 2292
f 2292 2364 2365
f 2292 2365 2293
f 2293 2365 2366
f 2293 2366 2294
f 2294 2366 2367
f 2294 2367 2295
f 2295 2367 2368
f 2295 2368 2296
f 2296 2368 2369
f 2296 2369 2297
f 2297 2369 2370
f 2297 2370 2298
f 2298 2370 2371
f 2298 2371 2299
f 2299 2371 2372
f 2299 2372 2300
f 2300 2372 2373
f 2300 2373 2301
f 2301 2373 2374
f 2301 2374 2302
f 2302 2374 2375
f 2302 2375 2303
f 2303 2375 2376
f 2303 2376 2304
f 2304 2376 2377
f 2304 2377 2305
f 2305 2377 2378
f 2305 2378 2306
f 2306 2378 2379
f 2306 2379 2307
f 2307 2379 2380
f 2307 2380 2308
f 2308 2380 2381
f 2308 2381 2309
f 2309 2381 2382
f 2309 2382 2310
f 2310 2382 2383
f 2310 2383 2311
f 2311 2383 2384
f 2311 2384 2312
f 2312 2384 2385
f 2312 2385 2313
f 2313 2385 2386
f 2313 2386 2314
f 2314 2386 2387
f 2314 2387 2315
f 2315 2387 2388
f 2315 2388 2316
f 2316 2388 2389
f 2316 2389 2317
f 2317 2389 2390
f 2317 2390 2318
f 2318 2390 2391
f 2318 2391 2319
f 2319 2391 2392
f 2319 2392 2320
f 2320 2392 2393
f 2320 2393 2321
f 2321 2393 2394
f 2321 2394 2322
f 2322 2394 2395
f 2322 2395 2323
f 2323 2395 2396
f 2323 2396 2324
f 2324 2396 2397
f 2324 2397 2325
f 2325 2397 2398
f 2325 2398 2326
f 2326 2398 2399
f 2326 2399 2327
f 2327 2399 2400
f 2327 2400 2328
f 2328 2400 2401
f 2328 2401 2329
f 2329 2401 2402
f 2329 2402 2330
f 2330 2402 2403
f 2330 2403 2331
f 2331 2403 2404
f 2331 2404 2332
f 2332 2404 2405
f 2332 2405 2333
f 2333 2405 2406
f 2333 2406 2334
f 2334 2406 2407
f 2334 2407 2335
f 2335 2407 2408
f 2335 2408 2336
f 2336 2408 2409
f 2336 2409 2264
f 2264 2409 2337
f 2337 2410 2338
f 2338 2410 2411
f 2338 2411 2339
f 2339 2411 2412
f 2339 2412 2340
f 2340 2412 2413
f 2340 2413 2341
f 2341 2413 2414
f 2341 2414 2342
f 2342 2414 2415
f 2342 2415 2343
f 2343 2415 2416
f 2343 2416 2344
f 2344 2416 2417
f 2344 2417 2345
f 2345 2417 2418
f 2345 2418 2346
f 2346 2418 2419
f 2346 2419 2347
f 2347 2419 2420
f 2347 2420 2348
f 2348 2420 2421
f 2348 2421 2349
f 2349 2421 2422
f 2349 2422 2350
f 2350 2422 2423
f 2350 2423 2351
f 2351 2423 2424
f 2351 2424 2352
f 2352 2424 2425
f 2352 2425 2353
f 2353 2425 2426
f 2353 2426 2354
f 2354 2426 2427
f 2354 2427 2355
f 2355 2427 2428
f 2355 2428 2356
f 2356 2428 2429
f 2356 2429 2357
f 2357 2429 2430
f 2357 2430 2358
f 2358 2430 2431
f 2358 2431 2359
f 2359 2431 2432
f 2359 2432 2360
f 2360 2432 2433
f 2360 2433 2361
f 2361 2433 2434
f 2361 2434 2362
f 2362 2434 2435
f 2362 2435 2363
f 2363 2435 2436
f 2363 2436 2364
f 2364 2436 2437
f 2364 2437 2365
f 2365 2437 2438
f 2365 2438 2366
f 2366 2438 2439
f 2366 2439 2367
f 2367 2439 2440
f 2367 2440 2368
f 2368 2440 2441
f 2368 2441 2369
f 2369 2441 2442
f 2369 2442 2370
f 2370 2442 2443
f 2370 2443 2371
f 2371 2443 2444
f 2371 2444 2372
f 2372 2444 2445
f 2372 2445 2373
f 2373 2445 2446
f 2373 2446 2374
f 2374 2446 2447
f 2374 2447 2375
f 2375 2447 2448
f 2375 2448 2376
f 2376 2448 2449
f 2376 2449 2377
f 2377 2449 2450
f 2377 2450 2378
f 2378 2450 2451
f 2378 2451 2379
f 2379 2451 2452
f 2379 2452 2380
f 2380 2452 2453
f 2380 2453 2381
f 2381 2453 2454
f 2381 2454 2382
f 2382 2454 2455
f 2382 2455 2383
f 2383 2455 2456
f 2383 2456 2384
f 2384 2456 2457
f 2384 2457 2385
f 2385 2457 2458
f 2385 2458 2386
f 2386 2458 2459
f 2386 2459 2387
f 2387 2459 2460
f 2387 2460 2388
f 2388 2460 2461
f 2388 2461 2389
f 2389 2461 2462
f 2389 2462 2390
f 2390 2462 2463
f 2390 2463 2391
f 2391 2463 2464
f 2391 2464 2392
f 2392 2464 2465
f 2392 2465 2393
f 2393 2465 2466
f 2393 2466 2394
f 2394 2466 2467
f 2394 2467 2395
f 2395 2467 2468
f 2395 2468 2396
f 2396 2468 2469
f 2396 2469 2397
f 2397 2469 2470
f 2397 2470 2398
f 2398 2470 2471
f 2398 2471 2399
f 2399 2471 2472
f 2399 2472 2400
f 2400 2472 2473
f 2400 2473 2401
f 2401 2473 2474
f 2401 2474 2402
f 2402 2474 2475
f 2402 2475 2403
f 2403 2475 2476
f 2403 2476 2404
f 2404 2476 2477
f 2404 2477 2405
f 2405 2477 2478
f 2405 2478 2406
f 2406 2478 2479
f 2406 2479 2407
f 2407 2479 2480
f 2407 2480 2408
f 2408 2480 2481
f 2408 2481 2409
f 2409 2481 2482
f 2409 2482 2337
f 2337 2482 2410
f 2410 2483 2411
f 2411 2483 2484
f 2411 2484 2412
f 2412 2484 2485
f 2412 2485 2413
f 2413 2485 2486
f 2413 2486 2414
f 2414 2486 2487
f 2414 2487 2415
f 2415 2487 2488
f 2415 2488 2416
f 2416 2488 2489
f 2416 2489 2417
f 2417 2489 2490
f 2417 2490 2418
f 2418 2490 2491
f 2418 2491 2419
f 2419 2491 2492
f 2419 2492 2420
f 2420 2492 2493
f 2420 2493 2421
f 2421 2493 2494
f 2421 2494 2422
f 2422 2494 2495
f 2422 2495 2423
f 2423 2495 2496
f 2423 2496 2424
f 2424 2496 2497
f 2424 2497 2425
f 2425 2497 2498
f 2425 2498 2426
f 2426 2498 2499
f 2426 2499 2427
f 2427 2499 2500
f 2427 2500 2428
f 2428 2500 2501
f 2428 2501 2429
f 2429 2501 2502
f 2429 2502 2430
f 2430 2502 2503
f 2430 2503 2431
f 2431 2503 2504
f 2431 2504 2432
f 2432 2504 2505
f 2432 2505 2433
f 2433 2505 2506
f 2433 2506 2434
f 2434 2506 2507
f 2434 2507 2435
f 2435 2507 2508
f 2435 2508 2436
f 2436 2508 2509
f 2436 2509 2437
f 2437 2509 2510
f 2437 2510 2438
f 2438 2510 2511
f 2438 2511 2439
f 2439 2511 2512
f 2439 2512 2440
f 2440 2512 2513
f 2440 2513 2441
f 2441 2513 2514
f 2441 2514 2442
f 2442 2514 2515
f 2442 2515 2443
f 2443 2515 2516
f 2443 2516 2444
f 2444 2516 2517
f 2444 2517 2445
f 2445 2517 2518
f 2445 2518 2446
f 2446 2518 2519
f 2446 2519 2447
f 2447 2519 2520
f 2447 2520 2448
f 2448 2520 2521
f 2448 2521 2449
f 2449 2521 2522
f 2449 2522 2450
f 2450 2522 2523
f 2450 2523 2451
f 2451 2523 2524
f 2451 2524 2452
f 2452 2524 2525
f 2452 2525 2453
f 2453 2525 2526
f 2453 2526 2454
f 2454 2526 2527
f 2454 2527 2455
f 2455 2527 2528
f 2455 2528 2456
f 2456 2528 2529
f 2456 2529 2457
f 2457 2529 2530
f 2457 2530 2458
f 2458 2530 2531
f 2458 2531 2459
f 2459 2531 2532
f 2459 2532 2460
f 2460 2532 2533
f 2460 2533 2461
f 2461 2533 2534
f 2461 2534 2462
f 2462 2534 2535
f 2462 2535 2463
f 2463 2535 2536
f 2463 2536 2464
f 2464 2536 2537
f 2464 2537 2465
f 2465 2537 2538
f 2465 2538 2466
f 2466 2538 2539
f 2466 2539 2467
f 2467 2539 2540
f 2467 2540 2468
f 2468 2540 2541
f 2468 2541 2469
f 2469 2541 2542
f 2469 2542 2470
f 2470 2542 2543
f 2470 2543 2471
f 2471 2543 2544
f 2471 2544 2472
f 2472 2544 2545
f 2472 2545 2473
f 2473 2545 2546
f 2473 2546 2474
f 2474 2546 2547
f 2474 2547 2475
f 2475 2547 2548
f 2475 2548 2476
f 2476 2548 2549
f 2476 2549 2477
f 2477 2549 2550
f 2477 2550 2478
f 2478 2550 2551
f 2478 2551 2479
f 2479 2551 2552
f 2479 2552 2480
f 2480 2552 2553
f 2480 2553 2481
f 2481 2553 2554
f 2481 2554 2482
f 2482 2554 2555
f 2482 2555 2410
f 2410 2555 2483
f 2483 2556 2484
f 2484 2556 2557
f 2484 2557 2485
f 2485 2557 2558
f 2485 2558 2486
f 2486 2558 2559
f 2486 2559 2487
f 2487 2559 2560
f 2487 2560 2488
f 2488 2560 2561
f 2488 2561 2489
f 2489 2561 2562
f 2489 2562 2490
f 2490 2562 2563
f 2490 2563 2491
f 2491 2563 2564
f 2491 2564 2492
f 2492 2564 2565
f 2492 2565 2493
f 2493 2565 2566
f 2493 2566 2494
f 2494 2566 2567
f 2494 2567 2495
f 2495 2567 2568
f 2495 2568 2496
f 2496 2568 2569
f 2496 2569 2497
f 2497 2569 2570
f 2497 2570 2498
f 2498 2570 2571
f 2498 2571 2499
f 2499 2571 2572
f 2499 2572 2500
f 2500 2572 2573
f 2500 2573 2501
f 2501 2573 2574
f 2501 2574 2502
f 2502 2574 2575
f 2502 2575 2503
f 2503 2575 2576
f 2503 2576 2504
f 2504 2576 2577
f 2504 2577 2505
f 2505 2577 2578
f 2505 2578 2506
f 2506 2578 2579
f 2506 2579 2507
f 2507 2579 2580
f 2507 2580 2508
f 2508 2580 2581
f 2508 2581 2509
f 2509 2581 2582
f 2509 2582 2510
f 2510 2582 2583
f 2510 2583 2511
f 2511 2583 2584
f 2511 2584 2512
f 2512 2584 2585
f 2512 2585 2513
f 2513 2585 2586
f 2513 2586 2514
f 2514 2586 2587
f 2514 2587 2515
f 2515 2587 2588
f 2515 2588 2516
f 2516 2588 2589
f 2516 2589 2517
f 2517 2589 2590
f 2517 2590 2518
f 2518 2590 2591
f 2518 2591 2519
f 2519 2591 2592
f 2519 2592 2520
f 2520 2592 2593
f 2520 2593 2521
f 2521 2593 2594
f 2521 2594 2522
f 2522 2594 2595
f 2522 2595 2523
f 2523 2595 2596
f 2523 2596 2524
f 2524 2596 2597
f 2524 2597 2525
f 2525 2597 2598
f 2525 2598 2526
f 2526 2598 2599
f 2526 2599 2527
f 2527 2599 2600
f 2527 2600 2528
f 2528 2600 2601
f 2528 2601 2529
f 2529 2601 2602
f 2529 2602 2530
f 2530 2602 2603
f 2530 2603 2531
f 2531 2603 2604
f 2531 2604 2532
f 2532 2604 2605
f 2532 2605 2533
f 2533 2605 2606
f 2533 2606 2534
f 2534 2606 2607
f 2534 2607 2535
f 2535 2607 2608
f 2535 2608 2536
f 2536 2608 2609
f 2536 2609 2537
f 2537 2609 2610
f 2537 2610 2538
f 2538 2610 2611
f 2538 2611 2539
f 2539 2611 2612
f 2539 2612 2540
f 2540 2612 2613
f 2540 2613 2541
f 2541 2613 2614
f 2541 2614 2542
f 2542 2614 2615
f 2542 2615 2543
f 2543 2615 2616
f 2543 2616 2544
f 2544 2616 2617
f 2544 2617 2545
f 2545 2617 2618
f 2545 2618 2546
f 2546 2618 2619
f 2546 2619 2547
f 2547 2619 2620
f 2547 2620 2548
f 2548 2620 2621
f 2548 2621 2549
f 2549 2621 2622
f 2549 2622 2550
f 2550 2622 2623
f 2550 2623 2551
f 2551 2623 2624
f 2551 2624 2552
f 2552 2624 2625
f 2552 2625 2553
f 2553 2625 2626
f 2553 2626 2554
f 2554 2626 2627
f 2554 2627 2555
f 2555 2627 2628
f 2555 2628 2483
f 2483 2628 2556
f 2556 2629 2557
f 2557 2629 2630
f 2557 2630 2558
f 2558 2630 2631
f 2558 2631 2559
f 2559 2631 2632
f 2559 2632 2560
f 2560 2632 2633
f 2560 2633 2561
f 2561 2633 2634
f 2561 2634 2562
f 2562 2634 2635
f 2562 2635 2563
f 2563 2635 2636
f 2563 2636 2564
f 2564 2636 2637
f 2564 2637 2565
f 2565 2637 2638
f 2565 2638 2566
f 2566 2638 2639
f 2566 2639 2567
f 2567 2639 2640
f 2567 2640 2568
f 2568 2640 2641
f 2568 2641 2569
f 2569 2641 2642
f 2569 2642 2570
f 2570 2642 2643
f 2570 2643 2571
f 2571 2643 2644
f 2571 2644 2572
f 2572 2644 2645
f 2572 2645 2573
f 2573 2645 2646
f 2573 2646 2574
f 2574 2646 2647
f 2574 2647 2575
f 2575 2647 2648
f 2575 2648 2576
f 2576 2648 2649
f 2576 2649 2577
f 2577 2649 2650
f 2577 2650 2578
f 2578 2650 2651
f 2578 2651 2579
f 2579 2651 2652
f 2579 2652 2580
f 2580 2652 2653
f 2580 2653 2581
f 2581 2653 2654
f 2581 2654 2582
f 2582 2654 2655
f 2582 2655 2583
f 2583 2655 2656
f 2583 2656 2584
f 2584 2656 2657
f 2584 2657 2585
f 2585 2657 2658
f 2585 2658 2586
f 2586 2658 2659
f 2586 2659 2587
f 2587 2659 2660
f 2587 2660 2588
f 2588 2660 2661
f 2588 2661 2589
f 2589 2661 2662
f 2589 2662 2590
f 2590 2662 2663
f 2590 2663 2591
f 2591 2663 2664
f 2591 2664 2592
f 2592 2664 2665
f 2592 2665 2593
f 2593 2665 2666
f 2593 2666 2594
f 2594 2666 2667
f 2594 2667 2595
f 2595 2667 2668
f 2595 2668 2596
f 2596 2668 2669
f 2596 2669 2597
f 2597 2669 2670
f 2597 2670 2598
f 2598 2670 2671
f 2598 2671 2599
f 2599 2671 2672
f 2599 2672 2600
f 2600 2672 2673
f 2600 2673 2601
f 2601 2673 2674
f 2601 2674 2602
f 2602 2674 2675
f 2602 2675 2603
f 2603 2675 2676
f 2603 2676 2604
f 2604 2676 2677
f 2604 2677 2605
f 2605 2677 2678
f 2605 2678 2606
f 2606 2678 2679
f 2606 2679 2607
f 2607 2679 2680
f 2607 2680 2608
f 2608 2680 2681
f 2608 2681 2609
f 2609 2681 2682
f 2609 2682 2610
f 2610 2682 2683
f 2610 2683 2611
f 2611 2683 2684
f 2611 2684 2612
f 2612 2684 2685
f 2612 2685 2613
f 2613 2685 2686
f 2613 2686 2614
f 2614 2686 2687
f 2614 2687 2615
f 2615 2687 2688
f 2615 2688 2616
f 2616 2688 2689
f 2616 2689 2617
f 2617 2689 2690
f 2617 2690 2618
f 2618 2690 2691
f 2618 2691 2619
f 2619 2691 2692
f 2619 2692 2620
f 2620 2692 2693
f 2620 2693 2621
f 2621 2693 2694
f 2621 2694 2622
f 2622 2694 2695
f 2622 2695 2623
f 2623 2695 2696
f 2623 2696 2624
f 2624 2696 2697
f 2624 2697 2625
f 2625 2697 2698
f 2625 2698 2626
f 2626 2698 2699
f 2626 2699 2627
f 2627 2699 2700
f 2627 2700 2628
f 2628 2700 2701
f 2628 2701 2556
f 2556 2701 2629
