# Plate-preserving conversion from a NASA PDS VRML 2 shape model
# source /var/folders/1d/8mhxhkdj2n319hrdpdvy5r940000gn/T/tmp.vO2AIgIASu/tempel1.wrl
v 0.0000 0.0000 -2.1632
v 0.0755 -0.0026 -2.1637
v 0.0754 -0.0053 -2.1636
v 0.0751 -0.0079 -2.1635
v 0.0748 -0.0105 -2.1634
v 0.0744 -0.0131 -2.1633
v 0.0739 -0.0157 -2.1632
v 0.0733 -0.0183 -2.1631
v 0.0726 -0.0208 -2.1630
v 0.0718 -0.0233 -2.1619
v 0.0709 -0.0258 -2.1617
v 0.0700 -0.0283 -2.1616
v 0.0690 -0.0307 -2.1614
v 0.0678 -0.0331 -2.1612
v 0.0666 -0.0354 -2.1611
v 0.0654 -0.0377 -2.1610
v 0.0640 -0.0400 -2.1608
v 0.0626 -0.0422 -2.1607
v 0.0610 -0.0443 -2.1605
v 0.0594 -0.0464 -2.1604
v 0.0578 -0.0485 -2.1603
v 0.0561 -0.0505 -2.1602
v 0.0543 -0.0524 -2.1600
v 0.0524 -0.0543 -2.1599
v 0.0505 -0.0560 -2.1598
v 0.0485 -0.0578 -2.1597
v 0.0464 -0.0594 -2.1596
v 0.0443 -0.0610 -2.1595
v 0.0422 -0.0625 -2.1594
v 0.0400 -0.0639 -2.1593
v 0.0377 -0.0653 -2.1593
v 0.0354 -0.0666 -2.1592
v 0.0331 -0.0678 -2.1592
v 0.0307 -0.0689 -2.1591
v 0.0282 -0.0699 -2.1591
v 0.0258 -0.0708 -2.1590
v 0.0233 -0.0717 -2.1590
v 0.0208 -0.0725 -2.1590
v 0.0182 -0.0732 -2.1590
v 0.0157 -0.0737 -2.1590
v 0.0131 -0.0742 -2.1590
v 0.0105 -0.0747 -2.1590
v 0.0079 -0.0750 -2.1590
v 0.0053 -0.0752 -2.1591
v 0.0026 -0.0754 -2.1591
v 0.0000 -0.0754 -2.1592
v -0.0026 -0.0754 -2.1593
v -0.0053 -0.0752 -2.1594
v -0.0079 -0.0750 -2.1594
v -0.0105 -0.0747 -2.1596
v -0.0131 -0.0743 -2.1597
v -0.0157 -0.0738 -2.1598
v -0.0182 -0.0732 -2.1600
v -0.0208 -0.0725 -2.1602
v -0.0233 -0.0717 -2.1603
v -0.0258 -0.0709 -2.1605
v -0.0283 -0.0700 -2.1607
v -0.0307 -0.0689 -2.1609
v -0.0331 -0.0678 -2.1611
v -0.0354 -0.0666 -2.1613
v -0.0377 -0.0654 -2.1615
v -0.0400 -0.0640 -2.1617
v -0.0422 -0.0626 -2.1620
v -0.0444 -0.0611 -2.1641
v -0.0465 -0.0596 -2.1642
v -0.0486 -0.0579 -2.1644
v -0.0506 -0.0562 -2.1646
v -0.0525 -0.0544 -2.1648
v -0.0544 -0.0525 -2.1649
v -0.0562 -0.0506 -2.1651
v -0.0579 -0.0486 -2.1653
v -0.0596 -0.0466 -2.1655
v -0.0612 -0.0445 -2.1657
v -0.0627 -0.0423 -2.1661
v -0.0642 -0.0401 -2.1662
v -0.0655 -0.0378 -2.1666
v -0.0668 -0.0355 -2.1668
v -0.0680 -0.0332 -2.1670
v -0.0691 -0.0308 -2.1673
v -0.0702 -0.0284 -2.1674
v -0.0711 -0.0259 -2.1676
v -0.0720 -0.0234 -2.1677
v -0.0728 -0.0209 -2.1679
v -0.0735 -0.0183 -2.1680
v -0.0741 -0.0157 -2.1682
v -0.0746 -0.0131 -2.1683
v -0.0750 -0.0105 -2.1685
v -0.0753 -0.0079 -2.1686
v -0.0755 -0.0053 -2.1687
v -0.0757 -0.0026 -2.1689
v -0.0757 -0.0000 -2.1690
v -0.0757 0.0026 -2.1692
v -0.0756 0.0053 -2.1693
v -0.0753 0.0079 -2.1694
v -0.0750 0.0105 -2.1696
v -0.0746 0.0132 -2.1697
v -0.0741 0.0158 -2.1698
v -0.0735 0.0183 -2.1700
v -0.0728 0.0209 -2.1701
v -0.0721 0.0234 -2.1702
v -0.0712 0.0259 -2.1703
v -0.0703 0.0284 -2.1705
v -0.0692 0.0308 -2.1706
v -0.0681 0.0332 -2.1707
v -0.0669 0.0356 -2.1708
v -0.0657 0.0379 -2.1709
v -0.0643 0.0402 -2.1710
v -0.0629 0.0424 -2.1711
v -0.0613 0.0446 -2.1712
v -0.0597 0.0467 -2.1713
v -0.0581 0.0487 -2.1714
v -0.0563 0.0507 -2.1714
v -0.0545 0.0527 -2.1715
v -0.0527 0.0545 -2.1716
v -0.0507 0.0564 -2.1716
v -0.0487 0.0581 -2.1715
v -0.0467 0.0598 -2.1715
v -0.0446 0.0613 -2.1715
v -0.0424 0.0629 -2.1715
v -0.0402 0.0643 -2.1715
v -0.0379 0.0657 -2.1716
v -0.0356 0.0670 -2.1715
v -0.0332 0.0682 -2.1715
v -0.0308 0.0693 -2.1715
v -0.0284 0.0703 -2.1714
v -0.0259 0.0713 -2.1714
v -0.0234 0.0721 -2.1714
v -0.0209 0.0729 -2.1713
v -0.0183 0.0736 -2.1712
v -0.0158 0.0742 -2.1712
v -0.0132 0.0747 -2.1711
v -0.0106 0.0751 -2.1710
v -0.0079 0.0754 -2.1709
v -0.0053 0.0756 -2.1707
v -0.0026 0.0758 -2.1706
v -0.0000 0.0758 -2.1704
v 0.0026 0.0757 -2.1703
v 0.0053 0.0756 -2.1701
v 0.0079 0.0754 -2.1700
v 0.0105 0.0750 -2.1698
v 0.0132 0.0746 -2.1697
v 0.0158 0.0741 -2.1700
v 0.0183 0.0735 -2.1702
v 0.0209 0.0729 -2.1705
v 0.0234 0.0721 -2.1703
v 0.0259 0.0712 -2.1702
v 0.0284 0.0703 -2.1700
v 0.0308 0.0692 -2.1698
v 0.0332 0.0681 -2.1696
v 0.0356 0.0669 -2.1699
v 0.0379 0.0656 -2.1698
v 0.0401 0.0643 -2.1696
v 0.0424 0.0628 -2.1694
v 0.0445 0.0613 -2.1693
v 0.0466 0.0597 -2.1691
v 0.0487 0.0580 -2.1690
v 0.0507 0.0563 -2.1688
v 0.0526 0.0545 -2.1687
v 0.0545 0.0526 -2.1685
v 0.0563 0.0507 -2.1684
v 0.0580 0.0487 -2.1682
v 0.0597 0.0466 -2.1681
v 0.0612 0.0445 -2.1680
v 0.0628 0.0423 -2.1679
v 0.0642 0.0401 -2.1678
v 0.0656 0.0378 -2.1677
v 0.0668 0.0355 -2.1676
v 0.0680 0.0332 -2.1674
v 0.0691 0.0308 -2.1674
v 0.0702 0.0284 -2.1673
v 0.0711 0.0259 -2.1672
v 0.0720 0.0234 -2.1671
v 0.0727 0.0209 -2.1670
v 0.0734 0.0183 -2.1669
v 0.0740 0.0157 -2.1669
v 0.0745 0.0131 -2.1668
v 0.0749 0.0105 -2.1667
v 0.0752 0.0079 -2.1658
v 0.0754 0.0053 -2.1650
v 0.0755 0.0026 -2.1640
v 0.0756 0.0000 -2.1638
v 0.1510 -0.0053 -2.1610
v 0.1507 -0.0105 -2.1609
v 0.1503 -0.0158 -2.1609
v 0.1496 -0.0210 -2.1608
v 0.1488 -0.0262 -2.1608
v 0.1478 -0.0314 -2.1607
v 0.1466 -0.0366 -2.1607
v 0.1452 -0.0416 -2.1597
v 0.1436 -0.0467 -2.1589
v 0.1417 -0.0516 -2.1569
v 0.1398 -0.0565 -2.1566
v 0.1377 -0.0613 -2.1563
v 0.1355 -0.0661 -2.1560
v 0.1331 -0.0708 -2.1557
v 0.1305 -0.0754 -2.1554
v 0.1278 -0.0799 -2.1552
v 0.1249 -0.0843 -2.1549
v 0.1219 -0.0886 -2.1547
v 0.1187 -0.0928 -2.1544
v 0.1154 -0.0968 -2.1542
v 0.1119 -0.1008 -2.1540
v 0.1083 -0.1046 -2.1538
v 0.1046 -0.1083 -2.1536
v 0.1008 -0.1119 -2.1534
v 0.0968 -0.1153 -2.1532
v 0.0927 -0.1186 -2.1530
v 0.0885 -0.1218 -2.1528
v 0.0842 -0.1248 -2.1526
v 0.0798 -0.1276 -2.1525
v 0.0753 -0.1305 -2.1542
v 0.0707 -0.1330 -2.1541
v 0.0660 -0.1354 -2.1540
v 0.0613 -0.1376 -2.1539
v 0.0564 -0.1396 -2.1538
v 0.0515 -0.1415 -2.1537
v 0.0465 -0.1432 -2.1537
v 0.0415 -0.1448 -2.1537
v 0.0364 -0.1461 -2.1537
v 0.0313 -0.1473 -2.1538
v 0.0262 -0.1483 -2.1538
v 0.0210 -0.1491 -2.1538
v 0.0157 -0.1498 -2.1539
v 0.0105 -0.1503 -2.1540
v 0.0053 -0.1505 -2.1541
v 0.0000 -0.1506 -2.1542
v -0.0053 -0.1506 -2.1544
v -0.0105 -0.1503 -2.1546
v -0.0158 -0.1499 -2.1548
v -0.0210 -0.1492 -2.1551
v -0.0262 -0.1484 -2.1554
v -0.0313 -0.1474 -2.1557
v -0.0365 -0.1463 -2.1561
v -0.0416 -0.1450 -2.1565
v -0.0466 -0.1434 -2.1569
v -0.0516 -0.1418 -2.1582
v -0.0565 -0.1399 -2.1585
v -0.0614 -0.1379 -2.1590
v -0.0662 -0.1357 -2.1594
v -0.0709 -0.1334 -2.1598
v -0.0755 -0.1308 -2.1603
v -0.0801 -0.1281 -2.1607
v -0.0846 -0.1254 -2.1630
v -0.0890 -0.1225 -2.1647
v -0.0933 -0.1194 -2.1668
v -0.0974 -0.1161 -2.1670
v -0.1014 -0.1126 -2.1672
v -0.1053 -0.1090 -2.1675
v -0.1090 -0.1053 -2.1677
v -0.1126 -0.1014 -2.1672
v -0.1161 -0.0974 -2.1674
v -0.1194 -0.0933 -2.1676
v -0.1226 -0.0891 -2.1678
v -0.1257 -0.0848 -2.1679
v -0.1286 -0.0804 -2.1693
v -0.1314 -0.0758 -2.1694
v -0.1340 -0.0712 -2.1696
v -0.1364 -0.0665 -2.1702
v -0.1387 -0.0617 -2.1705
v -0.1408 -0.0569 -2.1710
v -0.1427 -0.0519 -2.1712
v -0.1444 -0.0469 -2.1714
v -0.1460 -0.0419 -2.1716
v -0.1474 -0.0367 -2.1718
v -0.1486 -0.0316 -2.1720
v -0.1496 -0.0264 -2.1722
v -0.1504 -0.0211 -2.1724
v -0.1511 -0.0159 -2.1726
v -0.1516 -0.0106 -2.1728
v -0.1519 -0.0053 -2.1730
v -0.1520 -0.0000 -2.1732
v -0.1519 0.0053 -2.1734
v -0.1516 0.0106 -2.1735
v -0.1512 0.0159 -2.1737
v -0.1505 0.0212 -2.1739
v -0.1497 0.0264 -2.1741
v -0.1487 0.0316 -2.1743
v -0.1475 0.0368 -2.1740
v -0.1461 0.0419 -2.1742
v -0.1446 0.0470 -2.1744
v -0.1429 0.0520 -2.1746
v -0.1410 0.0570 -2.1748
v -0.1389 0.0619 -2.1750
v -0.1367 0.0667 -2.1748
v -0.1343 0.0714 -2.1750
v -0.1317 0.0760 -2.1751
v -0.1290 0.0806 -2.1746
v -0.1261 0.0850 -2.1748
v -0.1230 0.0894 -2.1750
v -0.1199 0.0936 -2.1752
v -0.1165 0.0978 -2.1754
v -0.1131 0.1018 -2.1756
v -0.1094 0.1057 -2.1758
v -0.1057 0.1095 -2.1760
v -0.1018 0.1131 -2.1759
v -0.0978 0.1166 -2.1759
v -0.0937 0.1199 -2.1758
v -0.0894 0.1231 -2.1759
v -0.0851 0.1261 -2.1758
v -0.0806 0.1290 -2.1757
v -0.0761 0.1318 -2.1757
v -0.0714 0.1343 -2.1756
v -0.0667 0.1367 -2.1754
v -0.0619 0.1390 -2.1753
v -0.0570 0.1410 -2.1751
v -0.0520 0.1429 -2.1750
v -0.0470 0.1446 -2.1748
v -0.0419 0.1462 -2.1746
v -0.0368 0.1475 -2.1744
v -0.0316 0.1487 -2.1742
v -0.0264 0.1497 -2.1739
v -0.0212 0.1505 -2.1735
v -0.0159 0.1511 -2.1730
v -0.0106 0.1516 -2.1726
v -0.0053 0.1518 -2.1721
v -0.0000 0.1519 -2.1716
v 0.0053 0.1517 -2.1711
v 0.0106 0.1514 -2.1707
v 0.0159 0.1509 -2.1702
v 0.0211 0.1503 -2.1698
v 0.0263 0.1494 -2.1693
v 0.0315 0.1484 -2.1689
v 0.0367 0.1472 -2.1689
v 0.0418 0.1458 -2.1684
v 0.0468 0.1442 -2.1680
v 0.0518 0.1424 -2.1675
v 0.0568 0.1405 -2.1671
v 0.0616 0.1384 -2.1667
v 0.0664 0.1362 -2.1667
v 0.0711 0.1338 -2.1667
v 0.0758 0.1312 -2.1667
v 0.0803 0.1285 -2.1664
v 0.0847 0.1256 -2.1660
v 0.0890 0.1225 -2.1657
v 0.0932 0.1193 -2.1654
v 0.0973 0.1160 -2.1651
v 0.1013 0.1125 -2.1647
v 0.1051 0.1089 -2.1645
v 0.1089 0.1051 -2.1642
v 0.1125 0.1013 -2.1640
v 0.1159 0.0973 -2.1637
v 0.1192 0.0931 -2.1635
v 0.1224 0.0889 -2.1633
v 0.1254 0.0846 -2.1631
v 0.1283 0.0801 -2.1629
v 0.1310 0.0756 -2.1628
v 0.1335 0.0710 -2.1626
v 0.1359 0.0663 -2.1625
v 0.1381 0.0615 -2.1624
v 0.1402 0.0566 -2.1623
v 0.1421 0.0517 -2.1622
v 0.1438 0.0467 -2.1622
v 0.1454 0.0417 -2.1628
v 0.1467 0.0366 -2.1627
v 0.1479 0.0314 -2.1626
v 0.1489 0.0263 -2.1625
v 0.1497 0.0210 -2.1624
v 0.1504 0.0158 -2.1623
v 0.1508 0.0105 -2.1613
v 0.1510 0.0053 -2.1612
v 0.1512 0.0000 -2.1619
v 0.2262 -0.0079 -2.1534
v 0.2258 -0.0158 -2.1539
v 0.2251 -0.0237 -2.1539
v 0.2242 -0.0315 -2.1539
v 0.2229 -0.0393 -2.1539
v 0.2215 -0.0471 -2.1540
v 0.2197 -0.0548 -2.1540
v 0.2176 -0.0624 -2.1541
v 0.2151 -0.0699 -2.1523
v 0.2125 -0.0773 -2.1512
v 0.2095 -0.0847 -2.1501
v 0.2064 -0.0919 -2.1497
v 0.2030 -0.0990 -2.1493
v 0.1994 -0.1060 -2.1490
v 0.1956 -0.1129 -2.1487
v 0.1915 -0.1197 -2.1484
v 0.1872 -0.1262 -2.1481
v 0.1826 -0.1327 -2.1478
v 0.1779 -0.1390 -2.1476
v 0.1729 -0.1451 -2.1473
v 0.1677 -0.1510 -2.1471
v 0.1623 -0.1567 -2.1469
v 0.1567 -0.1623 -2.1467
v 0.1510 -0.1676 -2.1464
v 0.1451 -0.1729 -2.1476
v 0.1390 -0.1779 -2.1475
v 0.1327 -0.1826 -2.1474
v 0.1262 -0.1871 -2.1473
v 0.1197 -0.1915 -2.1490
v 0.1130 -0.1957 -2.1504
v 0.1062 -0.1997 -2.1521
v 0.0992 -0.2033 -2.1522
v 0.0920 -0.2067 -2.1523
v 0.0847 -0.2098 -2.1524
v 0.0774 -0.2126 -2.1524
v 0.0699 -0.2152 -2.1525
v 0.0624 -0.2175 -2.1527
v 0.0547 -0.2196 -2.1528
v 0.0470 -0.2213 -2.1530
v 0.0393 -0.2229 -2.1532
v 0.0315 -0.2241 -2.1534
v 0.0237 -0.2251 -2.1536
v 0.0158 -0.2258 -2.1539
v 0.0079 -0.2263 -2.1542
v 0.0000 -0.2265 -2.1545
v -0.0079 -0.2264 -2.1557
v -0.0158 -0.2261 -2.1560
v -0.0237 -0.2254 -2.1565
v -0.0316 -0.2245 -2.1570
v -0.0394 -0.2233 -2.1576
v -0.0472 -0.2219 -2.1582
v -0.0549 -0.2202 -2.1588
v -0.0626 -0.2182 -2.1595
v -0.0702 -0.2160 -2.1611
v -0.0777 -0.2136 -2.1623
v -0.0852 -0.2109 -2.1643
v -0.0925 -0.2079 -2.1649
v -0.0998 -0.2046 -2.1655
v -0.1069 -0.2010 -2.1661
v -0.1139 -0.1972 -2.1667
v -0.1207 -0.1932 -2.1674
v -0.1274 -0.1889 -2.1679
v -0.1341 -0.1845 -2.1701
v -0.1405 -0.1798 -2.1705
v -0.1466 -0.1748 -2.1706
v -0.1527 -0.1696 -2.1710
v -0.1585 -0.1642 -2.1714
v -0.1641 -0.1585 -2.1710
v -0.1696 -0.1527 -2.1708
v -0.1748 -0.1466 -2.1704
v -0.1798 -0.1405 -2.1707
v -0.1846 -0.1341 -2.1710
v -0.1893 -0.1277 -2.1726
v -0.1937 -0.1211 -2.1735
v -0.1980 -0.1143 -2.1749
v -0.2019 -0.1073 -2.1753
v -0.2055 -0.1002 -2.1757
v -0.2090 -0.0930 -2.1764
v -0.2121 -0.0857 -2.1766
v -0.2150 -0.0783 -2.1768
v -0.2176 -0.0707 -2.1769
v -0.2200 -0.0631 -2.1771
v -0.2220 -0.0554 -2.1772
v -0.2238 -0.0476 -2.1773
v -0.2254 -0.0397 -2.1775
v -0.2267 -0.0319 -2.1777
v -0.2276 -0.0239 -2.1778
v -0.2284 -0.0160 -2.1780
v -0.2288 -0.0080 -2.1782
v -0.2290 -0.0000 -2.1784
v -0.2288 0.0080 -2.1782
v -0.2284 0.0160 -2.1782
v -0.2277 0.0239 -2.1780
v -0.2267 0.0319 -2.1782
v -0.2255 0.0398 -2.1784
v -0.2239 0.0476 -2.1782
v -0.2221 0.0554 -2.1778
v -0.2200 0.0631 -2.1775
v -0.2177 0.0707 -2.1778
v -0.2151 0.0783 -2.1780
v -0.2123 0.0858 -2.1782
v -0.2091 0.0931 -2.1781
v -0.2058 0.1004 -2.1785
v -0.2021 0.1075 -2.1783
v -0.1982 0.1144 -2.1777
v -0.1941 0.1213 -2.1774
v -0.1897 0.1279 -2.1769
v -0.1851 0.1345 -2.1771
v -0.1803 0.1409 -2.1773
v -0.1753 0.1471 -2.1776
v -0.1701 0.1531 -2.1776
v -0.1647 0.1590 -2.1778
v -0.1590 0.1647 -2.1780
v -0.1532 0.1701 -2.1782
v -0.1472 0.1754 -2.1782
v -0.1410 0.1804 -2.1783
v -0.1346 0.1852 -2.1782
v -0.1280 0.1898 -2.1780
v -0.1213 0.1941 -2.1777
v -0.1144 0.1982 -2.1774
v -0.1074 0.2020 -2.1770
v -0.1003 0.2056 -2.1765
v -0.0930 0.2089 -2.1761
v -0.0857 0.2120 -2.1757
v -0.0782 0.2148 -2.1753
v -0.0706 0.2174 -2.1749
v -0.0630 0.2197 -2.1745
v -0.0553 0.2217 -2.1740
v -0.0475 0.2235 -2.1735
v -0.0397 0.2249 -2.1729
v -0.0318 0.2261 -2.1720
v -0.0239 0.2269 -2.1711
v -0.0159 0.2275 -2.1702
v -0.0080 0.2279 -2.1694
v -0.0000 0.2279 -2.1685
v 0.0080 0.2277 -2.1676
v 0.0159 0.2272 -2.1667
v 0.0238 0.2264 -2.1659
v 0.0317 0.2253 -2.1650
v 0.0395 0.2240 -2.1642
v 0.0473 0.2224 -2.1633
v 0.0550 0.2205 -2.1625
v 0.0626 0.2184 -2.1616
v 0.0702 0.2160 -2.1608
v 0.0776 0.2133 -2.1600
v 0.0850 0.2104 -2.1592
v 0.0923 0.2072 -2.1584
v 0.0994 0.2038 -2.1577
v 0.1065 0.2003 -2.1586
v 0.1134 0.1964 -2.1580
v 0.1202 0.1923 -2.1573
v 0.1268 0.1879 -2.1568
v 0.1332 0.1833 -2.1562
v 0.1395 0.1785 -2.1557
v 0.1456 0.1735 -2.1552
v 0.1515 0.1683 -2.1547
v 0.1573 0.1629 -2.1543
v 0.1628 0.1573 -2.1539
v 0.1682 0.1515 -2.1536
v 0.1734 0.1455 -2.1532
v 0.1783 0.1393 -2.1530
v 0.1830 0.1330 -2.1527
v 0.1876 0.1265 -2.1525
v 0.1918 0.1199 -2.1523
v 0.1959 0.1131 -2.1522
v 0.1997 0.1062 -2.1520
v 0.2033 0.0992 -2.1520
v 0.2066 0.0920 -2.1520
v 0.2097 0.0847 -2.1519
v 0.2125 0.0774 -2.1520
v 0.2152 0.0699 -2.1528
v 0.2175 0.0624 -2.1532
v 0.2197 0.0548 -2.1539
v 0.2214 0.0471 -2.1539
v 0.2229 0.0393 -2.1538
v 0.2242 0.0315 -2.1538
v 0.2251 0.0237 -2.1531
v 0.2258 0.0158 -2.1531
v 0.2262 0.0079 -2.1532
v 0.2264 0.0000 -2.1537
v 0.3008 -0.0105 -2.1420
v 0.3004 -0.0210 -2.1426
v 0.2996 -0.0315 -2.1434
v 0.2983 -0.0419 -2.1437
v 0.2967 -0.0523 -2.1439
v 0.2948 -0.0627 -2.1441
v 0.2924 -0.0729 -2.1443
v 0.2897 -0.0831 -2.1445
v 0.2866 -0.0931 -2.1440
v 0.2830 -0.1030 -2.1428
v 0.2791 -0.1128 -2.1420
v 0.2750 -0.1224 -2.1416
v 0.2705 -0.1319 -2.1413
v 0.2657 -0.1413 -2.1411
v 0.2606 -0.1504 -2.1409
v 0.2551 -0.1594 -2.1408
v 0.2494 -0.1682 -2.1408
v 0.2434 -0.1768 -2.1407
v 0.2371 -0.1852 -2.1406
v 0.2305 -0.1934 -2.1406
v 0.2236 -0.2013 -2.1406
v 0.2164 -0.2090 -2.1407
v 0.2091 -0.2165 -2.1415
v 0.2015 -0.2238 -2.1428
v 0.1937 -0.2308 -2.1439
v 0.1856 -0.2376 -2.1455
v 0.1773 -0.2440 -2.1458
v 0.1687 -0.2500 -2.1460
v 0.1598 -0.2558 -2.1463
v 0.1510 -0.2615 -2.1485
v 0.1418 -0.2667 -2.1489
v 0.1324 -0.2715 -2.1494
v 0.1229 -0.2760 -2.1498
v 0.1132 -0.2802 -2.1503
v 0.1034 -0.2840 -2.1508
v 0.0934 -0.2875 -2.1513
v 0.0834 -0.2907 -2.1518
v 0.0732 -0.2935 -2.1523
v 0.0629 -0.2960 -2.1529
v 0.0526 -0.2981 -2.1536
v 0.0421 -0.2998 -2.1543
v 0.0317 -0.3012 -2.1551
v 0.0211 -0.3024 -2.1570
v 0.0106 -0.3031 -2.1577
v 0.0000 -0.3035 -2.1593
v -0.0106 -0.3035 -2.1606
v -0.0212 -0.3031 -2.1623
v -0.0318 -0.3023 -2.1631
v -0.0423 -0.3012 -2.1639
v -0.0528 -0.2996 -2.1648
v -0.0633 -0.2978 -2.1661
v -0.0737 -0.2955 -2.1672
v -0.0840 -0.2929 -2.1682
v -0.0942 -0.2900 -2.1693
v -0.1044 -0.2868 -2.1717
v -0.1144 -0.2832 -2.1729
v -0.1243 -0.2792 -2.1744
v -0.1340 -0.2748 -2.1754
v -0.1436 -0.2701 -2.1764
v -0.1530 -0.2650 -2.1776
v -0.1623 -0.2597 -2.1788
v -0.1713 -0.2540 -2.1798
v -0.1801 -0.2479 -2.1805
v -0.1887 -0.2415 -2.1808
v -0.1971 -0.2348 -2.1813
v -0.2051 -0.2278 -2.1814
v -0.2130 -0.2206 -2.1821
v -0.2207 -0.2131 -2.1826
v -0.2279 -0.2052 -2.1825
v -0.2350 -0.1972 -2.1830
v -0.2418 -0.1889 -2.1837
v -0.2484 -0.1805 -2.1844
v -0.2545 -0.1717 -2.1846
v -0.2606 -0.1628 -2.1866
v -0.2662 -0.1537 -2.1869
v -0.2714 -0.1443 -2.1872
v -0.2763 -0.1348 -2.1875
v -0.2809 -0.1251 -2.1876
v -0.2851 -0.1152 -2.1877
v -0.2889 -0.1051 -2.1875
v -0.2924 -0.0950 -2.1874
v -0.2955 -0.0847 -2.1872
v -0.2982 -0.0744 -2.1870
v -0.3006 -0.0639 -2.1868
v -0.3026 -0.0534 -2.1866
v -0.3043 -0.0428 -2.1865
v -0.3056 -0.0321 -2.1865
v -0.3066 -0.0214 -2.1866
v -0.3071 -0.0107 -2.1866
v -0.3073 -0.0000 -2.1865
v -0.3071 0.0107 -2.1864
v -0.3064 0.0214 -2.1856
v -0.3055 0.0321 -2.1855
v -0.3042 0.0427 -2.1855
v -0.3025 0.0533 -2.1859
v -0.3005 0.0639 -2.1858
v -0.2980 0.0743 -2.1856
v -0.2952 0.0847 -2.1854
v -0.2921 0.0949 -2.1856
v -0.2887 0.1051 -2.1857
v -0.2848 0.1151 -2.1858
v -0.2807 0.1250 -2.1864
v -0.2762 0.1347 -2.1864
v -0.2714 0.1443 -2.1869
v -0.2662 0.1537 -2.1868
v -0.2605 0.1628 -2.1856
v -0.2547 0.1718 -2.1856
v -0.2485 0.1805 -2.1856
v -0.2420 0.1891 -2.1855
v -0.2353 0.1974 -2.1853
v -0.2282 0.2055 -2.1850
v -0.2209 0.2133 -2.1847
v -0.2133 0.2208 -2.1844
v -0.2054 0.2281 -2.1843
v -0.1973 0.2352 -2.1842
v -0.1889 0.2418 -2.1834
v -0.1803 0.2482 -2.1830
v -0.1715 0.2543 -2.1825
v -0.1625 0.2600 -2.1819
v -0.1533 0.2655 -2.1812
v -0.1439 0.2706 -2.1804
v -0.1343 0.2753 -2.1796
v -0.1246 0.2797 -2.1789
v -0.1147 0.2838 -2.1782
v -0.1047 0.2876 -2.1774
v -0.0945 0.2909 -2.1766
v -0.0843 0.2939 -2.1757
v -0.0739 0.2966 -2.1748
v -0.0635 0.2989 -2.1739
v -0.0530 0.3007 -2.1728
v -0.0425 0.3022 -2.1717
v -0.0319 0.3033 -2.1703
v -0.0213 0.3041 -2.1688
v -0.0106 0.3044 -2.1673
v -0.0000 0.3044 -2.1658
v 0.0106 0.3040 -2.1643
v 0.0212 0.3032 -2.1628
v 0.0318 0.3021 -2.1615
v 0.0422 0.3006 -2.1600
v 0.0527 0.2987 -2.1585
v 0.0630 0.2965 -2.1571
v 0.0733 0.2940 -2.1557
v 0.0835 0.2910 -2.1543
v 0.0935 0.2878 -2.1529
v 0.1035 0.2843 -2.1526
v 0.1133 0.2803 -2.1514
v 0.1229 0.2761 -2.1502
v 0.1325 0.2716 -2.1501
v 0.1418 0.2668 -2.1498
v 0.1511 0.2617 -2.1498
v 0.1600 0.2561 -2.1489
v 0.1688 0.2503 -2.1479
v 0.1774 0.2441 -2.1471
v 0.1857 0.2377 -2.1462
v 0.1938 0.2310 -2.1453
v 0.2017 0.2240 -2.1446
v 0.2093 0.2167 -2.1439
v 0.2167 0.2092 -2.1433
v 0.2238 0.2015 -2.1428
v 0.2306 0.1935 -2.1423
v 0.2372 0.1853 -2.1419
v 0.2435 0.1769 -2.1416
v 0.2495 0.1683 -2.1413
v 0.2552 0.1595 -2.1411
v 0.2606 0.1504 -2.1409
v 0.2656 0.1412 -2.1407
v 0.2704 0.1319 -2.1407
v 0.2748 0.1224 -2.1406
v 0.2789 0.1127 -2.1406
v 0.2827 0.1029 -2.1407
v 0.2861 0.0930 -2.1408
v 0.2893 0.0830 -2.1416
v 0.2920 0.0728 -2.1417
v 0.2944 0.0626 -2.1418
v 0.2965 0.0523 -2.1420
v 0.2980 0.0419 -2.1415
v 0.2993 0.0315 -2.1412
v 0.3001 0.0210 -2.1408
v 0.3007 0.0105 -2.1412
v 0.3009 0.0000 -2.1412
v 0.3750 -0.0131 -2.1278
v 0.3743 -0.0262 -2.1281
v 0.3734 -0.0392 -2.1291
v 0.3719 -0.0523 -2.1299
v 0.3700 -0.0652 -2.1306
v 0.3676 -0.0781 -2.1313
v 0.3647 -0.0909 -2.1318
v 0.3614 -0.1036 -2.1322
v 0.3576 -0.1162 -2.1325
v 0.3533 -0.1286 -2.1320
v 0.3485 -0.1408 -2.1319
v 0.3434 -0.1529 -2.1318
v 0.3378 -0.1648 -2.1317
v 0.3319 -0.1765 -2.1320
v 0.3256 -0.1880 -2.1323
v 0.3189 -0.1993 -2.1327
v 0.3118 -0.2103 -2.1330
v 0.3043 -0.2211 -2.1334
v 0.2965 -0.2316 -2.1337
v 0.2883 -0.2419 -2.1341
v 0.2797 -0.2518 -2.1346
v 0.2709 -0.2616 -2.1359
v 0.2618 -0.2711 -2.1373
v 0.2523 -0.2802 -2.1386
v 0.2426 -0.2891 -2.1406
v 0.2325 -0.2975 -2.1413
v 0.2220 -0.3056 -2.1420
v 0.2113 -0.3132 -2.1426
v 0.2003 -0.3205 -2.1434
v 0.1890 -0.3274 -2.1442
v 0.1776 -0.3340 -2.1451
v 0.1659 -0.3401 -2.1460
v 0.1540 -0.3458 -2.1469
v 0.1419 -0.3511 -2.1479
v 0.1296 -0.3561 -2.1489
v 0.1172 -0.3606 -2.1505
v 0.1046 -0.3647 -2.1517
v 0.0918 -0.3683 -2.1529
v 0.0790 -0.3716 -2.1545
v 0.0660 -0.3743 -2.1557
v 0.0529 -0.3767 -2.1571
v 0.0398 -0.3788 -2.1599
v 0.0266 -0.3803 -2.1619
v 0.0133 -0.3814 -2.1644
v 0.0000 -0.3819 -2.1658
v -0.0133 -0.3820 -2.1680
v -0.0267 -0.3816 -2.1693
v -0.0400 -0.3807 -2.1708
v -0.0533 -0.3793 -2.1723
v -0.0666 -0.3776 -2.1744
v -0.0798 -0.3753 -2.1761
v -0.0929 -0.3726 -2.1780
v -0.1059 -0.3694 -2.1796
v -0.1188 -0.3658 -2.1811
v -0.1316 -0.3616 -2.1825
v -0.1443 -0.3572 -2.1846
v -0.1568 -0.3521 -2.1861
v -0.1691 -0.3467 -2.1876
v -0.1812 -0.3408 -2.1889
v -0.1931 -0.3345 -2.1905
v -0.2048 -0.3278 -2.1922
v -0.2163 -0.3207 -2.1937
v -0.2275 -0.3131 -2.1946
v -0.2384 -0.3051 -2.1956
v -0.2489 -0.2966 -2.1961
v -0.2592 -0.2878 -2.1967
v -0.2692 -0.2787 -2.1974
v -0.2788 -0.2692 -2.1980
v -0.2881 -0.2594 -2.1986
v -0.2971 -0.2493 -2.1995
v -0.3057 -0.2389 -2.2004
v -0.3139 -0.2281 -2.2007
v -0.3218 -0.2171 -2.2014
v -0.3292 -0.2057 -2.2016
v -0.3363 -0.1942 -2.2022
v -0.3429 -0.1823 -2.2023
v -0.3490 -0.1702 -2.2023
v -0.3547 -0.1579 -2.2022
v -0.3600 -0.1455 -2.2020
v -0.3648 -0.1328 -2.2016
v -0.3691 -0.1199 -2.2009
v -0.3729 -0.1069 -2.2003
v -0.3763 -0.0938 -2.1996
v -0.3792 -0.0806 -2.1986
v -0.3817 -0.0673 -2.1980
v -0.3837 -0.0539 -2.1973
v -0.3853 -0.0405 -2.1969
v -0.3864 -0.0270 -2.1966
v -0.3870 -0.0135 -2.1963
v -0.3872 -0.0000 -2.1961
v -0.3869 0.0135 -2.1956
v -0.3862 0.0270 -2.1953
v -0.3849 0.0405 -2.1951
v -0.3833 0.0539 -2.1953
v -0.3812 0.0672 -2.1955
v -0.3788 0.0805 -2.1960
v -0.3757 0.0937 -2.1957
v -0.3722 0.1067 -2.1957
v -0.3681 0.1196 -2.1952
v -0.3637 0.1324 -2.1949
v -0.3588 0.1450 -2.1947
v -0.3535 0.1574 -2.1945
v -0.3478 0.1696 -2.1947
v -0.3416 0.1817 -2.1944
v -0.3350 0.1934 -2.1938
v -0.3280 0.2049 -2.1933
v -0.3205 0.2162 -2.1927
v -0.3127 0.2272 -2.1923
v -0.3046 0.2379 -2.1919
v -0.2960 0.2484 -2.1913
v -0.2870 0.2585 -2.1906
v -0.2778 0.2682 -2.1900
v -0.2681 0.2777 -2.1891
v -0.2581 0.2866 -2.1876
v -0.2478 0.2953 -2.1865
v -0.2373 0.3037 -2.1855
v -0.2264 0.3116 -2.1841
v -0.2153 0.3191 -2.1832
v -0.2039 0.3263 -2.1823
v -0.1923 0.3331 -2.1813
v -0.1805 0.3395 -2.1804
v -0.1685 0.3454 -2.1794
v -0.1563 0.3509 -2.1787
v -0.1438 0.3560 -2.1776
v -0.1313 0.3606 -2.1764
v -0.1185 0.3648 -2.1751
v -0.1057 0.3684 -2.1738
v -0.0927 0.3716 -2.1720
v -0.0796 0.3744 -2.1705
v -0.0664 0.3766 -2.1689
v -0.0532 0.3784 -2.1673
v -0.0399 0.3797 -2.1655
v -0.0266 0.3806 -2.1636
v -0.0133 0.3810 -2.1620
v -0.0000 0.3809 -2.1600
v 0.0133 0.3803 -2.1580
v 0.0265 0.3792 -2.1560
v 0.0397 0.3777 -2.1541
v 0.0528 0.3758 -2.1521
v 0.0658 0.3734 -2.1501
v 0.0788 0.3705 -2.1482
v 0.0916 0.3672 -2.1463
v 0.1042 0.3635 -2.1447
v 0.1168 0.3595 -2.1435
v 0.1292 0.3550 -2.1424
v 0.1415 0.3501 -2.1417
v 0.1535 0.3447 -2.1400
v 0.1653 0.3389 -2.1384
v 0.1770 0.3329 -2.1380
v 0.1884 0.3263 -2.1365
v 0.1995 0.3193 -2.1351
v 0.2104 0.3119 -2.1338
v 0.2210 0.3042 -2.1324
v 0.2314 0.2961 -2.1312
v 0.2414 0.2877 -2.1299
v 0.2512 0.2789 -2.1288
v 0.2606 0.2699 -2.1278
v 0.2698 0.2605 -2.1269
v 0.2786 0.2508 -2.1261
v 0.2872 0.2410 -2.1261
v 0.2953 0.2308 -2.1256
v 0.3032 0.2203 -2.1251
v 0.3106 0.2095 -2.1248
v 0.3177 0.1985 -2.1245
v 0.3244 0.1873 -2.1244
v 0.3307 0.1759 -2.1243
v 0.3367 0.1642 -2.1242
v 0.3422 0.1524 -2.1243
v 0.3473 0.1403 -2.1244
v 0.3520 0.1281 -2.1246
v 0.3563 0.1158 -2.1248
v 0.3602 0.1033 -2.1251
v 0.3637 0.0907 -2.1255
v 0.3666 0.0779 -2.1254
v 0.3691 0.0651 -2.1258
v 0.3713 0.0522 -2.1266
v 0.3729 0.0392 -2.1263
v 0.3741 0.0262 -2.1268
v 0.3749 0.0131 -2.1274
v 0.3753 0.0000 -2.1283
v 0.4484 -0.0157 -2.1110
v 0.4478 -0.0313 -2.1118
v 0.4466 -0.0469 -2.1127
v 0.4449 -0.0625 -2.1139
v 0.4427 -0.0781 -2.1148
v 0.4399 -0.0935 -2.1156
v 0.4365 -0.1088 -2.1164
v 0.4326 -0.1240 -2.1170
v 0.4280 -0.1391 -2.1174
v 0.4230 -0.1540 -2.1179
v 0.4175 -0.1687 -2.1183
v 0.4114 -0.1832 -2.1188
v 0.4049 -0.1975 -2.1193
v 0.3979 -0.2116 -2.1203
v 0.3905 -0.2255 -2.1216
v 0.3826 -0.2391 -2.1227
v 0.3743 -0.2525 -2.1239
v 0.3654 -0.2655 -2.1249
v 0.3561 -0.2782 -2.1260
v 0.3463 -0.2906 -2.1270
v 0.3362 -0.3027 -2.1282
v 0.3256 -0.3145 -2.1298
v 0.3148 -0.3260 -2.1319
v 0.3034 -0.3370 -2.1333
v 0.2916 -0.3476 -2.1345
v 0.2795 -0.3577 -2.1356
v 0.2670 -0.3675 -2.1369
v 0.2541 -0.3768 -2.1380
v 0.2410 -0.3856 -2.1393
v 0.2275 -0.3941 -2.1407
v 0.2138 -0.4020 -2.1421
v 0.1997 -0.4095 -2.1436
v 0.1855 -0.4166 -2.1453
v 0.1709 -0.4231 -2.1467
v 0.1562 -0.4292 -2.1489
v 0.1413 -0.4348 -2.1509
v 0.1262 -0.4400 -2.1533
v 0.1108 -0.4445 -2.1554
v 0.0954 -0.4486 -2.1576
v 0.0797 -0.4521 -2.1597
v 0.0640 -0.4551 -2.1620
v 0.0481 -0.4575 -2.1642
v 0.0321 -0.4596 -2.1676
v 0.0161 -0.4608 -2.1694
v 0.0000 -0.4616 -2.1717
v -0.0161 -0.4618 -2.1737
v -0.0323 -0.4614 -2.1760
v -0.0484 -0.4605 -2.1782
v -0.0645 -0.4590 -2.1807
v -0.0806 -0.4571 -2.1835
v -0.0966 -0.4545 -2.1862
v -0.1125 -0.4514 -2.1885
v -0.1284 -0.4477 -2.1910
v -0.1441 -0.4434 -2.1932
v -0.1596 -0.4385 -2.1955
v -0.1750 -0.4331 -2.1975
v -0.1902 -0.4271 -2.1997
v -0.2051 -0.4206 -2.2015
v -0.2199 -0.4135 -2.2032
v -0.2343 -0.4059 -2.2049
v -0.2486 -0.3978 -2.2069
v -0.2625 -0.3892 -2.2085
v -0.2761 -0.3800 -2.2100
v -0.2894 -0.3704 -2.2115
v -0.3023 -0.3603 -2.2126
v -0.3148 -0.3497 -2.2136
v -0.3270 -0.3386 -2.2144
v -0.3387 -0.3270 -2.2149
v -0.3499 -0.3151 -2.2152
v -0.3608 -0.3027 -2.2158
v -0.3713 -0.2901 -2.2166
v -0.3813 -0.2770 -2.2172
v -0.3907 -0.2635 -2.2171
v -0.3998 -0.2498 -2.2177
v -0.4082 -0.2357 -2.2176
v -0.4162 -0.2213 -2.2175
v -0.4236 -0.2066 -2.2172
v -0.4305 -0.1917 -2.2169
v -0.4368 -0.1765 -2.2165
v -0.4426 -0.1611 -2.2158
v -0.4477 -0.1455 -2.2148
v -0.4522 -0.1297 -2.2134
v -0.4562 -0.1137 -2.2120
v -0.4596 -0.0977 -2.2107
v -0.4624 -0.0815 -2.2091
v -0.4648 -0.0653 -2.2081
v -0.4666 -0.0490 -2.2071
v -0.4678 -0.0327 -2.2063
v -0.4685 -0.0164 -2.2055
v -0.4687 -0.0000 -2.2050
v -0.4683 0.0164 -2.2045
v -0.4674 0.0327 -2.2042
v -0.4659 0.0490 -2.2042
v -0.4640 0.0652 -2.2045
v -0.4615 0.0814 -2.2045
v -0.4583 0.0974 -2.2043
v -0.4546 0.1133 -2.2040
v -0.4501 0.1291 -2.2031
v -0.4452 0.1446 -2.2022
v -0.4397 0.1600 -2.2013
v -0.4337 0.1752 -2.2007
v -0.4272 0.1902 -2.2001
v -0.4202 0.2050 -2.1996
v -0.4126 0.2194 -2.1987
v -0.4046 0.2336 -2.1981
v -0.3961 0.2475 -2.1973
v -0.3871 0.2611 -2.1967
v -0.3776 0.2744 -2.1960
v -0.3677 0.2873 -2.1951
v -0.3573 0.2998 -2.1941
v -0.3463 0.3119 -2.1926
v -0.3349 0.3234 -2.1903
v -0.3231 0.3345 -2.1880
v -0.3109 0.3453 -2.1862
v -0.2984 0.3556 -2.1842
v -0.2856 0.3656 -2.1825
v -0.2725 0.3751 -2.1814
v -0.2591 0.3842 -2.1801
v -0.2454 0.3928 -2.1789
v -0.2315 0.4010 -2.1783
v -0.2172 0.4085 -2.1769
v -0.2027 0.4157 -2.1758
v -0.1880 0.4222 -2.1743
v -0.1730 0.4282 -2.1730
v -0.1578 0.4336 -2.1710
v -0.1425 0.4385 -2.1691
v -0.1270 0.4427 -2.1669
v -0.1113 0.4464 -2.1646
v -0.0955 0.4494 -2.1613
v -0.0797 0.4520 -2.1591
v -0.0638 0.4540 -2.1569
v -0.0479 0.4555 -2.1549
v -0.0319 0.4565 -2.1531
v -0.0160 0.4570 -2.1512
v -0.0000 0.4569 -2.1495
v 0.0159 0.4564 -2.1483
v 0.0318 0.4550 -2.1461
v 0.0476 0.4532 -2.1439
v 0.0634 0.4508 -2.1418
v 0.0790 0.4479 -2.1396
v 0.0945 0.4444 -2.1375
v 0.1098 0.4405 -2.1358
v 0.1250 0.4360 -2.1339
v 0.1400 0.4310 -2.1319
v 0.1549 0.4255 -2.1305
v 0.1695 0.4195 -2.1284
v 0.1838 0.4128 -2.1260
v 0.1979 0.4058 -2.1239
v 0.2118 0.3982 -2.1220
v 0.2253 0.3902 -2.1199
v 0.2386 0.3818 -2.1181
v 0.2515 0.3729 -2.1162
v 0.2642 0.3636 -2.1146
v 0.2765 0.3539 -2.1128
v 0.2885 0.3438 -2.1117
v 0.3001 0.3333 -2.1102
v 0.3113 0.3224 -2.1086
v 0.3222 0.3111 -2.1072
v 0.3328 0.2996 -2.1067
v 0.3430 0.2878 -2.1062
v 0.3527 0.2756 -2.1058
v 0.3619 0.2629 -2.1046
v 0.3707 0.2500 -2.1036
v 0.3791 0.2369 -2.1029
v 0.3870 0.2234 -2.1024
v 0.3945 0.2098 -2.1022
v 0.4016 0.1959 -2.1023
v 0.4084 0.1818 -2.1030
v 0.4145 0.1675 -2.1034
v 0.4203 0.1530 -2.1041
v 0.4255 0.1383 -2.1049
v 0.4303 0.1234 -2.1060
v 0.4344 0.1083 -2.1062
v 0.4380 0.0931 -2.1065
v 0.4411 0.0778 -2.1071
v 0.4437 0.0624 -2.1080
v 0.4458 0.0469 -2.1091
v 0.4474 0.0313 -2.1099
v 0.4483 0.0157 -2.1104
v 0.4487 0.0000 -2.1108
v 0.5215 -0.0182 -2.0929
v 0.5207 -0.0364 -2.0937
v 0.5194 -0.0546 -2.0947
v 0.5175 -0.0727 -2.0958
v 0.5148 -0.0908 -2.0965
v 0.5115 -0.1087 -2.0972
v 0.5075 -0.1265 -2.0980
v 0.5030 -0.1442 -2.0987
v 0.4979 -0.1618 -2.0997
v 0.4922 -0.1791 -2.1007
v 0.4858 -0.1963 -2.1016
v 0.4789 -0.2132 -2.1025
v 0.4714 -0.2299 -2.1035
v 0.4635 -0.2464 -2.1054
v 0.4550 -0.2627 -2.1073
v 0.4460 -0.2787 -2.1093
v 0.4364 -0.2943 -2.1112
v 0.4263 -0.3097 -2.1132
v 0.4156 -0.3247 -2.1151
v 0.4043 -0.3393 -2.1170
v 0.3926 -0.3535 -2.1189
v 0.3804 -0.3674 -2.1211
v 0.3677 -0.3808 -2.1231
v 0.3545 -0.3937 -2.1247
v 0.3408 -0.4062 -2.1266
v 0.3268 -0.4183 -2.1289
v 0.3123 -0.4299 -2.1312
v 0.2974 -0.4410 -2.1333
v 0.2822 -0.4515 -2.1355
v 0.2665 -0.4616 -2.1379
v 0.2505 -0.4712 -2.1403
v 0.2342 -0.4802 -2.1427
v 0.2175 -0.4885 -2.1448
v 0.2005 -0.4963 -2.1471
v 0.1833 -0.5036 -2.1495
v 0.1658 -0.5104 -2.1524
v 0.1481 -0.5165 -2.1551
v 0.1301 -0.5220 -2.1575
v 0.1120 -0.5268 -2.1602
v 0.0936 -0.5310 -2.1625
v 0.0751 -0.5345 -2.1648
v 0.0565 -0.5374 -2.1674
v 0.0377 -0.5397 -2.1698
v 0.0189 -0.5415 -2.1731
v 0.0000 -0.5425 -2.1760
v -0.0190 -0.5429 -2.1789
v -0.0379 -0.5427 -2.1820
v -0.0570 -0.5418 -2.1852
v -0.0759 -0.5403 -2.1884
v -0.0949 -0.5383 -2.1922
v -0.1138 -0.5355 -2.1956
v -0.1326 -0.5320 -2.1990
v -0.1514 -0.5278 -2.2024
v -0.1699 -0.5230 -2.2055
v -0.1883 -0.5174 -2.2083
v -0.2065 -0.5111 -2.2111
v -0.2245 -0.5042 -2.2136
v -0.2422 -0.4966 -2.2159
v -0.2596 -0.4883 -2.2181
v -0.2767 -0.4793 -2.2196
v -0.2935 -0.4698 -2.2217
v -0.3100 -0.4596 -2.2236
v -0.3262 -0.4489 -2.2257
v -0.3418 -0.4375 -2.2267
v -0.3571 -0.4256 -2.2285
v -0.3720 -0.4131 -2.2297
v -0.3864 -0.4001 -2.2309
v -0.4002 -0.3865 -2.2316
v -0.4135 -0.3723 -2.2316
v -0.4263 -0.3577 -2.2322
v -0.4387 -0.3427 -2.2327
v -0.4504 -0.3272 -2.2327
v -0.4616 -0.3113 -2.2331
v -0.4721 -0.2950 -2.2329
v -0.4821 -0.2784 -2.2328
v -0.4914 -0.2613 -2.2322
v -0.5001 -0.2439 -2.2316
v -0.5081 -0.2262 -2.2307
v -0.5155 -0.2083 -2.2299
v -0.5222 -0.1901 -2.2287
v -0.5280 -0.1716 -2.2268
v -0.5332 -0.1529 -2.2249
v -0.5378 -0.1341 -2.2229
v -0.5416 -0.1151 -2.2208
v -0.5448 -0.0961 -2.2189
v -0.5474 -0.0769 -2.2170
v -0.5494 -0.0577 -2.2156
v -0.5507 -0.0385 -2.2141
v -0.5514 -0.0193 -2.2129
v -0.5514 -0.0000 -2.2117
v -0.5509 0.0192 -2.2109
v -0.5498 0.0384 -2.2104
v -0.5481 0.0576 -2.2103
v -0.5457 0.0767 -2.2103
v -0.5427 0.0957 -2.2102
v -0.5389 0.1145 -2.2096
v -0.5344 0.1332 -2.2088
v -0.5292 0.1517 -2.2081
v -0.5233 0.1700 -2.2067
v -0.5168 0.1881 -2.2058
v -0.5096 0.2059 -2.2046
v -0.5019 0.2235 -2.2035
v -0.4935 0.2407 -2.2022
v -0.4845 0.2576 -2.2009
v -0.4749 0.2742 -2.1995
v -0.4649 0.2905 -2.1986
v -0.4543 0.3064 -2.1977
v -0.4431 0.3219 -2.1967
v -0.4313 0.3370 -2.1954
v -0.4190 0.3516 -2.1936
v -0.4058 0.3654 -2.1900
v -0.3923 0.3788 -2.1872
v -0.3783 0.3918 -2.1843
v -0.3640 0.4043 -2.1821
v -0.3492 0.4162 -2.1792
v -0.3343 0.4279 -2.1777
v -0.3189 0.4390 -2.1763
v -0.3032 0.4496 -2.1749
v -0.2874 0.4599 -2.1749
v -0.2710 0.4693 -2.1735
v -0.2543 0.4782 -2.1721
v -0.2372 0.4862 -2.1698
v -0.2198 0.4938 -2.1677
v -0.2022 0.5006 -2.1653
v -0.1844 0.5067 -2.1628
v -0.1664 0.5123 -2.1604
v -0.1483 0.5172 -2.1578
v -0.1300 0.5213 -2.1547
v -0.1115 0.5246 -2.1510
v -0.0930 0.5273 -2.1475
v -0.0744 0.5296 -2.1449
v -0.0558 0.5312 -2.1424
v -0.0372 0.5323 -2.1401
v -0.0186 0.5328 -2.1380
v -0.0000 0.5328 -2.1368
v 0.0186 0.5320 -2.1350
v 0.0371 0.5307 -2.1338
v 0.0555 0.5282 -2.1301
v 0.0739 0.5257 -2.1290
v 0.0921 0.5222 -2.1267
v 0.1101 0.5181 -2.1245
v 0.1280 0.5135 -2.1226
v 0.1458 0.5083 -2.1209
v 0.1633 0.5025 -2.1190
v 0.1805 0.4959 -2.1168
v 0.1975 0.4888 -2.1143
v 0.2141 0.4810 -2.1117
v 0.2305 0.4726 -2.1087
v 0.2465 0.4637 -2.1063
v 0.2623 0.4543 -2.1038
v 0.2777 0.4443 -2.1015
v 0.2927 0.4339 -2.0991
v 0.3074 0.4231 -2.0974
v 0.3217 0.4118 -2.0957
v 0.3355 0.3998 -2.0934
v 0.3488 0.3873 -2.0905
v 0.3615 0.3743 -2.0872
v 0.3738 0.3610 -2.0841
v 0.3856 0.3472 -2.0813
v 0.3972 0.3333 -2.0796
v 0.4082 0.3189 -2.0776
v 0.4187 0.3042 -2.0758
v 0.4288 0.2892 -2.0743
v 0.4383 0.2739 -2.0731
v 0.4476 0.2584 -2.0729
v 0.4562 0.2426 -2.0724
v 0.4654 0.2270 -2.0770
v 0.4732 0.2107 -2.0775
v 0.4804 0.1941 -2.0783
v 0.4870 0.1773 -2.0788
v 0.4931 0.1602 -2.0795
v 0.4987 0.1430 -2.0806
v 0.5036 0.1256 -2.0819
v 0.5080 0.1080 -2.0828
v 0.5118 0.0902 -2.0844
v 0.5151 0.0724 -2.0864
v 0.5178 0.0544 -2.0882
v 0.5200 0.0364 -2.0905
v 0.5212 0.0182 -2.0916
v 0.5217 0.0000 -2.0924
v 0.5935 -0.0207 -2.0710
v 0.5926 -0.0414 -2.0717
v 0.5912 -0.0621 -2.0732
v 0.5890 -0.0828 -2.0744
v 0.5861 -0.1033 -2.0754
v 0.5824 -0.1238 -2.0764
v 0.5780 -0.1441 -2.0775
v 0.5730 -0.1643 -2.0787
v 0.5672 -0.1843 -2.0799
v 0.5607 -0.2041 -2.0810
v 0.5537 -0.2237 -2.0826
v 0.5459 -0.2431 -2.0840
v 0.5375 -0.2622 -2.0856
v 0.5287 -0.2811 -2.0881
v 0.5192 -0.2997 -2.0906
v 0.5090 -0.3181 -2.0931
v 0.4982 -0.3360 -2.0956
v 0.4867 -0.3536 -2.0981
v 0.4747 -0.3709 -2.1007
v 0.4620 -0.3877 -2.1032
v 0.4487 -0.4040 -2.1058
v 0.4350 -0.4200 -2.1087
v 0.4206 -0.4355 -2.1114
v 0.4056 -0.4505 -2.1141
v 0.3902 -0.4650 -2.1169
v 0.3742 -0.4790 -2.1197
v 0.3577 -0.4924 -2.1226
v 0.3409 -0.5053 -2.1257
v 0.3234 -0.5176 -2.1286
v 0.3057 -0.5294 -2.1319
v 0.2874 -0.5406 -2.1351
v 0.2687 -0.5510 -2.1378
v 0.2497 -0.5607 -2.1406
v 0.2303 -0.5699 -2.1436
v 0.2105 -0.5784 -2.1467
v 0.1905 -0.5864 -2.1502
v 0.1702 -0.5936 -2.1537
v 0.1496 -0.6002 -2.1571
v 0.1288 -0.6058 -2.1601
v 0.1077 -0.6109 -2.1632
v 0.0865 -0.6152 -2.1664
v 0.0650 -0.6187 -2.1697
v 0.0435 -0.6217 -2.1735
v 0.0218 -0.6238 -2.1769
v 0.0000 -0.6253 -2.1808
v -0.0219 -0.6259 -2.1843
v -0.0438 -0.6257 -2.1874
v -0.0657 -0.6249 -2.1913
v -0.0876 -0.6234 -2.1955
v -0.1095 -0.6212 -2.1998
v -0.1314 -0.6184 -2.2047
v -0.1533 -0.6147 -2.2095
v -0.1750 -0.6102 -2.2139
v -0.1965 -0.6047 -2.2174
v -0.2178 -0.5985 -2.2210
v -0.2389 -0.5913 -2.2242
v -0.2598 -0.5836 -2.2278
v -0.2804 -0.5750 -2.2311
v -0.3006 -0.5654 -2.2333
v -0.3205 -0.5551 -2.2354
v -0.3400 -0.5441 -2.2373
v -0.3590 -0.5323 -2.2392
v -0.3777 -0.5198 -2.2409
v -0.3959 -0.5067 -2.2426
v -0.4136 -0.4929 -2.2439
v -0.4308 -0.4784 -2.2452
v -0.4475 -0.4634 -2.2468
v -0.4636 -0.4477 -2.2476
v -0.4791 -0.4314 -2.2483
v -0.4939 -0.4145 -2.2486
v -0.5082 -0.3971 -2.2492
v -0.5218 -0.3791 -2.2492
v -0.5345 -0.3606 -2.2486
v -0.5467 -0.3416 -2.2482
v -0.5580 -0.3222 -2.2471
v -0.5687 -0.3024 -2.2461
v -0.5785 -0.2821 -2.2444
v -0.5875 -0.2616 -2.2428
v -0.5958 -0.2407 -2.2409
v -0.6032 -0.2195 -2.2386
v -0.6098 -0.1981 -2.2361
v -0.6156 -0.1765 -2.2332
v -0.6206 -0.1547 -2.2304
v -0.6249 -0.1328 -2.2278
v -0.6283 -0.1108 -2.2250
v -0.6312 -0.0887 -2.2228
v -0.6333 -0.0666 -2.2207
v -0.6347 -0.0444 -2.2189
v -0.6353 -0.0222 -2.2169
v -0.6352 -0.0000 -2.2153
v -0.6345 0.0222 -2.2140
v -0.6330 0.0443 -2.2130
v -0.6309 0.0663 -2.2124
v -0.6282 0.0883 -2.2124
v -0.6247 0.1101 -2.2121
v -0.6203 0.1318 -2.2115
v -0.6151 0.1534 -2.2109
v -0.6091 0.1747 -2.2099
v -0.6024 0.1957 -2.2088
v -0.5947 0.2165 -2.2072
v -0.5863 0.2369 -2.2054
v -0.5773 0.2570 -2.2038
v -0.5676 0.2768 -2.2022
v -0.5570 0.2962 -2.2000
v -0.5459 0.3152 -2.1982
v -0.5341 0.3337 -2.1962
v -0.5217 0.3519 -2.1947
v -0.5087 0.3696 -2.1929
v -0.4951 0.3868 -2.1909
v -0.4806 0.4033 -2.1881
v -0.4655 0.4192 -2.1847
v -0.4499 0.4344 -2.1810
v -0.4341 0.4496 -2.1795
v -0.4176 0.4638 -2.1767
v -0.4008 0.4776 -2.1744
v -0.3834 0.4907 -2.1715
v -0.3655 0.5031 -2.1688
v -0.3477 0.5154 -2.1681
v -0.3294 0.5271 -2.1677
v -0.3107 0.5381 -2.1669
v -0.2913 0.5479 -2.1641
v -0.2717 0.5570 -2.1612
v -0.2517 0.5654 -2.1584
v -0.2316 0.5732 -2.1560
v -0.2112 0.5802 -2.1532
v -0.1905 0.5864 -2.1504
v -0.1698 0.5921 -2.1480
v -0.1488 0.5967 -2.1447
v -0.1276 0.6005 -2.1410
v -0.1064 0.6037 -2.1377
v -0.0852 0.6062 -2.1349
v -0.0639 0.6080 -2.1321
v -0.0426 0.6091 -2.1293
v -0.0213 0.6094 -2.1267
v -0.0000 0.6091 -2.1241
v 0.0212 0.6083 -2.1228
v 0.0424 0.6061 -2.1190
v 0.0635 0.6037 -2.1171
v 0.0844 0.6004 -2.1143
v 0.1052 0.5967 -2.1131
v 0.1258 0.5921 -2.1109
v 0.1462 0.5864 -2.1076
v 0.1665 0.5807 -2.1069
v 0.1865 0.5740 -2.1048
v 0.2063 0.5667 -2.1030
v 0.2256 0.5585 -2.1005
v 0.2446 0.5494 -2.0975
v 0.2633 0.5399 -2.0949
v 0.2816 0.5296 -2.0918
v 0.2995 0.5188 -2.0890
v 0.3170 0.5073 -2.0862
v 0.3341 0.4954 -2.0839
v 0.3507 0.4827 -2.0806
v 0.3665 0.4691 -2.0762
v 0.3819 0.4552 -2.0722
v 0.3967 0.4406 -2.0677
v 0.4110 0.4256 -2.0633
v 0.4247 0.4102 -2.0592
v 0.4380 0.3944 -2.0555
v 0.4506 0.3781 -2.0515
v 0.4628 0.3616 -2.0484
v 0.4744 0.3447 -2.0449
v 0.4855 0.3274 -2.0421
v 0.4964 0.3102 -2.0411
v 0.5085 0.2936 -2.0477
v 0.5184 0.2756 -2.0474
v 0.5276 0.2573 -2.0471
v 0.5364 0.2388 -2.0478
v 0.5446 0.2200 -2.0484
v 0.5523 0.2010 -2.0496
v 0.5594 0.1818 -2.0512
v 0.5658 0.1622 -2.0528
v 0.5715 0.1425 -2.0542
v 0.5767 0.1226 -2.0560
v 0.5812 0.1025 -2.0582
v 0.5851 0.0822 -2.0605
v 0.5883 0.0618 -2.0629
v 0.5907 0.0413 -2.0651
v 0.5925 0.0207 -2.0674
v 0.5940 0.0000 -2.0716
v 0.6652 -0.0232 -2.0486
v 0.6641 -0.0464 -2.0488
v 0.6624 -0.0696 -2.0499
v 0.6600 -0.0928 -2.0511
v 0.6566 -0.1158 -2.0519
v 0.6526 -0.1387 -2.0532
v 0.6478 -0.1615 -2.0548
v 0.6422 -0.1842 -2.0562
v 0.6359 -0.2066 -2.0578
v 0.6288 -0.2289 -2.0595
v 0.6210 -0.2509 -2.0613
v 0.6125 -0.2727 -2.0636
v 0.6032 -0.2942 -2.0655
v 0.5934 -0.3155 -2.0685
v 0.5829 -0.3366 -2.0716
v 0.5716 -0.3572 -2.0744
v 0.5596 -0.3774 -2.0774
v 0.5469 -0.3973 -2.0804
v 0.5335 -0.4168 -2.0835
v 0.5193 -0.4358 -2.0865
v 0.5047 -0.4544 -2.0900
v 0.4894 -0.4726 -2.0938
v 0.4733 -0.4901 -2.0968
v 0.4565 -0.5070 -2.0998
v 0.4392 -0.5234 -2.1030
v 0.4214 -0.5393 -2.1064
v 0.4030 -0.5547 -2.1100
v 0.3842 -0.5696 -2.1146
v 0.3650 -0.5841 -2.1196
v 0.3445 -0.5967 -2.1207
v 0.3242 -0.6097 -2.1251
v 0.3032 -0.6217 -2.1287
v 0.2818 -0.6329 -2.1323
v 0.2600 -0.6435 -2.1359
v 0.2378 -0.6534 -2.1399
v 0.2152 -0.6625 -2.1438
v 0.1924 -0.6708 -2.1478
v 0.1691 -0.6784 -2.1518
v 0.1459 -0.6862 -2.1591
v 0.1220 -0.6918 -2.1619
v 0.0979 -0.6968 -2.1655
v 0.0737 -0.7010 -2.1695
v 0.0493 -0.7046 -2.1738
v 0.0247 -0.7076 -2.1792
v 0.0000 -0.7096 -2.1838
v -0.0248 -0.7105 -2.1879
v -0.0497 -0.7108 -2.1929
v -0.0746 -0.7100 -2.1971
v -0.0996 -0.7085 -2.2020
v -0.1246 -0.7064 -2.2077
v -0.1495 -0.7034 -2.2132
v -0.1744 -0.6996 -2.2192
v -0.1993 -0.6951 -2.2256
v -0.2238 -0.6889 -2.2292
v -0.2482 -0.6818 -2.2332
v -0.2723 -0.6740 -2.2374
v -0.2962 -0.6654 -2.2416
v -0.3199 -0.6559 -2.2458
v -0.3431 -0.6452 -2.2490
v -0.3657 -0.6334 -2.2510
v -0.3879 -0.6208 -2.2529
v -0.4097 -0.6074 -2.2550
v -0.4310 -0.5932 -2.2568
v -0.4517 -0.5782 -2.2582
v -0.4719 -0.5624 -2.2595
v -0.4915 -0.5459 -2.2608
v -0.5106 -0.5287 -2.2620
v -0.5289 -0.5108 -2.2630
v -0.5465 -0.4921 -2.2633
v -0.5634 -0.4728 -2.2637
v -0.5795 -0.4528 -2.2633
v -0.5948 -0.4321 -2.2628
v -0.6093 -0.4110 -2.2618
v -0.6229 -0.3892 -2.2607
v -0.6356 -0.3670 -2.2589
v -0.6474 -0.3442 -2.2567
v -0.6583 -0.3211 -2.2542
v -0.6683 -0.2975 -2.2513
v -0.6774 -0.2737 -2.2485
v -0.6854 -0.2495 -2.2450
v -0.6927 -0.2251 -2.2416
v -0.6990 -0.2004 -2.2380
v -0.7044 -0.1756 -2.2343
v -0.7089 -0.1507 -2.2305
v -0.7127 -0.1257 -2.2272
v -0.7157 -0.1006 -2.2242
v -0.7180 -0.0755 -2.2220
v -0.7194 -0.0503 -2.2196
v -0.7201 -0.0251 -2.2176
v -0.7199 -0.0000 -2.2157
v -0.7189 0.0251 -2.2140
v -0.7171 0.0501 -2.2124
v -0.7146 0.0751 -2.2114
v -0.7114 0.1000 -2.2108
v -0.7073 0.1247 -2.2105
v -0.7023 0.1493 -2.2099
v -0.6964 0.1736 -2.2089
v -0.6896 0.1977 -2.2080
v -0.6818 0.2215 -2.2063
v -0.6730 0.2449 -2.2042
v -0.6633 0.2680 -2.2017
v -0.6529 0.2907 -2.1995
v -0.6417 0.3130 -2.1974
v -0.6297 0.3348 -2.1950
v -0.6169 0.3561 -2.1922
v -0.6031 0.3769 -2.1889
v -0.5890 0.3973 -2.1865
v -0.5741 0.4171 -2.1841
v -0.5586 0.4364 -2.1815
v -0.5420 0.4548 -2.1775
v -0.5250 0.4727 -2.1742
v -0.5076 0.4902 -2.1718
v -0.4899 0.5073 -2.1705
v -0.4716 0.5238 -2.1692
v -0.4525 0.5392 -2.1665
v -0.4329 0.5541 -2.1639
v -0.4128 0.5682 -2.1617
v -0.3924 0.5818 -2.1598
v -0.3717 0.5949 -2.1590
v -0.3504 0.6070 -2.1571
v -0.3286 0.6180 -2.1540
v -0.3064 0.6283 -2.1515
v -0.2840 0.6379 -2.1490
v -0.2613 0.6466 -2.1464
v -0.2383 0.6546 -2.1441
v -0.2149 0.6615 -2.1407
v -0.1914 0.6675 -2.1372
v -0.1678 0.6729 -2.1343
v -0.1439 0.6770 -2.1302
v -0.1200 0.6806 -2.1269
v -0.0960 0.6833 -2.1237
v -0.0720 0.6852 -2.1206
v -0.0480 0.6864 -2.1176
v -0.0240 0.6867 -2.1149
v -0.0000 0.6863 -2.1123
v 0.0239 0.6851 -2.1097
v 0.0478 0.6831 -2.1074
v 0.0715 0.6798 -2.1038
v 0.0951 0.6766 -2.1027
v 0.1185 0.6721 -2.1005
v 0.1417 0.6665 -2.0972
v 0.1647 0.6607 -2.0956
v 0.1874 0.6537 -2.0928
v 0.2100 0.6464 -2.0917
v 0.2322 0.6380 -2.0897
v 0.2541 0.6288 -2.0874
v 0.2755 0.6189 -2.0850
v 0.2966 0.6081 -2.0822
v 0.3173 0.5968 -2.0803
v 0.3376 0.5848 -2.0782
v 0.3574 0.5720 -2.0758
v 0.3763 0.5579 -2.0711
v 0.3948 0.5434 -2.0672
v 0.4126 0.5281 -2.0625
v 0.4297 0.5121 -2.0576
v 0.4463 0.4957 -2.0528
v 0.4622 0.4787 -2.0479
v 0.4775 0.4611 -2.0431
v 0.4917 0.4428 -2.0365
v 0.5035 0.4225 -2.0228
v 0.5164 0.4034 -2.0168
v 0.5288 0.3842 -2.0119
v 0.5408 0.3648 -2.0076
v 0.5555 0.3471 -2.0160
v 0.5671 0.3274 -2.0152
v 0.5778 0.3072 -2.0139
v 0.5880 0.2868 -2.0135
v 0.5977 0.2661 -2.0137
v 0.6069 0.2452 -2.0146
v 0.6165 0.2244 -2.0192
v 0.6246 0.2029 -2.0211
v 0.6320 0.1812 -2.0234
v 0.6386 0.1592 -2.0256
v 0.6447 0.1370 -2.0284
v 0.6503 0.1147 -2.0324
v 0.6549 0.0920 -2.0353
v 0.6585 0.0692 -2.0379
v 0.6614 0.0463 -2.0406
v 0.6633 0.0232 -2.0426
v 0.6643 0.0000 -2.0446
v 0.7369 -0.0257 -2.0260
v 0.7349 -0.0514 -2.0241
v 0.7331 -0.0771 -2.0253
v 0.7304 -0.1027 -2.0265
v 0.7267 -0.1281 -2.0273
v 0.7221 -0.1535 -2.0281
v 0.7169 -0.1787 -2.0298
v 0.7108 -0.2038 -2.0315
v 0.7038 -0.2287 -2.0333
v 0.6962 -0.2534 -2.0357
v 0.6878 -0.2779 -2.0381
v 0.6787 -0.3022 -2.0412
v 0.6684 -0.3260 -2.0431
v 0.6577 -0.3497 -2.0466
v 0.6461 -0.3730 -2.0498
v 0.6338 -0.3960 -2.0532
v 0.6206 -0.4186 -2.0566
v 0.6066 -0.4407 -2.0600
v 0.5919 -0.4624 -2.0636
v 0.5763 -0.4836 -2.0670
v 0.5602 -0.5044 -2.0711
v 0.5433 -0.5246 -2.0750
v 0.5255 -0.5442 -2.0785
v 0.5071 -0.5631 -2.0820
v 0.4879 -0.5815 -2.0856
v 0.4677 -0.5986 -2.0872
v 0.4472 -0.6155 -2.0903
v 0.4262 -0.6319 -2.0940
v 0.4046 -0.6476 -2.0980
v 0.3831 -0.6635 -2.1051
v 0.3608 -0.6786 -2.1115
v 0.3376 -0.6922 -2.1160
v 0.3139 -0.7051 -2.1206
v 0.2898 -0.7173 -2.1254
v 0.2652 -0.7285 -2.1300
v 0.2401 -0.7389 -2.1347
v 0.2145 -0.7482 -2.1384
v 0.1888 -0.7572 -2.1441
v 0.1628 -0.7659 -2.1513
v 0.1363 -0.7730 -2.1565
v 0.1095 -0.7792 -2.1618
v 0.0825 -0.7846 -2.1675
v 0.0552 -0.7888 -2.1726
v 0.0277 -0.7922 -2.1778
v 0.0000 -0.7946 -2.1831
v -0.0278 -0.7962 -2.1889
v -0.0558 -0.7982 -2.1984
v -0.0838 -0.7975 -2.2033
v -0.1120 -0.7966 -2.2102
v -0.1401 -0.7945 -2.2165
v -0.1682 -0.7913 -2.2227
v -0.1964 -0.7875 -2.2300
v -0.2249 -0.7843 -2.2417
v -0.2524 -0.7768 -2.2442
v -0.2800 -0.7692 -2.2489
v -0.3071 -0.7601 -2.2523
v -0.3340 -0.7503 -2.2564
v -0.3607 -0.7395 -2.2604
v -0.3867 -0.7273 -2.2631
v -0.4121 -0.7137 -2.2644
v -0.4372 -0.6997 -2.2670
v -0.4619 -0.6848 -2.2694
v -0.4859 -0.6688 -2.2713
v -0.5093 -0.6519 -2.2729
v -0.5321 -0.6341 -2.2742
v -0.5542 -0.6154 -2.2754
v -0.5757 -0.5962 -2.2771
v -0.5962 -0.5757 -2.2772
v -0.6158 -0.5545 -2.2768
v -0.6343 -0.5323 -2.2751
v -0.6522 -0.5095 -2.2739
v -0.6691 -0.4861 -2.2724
v -0.6852 -0.4621 -2.2707
v -0.7006 -0.4378 -2.2696
v -0.7146 -0.4126 -2.2671
v -0.7274 -0.3868 -2.2634
v -0.7393 -0.3606 -2.2599
v -0.7501 -0.3340 -2.2560
v -0.7603 -0.3072 -2.2528
v -0.7688 -0.2798 -2.2477
v -0.7769 -0.2524 -2.2444
v -0.7838 -0.2247 -2.2401
v -0.7895 -0.1968 -2.2355
v -0.7938 -0.1687 -2.2298
v -0.7977 -0.1407 -2.2256
v -0.8008 -0.1125 -2.2217
v -0.8033 -0.0844 -2.2192
v -0.8049 -0.0563 -2.2168
v -0.8057 -0.0281 -2.2149
v -0.8055 -0.0000 -2.2131
v -0.8043 0.0281 -2.2111
v -0.8019 0.0561 -2.2087
v -0.7989 0.0840 -2.2071
v -0.7952 0.1118 -2.2064
v -0.7906 0.1394 -2.2056
v -0.7849 0.1668 -2.2047
v -0.7782 0.1940 -2.2035
v -0.7703 0.2209 -2.2017
v -0.7615 0.2474 -2.1998
v -0.7514 0.2735 -2.1968
v -0.7401 0.2990 -2.1932
v -0.7283 0.3243 -2.1903
v -0.7156 0.3490 -2.1875
v -0.7021 0.3733 -2.1847
v -0.6877 0.3971 -2.1819
v -0.6715 0.4196 -2.1756
v -0.6557 0.4423 -2.1729
v -0.6392 0.4644 -2.1709
v -0.6220 0.4860 -2.1687
v -0.6030 0.5060 -2.1626
v -0.5845 0.5263 -2.1608
v -0.5653 0.5459 -2.1592
v -0.5456 0.5650 -2.1579
v -0.5252 0.5833 -2.1566
v -0.5043 0.6010 -2.1555
v -0.4827 0.6179 -2.1542
v -0.4606 0.6339 -2.1529
v -0.4379 0.6492 -2.1516
v -0.4145 0.6633 -2.1491
v -0.3906 0.6765 -2.1462
v -0.3662 0.6887 -2.1432
v -0.3418 0.7008 -2.1421
v -0.3167 0.7114 -2.1394
v -0.2913 0.7210 -2.1366
v -0.2656 0.7298 -2.1337
v -0.2394 0.7368 -2.1286
v -0.2132 0.7434 -2.1249
v -0.1868 0.7494 -2.1220
v -0.1603 0.7542 -2.1183
v -0.1337 0.7580 -2.1147
v -0.1069 0.7608 -2.1109
v -0.0802 0.7627 -2.1072
v -0.0534 0.7639 -2.1039
v -0.0267 0.7644 -2.1013
v -0.0000 0.7640 -2.0991
v 0.0266 0.7627 -2.0967
v 0.0532 0.7605 -2.0945
v 0.0796 0.7574 -2.0923
v 0.1059 0.7533 -2.0901
v 0.1320 0.7484 -2.0878
v 0.1578 0.7425 -2.0855
v 0.1835 0.7361 -2.0844
v 0.2088 0.7281 -2.0809
v 0.2335 0.7186 -2.0761
v 0.2585 0.7101 -2.0762
v 0.2829 0.7002 -2.0748
v 0.3070 0.6894 -2.0734
v 0.3306 0.6777 -2.0717
v 0.3535 0.6649 -2.0689
v 0.3761 0.6513 -2.0664
v 0.3980 0.6370 -2.0638
v 0.4190 0.6212 -2.0588
v 0.4397 0.6052 -2.0554
v 0.4593 0.5879 -2.0498
v 0.4782 0.5699 -2.0438
v 0.4963 0.5512 -2.0379
v 0.5137 0.5320 -2.0318
v 0.5299 0.5117 -2.0240
v 0.5453 0.4910 -2.0162
v 0.5601 0.4699 -2.0087
v 0.5741 0.4485 -2.0016
v 0.5873 0.4267 -1.9946
v 0.5992 0.4041 -1.9857
v 0.6126 0.3828 -1.9846
v 0.6245 0.3606 -1.9812
v 0.6360 0.3382 -1.9791
v 0.6473 0.3157 -1.9786
v 0.6581 0.2930 -1.9794
v 0.6705 0.2709 -1.9868
v 0.6802 0.2476 -1.9887
v 0.6893 0.2240 -1.9913
v 0.6977 0.2001 -1.9942
v 0.7046 0.1757 -1.9952
v 0.7115 0.1512 -1.9986
v 0.7177 0.1266 -2.0024
v 0.7239 0.1017 -2.0084
v 0.7282 0.0765 -2.0117
v 0.7316 0.0512 -2.0151
v 0.7333 0.0256 -2.0160
v 0.7351 0.0000 -2.0197
v 0.8063 -0.0282 -1.9970
v 0.8053 -0.0563 -1.9981
v 0.8034 -0.0844 -1.9994
v 0.8005 -0.1125 -2.0009
v 0.7963 -0.1404 -2.0014
v 0.7913 -0.1682 -2.0023
v 0.7855 -0.1959 -2.0037
v 0.7790 -0.2234 -2.0057
v 0.7716 -0.2507 -2.0082
v 0.7633 -0.2778 -2.0106
v 0.7544 -0.3048 -2.0138
v 0.7442 -0.3313 -2.0163
v 0.7330 -0.3575 -2.0185
v 0.7214 -0.3836 -2.0223
v 0.7089 -0.4093 -2.0261
v 0.6954 -0.4346 -2.0297
v 0.6810 -0.4593 -2.0331
v 0.6657 -0.4837 -2.0367
v 0.6496 -0.5075 -2.0405
v 0.6327 -0.5309 -2.0442
v 0.6151 -0.5538 -2.0486
v 0.5967 -0.5762 -2.0531
v 0.5772 -0.5977 -2.0567
v 0.5564 -0.6180 -2.0582
v 0.5348 -0.6373 -2.0591
v 0.5129 -0.6565 -2.0621
v 0.4906 -0.6753 -2.0659
v 0.4677 -0.6933 -2.0699
v 0.4442 -0.7108 -2.0746
v 0.4191 -0.7260 -2.0749
v 0.3944 -0.7417 -2.0791
v 0.3700 -0.7587 -2.0893
v 0.3447 -0.7743 -2.0978
v 0.3183 -0.7877 -2.1029
v 0.2914 -0.8006 -2.1086
v 0.2641 -0.8127 -2.1151
v 0.2363 -0.8241 -2.1220
v 0.2087 -0.8370 -2.1351
v 0.1799 -0.8465 -2.1419
v 0.1509 -0.8560 -2.1514
v 0.1214 -0.8638 -2.1589
v 0.0915 -0.8705 -2.1665
v 0.0613 -0.8760 -2.1735
v 0.0308 -0.8811 -2.1820
v 0.0000 -0.8842 -2.1885
v -0.0310 -0.8867 -2.1959
v -0.0620 -0.8864 -2.1994
v -0.0934 -0.8890 -2.2125
v -0.1249 -0.8885 -2.2206
v -0.1567 -0.8885 -2.2331
v -0.1882 -0.8853 -2.2402
v -0.2198 -0.8815 -2.2485
v -0.2510 -0.8755 -2.2543
v -0.2821 -0.8683 -2.2596
v -0.3132 -0.8606 -2.2669
v -0.3436 -0.8505 -2.2705
v -0.3738 -0.8396 -2.2748
v -0.4036 -0.8276 -2.2790
v -0.4328 -0.8139 -2.2815
v -0.4615 -0.7994 -2.2846
v -0.4894 -0.7832 -2.2858
v -0.5169 -0.7663 -2.2879
v -0.5437 -0.7484 -2.2896
v -0.5699 -0.7294 -2.2910
v -0.5955 -0.7097 -2.2931
v -0.6198 -0.6884 -2.2926
v -0.6429 -0.6658 -2.2908
v -0.6659 -0.6430 -2.2911
v -0.6876 -0.6191 -2.2900
v -0.7083 -0.5943 -2.2884
v -0.7277 -0.5685 -2.2856
v -0.7463 -0.5422 -2.2833
v -0.7639 -0.5153 -2.2806
v -0.7802 -0.4875 -2.2770
v -0.7953 -0.4592 -2.2731
v -0.8093 -0.4303 -2.2686
v -0.8217 -0.4008 -2.2627
v -0.8334 -0.3711 -2.2580
v -0.8432 -0.3407 -2.2508
v -0.8529 -0.3104 -2.2464
v -0.8613 -0.2798 -2.2414
v -0.8689 -0.2492 -2.2374
v -0.8749 -0.2181 -2.2317
v -0.8800 -0.1870 -2.2267
v -0.8834 -0.1558 -2.2202
v -0.8870 -0.1247 -2.2169
v -0.8895 -0.0935 -2.2137
v -0.8913 -0.0623 -2.2115
v -0.8921 -0.0312 -2.2094
v -0.8919 -0.0000 -2.2076
v -0.8905 0.0311 -2.2054
v -0.8878 0.0621 -2.2028
v -0.8843 0.0929 -2.2009
v -0.8801 0.1237 -2.1997
v -0.8748 0.1543 -2.1986
v -0.8682 0.1845 -2.1968
v -0.8599 0.2144 -2.1935
v -0.8512 0.2441 -2.1918
v -0.8412 0.2733 -2.1891
v -0.8298 0.3020 -2.1857
v -0.8174 0.3302 -2.1819
v -0.8041 0.3580 -2.1785
v -0.7892 0.3849 -2.1733
v -0.7740 0.4115 -2.1696
v -0.7575 0.4374 -2.1650
v -0.7407 0.4629 -2.1619
v -0.7233 0.4879 -2.1593
v -0.7037 0.5113 -2.1528
v -0.6846 0.5349 -2.1504
v -0.6650 0.5580 -2.1486
v -0.6447 0.5805 -2.1471
v -0.6236 0.6022 -2.1457
v -0.6019 0.6233 -2.1446
v -0.5795 0.6436 -2.1436
v -0.5565 0.6632 -2.1427
v -0.5328 0.6819 -2.1418
v -0.5084 0.6998 -2.1410
v -0.4835 0.7168 -2.1401
v -0.4573 0.7319 -2.1360
v -0.4315 0.7473 -2.1359
v -0.4048 0.7613 -2.1341
v -0.3776 0.7741 -2.1317
v -0.3498 0.7857 -2.1288
v -0.3217 0.7964 -2.1258
v -0.2932 0.8055 -2.1217
v -0.2643 0.8135 -2.1172
v -0.2354 0.8208 -2.1135
v -0.2062 0.8271 -2.1097
v -0.1769 0.8323 -2.1060
v -0.1475 0.8364 -2.1021
v -0.1180 0.8395 -2.0983
v -0.0885 0.8419 -2.0953
v -0.0590 0.8432 -2.0921
v -0.0295 0.8436 -2.0893
v -0.0000 0.8432 -2.0869
v 0.0294 0.8417 -2.0846
v 0.0587 0.8393 -2.0824
v 0.0878 0.8358 -2.0801
v 0.1169 0.8319 -2.0792
v 0.1456 0.8256 -2.0749
v 0.1739 0.8183 -2.0705
v 0.2020 0.8100 -2.0662
v 0.2301 0.8024 -2.0660
v 0.2577 0.7932 -2.0642
v 0.2850 0.7830 -2.0622
v 0.3120 0.7721 -2.0611
v 0.3385 0.7603 -2.0598
v 0.3645 0.7474 -2.0582
v 0.3900 0.7335 -2.0560
v 0.4153 0.7192 -2.0556
v 0.4399 0.7039 -2.0545
v 0.4632 0.6867 -2.0502
v 0.4857 0.6685 -2.0451
v 0.5073 0.6493 -2.0393
v 0.5282 0.6295 -2.0338
v 0.5481 0.6087 -2.0275
v 0.5666 0.5867 -2.0189
v 0.5841 0.5640 -2.0097
v 0.6010 0.5411 -2.0016
v 0.6170 0.5177 -1.9934
v 0.6322 0.4939 -1.9857
v 0.6466 0.4698 -1.9781
v 0.6597 0.4450 -1.9694
v 0.6730 0.4205 -1.9641
v 0.6830 0.3943 -1.9519
v 0.6944 0.3692 -1.9464
v 0.7059 0.3443 -1.9440
v 0.7186 0.3199 -1.9468
v 0.7329 0.2961 -1.9565
v 0.7438 0.2707 -1.9590
v 0.7540 0.2450 -1.9622
v 0.7634 0.2189 -1.9655
v 0.7719 0.1925 -1.9690
v 0.7796 0.1657 -1.9727
v 0.7866 0.1387 -1.9768
v 0.7937 0.1116 -1.9839
v 0.7974 0.0838 -1.9845
v 0.8013 0.0560 -1.9882
v 0.8043 0.0281 -1.9920
v 0.8062 0.0000 -1.9954
v 0.8763 -0.0306 -1.9694
v 0.8752 -0.0612 -1.9706
v 0.8732 -0.0918 -1.9721
v 0.8701 -0.1223 -1.9734
v 0.8656 -0.1526 -1.9741
v 0.8601 -0.1828 -1.9750
v 0.8540 -0.2129 -1.9767
v 0.8471 -0.2429 -1.9792
v 0.8389 -0.2726 -1.9812
v 0.8305 -0.3023 -1.9850
v 0.8204 -0.3315 -1.9873
v 0.8092 -0.3603 -1.9895
v 0.7970 -0.3887 -1.9917
v 0.7845 -0.4171 -1.9956
v 0.7710 -0.4451 -1.9995
v 0.7564 -0.4727 -2.0033
v 0.7409 -0.4997 -2.0072
v 0.7244 -0.5263 -2.0112
v 0.7069 -0.5523 -2.0148
v 0.6883 -0.5775 -2.0180
v 0.6685 -0.6020 -2.0206
v 0.6486 -0.6264 -2.0252
v 0.6272 -0.6494 -2.0278
v 0.6048 -0.6717 -2.0302
v 0.5818 -0.6933 -2.0328
v 0.5583 -0.7146 -2.0367
v 0.5344 -0.7356 -2.0422
v 0.5090 -0.7547 -2.0446
v 0.4833 -0.7734 -2.0483
v 0.4554 -0.7889 -2.0459
v 0.4286 -0.8061 -2.0505
v 0.4013 -0.8227 -2.0559
v 0.3736 -0.8390 -2.0628
v 0.3464 -0.8573 -2.0768
v 0.3175 -0.8722 -2.0848
v 0.2878 -0.8858 -2.0920
v 0.2579 -0.8995 -2.1018
v 0.2280 -0.9145 -2.1168
v 0.1970 -0.9269 -2.1283
v 0.1657 -0.9397 -2.1432
v 0.1334 -0.9489 -2.1523
v 0.1008 -0.9590 -2.1659
v 0.0676 -0.9674 -2.1781
v 0.0341 -0.9751 -2.1915
v 0.0000 -0.9795 -2.2000
v -0.0344 -0.9837 -2.2108
v -0.0689 -0.9851 -2.2179
v -0.1036 -0.9858 -2.2264
v -0.1383 -0.9840 -2.2319
v -0.1729 -0.9804 -2.2360
v -0.2083 -0.9800 -2.2503
v -0.2431 -0.9752 -2.2573
v -0.2778 -0.9689 -2.2639
v -0.3123 -0.9612 -2.2699
v -0.3469 -0.9531 -2.2780
v -0.3811 -0.9431 -2.2847
v -0.4145 -0.9310 -2.2891
v -0.4472 -0.9169 -2.2914
v -0.4801 -0.9030 -2.2969
v -0.5120 -0.8868 -2.2999
v -0.5432 -0.8693 -2.3022
v -0.5735 -0.8503 -2.3036
v -0.6030 -0.8299 -2.3041
v -0.6315 -0.8082 -2.3037
v -0.6596 -0.7861 -2.3049
v -0.6865 -0.7625 -2.3044
v -0.7125 -0.7378 -2.3037
v -0.7374 -0.7121 -2.3025
v -0.7611 -0.6853 -2.3003
v -0.7836 -0.6575 -2.2976
v -0.8050 -0.6290 -2.2946
v -0.8247 -0.5992 -2.2895
v -0.8435 -0.5690 -2.2852
v -0.8614 -0.5383 -2.2814
v -0.8779 -0.5069 -2.2768
v -0.8921 -0.4743 -2.2692
v -0.9060 -0.4419 -2.2639
v -0.9174 -0.4085 -2.2555
v -0.9283 -0.3751 -2.2488
v -0.9374 -0.3412 -2.2407
v -0.9470 -0.3077 -2.2365
v -0.9554 -0.2740 -2.2323
v -0.9624 -0.2399 -2.2277
v -0.9674 -0.2056 -2.2215
v -0.9717 -0.1713 -2.2162
v -0.9749 -0.1370 -2.2112
v -0.9782 -0.1028 -2.2091
v -0.9797 -0.0685 -2.2058
v -0.9804 -0.0342 -2.2034
v -0.9801 -0.0000 -2.2013
v -0.9783 0.0342 -2.1986
v -0.9753 0.0682 -2.1960
v -0.9714 0.1021 -2.1939
v -0.9667 0.1359 -2.1926
v -0.9605 0.1694 -2.1907
v -0.9529 0.2026 -2.1881
v -0.9437 0.2353 -2.1846
v -0.9334 0.2677 -2.1810
v -0.9219 0.2995 -2.1771
v -0.9089 0.3308 -2.1723
v -0.8950 0.3616 -2.1681
v -0.8798 0.3917 -2.1632
v -0.8637 0.4213 -2.1583
v -0.8459 0.4497 -2.1517
v -0.8284 0.4783 -2.1484
v -0.8081 0.5050 -2.1403
v -0.7890 0.5322 -2.1376
v -0.7689 0.5586 -2.1346
v -0.7483 0.5846 -2.1329
v -0.7269 0.6099 -2.1312
v -0.7047 0.6345 -2.1299
v -0.6827 0.6593 -2.1317
v -0.6589 0.6824 -2.1306
v -0.6345 0.7046 -2.1297
v -0.6093 0.7261 -2.1289
v -0.5833 0.7466 -2.1281
v -0.5567 0.7663 -2.1274
v -0.5294 0.7849 -2.1265
v -0.5013 0.8022 -2.1245
v -0.4726 0.8185 -2.1228
v -0.4433 0.8337 -2.1207
v -0.4134 0.8475 -2.1180
v -0.3830 0.8602 -2.1148
v -0.3521 0.8716 -2.1114
v -0.3209 0.8818 -2.1076
v -0.2894 0.8908 -2.1038
v -0.2577 0.8988 -2.1001
v -0.2258 0.9056 -2.0963
v -0.1938 0.9118 -2.0937
v -0.1616 0.9165 -2.0902
v -0.1293 0.9201 -2.0868
v -0.0970 0.9226 -2.0835
v -0.0646 0.9240 -2.0804
v -0.0323 0.9244 -2.0774
v -0.0000 0.9237 -2.0747
v 0.0322 0.9220 -2.0722
v 0.0643 0.9193 -2.0699
v 0.0962 0.9154 -2.0674
v 0.1278 0.9094 -2.0626
v 0.1591 0.9023 -2.0579
v 0.1901 0.8942 -2.0532
v 0.2206 0.8850 -2.0485
v 0.2518 0.8782 -2.0520
v 0.2819 0.8675 -2.0488
v 0.3114 0.8557 -2.0452
v 0.3406 0.8431 -2.0422
v 0.3700 0.8310 -2.0431
v 0.3988 0.8177 -2.0433
v 0.4272 0.8034 -2.0438
v 0.4545 0.7872 -2.0415
v 0.4813 0.7702 -2.0399
v 0.5088 0.7543 -2.0437
v 0.5335 0.7343 -2.0386
v 0.5570 0.7129 -2.0319
v 0.5797 0.6908 -2.0255
v 0.6012 0.6677 -2.0179
v 0.6217 0.6437 -2.0100
v 0.6399 0.6179 -1.9979
v 0.6578 0.5923 -1.9882
v 0.6742 0.5657 -1.9766
v 0.6904 0.5394 -1.9680
v 0.7060 0.5129 -1.9599
v 0.7206 0.4860 -1.9522
v 0.7354 0.4595 -1.9477
v 0.7480 0.4319 -1.9400
v 0.7586 0.4033 -1.9297
v 0.7721 0.3766 -1.9294
v 0.7849 0.3495 -1.9298
v 0.7995 0.3230 -1.9366
v 0.8109 0.2952 -1.9383
v 0.8215 0.2669 -1.9402
v 0.8315 0.2384 -1.9428
v 0.8406 0.2096 -1.9458
v 0.8475 0.1801 -1.9459
v 0.8559 0.1509 -1.9520
v 0.8622 0.1212 -1.9556
v 0.8676 0.0912 -1.9595
v 0.8717 0.0610 -1.9627
v 0.8748 0.0305 -1.9659
v 0.8768 0.0000 -1.9692
v 0.9467 -0.0331 -1.9421
v 0.9454 -0.0661 -1.9431
v 0.9432 -0.0991 -1.9445
v 0.9398 -0.1321 -1.9459
v 0.9351 -0.1649 -1.9469
v 0.9294 -0.1976 -1.9481
v 0.9230 -0.2301 -1.9503
v 0.9152 -0.2624 -1.9521
v 0.9067 -0.2946 -1.9547
v 0.8972 -0.3266 -1.9577
v 0.8862 -0.3581 -1.9597
v 0.8741 -0.3892 -1.9618
v 0.8609 -0.4199 -1.9639
v 0.8474 -0.4506 -1.9678
v 0.8329 -0.4809 -1.9719
v 0.8174 -0.5108 -1.9763
v 0.8006 -0.5400 -1.9799
v 0.7826 -0.5686 -1.9834
v 0.7634 -0.5964 -1.9862
v 0.7431 -0.6235 -1.9889
v 0.7219 -0.6500 -1.9916
v 0.6993 -0.6753 -1.9933
v 0.6770 -0.7011 -1.9983
v 0.6532 -0.7254 -2.0014
v 0.6283 -0.7488 -2.0042
v 0.6030 -0.7718 -2.0081
v 0.5769 -0.7941 -2.0124
v 0.5498 -0.8151 -2.0157
v 0.5220 -0.8353 -2.0196
v 0.4936 -0.8550 -2.0241
v 0.4647 -0.8740 -2.0296
v 0.4330 -0.8879 -2.0253
v 0.4032 -0.9057 -2.0326
v 0.3731 -0.9233 -2.0418
v 0.3444 -0.9463 -2.0648
v 0.3131 -0.9635 -2.0771
v 0.2810 -0.9801 -2.0904
v 0.2483 -0.9960 -2.1046
v 0.2149 -1.0111 -2.1194
v 0.1808 -1.0253 -2.1346
v 0.1460 -1.0386 -2.1503
v 0.1104 -1.0501 -2.1648
v 0.0742 -1.0609 -2.1806
v 0.0374 -1.0713 -2.1977
v 0.0000 -1.0783 -2.2109
v -0.0378 -1.0838 -2.2235
v -0.0759 -1.0856 -2.2313
v -0.1142 -1.0868 -2.2406
v -0.1527 -1.0865 -2.2496
v -0.1912 -1.0845 -2.2579
v -0.2297 -1.0808 -2.2655
v -0.2688 -1.0780 -2.2780
v -0.3072 -1.0712 -2.2848
v -0.3450 -1.0619 -2.2892
v -0.3829 -1.0520 -2.2953
v -0.4202 -1.0400 -2.2998
v -0.4571 -1.0266 -2.3041
v -0.4935 -1.0118 -2.3080
v -0.5284 -0.9938 -2.3077
v -0.5635 -0.9760 -2.3106
v -0.5976 -0.9564 -2.3121
v -0.6309 -0.9353 -2.3132
v -0.6631 -0.9127 -2.3130
v -0.6949 -0.8894 -2.3140
v -0.7264 -0.8657 -2.3170
v -0.7556 -0.8391 -2.3151
v -0.7838 -0.8117 -2.3135
v -0.8111 -0.7833 -2.3119
v -0.8370 -0.7536 -2.3092
v -0.8633 -0.7244 -2.3105
v -0.8859 -0.6922 -2.3050
v -0.9064 -0.6586 -2.2972
v -0.9263 -0.6248 -2.2908
v -0.9446 -0.5903 -2.2838
v -0.9612 -0.5550 -2.2757
v -0.9775 -0.5197 -2.2698
v -0.9915 -0.4836 -2.2617
v -1.0050 -0.4475 -2.2556
v -1.0169 -0.4109 -2.2487
v -1.0275 -0.3740 -2.2420
v -1.0371 -0.3370 -2.2358
v -1.0457 -0.2998 -2.2304
v -1.0530 -0.2625 -2.2250
v -1.0585 -0.2250 -2.2187
v -1.0623 -0.1873 -2.2116
v -1.0660 -0.1498 -2.2072
v -1.0687 -0.1123 -2.2033
v -1.0706 -0.0749 -2.2003
v -1.0710 -0.0374 -2.1972
v -1.0698 -0.0000 -2.1934
v -1.0679 0.0373 -2.1908
v -1.0645 0.0744 -2.1878
v -1.0604 0.1114 -2.1860
v -1.0549 0.1483 -2.1841
v -1.0479 0.1848 -2.1817
v -1.0395 0.2209 -2.1789
v -1.0288 0.2565 -2.1740
v -1.0171 0.2917 -2.1694
v -1.0046 0.3264 -2.1656
v -0.9894 0.3601 -2.1588
v -0.9736 0.3934 -2.1530
v -0.9558 0.4256 -2.1452
v -0.9374 0.4572 -2.1384
v -0.9184 0.4883 -2.1326
v -0.8995 0.5193 -2.1295
v -0.8788 0.5491 -2.1247
v -0.8579 0.5787 -2.1217
v -0.8363 0.6076 -2.1194
v -0.8146 0.6364 -2.1194
v -0.7913 0.6640 -2.1180
v -0.7672 0.6908 -2.1167
v -0.7423 0.7168 -2.1158
v -0.7164 0.7419 -2.1145
v -0.6898 0.7661 -2.1135
v -0.6624 0.7894 -2.1127
v -0.6343 0.8118 -2.1123
v -0.6055 0.8334 -2.1120
v -0.5759 0.8538 -2.1115
v -0.5454 0.8727 -2.1100
v -0.5141 0.8904 -2.1080
v -0.4821 0.9067 -2.1055
v -0.4497 0.9221 -2.1034
v -0.4166 0.9357 -2.0999
v -0.3830 0.9480 -2.0963
v -0.3491 0.9590 -2.0925
v -0.3148 0.9689 -2.0887
v -0.2803 0.9774 -2.0848
v -0.2454 0.9844 -2.0801
v -0.2105 0.9903 -2.0758
v -0.1755 0.9952 -2.0719
v -0.1404 0.9990 -2.0685
v -0.1053 1.0020 -2.0658
v -0.0702 1.0040 -2.0635
v -0.0351 1.0046 -2.0609
v -0.0000 1.0042 -2.0590
v 0.0350 1.0026 -2.0569
v 0.0699 1.0001 -2.0555
v 0.1046 0.9954 -2.0521
v 0.1391 0.9896 -2.0490
v 0.1733 0.9827 -2.0458
v 0.2071 0.9744 -2.0424
v 0.2403 0.9638 -2.0365
v 0.2734 0.9536 -2.0340
v 0.3056 0.9406 -2.0279
v 0.3376 0.9274 -2.0235
v 0.3685 0.9122 -2.0171
v 0.4011 0.9009 -2.0220
v 0.4327 0.8871 -2.0237
v 0.4632 0.8711 -2.0227
v 0.4933 0.8545 -2.0229
v 0.5231 0.8371 -2.0239
v 0.5520 0.8184 -2.0239
v 0.5793 0.7973 -2.0206
v 0.6064 0.7761 -2.0194
v 0.6300 0.7508 -2.0094
v 0.6531 0.7254 -2.0013
v 0.6753 0.6993 -1.9931
v 0.6966 0.6727 -1.9854
v 0.7162 0.6449 -1.9760
v 0.7347 0.6165 -1.9664
v 0.7524 0.5878 -1.9577
v 0.7688 0.5585 -1.9483
v 0.7848 0.5294 -1.9409
v 0.8001 0.5000 -1.9345
v 0.8123 0.4690 -1.9231
v 0.8294 0.4410 -1.9260
v 0.8412 0.4103 -1.9188
v 0.8545 0.3805 -1.9178
v 0.8673 0.3504 -1.9178
v 0.8783 0.3197 -1.9164
v 0.8895 0.2890 -1.9176
v 0.8998 0.2580 -1.9192
v 0.9095 0.2268 -1.9218
v 0.9185 0.1952 -1.9253
v 0.9263 0.1633 -1.9285
v 0.9329 0.1311 -1.9316
v 0.9386 0.0986 -1.9349
v 0.9431 0.0660 -1.9384
v 0.9456 0.0330 -1.9399
v 0.9467 0.0000 -1.9409
v 1.0159 -0.0355 -1.9118
v 1.0156 -0.0710 -1.9147
v 1.0133 -0.1065 -1.9163
v 1.0101 -0.1420 -1.9184
v 1.0052 -0.1772 -1.9196
v 0.9990 -0.2123 -1.9208
v 0.9919 -0.2473 -1.9226
v 0.9835 -0.2820 -1.9242
v 0.9744 -0.3166 -1.9269
v 0.9636 -0.3507 -1.9286
v 0.9517 -0.3845 -1.9304
v 0.9385 -0.4179 -1.9322
v 0.9244 -0.4509 -1.9343
v 0.9099 -0.4838 -1.9382
v 0.8944 -0.5164 -1.9424
v 0.8774 -0.5482 -1.9458
v 0.8592 -0.5796 -1.9492
v 0.8400 -0.6103 -1.9527
v 0.8194 -0.6402 -1.9556
v 0.7979 -0.6695 -1.9590
v 0.7754 -0.6982 -1.9624
v 0.7519 -0.7261 -1.9658
v 0.7261 -0.7519 -1.9660
v 0.7027 -0.7805 -1.9752
v 0.6763 -0.8060 -1.9788
v 0.6490 -0.8306 -1.9825
v 0.6207 -0.8543 -1.9861
v 0.5918 -0.8774 -1.9903
v 0.5613 -0.8982 -1.9920
v 0.5322 -0.9218 -2.0018
v 0.5016 -0.9433 -2.0093
v 0.4703 -0.9643 -2.0178
v 0.4379 -0.9836 -2.0249
v 0.4034 -0.9985 -2.0253
v 0.3711 -1.0196 -2.0406
v 0.3381 -1.0404 -2.0574
v 0.3042 -1.0607 -2.0753
v 0.2694 -1.0805 -2.0944
v 0.2335 -1.0987 -2.1125
v 0.1970 -1.1171 -2.1334
v 0.1592 -1.1331 -2.1519
v 0.1206 -1.1475 -2.1701
v 0.0812 -1.1608 -2.1886
v 0.0409 -1.1726 -2.2067
v 0.0000 -1.1819 -2.2229
v -0.0415 -1.1878 -2.2353
v -0.0831 -1.1882 -2.2401
v -0.1250 -1.1896 -2.2496
v -0.1671 -1.1889 -2.2581
v -0.2094 -1.1874 -2.2677
v -0.2515 -1.1833 -2.2751
v -0.2943 -1.1802 -2.2876
v -0.3361 -1.1721 -2.2932
v -0.3777 -1.1625 -2.2988
v -0.4191 -1.1513 -2.3043
v -0.4593 -1.1368 -2.3058
v -0.4997 -1.1223 -2.3106
v -0.5396 -1.1063 -2.3149
v -0.5789 -1.0887 -2.3191
v -0.6174 -1.0695 -2.3225
v -0.6565 -1.0506 -2.3298
v -0.6936 -1.0283 -2.3327
v -0.7272 -1.0008 -2.3267
v -0.7648 -0.9790 -2.3365
v -0.7991 -0.9524 -2.3382
v -0.8313 -0.9233 -2.3366
v -0.8622 -0.8928 -2.3343
v -0.8896 -0.8591 -2.3259
v -0.9175 -0.8261 -2.3219
v -0.9439 -0.7921 -2.3175
v -0.9675 -0.7559 -2.3091
v -0.9896 -0.7190 -2.3004
v -1.0092 -0.6807 -2.2895
v -1.0307 -0.6440 -2.2857
v -1.0492 -0.6058 -2.2786
v -1.0656 -0.5666 -2.2699
v -1.0820 -0.5277 -2.2641
v -1.0967 -0.4883 -2.2578
v -1.1099 -0.4484 -2.2514
v -1.1222 -0.4085 -2.2460
v -1.1321 -0.3679 -2.2388
v -1.1411 -0.3272 -2.2325
v -1.1481 -0.2862 -2.2253
v -1.1534 -0.2452 -2.2176
v -1.1574 -0.2041 -2.2103
v -1.1605 -0.1631 -2.2041
v -1.1627 -0.1222 -2.1987
v -1.1638 -0.0814 -2.1942
v -1.1642 -0.0407 -2.1909
v -1.1630 -0.0000 -2.1873
v -1.1602 0.0405 -2.1834
v -1.1570 0.0809 -2.1812
v -1.1523 0.1211 -2.1790
v -1.1462 0.1611 -2.1769
v -1.1383 0.2007 -2.1738
v -1.1284 0.2399 -2.1697
v -1.1163 0.2783 -2.1637
v -1.1025 0.3161 -2.1570
v -1.0873 0.3533 -2.1501
v -1.0694 0.3892 -2.1403
v -1.0513 0.4248 -2.1325
v -1.0321 0.4595 -2.1248
v -1.0124 0.4938 -2.1184
v -0.9923 0.5276 -2.1137
v -0.9711 0.5606 -2.1088
v -0.9491 0.5930 -2.1048
v -0.9264 0.6249 -2.1016
v -0.9039 0.6567 -2.1013
v -0.8803 0.6877 -2.1009
v -0.8556 0.7179 -2.1006
v -0.8291 0.7465 -2.0983
v -0.8018 0.7743 -2.0964
v -0.7738 0.8013 -2.0950
v -0.7450 0.8274 -2.0940
v -0.7154 0.8526 -2.0933
v -0.6852 0.8770 -2.0930
v -0.6544 0.9006 -2.0937
v -0.6223 0.9226 -2.0930
v -0.5894 0.9432 -2.0918
v -0.5557 0.9624 -2.0901
v -0.5212 0.9802 -2.0878
v -0.4863 0.9970 -2.0862
v -0.4506 1.0122 -2.0838
v -0.4145 1.0259 -2.0809
v -0.3774 1.0369 -2.0752
v -0.3400 1.0464 -2.0692
v -0.3025 1.0550 -2.0642
v -0.2649 1.0624 -2.0593
v -0.2272 1.0687 -2.0549
v -0.1894 1.0739 -2.0509
v -0.1515 1.0781 -2.0476
v -0.1137 1.0814 -2.0451
v -0.0758 1.0836 -2.0429
v -0.0379 1.0848 -2.0414
v -0.0000 1.0851 -2.0408
v 0.0379 1.0843 -2.0406
v 0.0756 1.0817 -2.0393
v 0.1132 1.0773 -2.0372
v 0.1506 1.0712 -2.0345
v 0.1876 1.0638 -2.0317
v 0.2241 1.0544 -2.0272
v 0.2597 1.0415 -2.0188
v 0.2951 1.0292 -2.0136
v 0.3299 1.0153 -2.0077
v 0.3640 1.0002 -2.0018
v 0.3975 0.9838 -1.9956
v 0.4330 0.9726 -2.0023
v 0.4670 0.9574 -2.0034
v 0.5002 0.9408 -2.0039
v 0.5330 0.9231 -2.0047
v 0.5651 0.9043 -2.0054
v 0.5956 0.8830 -2.0032
v 0.6262 0.8619 -2.0036
v 0.6557 0.8393 -2.0031
v 0.6818 0.8125 -1.9948
v 0.7069 0.7851 -1.9868
v 0.7298 0.7557 -1.9758
v 0.7529 0.7271 -1.9685
v 0.7739 0.6969 -1.9586
v 0.7940 0.6662 -1.9493
v 0.8129 0.6351 -1.9400
v 0.8319 0.6044 -1.9338
v 0.8498 0.5732 -1.9277
v 0.8661 0.5412 -1.9208
v 0.8801 0.5081 -1.9113
v 0.8960 0.4764 -1.9086
v 0.9124 0.4450 -1.9091
v 0.9253 0.4120 -1.9050
v 0.9386 0.3792 -1.9039
v 0.9511 0.3462 -1.9036
v 0.9626 0.3128 -1.9035
v 0.9726 0.2789 -1.9029
v 0.9833 0.2452 -1.9059
v 0.9915 0.2108 -1.9065
v 0.9990 0.1761 -1.9078
v 1.0052 0.1413 -1.9091
v 1.0100 0.1062 -1.9099
v 1.0130 0.0708 -1.9098
v 1.0153 0.0355 -1.9106
v 1.0167 0.0000 -1.9121
v 1.0870 -0.0380 -1.8840
v 1.0862 -0.0760 -1.8859
v 1.0842 -0.1140 -1.8883
v 1.0804 -0.1518 -1.8898
v 1.0751 -0.1896 -1.8909
v 1.0690 -0.2272 -1.8930
v 1.0611 -0.2646 -1.8942
v 1.0526 -0.3018 -1.8967
v 1.0423 -0.3387 -1.8982
v 1.0306 -0.3751 -1.8996
v 1.0177 -0.4112 -1.9011
v 1.0035 -0.4468 -1.9026
v 0.9881 -0.4819 -1.9042
v 0.9727 -0.5172 -1.9080
v 0.9558 -0.5519 -1.9117
v 0.9376 -0.5859 -1.9149
v 0.9181 -0.6193 -1.9182
v 0.8978 -0.6523 -1.9222
v 0.8765 -0.6848 -1.9266
v 0.8536 -0.7162 -1.9299
v 0.8296 -0.7470 -1.9337
v 0.8046 -0.7770 -1.9373
v 0.7779 -0.8055 -1.9396
v 0.7518 -0.8350 -1.9461
v 0.7238 -0.8626 -1.9503
v 0.6954 -0.8901 -1.9564
v 0.6670 -0.9181 -1.9656
v 0.6362 -0.9432 -1.9706
v 0.6036 -0.9660 -1.9729
v 0.5708 -0.9886 -1.9772
v 0.5381 -1.0121 -1.9854
v 0.5052 -1.0358 -1.9961
v 0.4702 -1.0562 -2.0025
v 0.4364 -1.0800 -2.0176
v 0.4020 -1.1045 -2.0359
v 0.3651 -1.1236 -2.0463
v 0.3288 -1.1468 -2.0664
v 0.2916 -1.1695 -2.0876
v 0.2540 -1.1950 -2.1160
v 0.2147 -1.2179 -2.1419
v 0.1735 -1.2343 -2.1588
v 0.1316 -1.2520 -2.1804
v 0.0887 -1.2683 -2.2021
v 0.0447 -1.2790 -2.2166
v 0.0000 -1.2870 -2.2292
v -0.0452 -1.2948 -2.2440
v -0.0910 -1.3016 -2.2599
v -0.1366 -1.2998 -2.2638
v -0.1824 -1.2981 -2.2705
v -0.2282 -1.2944 -2.2765
v -0.2737 -1.2878 -2.2803
v -0.3192 -1.2802 -2.2852
v -0.3660 -1.2766 -2.3002
v -0.4113 -1.2658 -2.3052
v -0.4565 -1.2541 -2.3116
v -0.5014 -1.2411 -2.3184
v -0.5449 -1.2238 -2.3203
v -0.5872 -1.2038 -2.3199
v -0.6301 -1.1850 -2.3247
v -0.6723 -1.1645 -2.3290
v -0.7136 -1.1421 -2.3326
v -0.7540 -1.1179 -2.3356
v -0.7919 -1.0899 -2.3335
v -0.8300 -1.0624 -2.3351
v -0.8669 -1.0332 -2.3360
v -0.9032 -1.0031 -2.3380
v -0.9367 -0.9700 -2.3356
v -0.9706 -0.9373 -2.3370
v -1.0005 -0.9009 -2.3319
v -1.0266 -0.8614 -2.3211
v -1.0522 -0.8220 -2.3126
v -1.0761 -0.7818 -2.3039
v -1.0994 -0.7415 -2.2969
v -1.1224 -0.7013 -2.2924
v -1.1429 -0.6598 -2.2858
v -1.1616 -0.6176 -2.2786
v -1.1785 -0.5748 -2.2710
v -1.1939 -0.5316 -2.2636
v -1.2084 -0.4882 -2.2575
v -1.2208 -0.4443 -2.2501
v -1.2318 -0.4002 -2.2434
v -1.2407 -0.3558 -2.2355
v -1.2478 -0.3111 -2.2275
v -1.2534 -0.2664 -2.2194
v -1.2572 -0.2217 -2.2110
v -1.2595 -0.1770 -2.2029
v -1.2607 -0.1325 -2.1956
v -1.2612 -0.0882 -2.1898
v -1.2605 -0.0440 -2.1846
v -1.2589 -0.0000 -2.1806
v -1.2560 0.0439 -2.1768
v -1.2518 0.0875 -2.1735
v -1.2465 0.1310 -2.1709
v -1.2392 0.1742 -2.1675
v -1.2302 0.2169 -2.1637
v -1.2190 0.2591 -2.1585
v -1.2061 0.3007 -2.1530
v -1.1914 0.3416 -2.1467
v -1.1743 0.3815 -2.1386
v -1.1555 0.4206 -2.1298
v -1.1345 0.4583 -2.1193
v -1.1127 0.4954 -2.1097
v -1.0912 0.5322 -2.1028
v -1.0685 0.5681 -2.0960
v -1.0452 0.6034 -2.0903
v -1.0213 0.6382 -2.0860
v -0.9970 0.6725 -2.0829
v -0.9718 0.7061 -2.0806
v -0.9468 0.7397 -2.0811
v -0.9194 0.7714 -2.0787
v -0.8905 0.8019 -2.0756
v -0.8608 0.8313 -2.0727
v -0.8306 0.8601 -2.0709
v -0.7996 0.8881 -2.0698
v -0.7679 0.9152 -2.0692
v -0.7355 0.9414 -2.0693
v -0.7023 0.9666 -2.0694
v -0.6681 0.9905 -2.0693
v -0.6329 1.0128 -2.0685
v -0.5968 1.0336 -2.0673
v -0.5598 1.0528 -2.0652
v -0.5220 1.0703 -2.0625
v -0.4835 1.0860 -2.0591
v -0.4445 1.1002 -2.0553
v -0.4049 1.1124 -2.0504
v -0.3649 1.1232 -2.0455
v -0.3247 1.1324 -2.0404
v -0.2841 1.1396 -2.0343
v -0.2438 1.1471 -2.0313
v -0.2034 1.1534 -2.0285
v -0.1628 1.1581 -2.0256
v -0.1221 1.1618 -2.0233
v -0.0815 1.1659 -2.0243
v -0.0408 1.1680 -2.0242
v -0.0000 1.1689 -2.0246
v 0.0408 1.1674 -2.0232
v 0.0815 1.1659 -2.0243
v 0.1220 1.1610 -2.0220
v 0.1624 1.1552 -2.0206
v 0.2023 1.1474 -2.0181
v 0.2417 1.1370 -2.0134
v 0.2805 1.1251 -2.0084
v 0.3187 1.1116 -2.0029
v 0.3568 1.0981 -1.9998
v 0.3925 1.0784 -1.9877
v 0.4288 1.0613 -1.9825
v 0.4640 1.0422 -1.9759
v 0.5030 1.0313 -1.9874
v 0.5386 1.0129 -1.9870
v 0.5737 0.9937 -1.9874
v 0.6076 0.9724 -1.9860
v 0.6404 0.9494 -1.9835
v 0.6720 0.9249 -1.9801
v 0.7033 0.9001 -1.9785
v 0.7316 0.8719 -1.9713
v 0.7592 0.8432 -1.9653
v 0.7849 0.8127 -1.9570
v 0.8108 0.7829 -1.9522
v 0.8330 0.7500 -1.9415
v 0.8546 0.7171 -1.9322
v 0.8762 0.6846 -1.9260
v 0.8968 0.6516 -1.9201
v 0.9165 0.6182 -1.9147
v 0.9334 0.5832 -1.9063
v 0.9515 0.5494 -1.9031
v 0.9687 0.5151 -1.9003
v 0.9849 0.4804 -1.8980
v 0.9954 0.4432 -1.8872
v 1.0111 0.4085 -1.8889
v 1.0264 0.3736 -1.8918
v 1.0384 0.3374 -1.8911
v 1.0485 0.3007 -1.8893
v 1.0570 0.2635 -1.8868
v 1.0650 0.2264 -1.8859
v 1.0707 0.1888 -1.8831
v 1.0761 0.1512 -1.8822
v 1.0804 0.1136 -1.8817
v 1.0838 0.0758 -1.8817
v 1.0862 0.0379 -1.8825
v 1.0868 0.0000 -1.8824
v 1.1588 -0.0405 -1.8555
v 1.1573 -0.0809 -1.8565
v 1.1541 -0.1213 -1.8571
v 1.1511 -0.1618 -1.8603
v 1.1448 -0.2019 -1.8603
v 1.1384 -0.2420 -1.8625
v 1.1307 -0.2819 -1.8649
v 1.1212 -0.3215 -1.8666
v 1.1097 -0.3606 -1.8672
v 1.0972 -0.3993 -1.8685
v 1.0833 -0.4377 -1.8698
v 1.0681 -0.4755 -1.8710
v 1.0516 -0.5129 -1.8725
v 1.0352 -0.5504 -1.8762
v 1.0172 -0.5873 -1.8797
v 0.9977 -0.6234 -1.8828
v 0.9770 -0.6590 -1.8859
v 0.9558 -0.6944 -1.8907
v 0.9343 -0.7300 -1.8975
v 0.9105 -0.7640 -1.9021
v 0.8851 -0.7970 -1.9061
v 0.8579 -0.8284 -1.9085
v 0.8294 -0.8589 -1.9107
v 0.8013 -0.8899 -1.9163
v 0.7708 -0.9186 -1.9191
v 0.7403 -0.9476 -1.9244
v 0.7069 -0.9729 -1.9246
v 0.6753 -1.0011 -1.9325
v 0.6439 -1.0304 -1.9445
v 0.6108 -1.0580 -1.9550
v 0.5782 -1.0875 -1.9711
v 0.5452 -1.1179 -1.9905
v 0.5089 -1.1430 -2.0023
v 0.4733 -1.1715 -2.0220
v 0.4371 -1.2009 -2.0452
v 0.3989 -1.2276 -2.0657
v 0.3571 -1.2455 -2.0735
v 0.3174 -1.2731 -2.0998
v 0.2755 -1.2963 -2.1209
v 0.2326 -1.3194 -2.1440
v 0.1881 -1.3386 -2.1633
v 0.1430 -1.3608 -2.1897
v 0.0962 -1.3757 -2.2070
v 0.0485 -1.3882 -2.2230
v 0.0000 -1.4005 -2.2412
v -0.0491 -1.4061 -2.2517
v -0.0988 -1.4129 -2.2666
v -0.1486 -1.4136 -2.2746
v -0.1983 -1.4111 -2.2805
v -0.2476 -1.4041 -2.2818
v -0.2979 -1.4014 -2.2929
v -0.3483 -1.3968 -2.3037
v -0.3983 -1.3890 -2.3125
v -0.4471 -1.3760 -2.3154
v -0.4969 -1.3653 -2.3251
v -0.5458 -1.3510 -2.3318
v -0.5935 -1.3330 -2.3352
v -0.6413 -1.3148 -2.3411
v -0.6882 -1.2942 -2.3458
v -0.7344 -1.2720 -2.3505
v -0.7808 -1.2495 -2.3580
v -0.8245 -1.2223 -2.3595
v -0.8676 -1.1941 -2.3621
v -0.9087 -1.1630 -2.3620
v -0.9484 -1.1303 -2.3613
v -0.9859 -1.0949 -2.3579
v -1.0227 -1.0590 -2.3560
v -1.0568 -1.0206 -2.3511
v -1.0879 -0.9795 -2.3426
v -1.1170 -0.9373 -2.3335
v -1.1453 -0.8948 -2.3259
v -1.1719 -0.8514 -2.3181
v -1.1968 -0.8072 -2.3102
v -1.2195 -0.7620 -2.3013
v -1.2413 -0.7167 -2.2939
v -1.2619 -0.6709 -2.2871
v -1.2809 -0.6248 -2.2807
v -1.2975 -0.5777 -2.2730
v -1.3125 -0.5303 -2.2654
v -1.3255 -0.4824 -2.2573
v -1.3361 -0.4341 -2.2482
v -1.3444 -0.3855 -2.2383
v -1.3514 -0.3369 -2.2288
v -1.3564 -0.2883 -2.2192
v -1.3600 -0.2398 -2.2101
v -1.3626 -0.1915 -2.2021
v -1.3624 -0.1432 -2.1924
v -1.3609 -0.0952 -2.1832
v -1.3591 -0.0475 -2.1763
v -1.3552 -0.0000 -2.1687
v -1.3507 0.0472 -2.1629
v -1.3450 0.0941 -2.1577
v -1.3384 0.1407 -2.1537
v -1.3305 0.1870 -2.1501
v -1.3206 0.2329 -2.1460
v -1.3089 0.2782 -2.1414
v -1.2941 0.3227 -2.1344
v -1.2785 0.3666 -2.1285
v -1.2606 0.4096 -2.1212
v -1.2416 0.4519 -2.1145
v -1.2198 0.4928 -2.1054
v -1.1974 0.5331 -2.0976
v -1.1718 0.5715 -2.0865
v -1.1468 0.6098 -2.0786
v -1.1212 0.6473 -2.0719
v -1.0950 0.6842 -2.0663
v -1.0676 0.7201 -2.0608
v -1.0401 0.7557 -2.0574
v -1.0118 0.7905 -2.0548
v -0.9829 0.8248 -2.0534
v -0.9514 0.8567 -2.0489
v -0.9193 0.8877 -2.0452
v -0.8866 0.9181 -2.0426
v -0.8536 0.9480 -2.0414
v -0.8199 0.9771 -2.0413
v -0.7858 1.0057 -2.0425
v -0.7513 1.0340 -2.0454
v -0.7152 1.0604 -2.0469
v -0.6778 1.0848 -2.0470
v -0.6393 1.1074 -2.0463
v -0.5999 1.1282 -2.0449
v -0.5595 1.1472 -2.0426
v -0.5180 1.1635 -2.0383
v -0.4758 1.1776 -2.0325
v -0.4336 1.1912 -2.0287
v -0.3906 1.2021 -2.0227
v -0.3473 1.2112 -2.0165
v -0.3044 1.2208 -2.0134
v -0.2611 1.2284 -2.0098
v -0.2178 1.2349 -2.0068
v -0.1743 1.2405 -2.0047
v -0.1309 1.2451 -2.0035
v -0.0874 1.2496 -2.0046
v -0.0437 1.2525 -2.0056
v -0.0000 1.2539 -2.0067
v 0.0438 1.2544 -2.0087
v 0.0877 1.2537 -2.0113
v 0.1313 1.2493 -2.0104
v 0.1747 1.2433 -2.0092
v 0.2180 1.2363 -2.0090
v 0.2607 1.2265 -2.0067
v 0.3025 1.2132 -2.0010
v 0.3437 1.1985 -1.9954
v 0.3843 1.1828 -1.9904
v 0.4245 1.1663 -1.9863
v 0.4621 1.1438 -1.9742
v 0.5005 1.1242 -1.9694
v 0.5407 1.1086 -1.9739
v 0.5788 1.0885 -1.9730
v 0.6153 1.0658 -1.9695
v 0.6510 1.0419 -1.9661
v 0.6856 1.0164 -1.9620
v 0.7190 0.9897 -1.9577
v 0.7510 0.9612 -1.9521
v 0.7813 0.9311 -1.9452
v 0.8115 0.9013 -1.9408
v 0.8396 0.8694 -1.9341
v 0.8664 0.8366 -1.9274
v 0.8915 0.8027 -1.9198
v 0.9164 0.7689 -1.9144
v 0.9400 0.7344 -1.9090
v 0.9625 0.6993 -1.9040
v 0.9844 0.6640 -1.9003
v 1.0055 0.6283 -1.8975
v 1.0256 0.5921 -1.8951
v 1.0437 0.5550 -1.8917
v 1.0596 0.5168 -1.8867
v 1.0745 0.4784 -1.8823
v 1.0890 0.4400 -1.8796
v 1.1007 0.4006 -1.8746
v 1.1111 0.3610 -1.8696
v 1.1209 0.3214 -1.8660
v 1.1300 0.2817 -1.8638
v 1.1367 0.2416 -1.8598
v 1.1422 0.2014 -1.8561
v 1.1475 0.1613 -1.8544
v 1.1517 0.1210 -1.8532
v 1.1551 0.0808 -1.8531
v 1.1574 0.0404 -1.8533
v 1.1585 0.0000 -1.8540
v 1.2277 -0.0429 -1.8212
v 1.2264 -0.0858 -1.8226
v 1.2232 -0.1286 -1.8235
v 1.2209 -0.1716 -1.8278
v 1.2149 -0.2142 -1.8290
v 1.2078 -0.2567 -1.8306
v 1.1999 -0.2992 -1.8334
v 1.1903 -0.3413 -1.8357
v 1.1784 -0.3829 -1.8369
v 1.1651 -0.4241 -1.8381
v 1.1504 -0.4648 -1.8395
v 1.1343 -0.5050 -1.8408
v 1.1168 -0.5447 -1.8421
v 1.0992 -0.5844 -1.8456
v 1.0803 -0.6237 -1.8493
v 1.0595 -0.6621 -1.8522
v 1.0369 -0.6994 -1.8543
v 1.0138 -0.7366 -1.8579
v 0.9898 -0.7733 -1.8622
v 0.9640 -0.8089 -1.8657
v 0.9375 -0.8441 -1.8703
v 0.9088 -0.8777 -1.8731
v 0.8763 -0.9074 -1.8702
v 0.8452 -0.9387 -1.8727
v 0.8141 -0.9703 -1.8778
v 0.7829 -1.0021 -1.8853
v 0.7539 -1.0376 -1.9015
v 0.7215 -1.0697 -1.9130
v 0.6865 -1.0986 -1.9206
v 0.6491 -1.1243 -1.9248
v 0.6179 -1.1620 -1.9511
v 0.5845 -1.1984 -1.9768
v 0.5468 -1.2281 -1.9930
v 0.5103 -1.2630 -2.0195
v 0.4704 -1.2924 -2.0390
v 0.4299 -1.3232 -2.0626
v 0.3876 -1.3517 -2.0847
v 0.3448 -1.3829 -2.1130
v 0.3002 -1.4125 -2.1409
v 0.2532 -1.4359 -2.1616
v 0.2049 -1.4580 -2.1829
v 0.1551 -1.4759 -2.2002
v 0.1042 -1.4901 -2.2146
v 0.0527 -1.5078 -2.2368
v 0.0000 -1.5188 -2.2517
v -0.0534 -1.5287 -2.2678
v -0.1074 -1.5357 -2.2823
v -0.1617 -1.5386 -2.2936
v -0.2160 -1.5370 -2.3011
v -0.2695 -1.5284 -2.3009
v -0.3231 -1.5200 -2.3039
v -0.3764 -1.5096 -2.3065
v -0.4292 -1.4970 -2.3088
v -0.4826 -1.4853 -2.3153
v -0.5347 -1.4689 -2.3176
v -0.5876 -1.4544 -2.3256
v -0.6401 -1.4377 -2.3332
v -0.6931 -1.4210 -2.3440
v -0.7445 -1.4002 -2.3511
v -0.7941 -1.3754 -2.3546
v -0.8423 -1.3480 -2.3565
v -0.8901 -1.3196 -2.3599
v -0.9366 -1.2891 -2.3623
v -0.9808 -1.2553 -2.3618
v -1.0232 -1.2193 -2.3599
v -1.0632 -1.1808 -2.3557
v -1.1023 -1.1415 -2.3526
v -1.1393 -1.1002 -2.3481
v -1.1734 -1.0565 -2.3409
v -1.2051 -1.0112 -2.3323
v -1.2379 -0.9671 -2.3289
v -1.2636 -0.9181 -2.3157
v -1.2951 -0.8735 -2.3160
v -1.3219 -0.8260 -2.3110
v -1.3461 -0.7772 -2.3045
v -1.3680 -0.7274 -2.2971
v -1.3883 -0.6771 -2.2900
v -1.4057 -0.6259 -2.2813
v -1.4197 -0.5736 -2.2701
v -1.4332 -0.5216 -2.2612
v -1.4431 -0.4689 -2.2496
v -1.4508 -0.4160 -2.2376
v -1.4566 -0.3632 -2.2256
v -1.4610 -0.3105 -2.2144
v -1.4640 -0.2581 -2.2040
v -1.4653 -0.2059 -2.1938
v -1.4636 -0.1538 -2.1819
v -1.4605 -0.1021 -2.1705
v -1.4556 -0.0508 -2.1594
v -1.4508 -0.0000 -2.1509
v -1.4446 0.0504 -2.1431
v -1.4378 0.1005 -2.1368
v -1.4301 0.1503 -2.1319
v -1.4215 0.1998 -2.1281
v -1.4114 0.2489 -2.1248
v -1.3995 0.2975 -2.1212
v -1.3865 0.3457 -2.1185
v -1.3691 0.3926 -2.1116
v -1.3480 0.4380 -2.1014
v -1.3265 0.4828 -2.0929
v -1.3027 0.5263 -2.0830
v -1.2775 0.5688 -2.0733
v -1.2520 0.6106 -2.0651
v -1.2242 0.6509 -2.0555
v -1.1956 0.6903 -2.0468
v -1.1663 0.7288 -2.0389
v -1.1360 0.7663 -2.0316
v -1.1053 0.8030 -2.0255
v -1.0753 0.8401 -2.0230
v -1.0436 0.8757 -2.0198
v -1.0116 0.9108 -2.0181
v -0.9769 0.9434 -2.0135
v -0.9422 0.9757 -2.0109
v -0.9074 1.0078 -2.0105
v -0.8717 1.0388 -2.0105
v -0.8356 1.0695 -2.0121
v -0.7987 1.0994 -2.0146
v -0.7607 1.1278 -2.0169
v -0.7213 1.1543 -2.0179
v -0.6805 1.1787 -2.0179
v -0.6386 1.2011 -2.0167
v -0.5958 1.2216 -2.0150
v -0.5522 1.2402 -2.0127
v -0.5075 1.2561 -2.0084
v -0.4623 1.2702 -2.0039
v -0.4171 1.2837 -2.0010
v -0.3709 1.2934 -1.9947
v -0.3253 1.3045 -1.9933
v -0.2793 1.3138 -1.9913
v -0.2330 1.3213 -1.9891
v -0.1866 1.3278 -1.9879
v -0.1402 1.3335 -1.9879
v -0.0937 1.3396 -1.9909
v -0.0469 1.3437 -1.9933
v -0.0000 1.3461 -1.9957
v 0.0470 1.3472 -1.9985
v 0.0942 1.3468 -2.0016
v 0.1412 1.3430 -2.0020
v 0.1882 1.3394 -2.0053
v 0.2347 1.3313 -2.0042
v 0.2808 1.3209 -2.0021
v 0.3257 1.3063 -1.9959
v 0.3703 1.2914 -1.9918
v 0.4140 1.2741 -1.9861
v 0.4570 1.2556 -1.9809
v 0.4992 1.2357 -1.9758
v 0.5410 1.2151 -1.9719
v 0.5816 1.1924 -1.9669
v 0.6213 1.1685 -1.9621
v 0.6594 1.1421 -1.9551
v 0.6970 1.1154 -1.9500
v 0.7334 1.0873 -1.9444
v 0.7685 1.0577 -1.9383
v 0.8021 1.0266 -1.9315
v 0.8343 0.9943 -1.9243
v 0.8655 0.9612 -1.9176
v 0.8956 0.9274 -1.9113
v 0.9235 0.8918 -1.9033
v 0.9511 0.8563 -1.8973
v 0.9782 0.8208 -1.8932
v 1.0030 0.7836 -1.8871
v 1.0286 0.7473 -1.8850
v 1.0527 0.7100 -1.8825
v 1.0753 0.6719 -1.8798
v 1.0963 0.6329 -1.8767
v 1.1157 0.5933 -1.8735
v 1.1336 0.5529 -1.8699
v 1.1488 0.5115 -1.8644
v 1.1624 0.4696 -1.8587
v 1.1743 0.4274 -1.8527
v 1.1847 0.3849 -1.8468
v 1.1935 0.3422 -1.8407
v 1.2012 0.2995 -1.8353
v 1.2067 0.2565 -1.8290
v 1.2123 0.2138 -1.8250
v 1.2170 0.1710 -1.8220
v 1.2207 0.1283 -1.8197
v 1.2237 0.0856 -1.8187
v 1.2255 0.0428 -1.8180
v 1.2270 0.0000 -1.8191
v 1.2968 -0.0453 -1.7860
v 1.2973 -0.0907 -1.7900
v 1.2938 -0.1360 -1.7905
v 1.2892 -0.1812 -1.7918
v 1.2841 -0.2264 -1.7947
v 1.2765 -0.2713 -1.7962
v 1.2677 -0.3161 -1.7982
v 1.2574 -0.3606 -1.8005
v 1.2457 -0.4047 -1.8027
v 1.2324 -0.4486 -1.8052
v 1.2176 -0.4919 -1.8074
v 1.2002 -0.5344 -1.8083
v 1.1813 -0.5761 -1.8090
v 1.1628 -0.6183 -1.8126
v 1.1418 -0.6592 -1.8146
v 1.1200 -0.6999 -1.8178
v 1.0964 -0.7395 -1.8202
v 1.0720 -0.7789 -1.8238
v 1.0464 -0.8176 -1.8277
v 1.0193 -0.8553 -1.8315
v 0.9914 -0.8927 -1.8362
v 0.9601 -0.9271 -1.8370
v 0.9300 -0.9630 -1.8426
v 0.8985 -0.9979 -1.8482
v 0.8672 -1.0335 -1.8569
v 0.8354 -1.0692 -1.8675
v 0.8021 -1.1039 -1.8781
v 0.7646 -1.1335 -1.8819
v 0.7292 -1.1670 -1.8940
v 0.6929 -1.2002 -1.9074
v 0.6601 -1.2415 -1.9352
v 0.6251 -1.2817 -1.9628
v 0.5887 -1.3222 -1.9920
v 0.5512 -1.3644 -2.0254
v 0.5114 -1.4050 -2.0579
v 0.4678 -1.4396 -2.0835
v 0.4213 -1.4693 -2.1038
v 0.3741 -1.5004 -2.1283
v 0.3239 -1.5239 -2.1444
v 0.2735 -1.5509 -2.1676
v 0.2215 -1.5760 -2.1905
v 0.1674 -1.5928 -2.2043
v 0.1125 -1.6087 -2.2196
v 0.0566 -1.6198 -2.2309
v 0.0000 -1.6308 -2.2446
v -0.0572 -1.6390 -2.2573
v -0.1155 -1.6518 -2.2791
v -0.1741 -1.6569 -2.2931
v -0.2330 -1.6578 -2.3042
v -0.2907 -1.6486 -2.3041
v -0.3473 -1.6340 -2.2993
v -0.4040 -1.6204 -2.2985
v -0.4604 -1.6056 -2.2990
v -0.5195 -1.5988 -2.3139
v -0.5774 -1.5864 -2.3236
v -0.6345 -1.5704 -2.3312
v -0.6916 -1.5533 -2.3403
v -0.7481 -1.5338 -2.3488
v -0.8028 -1.5099 -2.3538
v -0.8570 -1.4843 -2.3590
v -0.9100 -1.4563 -2.3635
v -0.9619 -1.4261 -2.3676
v -1.0109 -1.3913 -2.3671
v -1.0587 -1.3551 -2.3669
v -1.1051 -1.3170 -2.3663
v -1.1496 -1.2768 -2.3648
v -1.1906 -1.2329 -2.3591
v -1.2312 -1.1890 -2.3559
v -1.2689 -1.1426 -2.3502
v -1.3034 -1.0937 -2.3419
v -1.3386 -1.0458 -2.3381
v -1.3714 -0.9964 -2.3331
v -1.4018 -0.9455 -2.3273
v -1.4298 -0.8934 -2.3206
v -1.4555 -0.8404 -2.3133
v -1.4758 -0.7847 -2.3005
v -1.4970 -0.7302 -2.2925
v -1.5126 -0.6735 -2.2790
v -1.5232 -0.6154 -2.2611
v -1.5396 -0.5604 -2.2551
v -1.5501 -0.5037 -2.2433
v -1.5581 -0.4468 -2.2309
v -1.5636 -0.3899 -2.2180
v -1.5668 -0.3330 -2.2047
v -1.5679 -0.2765 -2.1913
v -1.5687 -0.2205 -2.1803
v -1.5612 -0.1641 -2.1606
v -1.5555 -0.1088 -2.1462
v -1.5492 -0.0541 -2.1335
v -1.5441 -0.0000 -2.1252
v -1.5367 0.0537 -2.1163
v -1.5289 0.1069 -2.1094
v -1.5207 0.1598 -2.1046
v -1.5116 0.2124 -2.1010
v -1.5013 0.2647 -2.0983
v -1.4893 0.3166 -2.0957
v -1.4754 0.3679 -2.0928
v -1.4589 0.4183 -2.0890
v -1.4385 0.4674 -2.0818
v -1.4157 0.5153 -2.0736
v -1.3905 0.5618 -2.0641
v -1.3632 0.6069 -2.0539
v -1.3333 0.6503 -2.0418
v -1.3029 0.6928 -2.0310
v -1.2709 0.7337 -2.0198
v -1.2383 0.7738 -2.0098
v -1.2049 0.8127 -2.0004
v -1.1714 0.8511 -1.9929
v -1.1378 0.8890 -1.9874
v -1.1044 0.9267 -1.9843
v -1.0684 0.9620 -1.9789
v -1.0345 0.9990 -1.9794
v -0.9984 1.0339 -1.9783
v -0.9613 1.0676 -1.9774
v -0.9238 1.1009 -1.9780
v -0.8856 1.1335 -1.9798
v -0.8466 1.1652 -1.9823
v -0.8066 1.1959 -1.9854
v -0.7651 1.2244 -1.9873
v -0.7220 1.2506 -1.9875
v -0.6777 1.2746 -1.9869
v -0.6324 1.2967 -1.9857
v -0.5863 1.3169 -1.9841
v -0.5393 1.3347 -1.9814
v -0.4913 1.3500 -1.9773
v -0.4427 1.3625 -1.9719
v -0.3941 1.3745 -1.9681
v -0.3459 1.3874 -1.9680
v -0.2973 1.3987 -1.9681
v -0.2484 1.4088 -1.9689
v -0.1991 1.4164 -1.9687
v -0.1496 1.4235 -1.9701
v -0.0999 1.4281 -1.9704
v -0.0500 1.4329 -1.9734
v -0.0000 1.4367 -1.9774
v 0.0502 1.4388 -1.9816
v 0.1006 1.4391 -1.9857
v 0.1508 1.4349 -1.9858
v 0.2011 1.4307 -1.9885
v 0.2512 1.4244 -1.9907
v 0.2997 1.4101 -1.9842
v 0.3481 1.3962 -1.9805
v 0.3955 1.3791 -1.9747
v 0.4426 1.3621 -1.9713
v 0.4895 1.3449 -1.9700
v 0.5346 1.3231 -1.9641
v 0.5787 1.2997 -1.9582
v 0.6216 1.2745 -1.9518
v 0.6634 1.2476 -1.9449
v 0.7038 1.2191 -1.9375
v 0.7436 1.1899 -1.9313
v 0.7820 1.1594 -1.9249
v 0.8194 1.1278 -1.9187
v 0.8555 1.0951 -1.9127
v 0.8897 1.0603 -1.9051
v 0.9233 1.0255 -1.8992
v 0.9551 0.9891 -1.8925
v 0.9857 0.9519 -1.8861
v 1.0139 0.9129 -1.8778
v 1.0432 0.8754 -1.8744
v 1.0715 0.8372 -1.8716
v 1.0983 0.7979 -1.8685
v 1.1235 0.7578 -1.8653
v 1.1472 0.7169 -1.8620
v 1.1700 0.6755 -1.8594
v 1.1904 0.6329 -1.8556
v 1.2081 0.5892 -1.8501
v 1.2233 0.5446 -1.8430
v 1.2370 0.4998 -1.8362
v 1.2488 0.4545 -1.8292
v 1.2589 0.4090 -1.8219
v 1.2664 0.3631 -1.8132
v 1.2751 0.3179 -1.8088
v 1.2811 0.2723 -1.8027
v 1.2877 0.2270 -1.7997
v 1.2914 0.1815 -1.7949
v 1.2950 0.1361 -1.7923
v 1.2977 0.0907 -1.7905
v 1.2996 0.0454 -1.7899
v 1.2969 0.0000 -1.7851
v 1.3706 -0.0479 -1.7553
v 1.3682 -0.0957 -1.7555
v 1.3624 -0.1432 -1.7534
v 1.3585 -0.1909 -1.7558
v 1.3530 -0.2386 -1.7585
v 1.3439 -0.2857 -1.7585
v 1.3348 -0.3328 -1.7607
v 1.3245 -0.3798 -1.7636
v 1.3121 -0.4263 -1.7658
v 1.2981 -0.4725 -1.7681
v 1.2827 -0.5182 -1.7707
v 1.2656 -0.5635 -1.7733
v 1.2457 -0.6075 -1.7739
v 1.2241 -0.6509 -1.7744
v 1.2017 -0.6938 -1.7760
v 1.1777 -0.7359 -1.7774
v 1.1546 -0.7788 -1.7826
v 1.1287 -0.8200 -1.7857
v 1.1017 -0.8608 -1.7895
v 1.0739 -0.9011 -1.7943
v 1.0449 -0.9409 -1.7997
v 1.0142 -0.9794 -1.8045
v 0.9829 -1.0178 -1.8110
v 0.9499 -1.0550 -1.8170
v 0.9168 -1.0926 -1.8256
v 0.8844 -1.1320 -1.8387
v 0.8485 -1.1679 -1.8477
v 0.8143 -1.2072 -1.8638
v 0.7807 -1.2494 -1.8857
v 0.7432 -1.2873 -1.9025
v 0.7033 -1.3228 -1.9175
v 0.6715 -1.3767 -1.9605
v 0.6322 -1.4199 -1.9893
v 0.5936 -1.4693 -2.0283
v 0.5504 -1.5121 -2.0596
v 0.5025 -1.5464 -2.0811
v 0.4520 -1.5763 -2.0989
v 0.4016 -1.6106 -2.1246
v 0.3487 -1.6405 -2.1467
v 0.2943 -1.6692 -2.1694
v 0.2381 -1.6942 -2.1897
v 0.1796 -1.7083 -2.1986
v 0.1209 -1.7287 -2.2180
v 0.0608 -1.7398 -2.2282
v 0.0000 -1.7518 -2.2422
v -0.0617 -1.7654 -2.2610
v -0.1241 -1.7744 -2.2766
v -0.1869 -1.7786 -2.2891
v -0.2504 -1.7817 -2.3029
v -0.3118 -1.7681 -2.2980
v -0.3724 -1.7522 -2.2928
v -0.4315 -1.7307 -2.2830
v -0.4913 -1.7135 -2.2815
v -0.5538 -1.7043 -2.2937
v -0.6153 -1.6905 -2.3026
v -0.6766 -1.6745 -2.3116
v -0.7381 -1.6577 -2.3226
v -0.7985 -1.6371 -2.3313
v -0.8571 -1.6119 -2.3367
v -0.9154 -1.5855 -2.3433
v -0.9727 -1.5567 -2.3495
v -1.0288 -1.5253 -2.3549
v -1.0838 -1.4917 -2.3600
v -1.1343 -1.4518 -2.3581
v -1.1846 -1.4118 -2.3589
v -1.2300 -1.3660 -2.3528
v -1.2765 -1.3218 -2.3520
v -1.3206 -1.2753 -2.3498
v -1.3621 -1.2264 -2.3460
v -1.3991 -1.1740 -2.3376
v -1.4379 -1.1234 -2.3356
v -1.4739 -1.0709 -2.3319
v -1.5069 -1.0164 -2.3264
v -1.5370 -0.9604 -2.3197
v -1.5645 -0.9032 -2.3122
v -1.5893 -0.8451 -2.3039
v -1.6118 -0.7861 -2.2953
v -1.6289 -0.7252 -2.2822
v -1.6435 -0.6640 -2.2688
v -1.6552 -0.6025 -2.2546
v -1.6642 -0.5407 -2.2398
v -1.6709 -0.4791 -2.2249
v -1.6704 -0.4165 -2.2035
v -1.6734 -0.3557 -2.1896
v -1.6727 -0.2949 -2.1740
v -1.6676 -0.2344 -2.1554
v -1.6605 -0.1745 -2.1370
v -1.6515 -0.1155 -2.1190
v -1.6398 -0.0573 -2.1001
v -1.6303 -0.0000 -2.0867
v -1.6228 0.0567 -2.0784
v -1.6139 0.1129 -2.0707
v -1.6056 0.1688 -2.0664
v -1.5967 0.2244 -2.0637
v -1.5865 0.2797 -2.0619
v -1.5744 0.3347 -2.0602
v -1.5621 0.3895 -2.0606
v -1.5455 0.4432 -2.0579
v -1.5249 0.4955 -2.0522
v -1.5012 0.5464 -2.0448
v -1.4747 0.5958 -2.0358
v -1.4459 0.6438 -2.0258
v -1.4146 0.6899 -2.0145
v -1.3821 0.7349 -2.0036
v -1.3482 0.7784 -1.9926
v -1.3127 0.8203 -1.9812
v -1.2766 0.8611 -1.9710
v -1.2405 0.9013 -1.9625
v -1.2036 0.9403 -1.9549
v -1.1650 0.9775 -1.9465
v -1.1283 1.0159 -1.9432
v -1.0909 1.0535 -1.9411
v -1.0557 1.0932 -1.9451
v -1.0173 1.1299 -1.9460
v -0.9772 1.1645 -1.9458
v -0.9369 1.1991 -1.9477
v -0.8959 1.2331 -1.9509
v -0.8548 1.2673 -1.9566
v -0.8109 1.2977 -1.9585
v -0.7653 1.3255 -1.9591
v -0.7186 1.3515 -1.9592
v -0.6711 1.3759 -1.9593
v -0.6223 1.3978 -1.9584
v -0.5722 1.4163 -1.9551
v -0.5219 1.4338 -1.9529
v -0.4706 1.4484 -1.9493
v -0.4199 1.4643 -1.9497
v -0.3687 1.4787 -1.9506
v -0.3170 1.4912 -1.9513
v -0.2649 1.5024 -1.9527
v -0.2124 1.5114 -1.9536
v -0.1598 1.5203 -1.9566
v -0.1071 1.5311 -1.9645
v -0.0537 1.5378 -1.9696
v -0.0000 1.5419 -1.9736
v 0.0539 1.5433 -1.9766
v 0.1079 1.5427 -1.9794
v 0.1617 1.5384 -1.9799
v 0.2154 1.5327 -1.9811
v 0.2688 1.5242 -1.9810
v 0.3203 1.5067 -1.9715
v 0.3723 1.4934 -1.9699
v 0.4234 1.4766 -1.9661
v 0.4736 1.4577 -1.9618
v 0.5229 1.4366 -1.9568
v 0.5706 1.4122 -1.9495
v 0.6172 1.3862 -1.9422
v 0.6625 1.3584 -1.9344
v 0.7072 1.3300 -1.9279
v 0.7500 1.2990 -1.9199
v 0.7915 1.2666 -1.9117
v 0.8311 1.2322 -1.9023
v 0.8706 1.1982 -1.8957
v 0.9098 1.1645 -1.8915
v 0.9464 1.1278 -1.8844
v 0.9816 1.0901 -1.8776
v 1.0156 1.0517 -1.8713
v 1.0466 1.0107 -1.8622
v 1.0805 0.9729 -1.8610
v 1.1115 0.9327 -1.8572
v 1.1412 0.8916 -1.8536
v 1.1693 0.8495 -1.8499
v 1.1956 0.8065 -1.8459
v 1.2206 0.7627 -1.8423
v 1.2431 0.7177 -1.8372
v 1.2633 0.6717 -1.8313
v 1.2817 0.6251 -1.8252
v 1.2975 0.5777 -1.8179
v 1.3113 0.5298 -1.8101
v 1.3226 0.4814 -1.8016
v 1.3333 0.4332 -1.7944
v 1.3418 0.3847 -1.7866
v 1.3489 0.3363 -1.7794
v 1.3543 0.2879 -1.7722
v 1.3593 0.2397 -1.7667
v 1.3627 0.1915 -1.7614
v 1.3663 0.1436 -1.7584
v 1.3690 0.0957 -1.7566
v 1.3706 0.0479 -1.7553
v 1.3711 0.0000 -1.7549
v 1.4424 -0.0504 -1.7201
v 1.4379 -0.1005 -1.7178
v 1.4360 -0.1509 -1.7208
v 1.4284 -0.2008 -1.7191
v 1.4189 -0.2502 -1.7171
v 1.4105 -0.2998 -1.7185
v 1.4018 -0.3495 -1.7218
v 1.3914 -0.3990 -1.7251
v 1.3801 -0.4484 -1.7293
v 1.3655 -0.4970 -1.7317
v 1.3484 -0.5448 -1.7331
v 1.3289 -0.5917 -1.7336
v 1.3086 -0.6382 -1.7351
v 1.2869 -0.6842 -1.7369
v 1.2645 -0.7300 -1.7401
v 1.2345 -0.7714 -1.7348
v 1.2097 -0.8159 -1.7389
v 1.1860 -0.8617 -1.7471
v 1.1577 -0.9045 -1.7508
v 1.1280 -0.9465 -1.7549
v 1.0970 -0.9877 -1.7592
v 1.0670 -1.0304 -1.7677
v 1.0357 -1.0725 -1.7768
v 1.0035 -1.1145 -1.7873
v 0.9688 -1.1546 -1.7962
v 0.9370 -1.1992 -1.8137
v 0.9049 -1.2455 -1.8348
v 0.8714 -1.2918 -1.8570
v 0.8375 -1.3402 -1.8834
v 0.7994 -1.3846 -1.9054
v 0.7593 -1.4280 -1.9274
v 0.7225 -1.4813 -1.9641
v 0.6798 -1.5269 -1.9919
v 0.6362 -1.5746 -2.0239
v 0.5926 -1.6283 -2.0650
v 0.5400 -1.6620 -2.0826
v 0.4866 -1.6970 -2.1039
v 0.4321 -1.7330 -2.1285
v 0.3752 -1.7653 -2.1507
v 0.3171 -1.7986 -2.1766
v 0.2552 -1.8159 -2.1854
v 0.1922 -1.8287 -2.1914
v 0.1286 -1.8392 -2.1972
v 0.0646 -1.8487 -2.2045
v 0.0000 -1.8585 -2.2149
v -0.0653 -1.8689 -2.2287
v -0.1312 -1.8759 -2.2411
v -0.1974 -1.8785 -2.2510
v -0.2640 -1.8787 -2.2609
v -0.3291 -1.8662 -2.2584
v -0.3938 -1.8528 -2.2575
v -0.4582 -1.8378 -2.2572
v -0.5219 -1.8200 -2.2564
v -0.5862 -1.8040 -2.2606
v -0.6515 -1.7900 -2.2701
v -0.7169 -1.7745 -2.2808
v -0.7831 -1.7588 -2.2944
v -0.8480 -1.7387 -2.3055
v -0.9109 -1.7131 -2.3122
v -0.9719 -1.6834 -2.3166
v -1.0333 -1.6537 -2.3239
v -1.0925 -1.6197 -2.3284
v -1.1508 -1.5839 -2.3333
v -1.2060 -1.5436 -2.3345
v -1.2579 -1.4991 -2.3321
v -1.3091 -1.4539 -2.3315
v -1.3596 -1.4079 -2.3325
v -1.4073 -1.3590 -2.3315
v -1.4513 -1.3068 -2.3274
v -1.4904 -1.2506 -2.3187
v -1.5325 -1.1973 -2.3177
v -1.5732 -1.1430 -2.3174
v -1.6085 -1.0849 -2.3122
v -1.6405 -1.0251 -2.3054
v -1.6736 -0.9662 -2.3030
v -1.6997 -0.9037 -2.2941
v -1.7229 -0.8403 -2.2845
v -1.7397 -0.7746 -2.2696
v -1.7537 -0.7086 -2.2542
v -1.7647 -0.6423 -2.2380
v -1.7731 -0.5761 -2.2218
v -1.7786 -0.5100 -2.2051
v -1.7813 -0.4441 -2.1878
v -1.7812 -0.3786 -2.1702
v -1.7786 -0.3136 -2.1524
v -1.7708 -0.2489 -2.1311
v -1.7613 -0.1851 -2.1106
v -1.7502 -0.1224 -2.0908
v -1.7367 -0.0606 -2.0709
v -1.7241 -0.0000 -2.0547
v -1.7122 0.0598 -2.0418
v -1.7003 0.1189 -2.0313
v -1.6923 0.1779 -2.0279
v -1.6836 0.2366 -2.0261
v -1.6734 0.2951 -2.0250
v -1.6613 0.3531 -2.0241
v -1.6469 0.4106 -2.0227
v -1.6299 0.4674 -2.0207
v -1.6082 0.5225 -2.0152
v -1.5833 0.5763 -2.0080
v -1.5555 0.6284 -1.9993
v -1.5262 0.6795 -1.9909
v -1.4938 0.7286 -1.9807
v -1.4602 0.7764 -1.9709
v -1.4246 0.8225 -1.9605
v -1.3875 0.8670 -1.9499
v -1.3490 0.9099 -1.9392
v -1.3104 0.9520 -1.9303
v -1.2713 0.9932 -1.9226
v -1.2303 1.0323 -1.9140
v -1.1885 1.0702 -1.9060
v -1.1508 1.1113 -1.9066
v -1.1130 1.1525 -1.9094
v -1.0732 1.1919 -1.9114
v -1.0314 1.2291 -1.9122
v -0.9890 1.2658 -1.9143
v -0.9461 1.3021 -1.9182
v -0.9018 1.3370 -1.9219
v -0.8552 1.3686 -1.9233
v -0.8073 1.3982 -1.9242
v -0.7582 1.4260 -1.9248
v -0.7077 1.4511 -1.9241
v -0.6571 1.4758 -1.9252
v -0.6052 1.4980 -1.9255
v -0.5531 1.5196 -1.9272
v -0.4999 1.5385 -1.9278
v -0.4461 1.5558 -1.9289
v -0.3919 1.5718 -1.9305
v -0.3375 1.5878 -1.9346
v -0.2825 1.6019 -1.9386
v -0.2268 1.6138 -1.9422
v -0.1710 1.6265 -1.9490
v -0.1145 1.6370 -1.9557
v -0.0574 1.6451 -1.9618
v -0.0000 1.6481 -1.9641
v 0.0576 1.6499 -1.9674
v 0.1153 1.6494 -1.9705
v 0.1727 1.6434 -1.9693
v 0.2298 1.6352 -1.9679
v 0.2865 1.6248 -1.9662
v 0.3424 1.6108 -1.9626
v 0.3985 1.5984 -1.9632
v 0.4534 1.5810 -1.9602
v 0.5061 1.5575 -1.9517
v 0.5584 1.5341 -1.9456
v 0.6087 1.5065 -1.9363
v 0.6593 1.4809 -1.9319
v 0.7073 1.4502 -1.9228
v 0.7534 1.4170 -1.9126
v 0.7980 1.3822 -1.9020
v 0.8419 1.3473 -1.8933
v 0.8857 1.3131 -1.8875
v 0.9263 1.2749 -1.8781
v 0.9656 1.2360 -1.8692
v 1.0047 1.1974 -1.8628
v 1.0420 1.1573 -1.8559
v 1.0782 1.1165 -1.8497
v 1.1131 1.0749 -1.8441
v 1.1470 1.0328 -1.8394
v 1.1795 0.9897 -1.8350
v 1.2108 0.9460 -1.8312
v 1.2401 0.9010 -1.8268
v 1.2675 0.8549 -1.8220
v 1.2929 0.8079 -1.8169
v 1.3176 0.7607 -1.8132
v 1.3385 0.7117 -1.8066
v 1.3570 0.6619 -1.7994
v 1.3712 0.6105 -1.7888
v 1.3851 0.5596 -1.7804
v 1.3973 0.5086 -1.7721
v 1.4078 0.4574 -1.7640
v 1.4166 0.4062 -1.7563
v 1.4233 0.3549 -1.7481
v 1.4293 0.3038 -1.7414
v 1.4332 0.2527 -1.7344
v 1.4378 0.2021 -1.7303
v 1.4412 0.1515 -1.7270
v 1.4436 0.1009 -1.7246
v 1.4444 0.0504 -1.7224
v 1.4438 0.0000 -1.7206
v 1.5141 -0.0529 -1.6826
v 1.5115 -0.1057 -1.6828
v 1.5060 -0.1583 -1.6818
v 1.4954 -0.2102 -1.6771
v 1.4860 -0.2620 -1.6758
v 1.4779 -0.3141 -1.6780
v 1.4687 -0.3662 -1.6811
v 1.4596 -0.4185 -1.6863
v 1.4464 -0.4700 -1.6891
v 1.4308 -0.5208 -1.6910
v 1.4140 -0.5713 -1.6937
v 1.3931 -0.6203 -1.6936
v 1.3706 -0.6685 -1.6936
v 1.3471 -0.7163 -1.6944
v 1.3226 -0.7636 -1.6961
v 1.2958 -0.8097 -1.6970
v 1.2665 -0.8543 -1.6967
v 1.2393 -0.9004 -1.7014
v 1.2132 -0.9478 -1.7098
v 1.1809 -0.9909 -1.7121
v 1.1546 -1.0396 -1.7255
v 1.1207 -1.0822 -1.7303
v 1.0909 -1.1296 -1.7441
v 1.0589 -1.1760 -1.7575
v 1.0257 -1.2224 -1.7723
v 0.9942 -1.2725 -1.7935
v 0.9623 -1.3245 -1.8183
v 0.9276 -1.3753 -1.8424
v 0.8936 -1.4300 -1.8728
v 0.8557 -1.4821 -1.9007
v 0.8142 -1.5312 -1.9260
v 0.7756 -1.5901 -1.9649
v 0.7321 -1.6443 -1.9991
v 0.6856 -1.6968 -2.0325
v 0.6341 -1.7421 -2.0590
v 0.5777 -1.7780 -2.0763
v 0.5177 -1.8056 -2.0861
v 0.4603 -1.8460 -2.1130
v 0.3996 -1.8800 -2.1346
v 0.3376 -1.9149 -2.1595
v 0.2709 -1.9274 -2.1616
v 0.2035 -1.9364 -2.1624
v 0.1358 -1.9416 -2.1616
v 0.0681 -1.9492 -2.1661
v 0.0000 -1.9578 -2.1744
v -0.0686 -1.9654 -2.1841
v -0.1378 -1.9702 -2.1935
v -0.2071 -1.9702 -2.2002
v -0.2764 -1.9670 -2.2060
v -0.3450 -1.9566 -2.2065
v -0.4135 -1.9453 -2.2087
v -0.4813 -1.9303 -2.2094
v -0.5485 -1.9128 -2.2100
v -0.6178 -1.9013 -2.2202
v -0.6856 -1.8836 -2.2262
v -0.7547 -1.8680 -2.2375
v -0.8237 -1.8501 -2.2492
v -0.8920 -1.8288 -2.2598
v -0.9596 -1.8047 -2.2700
v -1.0268 -1.7785 -2.2808
v -1.0953 -1.7528 -2.2955
v -1.1609 -1.7211 -2.3056
v -1.2255 -1.6868 -2.3156
v -1.2890 -1.6498 -2.3252
v -1.3475 -1.6059 -2.3282
v -1.4052 -1.5607 -2.3324
v -1.4590 -1.5109 -2.3327
v -1.5122 -1.4603 -2.3347
v -1.5597 -1.4043 -2.3309
v -1.6028 -1.3450 -2.3238
v -1.6470 -1.2868 -2.3213
v -1.6873 -1.2259 -2.3163
v -1.7236 -1.1626 -2.3090
v -1.7563 -1.0974 -2.3000
v -1.7853 -1.0308 -2.2896
v -1.8067 -0.9606 -2.2725
v -1.8276 -0.8914 -2.2583
v -1.8444 -0.8212 -2.2423
v -1.8581 -0.7507 -2.2257
v -1.8724 -0.6815 -2.2130
v -1.8817 -0.6114 -2.1973
v -1.8862 -0.5409 -2.1793
v -1.8876 -0.4706 -2.1606
v -1.8862 -0.4009 -2.1416
v -1.8818 -0.3318 -2.1222
v -1.8737 -0.2633 -2.1014
v -1.8584 -0.1953 -2.0753
v -1.8492 -0.1293 -2.0587
v -1.8356 -0.0641 -2.0399
v -1.8220 -0.0000 -2.0235
v -1.8089 0.0632 -2.0102
v -1.7972 0.1257 -2.0008
v -1.7868 0.1878 -1.9954
v -1.7766 0.2497 -1.9925
v -1.7653 0.3113 -1.9908
v -1.7526 0.3725 -1.9899
v -1.7376 0.4332 -1.9889
v -1.7194 0.4930 -1.9866
v -1.6963 0.5512 -1.9809
v -1.6703 0.6079 -1.9741
v -1.6415 0.6632 -1.9663
v -1.6079 0.7159 -1.9547
v -1.5732 0.7673 -1.9440
v -1.5378 0.8177 -1.9343
v -1.5014 0.8668 -1.9254
v -1.4622 0.9137 -1.9149
v -1.4217 0.9589 -1.9045
v -1.3807 1.0031 -1.8954
v -1.3394 1.0465 -1.8877
v -1.2970 1.0883 -1.8805
v -1.2536 1.1287 -1.8735
v -1.2117 1.1701 -1.8708
v -1.1717 1.2133 -1.8733
v -1.1295 1.2544 -1.8747
v -1.0853 1.2935 -1.8753
v -1.0409 1.3323 -1.8777
v -0.9956 1.3703 -1.8812
v -0.9486 1.4063 -1.8839
v -0.8994 1.4393 -1.8849
v -0.8490 1.4706 -1.8859
v -0.7976 1.5001 -1.8869
v -0.7453 1.5281 -1.8882
v -0.6924 1.5551 -1.8906
v -0.6382 1.5795 -1.8920
v -0.5839 1.6041 -1.8959
v -0.5283 1.6259 -1.8987
v -0.4725 1.6476 -1.9036
v -0.4156 1.6667 -1.9077
v -0.3580 1.6843 -1.9124
v -0.3000 1.7015 -1.9189
v -0.2414 1.7173 -1.9260
v -0.1816 1.7279 -1.9296
v -0.1217 1.7409 -1.9382
v -0.0612 1.7514 -1.9463
v -0.0000 1.7589 -1.9535
v 0.0616 1.7644 -1.9607
v 0.1229 1.7580 -1.9572
v 0.1840 1.7504 -1.9548
v 0.2445 1.7399 -1.9513
v 0.3044 1.7265 -1.9470
v 0.3644 1.7144 -1.9466
v 0.4247 1.7034 -1.9498
v 0.4832 1.6852 -1.9470
v 0.5383 1.6566 -1.9346
v 0.5948 1.6341 -1.9314
v 0.6479 1.6036 -1.9208
v 0.6991 1.5701 -1.9088
v 0.7498 1.5374 -1.8997
v 0.7986 1.5020 -1.8893
v 0.8456 1.4646 -1.8782
v 0.8921 1.4277 -1.8698
v 0.9372 1.3894 -1.8614
v 0.9820 1.3516 -1.8555
v 1.0249 1.3118 -1.8489
v 1.0659 1.2703 -1.8417
v 1.1051 1.2274 -1.8343
v 1.1433 1.1839 -1.8279
v 1.1800 1.1395 -1.8218
v 1.2156 1.0945 -1.8167
v 1.2497 1.0486 -1.8119
v 1.2823 1.0018 -1.8073
v 1.3109 0.9524 -1.7995
v 1.3400 0.9039 -1.7951
v 1.3661 0.8537 -1.7891
v 1.3898 0.8024 -1.7824
v 1.4107 0.7501 -1.7744
v 1.4291 0.6970 -1.7659
v 1.4444 0.6431 -1.7560
v 1.4583 0.5892 -1.7468
v 1.4720 0.5358 -1.7398
v 1.4823 0.4816 -1.7309
v 1.4917 0.4277 -1.7234
v 1.4987 0.3737 -1.7154
v 1.5049 0.3199 -1.7087
v 1.5096 0.2662 -1.7025
v 1.5138 0.2127 -1.6977
v 1.5169 0.1594 -1.6940
v 1.5189 0.1062 -1.6910
v 1.5197 0.0531 -1.6888
v 1.5186 0.0000 -1.6866
v 1.5904 -0.0555 -1.6479
v 1.5860 -0.1109 -1.6464
v 1.5758 -0.1656 -1.6407
v 1.5649 -0.2199 -1.6364
v 1.5560 -0.2744 -1.6361
v 1.5451 -0.3284 -1.6357
v 1.5372 -0.3833 -1.6406
v 1.5267 -0.4378 -1.6446
v 1.5126 -0.4915 -1.6469
v 1.4952 -0.5442 -1.6477
v 1.4773 -0.5969 -1.6499
v 1.4555 -0.6480 -1.6498
v 1.4330 -0.6989 -1.6510
v 1.4081 -0.7487 -1.6515
v 1.3824 -0.7981 -1.6530
v 1.3554 -0.8469 -1.6550
v 1.3225 -0.8921 -1.6520
v 1.2942 -0.9403 -1.6566
v 1.2701 -0.9923 -1.6691
v 1.2404 -1.0408 -1.6768
v 1.2078 -1.0875 -1.6830
v 1.1751 -1.1348 -1.6917
v 1.1428 -1.1834 -1.7036
v 1.1130 -1.2361 -1.7225
v 1.0824 -1.2899 -1.7437
v 1.0493 -1.3430 -1.7648
v 1.0165 -1.3991 -1.7908
v 0.9841 -1.4590 -1.8224
v 0.9487 -1.5182 -1.8538
v 0.9135 -1.5822 -1.8919
v 0.8737 -1.6432 -1.9271
v 0.8299 -1.7016 -1.9604
v 0.7795 -1.7508 -1.9846
v 0.7270 -1.7995 -2.0098
v 0.6702 -1.8413 -2.0291
v 0.6120 -1.8837 -2.0510
v 0.5493 -1.9156 -2.0636
v 0.4872 -1.9539 -2.0852
v 0.4226 -1.9881 -2.1047
v 0.3565 -2.0220 -2.1262
v 0.2851 -2.0289 -2.1216
v 0.2137 -2.0328 -2.1167
v 0.1421 -2.0327 -2.1100
v 0.0712 -2.0398 -2.1136
v 0.0000 -2.0469 -2.1196
v -0.0717 -2.0526 -2.1268
v -0.1437 -2.0544 -2.1326
v -0.2158 -2.0531 -2.1377
v -0.2880 -2.0493 -2.1430
v -0.3600 -2.0418 -2.1470
v -0.4320 -2.0326 -2.1518
v -0.5038 -2.0208 -2.1567
v -0.5757 -2.0079 -2.1630
v -0.6482 -1.9949 -2.1721
v -0.7216 -1.9827 -2.1849
v -0.7944 -1.9663 -2.1961
v -0.8678 -1.9491 -2.2093
v -0.9397 -1.9267 -2.2198
v -1.0130 -1.9051 -2.2343
v -1.0842 -1.8779 -2.2455
v -1.1556 -1.8493 -2.2582
v -1.2271 -1.8192 -2.2723
v -1.2969 -1.7850 -2.2848
v -1.3634 -1.7451 -2.2933
v -1.4288 -1.7028 -2.3018
v -1.4912 -1.6562 -2.3078
v -1.5518 -1.6069 -2.3133
v -1.6077 -1.5526 -2.3144
v -1.6598 -1.4945 -2.3128
v -1.7067 -1.4321 -2.3071
v -1.7533 -1.3698 -2.3040
v -1.7952 -1.3043 -2.2979
v -1.8331 -1.2365 -2.2897
v -1.8668 -1.1665 -2.2794
v -1.8963 -1.0948 -2.2674
v -1.9220 -1.0219 -2.2541
v -1.9441 -0.9482 -2.2399
v -1.9600 -0.8726 -2.2217
v -1.9726 -0.7970 -2.2031
v -1.9822 -0.7215 -2.1843
v -1.9848 -0.6449 -2.1610
v -1.9884 -0.5702 -2.1421
v -1.9872 -0.4955 -2.1208
v -1.9848 -0.4219 -2.1013
v -1.9830 -0.3497 -2.0852
v -1.9752 -0.2776 -2.0655
v -1.9649 -0.2065 -2.0459
v -1.9508 -0.1364 -2.0251
v -1.9358 -0.0676 -2.0058
v -1.9212 -0.0000 -1.9895
v -1.9071 0.0666 -1.9761
v -1.8938 0.1324 -1.9659
v -1.8811 0.1977 -1.9587
v -1.8686 0.2626 -1.9540
v -1.8554 0.3272 -1.9509
v -1.8407 0.3913 -1.9487
v -1.8240 0.4548 -1.9466
v -1.8025 0.5168 -1.9417
v -1.7780 0.5777 -1.9360
v -1.7508 0.6373 -1.9294
v -1.7209 0.6953 -1.9220
v -1.6884 0.7517 -1.9138
v -1.6522 0.8058 -1.9035
v -1.6159 0.8592 -1.8952
v -1.5779 0.9110 -1.8867
v -1.5377 0.9609 -1.8777
v -1.4954 1.0087 -1.8679
v -1.4526 1.0554 -1.8593
v -1.4086 1.1005 -1.8511
v -1.3642 1.1447 -1.8442
v -1.3192 1.1878 -1.8383
v -1.2748 1.2310 -1.8351
v -1.2311 1.2749 -1.8353
v -1.1864 1.3176 -1.8360
v -1.1400 1.3586 -1.8365
v -1.0929 1.3989 -1.8383
v -1.0454 1.4388 -1.8417
v -0.9955 1.4759 -1.8435
v -0.9440 1.5107 -1.8447
v -0.8915 1.5440 -1.8463
v -0.8379 1.5758 -1.8481
v -0.7834 1.6062 -1.8505
v -0.7287 1.6367 -1.8552
v -0.6717 1.6626 -1.8568
v -0.6151 1.6899 -1.8622
v -0.5572 1.7148 -1.8671
v -0.4987 1.7391 -1.8734
v -0.4393 1.7620 -1.8805
v -0.3800 1.7878 -1.8927
v -0.3187 1.8077 -1.9008
v -0.2567 1.8267 -1.9102
v -0.1939 1.8449 -1.9209
v -0.1301 1.8608 -1.9316
v -0.0655 1.8751 -1.9429
v -0.0000 1.8868 -1.9539
v 0.0661 1.8915 -1.9599
v 0.1318 1.8847 -1.9564
v 0.1977 1.8806 -1.9582
v 0.2624 1.8673 -1.9526
v 0.3269 1.8539 -1.9493
v 0.3914 1.8413 -1.9493
v 0.4543 1.8222 -1.9447
v 0.5175 1.8047 -1.9442
v 0.5776 1.7776 -1.9355
v 0.6349 1.7443 -1.9221
v 0.6877 1.7022 -1.9011
v 0.7429 1.6687 -1.8915
v 0.7941 1.6281 -1.8758
v 0.8462 1.5914 -1.8664
v 0.8954 1.5510 -1.8545
v 0.9452 1.5126 -1.8470
v 0.9920 1.4707 -1.8370
v 1.0385 1.4293 -1.8295
v 1.0829 1.3861 -1.8214
v 1.1259 1.3417 -1.8137
v 1.1673 1.2965 -1.8065
v 1.2071 1.2499 -1.7994
v 1.2453 1.2026 -1.7927
v 1.2823 1.1546 -1.7868
v 1.3178 1.1058 -1.7814
v 1.3517 1.0561 -1.7763
v 1.3835 1.0051 -1.7708
v 1.4142 0.9539 -1.7664
v 1.4407 0.9002 -1.7591
v 1.4645 0.8455 -1.7511
v 1.4850 0.7896 -1.7416
v 1.5035 0.7333 -1.7322
v 1.5180 0.6758 -1.7207
v 1.5309 0.6185 -1.7098
v 1.5432 0.5617 -1.7006
v 1.5537 0.5048 -1.6917
v 1.5641 0.4485 -1.6850
v 1.5716 0.3918 -1.6773
v 1.5784 0.3355 -1.6710
v 1.5857 0.2796 -1.6674
v 1.5897 0.2234 -1.6623
v 1.5924 0.1674 -1.6581
v 1.5947 0.1115 -1.6553
v 1.5947 0.0557 -1.6524
v 1.5935 0.0000 -1.6502
v 1.6620 -0.0580 -1.6059
v 1.6560 -0.1158 -1.6031
v 1.6459 -0.1730 -1.5982
v 1.6336 -0.2296 -1.5931
v 1.6248 -0.2865 -1.5933
v 1.6165 -0.3436 -1.5959
v 1.6048 -0.4001 -1.5972
v 1.5923 -0.4566 -1.5996
v 1.5766 -0.5123 -1.6008
v 1.5582 -0.5671 -1.6013
v 1.5381 -0.6215 -1.6020
v 1.5174 -0.6756 -1.6040
v 1.4936 -0.7285 -1.6048
v 1.4684 -0.7808 -1.6060
v 1.4432 -0.8332 -1.6093
v 1.4128 -0.8828 -1.6088
v 1.3878 -0.9361 -1.6166
v 1.3535 -0.9833 -1.6156
v 1.3314 -1.0402 -1.6316
v 1.3024 -1.0928 -1.6418
v 1.2704 -1.1439 -1.6509
v 1.2333 -1.1910 -1.6557
v 1.2008 -1.2434 -1.6693
v 1.1682 -1.2974 -1.6859
v 1.1339 -1.3513 -1.7034
v 1.1050 -1.4144 -1.7333
v 1.0737 -1.4779 -1.7641
v 1.0362 -1.5362 -1.7894
v 1.0051 -1.6085 -1.8316
v 0.9659 -1.6730 -1.8656
v 0.9231 -1.7362 -1.8988
v 0.8749 -1.7939 -1.9274
v 0.8194 -1.8404 -1.9455
v 0.7654 -1.8944 -1.9731
v 0.7058 -1.9392 -1.9928
v 0.6429 -1.9788 -2.0092
v 0.5761 -2.0090 -2.0183
v 0.5096 -2.0440 -2.0343
v 0.4410 -2.0746 -2.0482
v 0.3709 -2.1036 -2.0628
v 0.2970 -2.1136 -2.0611
v 0.2227 -2.1187 -2.0573
v 0.1483 -2.1202 -2.0524
v 0.0743 -2.1264 -2.0547
v 0.0000 -2.1321 -2.0589
v -0.0746 -2.1361 -2.0641
v -0.1494 -2.1365 -2.0683
v -0.2244 -2.1350 -2.0731
v -0.2995 -2.1309 -2.0780
v -0.3745 -2.1242 -2.0829
v -0.4496 -2.1152 -2.0882
v -0.5246 -2.1040 -2.0940
v -0.5997 -2.0913 -2.1009
v -0.6755 -2.0789 -2.1109
v -0.7517 -2.0652 -2.1223
v -0.8286 -2.0510 -2.1361
v -0.9054 -2.0335 -2.1496
v -0.9822 -2.0137 -2.1636
v -1.0586 -1.9909 -2.1775
v -1.1348 -1.9655 -2.1916
v -1.2110 -1.9381 -2.2069
v -1.2865 -1.9073 -2.2217
v -1.3609 -1.8731 -2.2359
v -1.4335 -1.8348 -2.2485
v -1.5046 -1.7932 -2.2605
v -1.5728 -1.7468 -2.2699
v -1.6360 -1.6941 -2.2743
v -1.6966 -1.6384 -2.2776
v -1.7533 -1.5787 -2.2784
v -1.8040 -1.5137 -2.2741
v -1.8548 -1.4491 -2.2730
v -1.9003 -1.3806 -2.2683
v -1.9404 -1.3088 -2.2602
v -1.9757 -1.2346 -2.2498
v -2.0061 -1.1582 -2.2370
v -2.0318 -1.0803 -2.2222
v -2.0535 -1.0015 -2.2063
v -2.0690 -0.9212 -2.1871
v -2.0810 -0.8408 -2.1675
v -2.0895 -0.7605 -2.1473
v -2.0946 -0.6806 -2.1268
v -2.0968 -0.6013 -2.1065
v -2.0962 -0.5226 -2.0862
v -2.0890 -0.4440 -2.0624
v -2.0829 -0.3673 -2.0424
v -2.0740 -0.2915 -2.0226
v -2.0632 -0.2169 -2.0034
v -2.0514 -0.1435 -1.9859
v -2.0359 -0.0711 -1.9672
v -2.0201 -0.0000 -1.9508
v -2.0005 0.0699 -1.9330
v -1.9901 0.1392 -1.9265
v -1.9754 0.2076 -1.9181
v -1.9605 0.2755 -1.9118
v -1.9449 0.3429 -1.9071
v -1.9274 0.4097 -1.9028
v -1.9064 0.4753 -1.8974
v -1.8830 0.5399 -1.8917
v -1.8570 0.6034 -1.8856
v -1.8284 0.6655 -1.8790
v -1.7973 0.7261 -1.8719
v -1.7637 0.7853 -1.8644
v -1.7273 0.8425 -1.8558
v -1.6899 0.8985 -1.8483
v -1.6511 0.9533 -1.8411
v -1.6102 1.0062 -1.8336
v -1.5676 1.0574 -1.8260
v -1.5232 1.1067 -1.8182
v -1.4781 1.1548 -1.8113
v -1.4313 1.2010 -1.8043
v -1.3841 1.2463 -1.7986
v -1.3369 1.2910 -1.7947
v -1.2905 1.3363 -1.7940
v -1.2426 1.3801 -1.7933
v -1.1939 1.4228 -1.7936
v -1.1442 1.4645 -1.7946
v -1.0932 1.5047 -1.7960
v -1.0411 1.5436 -1.7980
v -0.9878 1.5808 -1.8001
v -0.9331 1.6162 -1.8022
v -0.8776 1.6505 -1.8051
v -0.8211 1.6835 -1.8088
v -0.7650 1.7183 -1.8164
v -0.7069 1.7496 -1.8222
v -0.6482 1.7809 -1.8301
v -0.5882 1.8101 -1.8380
v -0.5270 1.8380 -1.8465
v -0.4648 1.8643 -1.8554
v -0.4014 1.8887 -1.8646
v -0.3370 1.9113 -1.8742
v -0.2716 1.9323 -1.8843
v -0.2052 1.9525 -1.8959
v -0.1378 1.9710 -1.9080
v -0.0694 1.9880 -1.9209
v -0.0000 2.0011 -1.9325
v 0.0699 2.0020 -1.9345
v 0.1399 2.0010 -1.9371
v 0.2096 1.9938 -1.9360
v 0.2800 1.9925 -1.9430
v 0.3495 1.9821 -1.9437
v 0.4173 1.9632 -1.9382
v 0.4852 1.9461 -1.9368
v 0.5482 1.9118 -1.9206
v 0.6136 1.8884 -1.9175
v 0.6737 1.8511 -1.9023
v 0.7317 1.8111 -1.8863
v 0.7869 1.7673 -1.8682
v 0.8423 1.7270 -1.8556
v 0.8979 1.6886 -1.8469
v 0.9488 1.6433 -1.8324
v 1.0002 1.6007 -1.8227
v 1.0505 1.5574 -1.8141
v 1.0960 1.5085 -1.8006
v 1.1425 1.4624 -1.7921
v 1.1872 1.4149 -1.7836
v 1.2333 1.3697 -1.7799
v 1.2745 1.3198 -1.7718
v 1.3139 1.2688 -1.7639
v 1.3521 1.2174 -1.7570
v 1.3881 1.1648 -1.7499
v 1.4213 1.1105 -1.7418
v 1.4533 1.0559 -1.7347
v 1.4842 1.0011 -1.7289
v 1.5117 0.9446 -1.7214
v 1.5360 0.8868 -1.7127
v 1.5570 0.8279 -1.7030
v 1.5758 0.7686 -1.6931
v 1.5919 0.7088 -1.6828
v 1.6055 0.6487 -1.6722
v 1.6182 0.5890 -1.6629
v 1.6280 0.5290 -1.6530
v 1.6358 0.4691 -1.6434
v 1.6434 0.4097 -1.6356
v 1.6496 0.3506 -1.6286
v 1.6559 0.2920 -1.6238
v 1.6613 0.2335 -1.6201
v 1.6641 0.1749 -1.6158
v 1.6675 0.1166 -1.6142
v 1.6678 0.0582 -1.6115
v 1.6671 0.0000 -1.6099
v 1.7380 -0.0607 -1.5658
v 1.7310 -0.1210 -1.5624
v 1.7222 -0.1810 -1.5592
v 1.7099 -0.2403 -1.5547
v 1.6982 -0.2994 -1.5527
v 1.6892 -0.3590 -1.5549
v 1.6756 -0.4178 -1.5549
v 1.6607 -0.4762 -1.5556
v 1.6454 -0.5346 -1.5578
v 1.6249 -0.5914 -1.5570
v 1.6045 -0.6483 -1.5582
v 1.5835 -0.7050 -1.5607
v 1.5574 -0.7596 -1.5601
v 1.5343 -0.8158 -1.5646
v 1.5089 -0.8712 -1.5688
v 1.4809 -0.9254 -1.5723
v 1.4528 -0.9799 -1.5778
v 1.4261 -1.0362 -1.5872
v 1.3913 -1.0870 -1.5898
v 1.3617 -1.1426 -1.6005
v 1.3301 -1.1976 -1.6115
v 1.2950 -1.2505 -1.6209
v 1.2631 -1.3080 -1.6372
v 1.2270 -1.3627 -1.6511
v 1.1939 -1.4229 -1.6724
v 1.1587 -1.4830 -1.6946
v 1.1267 -1.5508 -1.7260
v 1.0907 -1.6170 -1.7562
v 1.0535 -1.6860 -1.7901
v 1.0137 -1.7558 -1.8255
v 0.9677 -1.8199 -1.8559
v 0.9193 -1.8848 -1.8882
v 0.8612 -1.9342 -1.9064
v 0.8007 -1.9817 -1.9245
v 0.7378 -2.0271 -1.9424
v 0.6703 -2.0631 -1.9532
v 0.6019 -2.0991 -1.9662
v 0.5310 -2.1296 -1.9762
v 0.4581 -2.1554 -1.9841
v 0.3839 -2.1770 -1.9905
v 0.3075 -2.1879 -1.9894
v 0.2307 -2.1949 -1.9872
v 0.1537 -2.1984 -1.9843
v 0.0769 -2.2025 -1.9843
v 0.0000 -2.2057 -1.9860
v -0.0771 -2.2072 -1.9886
v -0.1543 -2.2068 -1.9919
v -0.2317 -2.2046 -1.9959
v -0.3092 -2.2001 -2.0004
v -0.3867 -2.1929 -2.0049
v -0.4642 -2.1837 -2.0101
v -0.5417 -2.1725 -2.0160
v -0.6197 -2.1611 -2.0243
v -0.6983 -2.1492 -2.0348
v -0.7790 -2.1402 -2.0507
v -0.8584 -2.1246 -2.0632
v -0.9390 -2.1089 -2.0786
v -1.0190 -2.0893 -2.0930
v -1.0993 -2.0674 -2.1083
v -1.1795 -2.0429 -2.1240
v -1.2597 -2.0160 -2.1405
v -1.3390 -1.9852 -2.1561
v -1.4186 -1.9526 -2.1731
v -1.4964 -1.9153 -2.1885
v -1.5726 -1.8741 -2.2028
v -1.6450 -1.8269 -2.2136
v -1.7130 -1.7739 -2.2204
v -1.7792 -1.7182 -2.2271
v -1.8419 -1.6585 -2.2317
v -1.8966 -1.5914 -2.2292
v -1.9520 -1.5251 -2.2304
v -2.0030 -1.4552 -2.2292
v -2.0469 -1.3806 -2.2231
v -2.0840 -1.3022 -2.2126
v -2.1152 -1.2212 -2.1992
v -2.1412 -1.1385 -2.1835
v -2.1623 -1.0546 -2.1662
v -2.1780 -0.9697 -2.1467
v -2.1893 -0.8845 -2.1260
v -2.1967 -0.7995 -2.1049
v -2.2004 -0.7150 -2.0832
v -2.2008 -0.6311 -2.0615
v -2.1984 -0.5481 -2.0400
v -2.1935 -0.4662 -2.0192
v -2.1861 -0.3855 -1.9988
v -2.1763 -0.3059 -1.9788
v -2.1642 -0.2275 -1.9594
v -2.1471 -0.1501 -1.9379
v -2.1331 -0.0745 -1.9218
v -2.1166 -0.0000 -1.9058
v -2.0997 0.0733 -1.8918
v -2.0852 0.1458 -1.8821
v -2.0680 0.2174 -1.8723
v -2.0496 0.2881 -1.8636
v -2.0265 0.3573 -1.8528
v -2.0073 0.4267 -1.8478
v -1.9846 0.4948 -1.8416
v -1.9593 0.5618 -1.8353
v -1.9318 0.6277 -1.8289
v -1.9018 0.6922 -1.8223
v -1.8695 0.7553 -1.8155
v -1.8348 0.8169 -1.8084
v -1.7977 0.8768 -1.8010
v -1.7592 0.9354 -1.7939
v -1.7190 0.9925 -1.7872
v -1.6771 1.0480 -1.7806
v -1.6336 1.1019 -1.7743
v -1.5888 1.1543 -1.7682
v -1.5420 1.2048 -1.7620
v -1.4945 1.2540 -1.7566
v -1.4458 1.3018 -1.7517
v -1.3966 1.3487 -1.7482
v -1.3471 1.3950 -1.7461
v -1.2971 1.4405 -1.7454
v -1.2459 1.4849 -1.7453
v -1.1940 1.5283 -1.7462
v -1.1417 1.5715 -1.7490
v -1.0879 1.6129 -1.7518
v -1.0330 1.6531 -1.7551
v -0.9769 1.6921 -1.7593
v -0.9198 1.7299 -1.7641
v -0.8617 1.7668 -1.7699
v -0.8025 1.8023 -1.7764
v -0.7415 1.8353 -1.7823
v -0.6812 1.8715 -1.7933
v -0.6201 1.9084 -1.8067
v -0.5566 1.9410 -1.8182
v -0.4922 1.9739 -1.8317
v -0.4263 2.0054 -1.8460
v -0.3578 2.0290 -1.8551
v -0.2882 2.0507 -1.8646
v -0.2170 2.0647 -1.8693
v -0.1461 2.0895 -1.8860
v -0.0734 2.1024 -1.8942
v -0.0000 2.1096 -1.8995
v 0.0738 2.1131 -1.9038
v 0.1480 2.1163 -1.9102
v 0.2220 2.1118 -1.9119
v 0.2958 2.1044 -1.9134
v 0.3691 2.0931 -1.9137
v 0.4406 2.0731 -1.9083
v 0.5163 2.0707 -1.9215
v 0.5822 2.0303 -1.9017
v 0.6463 1.9891 -1.8832
v 0.7111 1.9538 -1.8721
v 0.7698 1.9052 -1.8502
v 0.8325 1.8698 -1.8429
v 0.8928 1.8306 -1.8339
v 0.9556 1.7972 -1.8327
v 1.0125 1.7537 -1.8233
v 1.0647 1.7039 -1.8091
v 1.1203 1.6609 -1.8038
v 1.1675 1.6069 -1.7884
v 1.2108 1.5498 -1.7709
v 1.2554 1.4962 -1.7586
v 1.2993 1.4431 -1.7484
v 1.3413 1.3889 -1.7385
v 1.3783 1.3311 -1.7253
v 1.4173 1.2762 -1.7173
v 1.4549 1.2208 -1.7100
v 1.4922 1.1658 -1.7050
v 1.5254 1.1083 -1.6977
v 1.5565 1.0499 -1.6905
v 1.5861 0.9911 -1.6841
v 1.6108 0.9300 -1.6747
v 1.6316 0.8675 -1.6639
v 1.6484 0.8040 -1.6513
v 1.6642 0.7410 -1.6403
v 1.6801 0.6788 -1.6316
v 1.6906 0.6153 -1.6199
v 1.6999 0.5523 -1.6093
v 1.7076 0.4896 -1.5995
v 1.7129 0.4271 -1.5895
v 1.7180 0.3652 -1.5815
v 1.7256 0.3043 -1.5777
v 1.7295 0.2431 -1.5726
v 1.7345 0.1823 -1.5704
v 1.7399 0.1217 -1.5704
v 1.7415 0.0608 -1.5690
v 1.7423 0.0000 -1.5688
v 1.8143 -0.0634 -1.5233
v 1.8089 -0.1265 -1.5215
v 1.7935 -0.1885 -1.5132
v 1.7871 -0.2512 -1.5143
v 1.7746 -0.3129 -1.5120
v 1.7628 -0.3747 -1.5122
v 1.7469 -0.4355 -1.5107
v 1.7287 -0.4957 -1.5090
v 1.7095 -0.5555 -1.5083
v 1.6904 -0.6153 -1.5095
v 1.6696 -0.6746 -1.5110
v 1.6467 -0.7331 -1.5125
v 1.6248 -0.7924 -1.5169
v 1.5992 -0.8503 -1.5198
v 1.5726 -0.9079 -1.5237
v 1.5466 -0.9664 -1.5303
v 1.5170 -1.0232 -1.5354
v 1.4925 -1.0843 -1.5480
v 1.4611 -1.1415 -1.5558
v 1.4284 -1.1986 -1.5646
v 1.3944 -1.2555 -1.5744
v 1.3595 -1.3129 -1.5859
v 1.3224 -1.3694 -1.5974
v 1.2822 -1.4240 -1.6079
v 1.2442 -1.4827 -1.6241
v 1.2143 -1.5542 -1.6550
v 1.1762 -1.6189 -1.6791
v 1.1400 -1.6901 -1.7106
v 1.1014 -1.7627 -1.7441
v 1.0585 -1.8333 -1.7763
v 1.0086 -1.8969 -1.8027
v 0.9564 -1.9610 -1.8307
v 0.8964 -2.0134 -1.8493
v 0.8344 -2.0651 -1.8689
v 0.7672 -2.1079 -1.8822
v 0.6965 -2.1435 -1.8912
v 0.6234 -2.1739 -1.8976
v 0.5485 -2.1998 -1.9024
v 0.4718 -2.2194 -1.9039
v 0.3940 -2.2346 -1.9040
v 0.3159 -2.2475 -1.9044
v 0.2372 -2.2571 -1.9044
v 0.1583 -2.2633 -1.9037
v 0.0792 -2.2666 -1.9031
v 0.0000 -2.2677 -1.9028
v -0.0792 -2.2679 -1.9041
v -0.1584 -2.2659 -1.9059
v -0.2378 -2.2624 -1.9088
v -0.3171 -2.2563 -1.9118
v -0.3963 -2.2476 -1.9151
v -0.4755 -2.2371 -1.9191
v -0.5549 -2.2258 -1.9248
v -0.6350 -2.2146 -1.9332
v -0.7158 -2.2031 -1.9437
v -0.7979 -2.1921 -1.9575
v -0.8812 -2.1809 -1.9737
v -0.9660 -2.1697 -1.9929
v -1.0500 -2.1529 -2.0099
v -1.1336 -2.1320 -2.0261
v -1.2173 -2.1085 -2.0429
v -1.3018 -2.0833 -2.0613
v -1.3857 -2.0544 -2.0793
v -1.4704 -2.0239 -2.0992
v -1.5543 -1.9894 -2.1184
v -1.6363 -1.9500 -2.1360
v -1.7155 -1.9052 -2.1512
v -1.7875 -1.8510 -2.1592
v -1.8570 -1.7933 -2.1661
v -1.9241 -1.7325 -2.1726
v -1.9858 -1.6663 -2.1752
v -2.0442 -1.5971 -2.1767
v -2.0988 -1.5248 -2.1768
v -2.1482 -1.4490 -2.1743
v -2.1926 -1.3701 -2.1695
v -2.2248 -1.2845 -2.1556
v -2.2506 -1.1967 -2.1389
v -2.2707 -1.1075 -2.1199
v -2.2859 -1.0177 -2.0996
v -2.2961 -0.9277 -2.0779
v -2.3024 -0.8380 -2.0559
v -2.3050 -0.7489 -2.0337
v -2.3042 -0.6607 -2.0114
v -2.3003 -0.5735 -1.9892
v -2.2936 -0.4875 -1.9676
v -2.2843 -0.4028 -1.9464
v -2.2730 -0.3194 -1.9260
v -2.2596 -0.2375 -1.9064
v -2.2444 -0.1569 -1.8879
v -2.2278 -0.0778 -1.8704
v -2.2100 -0.0000 -1.8544
v -2.1883 0.0764 -1.8373
v -2.1692 0.1517 -1.8246
v -2.1495 0.2259 -1.8136
v -2.1288 0.2992 -1.8039
v -2.1078 0.3717 -1.7959
v -2.0846 0.4431 -1.7883
v -2.0586 0.5133 -1.7803
v -2.0329 0.5829 -1.7745
v -2.0037 0.6510 -1.7678
v -1.9722 0.7178 -1.7610
v -1.9385 0.7832 -1.7543
v -1.9025 0.8471 -1.7475
v -1.8640 0.9091 -1.7402
v -1.8240 0.9698 -1.7334
v -1.7821 1.0289 -1.7267
v -1.7386 1.0864 -1.7203
v -1.6934 1.1422 -1.7139
v -1.6468 1.1965 -1.7080
v -1.5990 1.2493 -1.7027
v -1.5499 1.3005 -1.6977
v -1.4999 1.3505 -1.6936
v -1.4492 1.3995 -1.6905
v -1.3983 1.4480 -1.6891
v -1.3466 1.4956 -1.6887
v -1.2940 1.5422 -1.6892
v -1.2407 1.5881 -1.6910
v -1.1872 1.6340 -1.6948
v -1.1314 1.6774 -1.6978
v -1.0754 1.7210 -1.7029
v -1.0183 1.7638 -1.7090
v -0.9603 1.8061 -1.7164
v -0.9009 1.8472 -1.7245
v -0.8395 1.8854 -1.7318
v -0.7770 1.9231 -1.7404
v -0.7155 1.9658 -1.7553
v -0.6520 2.0065 -1.7703
v -0.5871 2.0473 -1.7871
v -0.5194 2.0831 -1.8015
v -0.4517 2.1253 -1.8231
v -0.3796 2.1530 -1.8345
v -0.3059 2.1769 -1.8446
v -0.2303 2.1915 -1.8490
v -0.1542 2.2059 -1.8555
v -0.0771 2.2087 -1.8544
v -0.0000 2.2192 -1.8622
v 0.0779 2.2303 -1.8726
v 0.1562 2.2344 -1.8794
v 0.2344 2.2303 -1.8818
v 0.3134 2.2302 -1.8897
v 0.3918 2.2220 -1.8932
v 0.4712 2.2169 -1.9018
v 0.5393 2.1630 -1.8705
v 0.6115 2.1325 -1.8615
v 0.6795 2.0913 -1.8451
v 0.7463 2.0504 -1.8309
v 0.8102 2.0053 -1.8148
v 0.8767 1.9690 -1.8085
v 0.9423 1.9320 -1.8037
v 1.0148 1.9086 -1.8138
v 1.0777 1.8666 -1.8085
v 1.1343 1.8152 -1.7961
v 1.1919 1.7671 -1.7886
v 1.2378 1.7037 -1.7671
v 1.2809 1.6395 -1.7458
v 1.3224 1.5759 -1.7262
v 1.3671 1.5183 -1.7143
v 1.4087 1.4588 -1.7017
v 1.4510 1.4012 -1.6925
v 1.4897 1.3413 -1.6820
v 1.5272 1.2815 -1.6729
v 1.5625 1.2208 -1.6638
v 1.5935 1.1578 -1.6528
v 1.6231 1.0948 -1.6428
v 1.6526 1.0326 -1.6351
v 1.6803 0.9701 -1.6281
v 1.7031 0.9056 -1.6185
v 1.7225 0.8401 -1.6081
v 1.7428 0.7760 -1.6008
v 1.7566 0.7097 -1.5897
v 1.7700 0.6442 -1.5805
v 1.7772 0.5775 -1.5680
v 1.7803 0.5105 -1.5541
v 1.7817 0.4442 -1.5408
v 1.7856 0.3795 -1.5318
v 1.7906 0.3157 -1.5257
v 1.7960 0.2524 -1.5219
v 1.8031 0.1895 -1.5213
v 1.8099 0.1266 -1.5224
v 1.8140 0.0633 -1.5231
v 1.8165 0.0000 -1.5242
v 1.8913 -0.0660 -1.4786
v 1.8872 -0.1320 -1.4780
v 1.8787 -0.1975 -1.4759
v 1.8660 -0.2622 -1.4722
v 1.8522 -0.3266 -1.4695
v 1.8339 -0.3898 -1.4648
v 1.8159 -0.4528 -1.4622
v 1.7961 -0.5150 -1.4599
v 1.7748 -0.5767 -1.4579
v 1.7577 -0.6397 -1.4614
v 1.7341 -0.7006 -1.4612
v 1.7141 -0.7632 -1.4660
v 1.6938 -0.8261 -1.4724
v 1.6709 -0.8884 -1.4785
v 1.6437 -0.9490 -1.4829
v 1.6159 -1.0098 -1.4887
v 1.5884 -1.0714 -1.4969
v 1.5566 -1.1309 -1.5032
v 1.5228 -1.1898 -1.5098
v 1.4913 -1.2514 -1.5210
v 1.4593 -1.3139 -1.5342
v 1.4219 -1.3731 -1.5444
v 1.3813 -1.4304 -1.5536
v 1.3457 -1.4945 -1.5712
v 1.3090 -1.5600 -1.5910
v 1.2701 -1.6256 -1.6117
v 1.2309 -1.6941 -1.6361
v 1.1912 -1.7660 -1.6643
v 1.1468 -1.8352 -1.6907
v 1.0990 -1.9035 -1.7173
v 1.0498 -1.9744 -1.7471
v 0.9943 -2.0387 -1.7721
v 0.9315 -2.0922 -1.7893
v 0.8641 -2.1386 -1.8021
v 0.7930 -2.1789 -1.8116
v 0.7186 -2.2117 -1.8169
v 0.6419 -2.2384 -1.8193
v 0.5637 -2.2608 -1.8204
v 0.4845 -2.2792 -1.8205
v 0.4044 -2.2934 -1.8195
v 0.3239 -2.3045 -1.8182
v 0.2431 -2.3128 -1.8169
v 0.1620 -2.3174 -1.8150
v 0.0810 -2.3195 -1.8133
v 0.0000 -2.3195 -1.8122
v -0.0809 -2.3175 -1.8118
v -0.1619 -2.3146 -1.8128
v -0.2427 -2.3095 -1.8144
v -0.3235 -2.3019 -1.8161
v -0.4040 -2.2914 -1.8179
v -0.4845 -2.2795 -1.8208
v -0.5654 -2.2675 -1.8258
v -0.6466 -2.2549 -1.8327
v -0.7292 -2.2443 -1.8437
v -0.8132 -2.2343 -1.8576
v -0.8988 -2.2246 -1.8745
v -0.9860 -2.2146 -1.8940
v -1.0729 -2.1998 -1.9122
v -1.1608 -2.1831 -1.9317
v -1.2488 -2.1631 -1.9514
v -1.3382 -2.1415 -1.9729
v -1.4277 -2.1166 -1.9947
v -1.5178 -2.0890 -2.0174
v -1.6071 -2.0571 -2.0395
v -1.6936 -2.0183 -2.0585
v -1.7785 -1.9752 -2.0766
v -1.8625 -1.9287 -2.0948
v -1.9434 -1.8768 -2.1108
v -2.0141 -1.8135 -2.1174
v -2.0875 -1.7516 -2.1290
v -2.1541 -1.6829 -2.1357
v -2.2127 -1.6076 -2.1368
v -2.2625 -1.5261 -2.1322
v -2.3018 -1.4383 -2.1206
v -2.3342 -1.3477 -2.1058
v -2.3496 -1.2493 -2.0790
v -2.3694 -1.1556 -2.0596
v -2.3904 -1.0643 -2.0443
v -2.4022 -0.9705 -2.0242
v -2.4073 -0.8762 -2.0015
v -2.4084 -0.7825 -1.9785
v -2.4058 -0.6899 -1.9554
v -2.4002 -0.5984 -1.9327
v -2.3919 -0.5084 -1.9105
v -2.3809 -0.4198 -1.8888
v -2.3674 -0.3327 -1.8678
v -2.3520 -0.2472 -1.8477
v -2.3348 -0.1633 -1.8286
v -2.3160 -0.0809 -1.8106
v -2.2963 -0.0000 -1.7940
v -2.2758 0.0795 -1.7791
v -2.2544 0.1576 -1.7656
v -2.2313 0.2345 -1.7528
v -2.2081 0.3103 -1.7421
v -2.1825 0.3848 -1.7315
v -2.1571 0.4585 -1.7230
v -2.1300 0.5311 -1.7150
v -2.0994 0.6020 -1.7063
v -2.0699 0.6725 -1.7004
v -2.0372 0.7415 -1.6937
v -2.0022 0.8089 -1.6872
v -1.9657 0.8752 -1.6811
v -1.9264 0.9396 -1.6745
v -1.8849 1.0022 -1.6679
v -1.8414 1.0631 -1.6612
v -1.7960 1.1223 -1.6546
v -1.7489 1.1797 -1.6482
v -1.7004 1.2354 -1.6421
v -1.6506 1.2896 -1.6365
v -1.5998 1.3424 -1.6316
v -1.5482 1.3940 -1.6276
v -1.4957 1.4444 -1.6245
v -1.4439 1.4952 -1.6240
v -1.3914 1.5453 -1.6246
v -1.3380 1.5945 -1.6263
v -1.2837 1.6431 -1.6291
v -1.2287 1.6911 -1.6332
v -1.1728 1.7387 -1.6386
v -1.1160 1.7860 -1.6454
v -1.0581 1.8327 -1.6534
v -0.9991 1.8791 -1.6627
v -0.9389 1.9250 -1.6733
v -0.8758 1.9671 -1.6823
v -0.8102 2.0053 -1.6897
v -0.7471 2.0526 -1.7066
v -0.6807 2.0948 -1.7209
v -0.6156 2.1469 -1.7449
v -0.5484 2.1996 -1.7711
v -0.4775 2.2462 -1.7942
v -0.4016 2.2776 -1.8069
v -0.3242 2.3068 -1.8200
v -0.2436 2.3178 -1.8208
v -0.1626 2.3260 -1.8217
v -0.0811 2.3226 -1.8157
v -0.0000 2.3228 -1.8148
v 0.0813 2.3274 -1.8195
v 0.1632 2.3345 -1.8283
v 0.2463 2.3435 -1.8410
v 0.3289 2.3399 -1.8461
v 0.4128 2.3409 -1.8571
v 0.4944 2.3258 -1.8577
v 0.5747 2.3050 -1.8560
v 0.6534 2.2788 -1.8522
v 0.7219 2.2218 -1.8252
v 0.7900 2.1705 -1.8046
v 0.8581 2.1238 -1.7896
v 0.9295 2.0876 -1.7854
v 1.0045 2.0596 -1.7903
v 1.0796 2.0304 -1.7966
v 1.1457 1.9844 -1.7902
v 1.2021 1.9237 -1.7722
v 1.2564 1.8627 -1.7554
v 1.3079 1.8001 -1.7384
v 1.3558 1.7354 -1.7206
v 1.4008 1.6695 -1.7027
v 1.4403 1.5996 -1.6817
v 1.4831 1.5358 -1.6681
v 1.5237 1.4715 -1.6550
v 1.5632 1.4075 -1.6434
v 1.5982 1.3411 -1.6300
v 1.6329 1.2758 -1.6190
v 1.6665 1.2108 -1.6094
v 1.6993 1.1462 -1.6014
v 1.7296 1.0807 -1.5934
v 1.7537 1.0125 -1.5821
v 1.7760 0.9443 -1.5715
v 1.7980 0.8769 -1.5629
v 1.8178 0.8093 -1.5546
v 1.8404 0.7436 -1.5508
v 1.8575 0.6761 -1.5444
v 1.8582 0.6038 -1.5265
v 1.8575 0.5326 -1.5097
v 1.8555 0.4626 -1.4940
v 1.8534 0.3940 -1.4804
v 1.8476 0.3258 -1.4658
v 1.8660 0.2623 -1.4722
v 1.8765 0.1972 -1.4741
v 1.8865 0.1319 -1.4775
v 1.8911 0.0660 -1.4784
v 1.8941 0.0000 -1.4799
v 1.9682 -0.0687 -1.4308
v 1.9623 -0.1372 -1.4292
v 1.9538 -0.2054 -1.4273
v 1.9417 -0.2729 -1.4246
v 1.9242 -0.3393 -1.4196
v 1.9066 -0.4053 -1.4162
v 1.8854 -0.4701 -1.4117
v 1.8600 -0.5333 -1.4058
v 1.8361 -0.5966 -1.4026
v 1.8186 -0.6619 -1.4061
v 1.7997 -0.7271 -1.4102
v 1.7809 -0.7929 -1.4163
v 1.7600 -0.8584 -1.4227
v 1.7387 -0.9245 -1.4307
v 1.7135 -0.9893 -1.4375
v 1.6835 -1.0520 -1.4423
v 1.6554 -1.1166 -1.4507
v 1.6240 -1.1799 -1.4584
v 1.5872 -1.2401 -1.4634
v 1.5486 -1.2994 -1.4687
v 1.5134 -1.3627 -1.4796
v 1.4812 -1.4304 -1.4960
v 1.4480 -1.4994 -1.5144
v 1.4093 -1.5652 -1.5302
v 1.3708 -1.6337 -1.5495
v 1.3280 -1.6998 -1.5672
v 1.2845 -1.7680 -1.5878
v 1.2408 -1.8395 -1.6121
v 1.1961 -1.9141 -1.6399
v 1.1454 -1.9838 -1.6643
v 1.0897 -2.0495 -1.6864
v 1.0308 -2.1134 -1.7083
v 0.9643 -2.1659 -1.7225
v 0.8932 -2.2109 -1.7324
v 0.8170 -2.2446 -1.7355
v 0.7384 -2.2726 -1.7361
v 0.6583 -2.2958 -1.7352
v 0.5771 -2.3146 -1.7331
v 0.4952 -2.3299 -1.7306
v 0.4130 -2.3421 -1.7279
v 0.3304 -2.3511 -1.7250
v 0.2478 -2.3574 -1.7222
v 0.1651 -2.3611 -1.7196
v 0.0825 -2.3620 -1.7172
v 0.0000 -2.3610 -1.7154
v -0.0824 -2.3584 -1.7145
v -0.1646 -2.3542 -1.7146
v -0.2467 -2.3474 -1.7149
v -0.3286 -2.3379 -1.7153
v -0.4100 -2.3252 -1.7155
v -0.4917 -2.3135 -1.7184
v -0.5733 -2.2994 -1.7217
v -0.6558 -2.2870 -1.7286
v -0.7397 -2.2766 -1.7391
v -0.8252 -2.2671 -1.7529
v -0.9127 -2.2590 -1.7702
v -1.0018 -2.2500 -1.7895
v -1.0920 -2.2389 -1.8098
v -1.1837 -2.2262 -1.8318
v -1.2761 -2.2103 -1.8543
v -1.3695 -2.1917 -1.8777
v -1.4643 -2.1709 -1.9025
v -1.5595 -2.1465 -1.9276
v -1.6560 -2.1196 -1.9543
v -1.7528 -2.0889 -1.9812
v -1.8481 -2.0526 -2.0067
v -1.9415 -2.0105 -2.0306
v -2.0259 -1.9564 -2.0462
v -2.1115 -1.9012 -2.0643
v -2.1925 -1.8397 -2.0795
v -2.2630 -1.7681 -2.0865
v -2.3241 -1.6886 -2.0872
v -2.3717 -1.5998 -2.0785
v -2.4099 -1.5059 -2.0647
v -2.4420 -1.4099 -2.0487
v -2.4671 -1.3118 -2.0301
v -2.4859 -1.2125 -2.0095
v -2.4991 -1.1127 -1.9875
v -2.5008 -1.0104 -1.9596
v -2.5081 -0.9129 -1.9392
v -2.5079 -0.8148 -1.9158
v -2.5064 -0.7187 -1.8944
v -2.4990 -0.6231 -1.8712
v -2.4884 -0.5289 -1.8483
v -2.4753 -0.4365 -1.8261
v -2.4596 -0.3457 -1.8046
v -2.4418 -0.2566 -1.7839
v -2.4223 -0.1694 -1.7642
v -2.4012 -0.0838 -1.7456
v -2.3788 -0.0000 -1.7283
v -2.3556 0.0823 -1.7125
v -2.3316 0.1630 -1.6982
v -2.3065 0.2424 -1.6850
v -2.2811 0.3206 -1.6736
v -2.2544 0.3975 -1.6632
v -2.2268 0.4733 -1.6540
v -2.1980 0.5480 -1.6458
v -2.1673 0.6215 -1.6381
v -2.1341 0.6934 -1.6303
v -2.0985 0.7638 -1.6225
v -2.0631 0.8335 -1.6166
v -2.0245 0.9014 -1.6101
v -1.9838 0.9676 -1.6036
v -1.9409 1.0320 -1.5971
v -1.8958 1.0946 -1.5905
v -1.8489 1.1553 -1.5840
v -1.8004 1.2144 -1.5779
v -1.7502 1.2716 -1.5718
v -1.6987 1.3271 -1.5662
v -1.6461 1.3812 -1.5612
v -1.5932 1.4345 -1.5576
v -1.5390 1.4862 -1.5545
v -1.4860 1.5388 -1.5542
v -1.4323 1.5908 -1.5552
v -1.3780 1.6423 -1.5576
v -1.3230 1.6934 -1.5613
v -1.2673 1.7443 -1.5664
v -1.2103 1.7943 -1.5724
v -1.1529 1.8450 -1.5807
v -1.0945 1.8957 -1.5904
v -1.0343 1.9452 -1.6006
v -0.9731 1.9952 -1.6128
v -0.9083 2.0401 -1.6225
v -0.8412 2.0819 -1.6314
v -0.7792 2.1407 -1.6551
v -0.7121 2.1917 -1.6743
v -0.6431 2.2426 -1.6950
v -0.5721 2.2944 -1.7180
v -0.4985 2.3452 -1.7420
v -0.4178 2.3697 -1.7482
v -0.3352 2.3852 -1.7500
v -0.2515 2.3928 -1.7481
v -0.1678 2.3996 -1.7477
v -0.0836 2.3948 -1.7410
v -0.0000 2.3949 -1.7400
v 0.0842 2.4125 -1.7538
v 0.1696 2.4254 -1.7665
v 0.2566 2.4418 -1.7839
v 0.3419 2.4330 -1.7850
v 0.4295 2.4360 -1.7972
v 0.5161 2.4281 -1.8035
v 0.6037 2.4211 -1.8129
v 0.6863 2.3933 -1.8089
v 0.7631 2.3486 -1.7942
v 0.8383 2.3033 -1.7808
v 0.9111 2.2550 -1.7670
v 0.9851 2.2126 -1.7597
v 1.0609 2.1752 -1.7583
v 1.1373 2.1390 -1.7601
v 1.2126 2.1002 -1.7619
v 1.2689 2.0307 -1.7397
v 1.3274 1.9680 -1.7247
v 1.3814 1.9013 -1.7075
v 1.4318 1.8326 -1.6896
v 1.4797 1.7634 -1.6725
v 1.5241 1.6927 -1.6549
v 1.5641 1.6196 -1.6359
v 1.6015 1.5466 -1.6176
v 1.6360 1.4731 -1.5995
v 1.6757 1.4060 -1.5893
v 1.7110 1.3368 -1.5776
v 1.7445 1.2674 -1.5666
v 1.7784 1.1995 -1.5585
v 1.8104 1.1313 -1.5510
v 1.8372 1.0607 -1.5413
v 1.8610 0.9895 -1.5314
v 1.8813 0.9176 -1.5208
v 1.8997 0.8458 -1.5108
v 1.9139 0.7733 -1.4997
v 1.9386 0.7056 -1.4989
v 1.9426 0.6312 -1.4840
v 1.9409 0.5566 -1.4670
v 1.9316 0.4816 -1.4464
v 1.9258 0.4093 -1.4304
v 1.9305 0.3404 -1.4243
v 1.9424 0.2730 -1.4251
v 1.9522 0.2052 -1.4261
v 1.9637 0.1373 -1.4302
v 1.9667 0.0687 -1.4297
v 1.9728 0.0000 -1.4333
v 2.0422 -0.0713 -1.3784
v 2.0360 -0.1424 -1.3766
v 2.0272 -0.2131 -1.3749
v 2.0155 -0.2833 -1.3728
v 1.9972 -0.3522 -1.3679
v 1.9761 -0.4200 -1.3627
v 1.9501 -0.4862 -1.3557
v 1.9228 -0.5514 -1.3492
v 1.8922 -0.6148 -1.3420
v 1.8770 -0.6832 -1.3473
v 1.8643 -0.7532 -1.3562
v 1.8480 -0.8228 -1.3644
v 1.8298 -0.8924 -1.3732
v 1.8080 -0.9613 -1.3812
v 1.7797 -1.0275 -1.3861
v 1.7491 -1.0929 -1.3912
v 1.7180 -1.1588 -1.3978
v 1.6862 -1.2251 -1.4058
v 1.6547 -1.2928 -1.4163
v 1.6170 -1.3569 -1.4238
v 1.5832 -1.4255 -1.4370
v 1.5489 -1.4957 -1.4523
v 1.5133 -1.5671 -1.4694
v 1.4731 -1.6360 -1.4849
v 1.4309 -1.7053 -1.5015
v 1.3860 -1.7740 -1.5185
v 1.3405 -1.8450 -1.5383
v 1.2939 -1.9183 -1.5608
v 1.2439 -1.9907 -1.5833
v 1.1885 -2.0586 -1.6033
v 1.1292 -2.1237 -1.6223
v 1.0660 -2.1856 -1.6402
v 0.9969 -2.2391 -1.6532
v 0.9201 -2.2773 -1.6567
v 0.8392 -2.3056 -1.6549
v 0.7572 -2.3305 -1.6529
v 0.6736 -2.3492 -1.6484
v 0.5892 -2.3633 -1.6429
v 0.5047 -2.3745 -1.6374
v 0.4202 -2.3830 -1.6321
v 0.3359 -2.3903 -1.6281
v 0.2516 -2.3943 -1.6238
v 0.1676 -2.3964 -1.6203
v 0.0836 -2.3953 -1.6166
v 0.0000 -2.3929 -1.6141
v -0.0834 -2.3894 -1.6127
v -0.1667 -2.3844 -1.6122
v -0.2498 -2.3769 -1.6120
v -0.3326 -2.3664 -1.6119
v -0.4151 -2.3541 -1.6124
v -0.4977 -2.3415 -1.6147
v -0.5802 -2.3270 -1.6176
v -0.6629 -2.3118 -1.6222
v -0.7485 -2.3037 -1.6338
v -0.8352 -2.2948 -1.6472
v -0.9250 -2.2894 -1.6655
v -1.0157 -2.2814 -1.6845
v -1.1092 -2.2741 -1.7067
v -1.2036 -2.2636 -1.7292
v -1.3000 -2.2516 -1.7537
v -1.3977 -2.2368 -1.7791
v -1.4970 -2.2194 -1.8057
v -1.5979 -2.1994 -1.8337
v -1.7000 -2.1759 -1.8625
v -1.8051 -2.1513 -1.8942
v -1.9088 -2.1200 -1.9242
v -2.0131 -2.0846 -1.9547
v -2.1162 -2.0436 -1.9844
v -2.2132 -1.9928 -2.0088
v -2.2991 -1.9291 -2.0243
v -2.3710 -1.8524 -2.0295
v -2.4289 -1.7647 -2.0251
v -2.4764 -1.6703 -2.0148
v -2.5151 -1.5716 -2.0005
v -2.5464 -1.4702 -1.9833
v -2.5711 -1.3671 -1.9641
v -2.5895 -1.2630 -1.9433
v -2.6022 -1.1586 -1.9213
v -2.6102 -1.0546 -1.8989
v -2.6129 -0.9510 -1.8755
v -2.6048 -0.8464 -1.8474
v -2.6053 -0.7471 -1.8281
v -2.5937 -0.6467 -1.8030
v -2.5811 -0.5486 -1.7799
v -2.5681 -0.4528 -1.7589
v -2.5498 -0.3583 -1.7367
v -2.5297 -0.2659 -1.7157
v -2.5074 -0.1753 -1.6954
v -2.4836 -0.0867 -1.6762
v -2.4587 -0.0000 -1.6584
v -2.4328 0.0850 -1.6420
v -2.4062 0.1683 -1.6270
v -2.3788 0.2500 -1.6134
v -2.3505 0.3303 -1.6010
v -2.3218 0.4094 -1.5902
v -2.2920 0.4872 -1.5805
v -2.2610 0.5637 -1.5717
v -2.2288 0.6391 -1.5639
v -2.1948 0.7131 -1.5566
v -2.1590 0.7858 -1.5497
v -2.1201 0.8566 -1.5424
v -2.0807 0.9264 -1.5363
v -2.0384 0.9942 -1.5297
v -1.9934 1.0599 -1.5229
v -1.9468 1.1240 -1.5163
v -1.8982 1.1861 -1.5098
v -1.8477 1.2463 -1.5033
v -1.7957 1.3047 -1.4972
v -1.7425 1.3614 -1.4915
v -1.6881 1.4165 -1.4864
v -1.6330 1.4704 -1.4822
v -1.5773 1.5231 -1.4790
v -1.5222 1.5763 -1.4781
v -1.4668 1.6290 -1.4786
v -1.4108 1.6813 -1.4804
v -1.3544 1.7336 -1.4839
v -1.2975 1.7859 -1.4890
v -1.2397 1.8380 -1.4954
v -1.1814 1.8906 -1.5037
v -1.1221 1.9435 -1.5137
v -1.0615 1.9964 -1.5251
v -0.9998 2.0499 -1.5383
v -0.9341 2.0980 -1.5491
v -0.8685 2.1495 -1.5637
v -0.8025 2.2048 -1.5826
v -0.7333 2.2568 -1.6006
v -0.6608 2.3044 -1.6170
v -0.5863 2.3517 -1.6348
v -0.5087 2.3931 -1.6502
v -0.4267 2.4199 -1.6574
v -0.3417 2.4311 -1.6559
v -0.2562 2.4376 -1.6533
v -0.1710 2.4456 -1.6536
v -0.0855 2.4478 -1.6521
v -0.0000 2.4558 -1.6564
v 0.0863 2.4701 -1.6671
v 0.1738 2.4852 -1.6804
v 0.2612 2.4852 -1.6855
v 0.3505 2.4940 -1.6988
v 0.4422 2.5079 -1.7177
v 0.5368 2.5255 -1.7415
v 0.6315 2.5327 -1.7606
v 0.7194 2.5087 -1.7603
v 0.8066 2.4825 -1.7606
v 0.8895 2.4439 -1.7542
v 0.9630 2.3836 -1.7340
v 1.0385 2.3326 -1.7223
v 1.1231 2.3028 -1.7281
v 1.1975 2.2521 -1.7205
v 1.2693 2.1984 -1.7122
v 1.3363 2.1386 -1.7010
v 1.3980 2.0726 -1.6863
v 1.4569 2.0052 -1.6718
v 1.5132 1.9367 -1.6578
v 1.5670 1.8675 -1.6444
v 1.6158 1.7945 -1.6288
v 1.6588 1.7178 -1.6107
v 1.6898 1.6319 -1.5845
v 1.7189 1.5477 -1.5601
v 1.7638 1.4800 -1.5530
v 1.7926 1.4006 -1.5344
v 1.8259 1.3266 -1.5223
v 1.8585 1.2536 -1.5121
v 1.8978 1.1859 -1.5094
v 1.9267 1.1124 -1.5007
v 1.9496 1.0366 -1.4894
v 1.9695 0.9606 -1.4781
v 1.9887 0.8854 -1.4683
v 2.0034 0.8094 -1.4574
v 2.0165 0.7339 -1.4474
v 2.0245 0.6578 -1.4358
v 2.0169 0.5783 -1.4153
v 2.0103 0.5012 -1.3975
v 2.0089 0.4270 -1.3853
v 2.0109 0.3546 -1.3773
v 2.0216 0.2841 -1.3770
v 2.0311 0.2135 -1.3775
v 2.0408 0.1427 -1.3799
v 2.0465 0.0715 -1.3812
v 2.0468 0.0000 -1.3806
v 2.1135 -0.0738 -1.3215
v 2.1060 -0.1473 -1.3192
v 2.0970 -0.2204 -1.3176
v 2.0845 -0.2930 -1.3153
v 2.0668 -0.3644 -1.3114
v 2.0468 -0.4351 -1.3076
v 2.0246 -0.5048 -1.3038
v 1.9966 -0.5725 -1.2979
v 1.9670 -0.6391 -1.2924
v 1.9436 -0.7074 -1.2925
v 1.9277 -0.7788 -1.2992
v 1.9154 -0.8528 -1.3101
v 1.8975 -0.9255 -1.3192
v 1.8767 -0.9979 -1.3282
v 1.8552 -1.0711 -1.3386
v 1.8242 -1.1399 -1.3441
v 1.7922 -1.2089 -1.3509
v 1.7591 -1.2781 -1.3587
v 1.7239 -1.3468 -1.3670
v 1.6904 -1.4184 -1.3788
v 1.6453 -1.4814 -1.3834
v 1.6134 -1.5580 -1.4015
v 1.5764 -1.6324 -1.4180
v 1.5392 -1.7094 -1.4374
v 1.4963 -1.7832 -1.4546
v 1.4496 -1.8555 -1.4713
v 1.3979 -1.9241 -1.4861
v 1.3488 -1.9997 -1.5072
v 1.2929 -2.0690 -1.5245
v 1.2324 -2.1346 -1.5402
v 1.1665 -2.1939 -1.5527
v 1.0958 -2.2466 -1.5619
v 1.0211 -2.2935 -1.5688
v 0.9425 -2.3327 -1.5721
v 0.8592 -2.3606 -1.5697
v 0.7736 -2.3808 -1.5643
v 0.6870 -2.3958 -1.5574
v 0.5995 -2.4043 -1.5484
v 0.5129 -2.4130 -1.5415
v 0.4266 -2.4196 -1.5353
v 0.3407 -2.4244 -1.5298
v 0.2550 -2.4258 -1.5242
v 0.1695 -2.4242 -1.5185
v 0.0846 -2.4217 -1.5141
v 0.0000 -2.4160 -1.5097
v -0.0842 -2.4117 -1.5079
v -0.1682 -2.4050 -1.5065
v -0.2519 -2.3971 -1.5061
v -0.3355 -2.3869 -1.5062
v -0.4187 -2.3744 -1.5066
v -0.5021 -2.3620 -1.5089
v -0.5857 -2.3493 -1.5129
v -0.6705 -2.3382 -1.5200
v -0.7564 -2.3279 -1.5295
v -0.8447 -2.3207 -1.5432
v -0.9362 -2.3172 -1.5617
v -1.0288 -2.3106 -1.5805
v -1.1240 -2.3045 -1.6022
v -1.2218 -2.2979 -1.6263
v -1.3201 -2.2864 -1.6497
v -1.4224 -2.2764 -1.6773
v -1.5249 -2.2608 -1.7040
v -1.6309 -2.2448 -1.7338
v -1.7383 -2.2249 -1.7643
v -1.8470 -2.2012 -1.7955
v -1.9604 -2.1773 -1.8308
v -2.0759 -2.1497 -1.8674
v -2.1991 -2.1237 -1.9103
v -2.3071 -2.0773 -1.9399
v -2.3989 -2.0129 -1.9568
v -2.4711 -1.9306 -1.9595
v -2.5258 -1.8351 -1.9508
v -2.5724 -1.7351 -1.9389
v -2.6117 -1.6320 -1.9244
v -2.6442 -1.5266 -1.9079
v -2.6702 -1.4197 -1.8897
v -2.6897 -1.3119 -1.8700
v -2.7026 -1.2033 -1.8486
v -2.7098 -1.0948 -1.8263
v -2.7120 -0.9871 -1.8034
v -2.7095 -0.8804 -1.7802
v -2.7025 -0.7749 -1.7567
v -2.6857 -0.6696 -1.7296
v -2.6769 -0.5690 -1.7101
v -2.6589 -0.4688 -1.6871
v -2.6362 -0.3705 -1.6635
v -2.6156 -0.2749 -1.6434
v -2.5907 -0.1812 -1.6228
v -2.5642 -0.0895 -1.6033
v -2.5364 -0.0000 -1.5849
v -2.5076 0.0876 -1.5679
v -2.4781 0.1733 -1.5523
v -2.4481 0.2573 -1.5382
v -2.4174 0.3397 -1.5254
v -2.3858 0.4207 -1.5138
v -2.3538 0.5003 -1.5036
v -2.3207 0.5786 -1.4945
v -2.2865 0.6556 -1.4863
v -2.2509 0.7314 -1.4789
v -2.2136 0.8057 -1.4720
v -2.1743 0.8785 -1.4653
v -2.1319 0.9492 -1.4582
v -2.0883 1.0185 -1.4519
v -2.0422 1.0859 -1.4453
v -1.9938 1.1511 -1.4386
v -1.9434 1.2144 -1.4319
v -1.8912 1.2756 -1.4254
v -1.8374 1.3350 -1.4192
v -1.7823 1.3925 -1.4133
v -1.7262 1.4484 -1.4080
v -1.6693 1.5031 -1.4037
v -1.6120 1.5566 -1.4003
v -1.5550 1.6102 -1.3988
v -1.4978 1.6635 -1.3987
v -1.4403 1.7165 -1.4002
v -1.3825 1.7696 -1.4032
v -1.3245 1.8231 -1.4081
v -1.2661 1.8770 -1.4148
v -1.2069 1.9314 -1.4232
v -1.1468 1.9863 -1.4332
v -1.0854 2.0414 -1.4447
v -1.0225 2.0964 -1.4575
v -0.9579 2.1516 -1.4717
v -0.8907 2.2045 -1.4857
v -0.8227 2.2603 -1.5030
v -0.7512 2.3120 -1.5191
v -0.6759 2.3572 -1.5323
v -0.5982 2.3994 -1.5452
v -0.5174 2.4340 -1.5549
v -0.4328 2.4543 -1.5573
v -0.3474 2.4722 -1.5600
v -0.2609 2.4826 -1.5599
v -0.1744 2.4934 -1.5618
v -0.0874 2.5014 -1.5640
v -0.0000 2.5123 -1.5699
v 0.0881 2.5217 -1.5767
v 0.1770 2.5311 -1.5855
v 0.2674 2.5440 -1.5984
v 0.3590 2.5542 -1.6117
v 0.4535 2.5720 -1.6319
v 0.5498 2.5864 -1.6523
v 0.6496 2.6052 -1.6778
v 0.7475 2.6068 -1.6946
v 0.8384 2.5803 -1.6953
v 0.9261 2.5444 -1.6920
v 1.0128 2.5068 -1.6894
v 1.0986 2.4675 -1.6878
v 1.1868 2.4332 -1.6917
v 1.2593 2.3684 -1.6761
v 1.3300 2.3035 -1.6621
v 1.4016 2.2430 -1.6527
v 1.4667 2.1744 -1.6389
v 1.5262 2.1007 -1.6225
v 1.5958 2.0425 -1.6196
v 1.6628 1.9817 -1.6165
v 1.7165 1.9064 -1.6030
v 1.7442 1.8061 -1.5689
v 1.7839 1.7227 -1.5496
v 1.8189 1.6377 -1.5294
v 1.8571 1.5583 -1.5148
v 1.8792 1.4682 -1.4902
v 1.9102 1.3878 -1.4754
v 1.9518 1.3165 -1.4711
v 1.9932 1.2455 -1.4687
v 2.0145 1.1631 -1.4536
v 2.0340 1.0815 -1.4395
v 2.0527 1.0012 -1.4271
v 2.0695 0.9214 -1.4155
v 2.0787 0.8398 -1.4009
v 2.0917 0.7613 -1.3909
v 2.1002 0.6824 -1.3799
v 2.1023 0.6028 -1.3666
v 2.0981 0.5231 -1.3512
v 2.0904 0.4443 -1.3354
v 2.0923 0.3689 -1.3276
v 2.0983 0.2949 -1.3241
v 2.1068 0.2214 -1.3237
v 2.1138 0.1478 -1.3241
v 2.1182 0.0740 -1.3244
v 2.1183 0.0000 -1.3236
v 2.1899 -0.0765 -1.2651
v 2.1810 -0.1525 -1.2622
v 2.1698 -0.2281 -1.2596
v 2.1590 -0.3034 -1.2587
v 2.1448 -0.3782 -1.2574
v 2.1254 -0.4518 -1.2545
v 2.1004 -0.5237 -1.2498
v 2.0712 -0.5939 -1.2440
v 2.0420 -0.6635 -1.2397
v 2.0185 -0.7347 -1.2402
v 2.0052 -0.8102 -1.2486
v 1.9894 -0.8858 -1.2573
v 1.9714 -0.9615 -1.2664
v 1.9514 -1.0376 -1.2760
v 1.9254 -1.1116 -1.2836
v 1.8953 -1.1843 -1.2903
v 1.8573 -1.2528 -1.2934
v 1.8213 -1.3232 -1.2997
v 1.7868 -1.3960 -1.3091
v 1.7504 -1.4688 -1.3192
v 1.7180 -1.5469 -1.3347
v 1.6839 -1.6262 -1.3515
v 1.6435 -1.7019 -1.3660
v 1.6033 -1.7806 -1.3834
v 1.5559 -1.8542 -1.3975
v 1.5069 -1.9288 -1.4131
v 1.4574 -2.0059 -1.4315
v 1.4034 -2.0807 -1.4490
v 1.3431 -2.1494 -1.4633
v 1.2759 -2.2099 -1.4733
v 1.2039 -2.2643 -1.4806
v 1.1271 -2.3109 -1.4844
v 1.0462 -2.3499 -1.4851
v 0.9617 -2.3802 -1.4821
v 0.8754 -2.4053 -1.4778
v 0.7875 -2.4238 -1.4714
v 0.6986 -2.4364 -1.4634
v 0.6095 -2.4448 -1.4547
v 0.5212 -2.4519 -1.4473
v 0.4330 -2.4559 -1.4398
v 0.3452 -2.4560 -1.4319
v 0.2579 -2.4541 -1.4247
v 0.1714 -2.4505 -1.4182
v 0.0853 -2.4424 -1.4110
v 0.0000 -2.4345 -1.4056
v -0.0847 -2.4265 -1.4018
v -0.1690 -2.4171 -1.3989
v -0.2532 -2.4087 -1.3984
v -0.3374 -2.4004 -1.3995
v -0.4213 -2.3891 -1.4007
v -0.5053 -2.3775 -1.4033
v -0.5903 -2.3675 -1.4087
v -0.6762 -2.3581 -1.4163
v -0.7640 -2.3512 -1.4274
v -0.8537 -2.3455 -1.4411
v -0.9468 -2.3435 -1.4592
v -1.0420 -2.3404 -1.4791
v -1.1393 -2.3359 -1.5005
v -1.2390 -2.3303 -1.5237
v -1.3412 -2.3231 -1.5487
v -1.4434 -2.3099 -1.5726
v -1.5504 -2.2986 -1.6007
v -1.6603 -2.2852 -1.6308
v -1.7699 -2.2654 -1.6597
v -1.8838 -2.2451 -1.6920
v -2.0041 -2.2258 -1.7292
v -2.1304 -2.2061 -1.7707
v -2.2548 -2.1775 -1.8097
v -2.3830 -2.1457 -1.8513
v -2.4792 -2.0803 -1.8685
v -2.5545 -1.9958 -1.8716
v -2.6117 -1.8975 -1.8638
v -2.6584 -1.7931 -1.8513
v -2.7005 -1.6875 -1.8385
v -2.7352 -1.5792 -1.8234
v -2.7630 -1.4691 -1.8067
v -2.7839 -1.3578 -1.7882
v -2.7982 -1.2458 -1.7684
v -2.8064 -1.1338 -1.7475
v -2.8085 -1.0222 -1.7256
v -2.8054 -0.9115 -1.7031
v -2.7972 -0.8021 -1.6801
v -2.7850 -0.6944 -1.6572
v -2.7628 -0.5873 -1.6307
v -2.7479 -0.4845 -1.6110
v -2.7250 -0.3830 -1.5888
v -2.6992 -0.2837 -1.5669
v -2.6699 -0.1867 -1.5453
v -2.6427 -0.0923 -1.5267
v -2.6122 -0.0000 -1.5081
v -2.5804 0.0901 -1.4907
v -2.5479 0.1782 -1.4747
v -2.5148 0.2643 -1.4599
v -2.4811 0.3487 -1.4466
v -2.4466 0.4314 -1.4344
v -2.4119 0.5127 -1.4237
v -2.3766 0.5926 -1.4141
v -2.3403 0.6711 -1.4057
v -2.3029 0.7483 -1.3980
v -2.2639 0.8240 -1.3909
v -2.2230 0.8982 -1.3843
v -2.1794 0.9703 -1.3773
v -2.1339 1.0408 -1.3707
v -2.0862 1.1093 -1.3642
v -2.0362 1.1756 -1.3575
v -1.9841 1.2398 -1.3507
v -1.9301 1.3019 -1.3441
v -1.8745 1.3619 -1.3377
v -1.8177 1.4201 -1.3318
v -1.7602 1.4770 -1.3267
v -1.7018 1.5323 -1.3221
v -1.6429 1.5866 -1.3187
v -1.5841 1.6404 -1.3166
v -1.5253 1.6940 -1.3161
v -1.4664 1.7476 -1.3171
v -1.4075 1.8015 -1.3199
v -1.3485 1.8560 -1.3246
v -1.2891 1.9112 -1.3310
v -1.2287 1.9664 -1.3387
v -1.1679 2.0228 -1.3485
v -1.1057 2.0796 -1.3598
v -1.0417 2.1358 -1.3720
v -0.9771 2.1946 -1.3870
v -0.9091 2.2501 -1.4011
v -0.8392 2.3056 -1.4166
v -0.7658 2.3568 -1.4307
v -0.6866 2.3943 -1.4381
v -0.6067 2.4333 -1.4479
v -0.5245 2.4674 -1.4563
v -0.4391 2.4904 -1.4600
v -0.3528 2.5103 -1.4635
v -0.2658 2.5285 -1.4678
v -0.1778 2.5429 -1.4718
v -0.0892 2.5550 -1.4761
v -0.0000 2.5685 -1.4829
v 0.0901 2.5809 -1.4910
v 0.1814 2.5938 -1.5012
v 0.2739 2.6056 -1.5127
v 0.3682 2.6200 -1.5275
v 0.4646 2.6349 -1.5447
v 0.5622 2.6447 -1.5611
v 0.6662 2.6719 -1.5898
v 0.7675 2.6766 -1.6076
v 0.8671 2.6686 -1.6200
v 0.9655 2.6527 -1.6298
v 1.0652 2.6364 -1.6416
v 1.1611 2.6078 -1.6481
v 1.2522 2.5673 -1.6492
v 1.3335 2.5080 -1.6400
v 1.4101 2.4424 -1.6283
v 1.4840 2.3749 -1.6169
v 1.5535 2.3032 -1.6040
v 1.6115 2.2180 -1.5828
v 1.6760 2.1452 -1.5717
v 1.7384 2.0717 -1.5614
v 1.7906 1.9887 -1.5450
v 1.8365 1.9017 -1.5264
v 1.8761 1.8117 -1.5057
v 1.9122 1.7218 -1.4856
v 1.9509 1.6370 -1.4704
v 1.9838 1.5499 -1.4534
v 2.0176 1.4659 -1.4398
v 2.0416 1.3771 -1.4218
v 2.0697 1.2933 -1.4090
v 2.0991 1.2119 -1.3994
v 2.1265 1.1307 -1.3905
v 2.1433 1.0454 -1.3768
v 2.1538 0.9589 -1.3612
v 2.1657 0.8750 -1.3485
v 2.1688 0.7894 -1.3325
v 2.1732 0.7061 -1.3192
v 2.1751 0.6237 -1.3064
v 2.1787 0.5432 -1.2964
v 2.1762 0.4626 -1.2845
v 2.1796 0.3843 -1.2778
v 2.1848 0.3071 -1.2738
v 2.1891 0.2301 -1.2708
v 2.1962 0.1536 -1.2711
v 2.1977 0.0767 -1.2696
v 2.1963 0.0000 -1.2680
v 2.2603 -0.0789 -1.2026
v 2.2525 -0.1575 -1.2006
v 2.2418 -0.2356 -1.1986
v 2.2290 -0.3133 -1.1968
v 2.2180 -0.3911 -1.1975
v 2.1980 -0.4672 -1.1948
v 2.1770 -0.5428 -1.1930
v 2.1510 -0.6168 -1.1898
v 2.1242 -0.6902 -1.1876
v 2.1015 -0.7649 -1.1891
v 2.0827 -0.8414 -1.1943
v 2.0640 -0.9189 -1.2013
v 2.0403 -0.9951 -1.2070
v 2.0198 -1.0739 -1.2163
v 1.9922 -1.1502 -1.2232
v 1.9610 -1.2254 -1.2295
v 1.9265 -1.2994 -1.2356
v 1.8914 -1.3742 -1.2431
v 1.8539 -1.4484 -1.2509
v 1.8190 -1.5264 -1.2626
v 1.7850 -1.6072 -1.2772
v 1.7407 -1.6810 -1.2867
v 1.7069 -1.7675 -1.3065
v 1.6611 -1.8448 -1.3199
v 1.6154 -1.9251 -1.3362
v 1.5665 -2.0050 -1.3529
v 1.5146 -2.0847 -1.3701
v 1.4578 -2.1613 -1.3862
v 1.3913 -2.2265 -1.3960
v 1.3187 -2.2841 -1.4024
v 1.2389 -2.3301 -1.4032
v 1.1548 -2.3676 -1.4006
v 1.0675 -2.3977 -1.3955
v 0.9786 -2.4222 -1.3890
v 0.8894 -2.4437 -1.3827
v 0.7995 -2.4608 -1.3757
v 0.7088 -2.4718 -1.3672
v 0.6185 -2.4805 -1.3593
v 0.5283 -2.4857 -1.3512
v 0.4386 -2.4874 -1.3430
v 0.3494 -2.4861 -1.3349
v 0.2608 -2.4815 -1.3267
v 0.1729 -2.4720 -1.3176
v 0.0859 -2.4609 -1.3093
v 0.0000 -2.4462 -1.3007
v -0.0851 -2.4377 -1.2970
v -0.1702 -2.4335 -1.2971
v -0.2541 -2.4172 -1.2923
v -0.3394 -2.4146 -1.2965
v -0.4240 -2.4048 -1.2984
v -0.5081 -2.3903 -1.2994
v -0.5937 -2.3812 -1.3048
v -0.6807 -2.3739 -1.3131
v -0.7694 -2.3680 -1.3239
v -0.8610 -2.3655 -1.3385
v -0.9557 -2.3655 -1.3565
v -1.0530 -2.3650 -1.3765
v -1.1520 -2.3620 -1.3973
v -1.2538 -2.3581 -1.4201
v -1.3571 -2.3505 -1.4432
v -1.4636 -2.3422 -1.4685
v -1.5724 -2.3312 -1.4951
v -1.6835 -2.3171 -1.5229
v -1.7977 -2.3010 -1.5526
v -1.9158 -2.2832 -1.5847
v -2.0398 -2.2655 -1.6209
v -2.1698 -2.2469 -1.6608
v -2.2990 -2.2201 -1.6993
v -2.4364 -2.1938 -1.7432
v -2.5384 -2.1300 -1.7619
v -2.6197 -2.0467 -1.7676
v -2.6823 -1.9488 -1.7629
v -2.7349 -1.8447 -1.7540
v -2.7814 -1.7380 -1.7439
v -2.8197 -1.6279 -1.7312
v -2.8502 -1.5155 -1.7164
v -2.8731 -1.4013 -1.6997
v -2.8890 -1.2863 -1.6815
v -2.8983 -1.1710 -1.6621
v -2.9012 -1.0560 -1.6416
v -2.8982 -0.9417 -1.6203
v -2.8891 -0.8284 -1.5981
v -2.8755 -0.7169 -1.5757
v -2.8570 -0.6073 -1.5530
v -2.8345 -0.4998 -1.5304
v -2.8043 -0.3941 -1.5057
v -2.7809 -0.2923 -1.4868
v -2.7503 -0.1923 -1.4659
v -2.7179 -0.0949 -1.4460
v -2.6835 -0.0000 -1.4268
v -2.6506 0.0926 -1.4102
v -2.6149 0.1829 -1.3938
v -2.5785 0.2710 -1.3786
v -2.5416 0.3572 -1.3647
v -2.5044 0.4416 -1.3522
v -2.4663 0.5242 -1.3407
v -2.4284 0.6055 -1.3307
v -2.3899 0.6853 -1.3219
v -2.3504 0.7637 -1.3141
v -2.3097 0.8407 -1.3069
v -2.2671 0.9160 -1.3001
v -2.2225 0.9895 -1.2936
v -2.1755 1.0611 -1.2870
v -2.1257 1.1303 -1.2801
v -2.0742 1.1975 -1.2735
v -2.0204 1.2625 -1.2668
v -1.9649 1.3253 -1.2602
v -1.9077 1.3860 -1.2538
v -1.8493 1.4448 -1.2478
v -1.7899 1.5019 -1.2424
v -1.7300 1.5577 -1.2378
v -1.6697 1.6124 -1.2342
v -1.6102 1.6674 -1.2325
v -1.5501 1.7216 -1.2318
v -1.4902 1.7759 -1.2326
v -1.4296 1.8298 -1.2347
v -1.3699 1.8854 -1.2392
v -1.3098 1.9419 -1.2455
v -1.2492 1.9992 -1.2534
v -1.1876 2.0570 -1.2629
v -1.1245 2.1149 -1.2736
v -1.0594 2.1721 -1.2850
v -0.9938 2.2321 -1.2991
v -0.9247 2.2888 -1.3125
v -0.8526 2.3426 -1.3255
v -0.7748 2.3846 -1.3332
v -0.6956 2.4258 -1.3418
v -0.6133 2.4597 -1.3479
v -0.5294 2.4908 -1.3540
v -0.4441 2.5184 -1.3597
v -0.3578 2.5461 -1.3671
v -0.2699 2.5684 -1.3732
v -0.1810 2.5880 -1.3794
v -0.0910 2.6054 -1.3862
v -0.0000 2.6220 -1.3941
v 0.0921 2.6369 -1.4029
v 0.1856 2.6543 -1.4148
v 0.2806 2.6695 -1.4272
v 0.3772 2.6836 -1.4409
v 0.4762 2.7009 -1.4582
v 0.5759 2.7093 -1.4727
v 0.6804 2.7291 -1.4955
v 0.7861 2.7415 -1.5164
v 0.8893 2.7371 -1.5302
v 0.9940 2.7310 -1.5453
v 1.0995 2.7213 -1.5606
v 1.2100 2.7178 -1.5818
v 1.3066 2.6790 -1.5848
v 1.3824 2.6000 -1.5657
v 1.4630 2.5340 -1.5558
v 1.5405 2.4654 -1.5457
v 1.6139 2.3927 -1.5346
v 1.6849 2.3190 -1.5241
v 1.7541 2.2451 -1.5149
v 1.8231 2.1727 -1.5080
v 1.8787 2.0865 -1.4929
v 1.9353 2.0041 -1.4813
v 1.9716 1.9040 -1.4573
v 2.0135 1.8130 -1.4406
v 2.0640 1.7319 -1.4326
v 2.0981 1.6392 -1.4157
v 2.1237 1.5429 -1.3957
v 2.1407 1.4439 -1.3729
v 2.1611 1.3504 -1.3549
v 2.1832 1.2605 -1.3404
v 2.2056 1.1727 -1.3282
v 2.2248 1.0851 -1.3162
v 2.2292 0.9925 -1.2974
v 2.2431 0.9063 -1.2864
v 2.2567 0.8214 -1.2769
v 2.2606 0.7345 -1.2638
v 2.2676 0.6502 -1.2543
v 2.2612 0.5638 -1.2391
v 2.2545 0.4792 -1.2255
v 2.2594 0.3984 -1.2199
v 2.2659 0.3185 -1.2166
v 2.2700 0.2386 -1.2136
v 2.2737 0.1590 -1.2119
v 2.2709 0.0793 -1.2082
v 2.2660 0.0000 -1.2049
v 2.3283 -0.0813 -1.1363
v 2.3206 -0.1623 -1.1346
v 2.3090 -0.2427 -1.1324
v 2.2993 -0.3231 -1.1324
v 2.2851 -0.4029 -1.1317
v 2.2669 -0.4818 -1.1303
v 2.2447 -0.5597 -1.1283
v 2.2207 -0.6368 -1.1267
v 2.1966 -0.7137 -1.1265
v 2.1762 -0.7921 -1.1295
v 2.1563 -0.8712 -1.1343
v 2.1386 -0.9522 -1.1418
v 2.1172 -1.0326 -1.1489
v 2.0938 -1.1133 -1.1566
v 2.0650 -1.1922 -1.1630
v 2.0309 -1.2691 -1.1680
v 1.9908 -1.3428 -1.1712
v 1.9514 -1.4177 -1.1764
v 1.9148 -1.4960 -1.1851
v 1.8759 -1.5741 -1.1944
v 1.8399 -1.6566 -1.2075
v 1.8040 -1.7421 -1.2232
v 1.7631 -1.8257 -1.2379
v 1.7179 -1.9079 -1.2522
v 1.6734 -1.9943 -1.2697
v 1.6212 -2.0751 -1.2843
v 1.5683 -2.1586 -1.3013
v 1.5098 -2.2384 -1.3169
v 1.4382 -2.3015 -1.3237
v 1.3597 -2.3550 -1.3263
v 1.2725 -2.3933 -1.3220
v 1.1791 -2.4175 -1.3119
v 1.0863 -2.4398 -1.3026
v 0.9933 -2.4585 -1.2932
v 0.9008 -2.4750 -1.2846
v 0.8102 -2.4935 -1.2788
v 0.7184 -2.5052 -1.2711
v 0.6267 -2.5134 -1.2634
v 0.5352 -2.5181 -1.2556
v 0.4442 -2.5189 -1.2475
v 0.3536 -2.5157 -1.2391
v 0.2633 -2.5052 -1.2286
v 0.1742 -2.4905 -1.2177
v 0.0864 -2.4745 -1.2076
v 0.0000 -2.4585 -1.1991
v -0.0854 -2.4461 -1.1938
v -0.1701 -2.4331 -1.1896
v -0.2546 -2.4222 -1.1879
v -0.3390 -2.4122 -1.1881
v -0.4238 -2.4036 -1.1904
v -0.5094 -2.3966 -1.1950
v -0.5960 -2.3904 -1.2016
v -0.6834 -2.3834 -1.2093
v -0.7742 -2.3827 -1.2219
v -0.8671 -2.3824 -1.2366
v -0.9630 -2.3836 -1.2539
v -1.0618 -2.3848 -1.2732
v -1.1623 -2.3831 -1.2932
v -1.2657 -2.3804 -1.3149
v -1.3701 -2.3731 -1.3365
v -1.4785 -2.3661 -1.3608
v -1.5895 -2.3566 -1.3864
v -1.7033 -2.3444 -1.4134
v -1.8202 -2.3297 -1.4420
v -1.9419 -2.3142 -1.4735
v -2.0685 -2.2973 -1.5077
v -2.2019 -2.2801 -1.5460
v -2.3353 -2.2552 -1.5834
v -2.4636 -2.2182 -1.6169
v -2.5799 -2.1648 -1.6426
v -2.6693 -2.0855 -1.6521
v -2.7397 -1.9905 -1.6517
v -2.8026 -1.8904 -1.6488
v -2.8548 -1.7839 -1.6419
v -2.8977 -1.6730 -1.6319
v -2.9318 -1.5588 -1.6195
v -2.9575 -1.4425 -1.6049
v -2.9754 -1.3247 -1.5885
v -2.9860 -1.2064 -1.5707
v -2.9896 -1.0881 -1.5517
v -2.9865 -0.9704 -1.5316
v -2.9773 -0.8537 -1.5106
v -2.9622 -0.7385 -1.4890
v -2.9420 -0.6253 -1.4670
v -2.9173 -0.5144 -1.4448
v -2.8894 -0.4061 -1.4231
v -2.8536 -0.2999 -1.3995
v -2.8256 -0.1976 -1.3815
v -2.7906 -0.0974 -1.3619
v -2.7539 -0.0000 -1.3432
v -2.7162 0.0949 -1.3256
v -2.6765 0.1872 -1.3086
v -2.6383 0.2773 -1.2939
v -2.5980 0.3651 -1.2796
v -2.5575 0.4510 -1.2666
v -2.5162 0.5348 -1.2547
v -2.4757 0.6173 -1.2444
v -2.4348 0.6982 -1.2354
v -2.3932 0.7776 -1.2273
v -2.3507 0.8556 -1.2201
v -2.3065 0.9319 -1.2133
v -2.2603 1.0063 -1.2067
v -2.2122 1.0789 -1.2004
v -2.1605 1.1488 -1.1935
v -2.1076 1.2168 -1.1870
v -2.0525 1.2825 -1.1804
v -1.9955 1.3460 -1.1740
v -1.9370 1.4073 -1.1677
v -1.8771 1.4666 -1.1618
v -1.8165 1.5242 -1.1566
v -1.7553 1.5805 -1.1520
v -1.6940 1.6359 -1.1486
v -1.6327 1.6908 -1.1464
v -1.5717 1.7456 -1.1456
v -1.5111 1.8009 -1.1466
v -1.4507 1.8568 -1.1493
v -1.3904 1.9138 -1.1537
v -1.3299 1.9717 -1.1600
v -1.2687 2.0303 -1.1677
v -1.2063 2.0893 -1.1767
v -1.1422 2.1481 -1.1866
v -1.0758 2.2057 -1.1969
v -1.0084 2.2649 -1.2092
v -0.9379 2.3214 -1.2211
v -0.8642 2.3743 -1.2323
v -0.7849 2.4156 -1.2388
v -0.7042 2.4558 -1.2460
v -0.6208 2.4900 -1.2516
v -0.5357 2.5204 -1.2568
v -0.4499 2.5512 -1.2635
v -0.3624 2.5785 -1.2700
v -0.2737 2.6038 -1.2770
v -0.1837 2.6268 -1.2843
v -0.0923 2.6445 -1.2906
v -0.0000 2.6638 -1.2992
v 0.0938 2.6869 -1.3113
v 0.1892 2.7061 -1.3231
v 0.2862 2.7232 -1.3355
v 0.3848 2.7381 -1.3486
v 0.4842 2.7461 -1.3600
v 0.5853 2.7537 -1.3731
v 0.6907 2.7703 -1.3925
v 0.7987 2.7855 -1.4133
v 0.9075 2.7929 -1.4323
v 1.0213 2.8061 -1.4564
v 1.1293 2.7952 -1.4704
v 1.2337 2.7710 -1.4794
v 1.3376 2.7424 -1.4882
v 1.4240 2.6781 -1.4794
v 1.5089 2.6134 -1.4718
v 1.5911 2.5463 -1.4644
v 1.6712 2.4776 -1.4576
v 1.7509 2.4100 -1.4529
v 1.8306 2.3431 -1.4502
v 1.9095 2.2756 -1.4489
v 1.9547 2.1709 -1.4248
v 2.0115 2.0830 -1.4123
v 2.0723 2.0012 -1.4051
v 2.1203 1.9091 -1.3916
v 2.1635 1.8154 -1.3775
v 2.2093 1.7261 -1.3674
v 2.2305 1.6206 -1.3447
v 2.2346 1.5072 -1.3146
v 2.2496 1.4057 -1.2938
v 2.2712 1.3113 -1.2791
v 2.2919 1.2186 -1.2660
v 2.3039 1.1237 -1.2502
v 2.3193 1.0326 -1.2383
v 2.3278 0.9405 -1.2245
v 2.3361 0.8503 -1.2125
v 2.3487 0.7631 -1.2045
v 2.3539 0.6750 -1.1943
v 2.3552 0.5872 -1.1839
v 2.3481 0.4991 -1.1708
v 2.3469 0.4138 -1.1623
v 2.3473 0.3299 -1.1561
v 2.3478 0.2468 -1.1514
v 2.3444 0.1639 -1.1463
v 2.3371 0.0816 -1.1406
v 2.3329 0.0000 -1.1378
v 2.4034 -0.0839 -1.0707
v 2.3947 -0.1675 -1.0688
v 2.3861 -0.2508 -1.0682
v 2.3761 -0.3339 -1.0683
v 2.3611 -0.4163 -1.0674
v 2.3412 -0.4976 -1.0656
v 2.3182 -0.5780 -1.0637
v 2.2971 -0.6587 -1.0639
v 2.2761 -0.7395 -1.0655
v 2.2559 -0.8211 -1.0689
v 2.2354 -0.9032 -1.0734
v 2.2117 -0.9847 -1.0779
v 2.1875 -1.0669 -1.0836
v 2.1630 -1.1501 -1.0907
v 2.1330 -1.2315 -1.0966
v 2.0974 -1.3106 -1.1012
v 2.0567 -1.3873 -1.1045
v 2.0095 -1.4600 -1.1059
v 1.9666 -1.5365 -1.1111
v 1.9365 -1.6249 -1.1255
v 1.9000 -1.7108 -1.1383
v 1.8598 -1.7960 -1.1511
v 1.8218 -1.8865 -1.1677
v 1.7735 -1.9697 -1.1801
v 1.7268 -2.0579 -1.1960
v 1.6776 -2.1472 -1.2132
v 1.6204 -2.2302 -1.2274
v 1.5557 -2.3065 -1.2387
v 1.4790 -2.3670 -1.2427
v 1.3956 -2.4173 -1.2427
v 1.3007 -2.4463 -1.2336
v 1.2030 -2.4665 -1.2218
v 1.1046 -2.4811 -1.2092
v 1.0076 -2.4940 -1.1976
v 0.9114 -2.5040 -1.1864
v 0.8193 -2.5216 -1.1805
v 0.7265 -2.5337 -1.1735
v 0.6341 -2.5434 -1.1670
v 0.5415 -2.5474 -1.1595
v 0.4490 -2.5463 -1.1512
v 0.3570 -2.5399 -1.1420
v 0.2654 -2.5247 -1.1302
v 0.1753 -2.5072 -1.1190
v 0.0869 -2.4873 -1.1081
v 0.0000 -2.4691 -1.0993
v -0.0856 -2.4520 -1.0924
v -0.1704 -2.4365 -1.0875
v -0.2548 -2.4244 -1.0853
v -0.3393 -2.4141 -1.0854
v -0.4246 -2.4078 -1.0885
v -0.5106 -2.4020 -1.0933
v -0.5979 -2.3982 -1.1004
v -0.6868 -2.3950 -1.1093
v -0.7781 -2.3947 -1.1210
v -0.8719 -2.3955 -1.1350
v -0.9688 -2.3978 -1.1514
v -1.0680 -2.3988 -1.1691
v -1.1693 -2.3974 -1.1876
v -1.2725 -2.3932 -1.2068
v -1.3789 -2.3883 -1.2279
v -1.4882 -2.3817 -1.2504
v -1.5996 -2.3715 -1.2736
v -1.7184 -2.3652 -1.3016
v -1.8357 -2.3496 -1.3275
v -1.9598 -2.3356 -1.3574
v -2.0904 -2.3216 -1.3909
v -2.2254 -2.3045 -1.4263
v -2.3630 -2.2820 -1.4626
v -2.4941 -2.2457 -1.4943
v -2.6094 -2.1896 -1.5166
v -2.7082 -2.1159 -1.5301
v -2.7929 -2.0292 -1.5370
v -2.8633 -1.9313 -1.5377
v -2.9217 -1.8257 -1.5339
v -2.9697 -1.7145 -1.5267
v -3.0080 -1.5994 -1.5168
v -3.0371 -1.4813 -1.5045
v -3.0574 -1.3613 -1.4901
v -3.0694 -1.2401 -1.4739
v -3.0736 -1.1187 -1.4563
v -3.0704 -0.9976 -1.4374
v -3.0604 -0.8775 -1.4175
v -3.0441 -0.7590 -1.3968
v -3.0223 -0.6424 -1.3757
v -2.9954 -0.5282 -1.3542
v -2.9649 -0.4167 -1.3330
v -2.9315 -0.3081 -1.3124
v -2.8917 -0.2022 -1.2906
v -2.8588 -0.0998 -1.2736
v -2.8193 -0.0000 -1.2552
v -2.7780 0.0970 -1.2376
v -2.7357 0.1913 -1.2210
v -2.6922 0.2830 -1.2052
v -2.6496 0.3724 -1.1913
v -2.6057 0.4595 -1.1780
v -2.5613 0.5444 -1.1658
v -2.5178 0.6278 -1.1553
v -2.4745 0.7095 -1.1461
v -2.4309 0.7899 -1.1380
v -2.3866 0.8686 -1.1308
v -2.3408 0.9457 -1.1240
v -2.2932 1.0210 -1.1176
v -2.2428 1.0939 -1.1110
v -2.1908 1.1649 -1.1047
v -2.1366 1.2336 -1.0984
v -2.0803 1.2999 -1.0922
v -2.0221 1.3639 -1.0859
v -1.9624 1.4258 -1.0800
v -1.9015 1.4856 -1.0744
v -1.8398 1.5438 -1.0693
v -1.7778 1.6007 -1.0651
v -1.7156 1.6567 -1.0618
v -1.6536 1.7123 -1.0598
v -1.5920 1.7681 -1.0593
v -1.5308 1.8243 -1.0603
v -1.4699 1.8813 -1.0630
v -1.4091 1.9394 -1.0673
v -1.3480 1.9985 -1.0733
v -1.2861 2.0581 -1.0805
v -1.2228 2.1179 -1.0888
v -1.1575 2.1769 -1.0977
v -1.0897 2.2342 -1.1067
v -1.0199 2.2906 -1.1164
v -0.9467 2.3431 -1.1252
v -0.8706 2.3918 -1.1332
v -0.7916 2.4363 -1.1405
v -0.7103 2.4773 -1.1474
v -0.6268 2.5138 -1.1535
v -0.5407 2.5438 -1.1579
v -0.4543 2.5762 -1.1647
v -0.3662 2.6059 -1.1716
v -0.2765 2.6304 -1.1776
v -0.1858 2.6565 -1.1856
v -0.0937 2.6839 -1.1957
v -0.0000 2.7056 -1.2046
v 0.0952 2.7272 -1.2150
v 0.1918 2.7427 -1.2241
v 0.2901 2.7601 -1.2356
v 0.3900 2.7749 -1.2476
v 0.4913 2.7862 -1.2596
v 0.5944 2.7966 -1.2729
v 0.7012 2.8123 -1.2905
v 0.8120 2.8316 -1.3115
v 0.9254 2.8480 -1.3333
v 1.0370 2.8490 -1.3499
v 1.1503 2.8471 -1.3672
v 1.2575 2.8243 -1.3765
v 1.3622 2.7930 -1.3836
v 1.4614 2.7485 -1.3860
v 1.5496 2.6839 -1.3798
v 1.6353 2.6170 -1.3740
v 1.7251 2.5576 -1.3735
v 1.8113 2.4930 -1.3720
v 1.9042 2.4373 -1.3771
v 1.9950 2.3776 -1.3818
v 2.0664 2.2949 -1.3749
v 2.1232 2.1986 -1.3608
v 2.1791 2.1043 -1.3487
v 2.2309 2.0087 -1.3365
v 2.2715 1.9060 -1.3202
v 2.2961 1.7939 -1.2973
v 2.3341 1.6958 -1.2845
v 2.3364 1.5759 -1.2547
v 2.3474 1.4668 -1.2324
v 2.3617 1.3635 -1.2141
v 2.3786 1.2647 -1.1994
v 2.3921 1.1667 -1.1849
v 2.4035 1.0701 -1.1714
v 2.4147 0.9756 -1.1595
v 2.4266 0.8832 -1.1497
v 2.4346 0.7910 -1.1397
v 2.4386 0.6992 -1.1295
v 2.4333 0.6067 -1.1165
v 2.4292 0.5163 -1.1057
v 2.4262 0.4278 -1.0969
v 2.4246 0.3408 -1.0901
v 2.4208 0.2544 -1.0837
v 2.4187 0.1691 -1.0795
v 2.4136 0.0843 -1.0752
v 2.4083 0.0000 -1.0722
v 2.4732 -0.0864 -0.9999
v 2.4682 -0.1726 -0.9996
v 2.4630 -0.2589 -1.0006
v 2.4522 -0.3446 -1.0005
v 2.4381 -0.4299 -1.0002
v 2.4180 -0.5140 -0.9988
v 2.3921 -0.5964 -0.9961
v 2.3711 -0.6799 -0.9966
v 2.3482 -0.7630 -0.9975
v 2.3312 -0.8485 -1.0023
v 2.3086 -0.9327 -1.0060
v 2.2849 -1.0173 -1.0105
v 2.2571 -1.1009 -1.0146
v 2.2312 -1.1864 -1.0210
v 2.2010 -1.2708 -1.0268
v 2.1652 -1.3530 -1.0316
v 2.1196 -1.4297 -1.0330
v 2.0725 -1.5058 -1.0350
v 2.0332 -1.5885 -1.0425
v 1.9944 -1.6735 -1.0519
v 1.9575 -1.7625 -1.0642
v 1.9196 -1.8538 -1.0782
v 1.8758 -1.9425 -1.0910
v 1.8286 -2.0309 -1.1041
v 1.7825 -2.1243 -1.1204
v 1.7288 -2.2127 -1.1345
v 1.6669 -2.2944 -1.1458
v 1.5990 -2.3706 -1.1553
v 1.5175 -2.4286 -1.1570
v 1.4246 -2.4675 -1.1512
v 1.3250 -2.4920 -1.1403
v 1.2232 -2.5080 -1.1274
v 1.1214 -2.5188 -1.1140
v 1.0210 -2.5271 -1.1012
v 0.9229 -2.5357 -1.0902
v 0.8284 -2.5495 -1.0831
v 0.7330 -2.5563 -1.0744
v 0.6409 -2.5706 -1.0704
v 0.5468 -2.5725 -1.0626
v 0.4529 -2.5685 -1.0537
v 0.3597 -2.5596 -1.0443
v 0.2672 -2.5427 -1.0330
v 0.1765 -2.5243 -1.0224
v 0.0873 -2.5012 -1.0112
v 0.0000 -2.4789 -1.0015
v -0.0858 -2.4577 -0.9936
v -0.1706 -2.4393 -0.9880
v -0.2549 -2.4254 -0.9853
v -0.3397 -2.4171 -0.9862
v -0.4251 -2.4108 -0.9890
v -0.5116 -2.4068 -0.9941
v -0.5994 -2.4042 -1.0011
v -0.6895 -2.4045 -1.0106
v -0.7807 -2.4027 -1.0207
v -0.8759 -2.4065 -1.0347
v -0.9729 -2.4079 -1.0493
v -1.0719 -2.4076 -1.0648
v -1.1736 -2.4063 -1.0817
v -1.2768 -2.4013 -1.0988
v -1.3835 -2.3964 -1.1180
v -1.4932 -2.3896 -1.1384
v -1.6045 -2.3787 -1.1593
v -1.7241 -2.3730 -1.1851
v -1.8423 -2.3580 -1.2090
v -1.9691 -2.3467 -1.2377
v -2.1037 -2.3364 -1.2702
v -2.2433 -2.3230 -1.3047
v -2.3883 -2.3063 -1.3414
v -2.5203 -2.2693 -1.3702
v -2.6408 -2.2159 -1.3928
v -2.7480 -2.1470 -1.4089
v -2.8402 -2.0635 -1.4184
v -2.9179 -1.9681 -1.4220
v -2.9830 -1.8640 -1.4211
v -3.0366 -1.7532 -1.4166
v -3.0796 -1.6375 -1.4092
v -3.1124 -1.5180 -1.3991
v -3.1352 -1.3959 -1.3866
v -3.1485 -1.2721 -1.3720
v -3.1531 -1.1476 -1.3557
v -3.1494 -1.0233 -1.3379
v -3.1381 -0.8998 -1.3190
v -3.1202 -0.7780 -1.2992
v -3.0965 -0.6582 -1.2790
v -3.0678 -0.5409 -1.2586
v -3.0349 -0.4265 -1.2382
v -2.9992 -0.3152 -1.2184
v -2.9611 -0.2071 -1.1993
v -2.9177 -0.1019 -1.1796
v -2.8787 -0.0000 -1.1631
v -2.8351 0.0990 -1.1461
v -2.7891 0.1950 -1.1296
v -2.7422 0.2882 -1.1140
v -2.6945 0.3787 -1.0994
v -2.6478 0.4669 -1.0863
v -2.6011 0.5529 -1.0744
v -2.5549 0.6370 -1.0638
v -2.5091 0.7195 -1.0546
v -2.4635 0.8004 -1.0465
v -2.4173 0.8798 -1.0393
v -2.3700 0.9576 -1.0328
v -2.3220 1.0338 -1.0269
v -2.2697 1.1070 -1.0203
v -2.2167 1.1786 -1.0143
v -2.1614 1.2479 -1.0084
v -2.1041 1.3148 -1.0024
v -2.0450 1.3794 -0.9966
v -1.9845 1.4418 -0.9911
v -1.9228 1.5023 -0.9859
v -1.8605 1.5611 -0.9812
v -1.7977 1.6186 -0.9773
v -1.7349 1.6754 -0.9744
v -1.6724 1.7318 -0.9727
v -1.6103 1.7884 -0.9723
v -1.5487 1.8456 -0.9734
v -1.4873 1.9037 -0.9760
v -1.4260 1.9627 -0.9802
v -1.3644 2.0228 -0.9858
v -1.3018 2.0833 -0.9925
v -1.2374 2.1433 -0.9999
v -1.1707 2.2019 -1.0075
v -1.1014 2.2582 -1.0151
v -1.0289 2.3109 -1.0220
v -0.9536 2.3602 -1.0285
v -0.8764 2.4078 -1.0353
v -0.7969 2.4526 -1.0419
v -0.7149 2.4931 -1.0479
v -0.6310 2.5306 -1.0537
v -0.5454 2.5657 -1.0598
v -0.4581 2.5979 -1.0658
v -0.3689 2.6252 -1.0711
v -0.2790 2.6547 -1.0785
v -0.1879 2.6872 -1.0883
v -0.0948 2.7137 -1.0971
v -0.0000 2.7372 -1.1059
v 0.0963 2.7572 -1.1147
v 0.1940 2.7748 -1.1238
v 0.2933 2.7903 -1.1336
v 0.3940 2.8035 -1.1438
v 0.4963 2.8145 -1.1547
v 0.6009 2.8270 -1.1677
v 0.7092 2.8443 -1.1844
v 0.8217 2.8655 -1.2044
v 0.9347 2.8766 -1.2220
v 1.0499 2.8847 -1.2403
v 1.1621 2.8762 -1.2533
v 1.2707 2.8540 -1.2622
v 1.3801 2.8295 -1.2719
v 1.4849 2.7927 -1.2779
v 1.5864 2.7477 -1.2819
v 1.6819 2.6917 -1.2824
v 1.7797 2.6385 -1.2859
v 1.8710 2.5753 -1.2861
v 1.9709 2.5226 -1.2934
v 2.0757 2.4738 -1.3047
v 2.1615 2.4006 -1.3051
v 2.2256 2.3047 -1.2945
v 2.2726 2.1946 -1.2764
v 2.3251 2.0935 -1.2641
v 2.3656 1.9850 -1.2477
v 2.3981 1.8736 -1.2295
v 2.4139 1.7538 -1.2055
v 2.4397 1.6456 -1.1890
v 2.4484 1.5300 -1.1665
v 2.4584 1.4193 -1.1469
v 2.4740 1.3154 -1.1321
v 2.4824 1.2107 -1.1159
v 2.4942 1.1105 -1.1031
v 2.5042 1.0118 -1.0912
v 2.5119 0.9142 -1.0800
v 2.5169 0.8178 -1.0692
v 2.5163 0.7215 -1.0576
v 2.5150 0.6270 -1.0472
v 2.5107 0.5337 -1.0371
v 2.4995 0.4407 -1.0254
v 2.5051 0.3521 -1.0221
v 2.4959 0.2623 -1.0139
v 2.4911 0.1742 -1.0089
v 2.4843 0.0868 -1.0043
v 2.4780 0.0000 -1.0012
v 2.5487 -0.0890 -0.9282
v 2.5435 -0.1779 -0.9280
v 2.5407 -0.2670 -0.9298
v 2.5353 -0.3563 -0.9318
v 2.5206 -0.4445 -0.9316
v 2.5000 -0.5314 -0.9303
v 2.4772 -0.6176 -0.9292
v 2.4512 -0.7029 -0.9281
v 2.4312 -0.7900 -0.9304
v 2.4082 -0.8765 -0.9328
v 2.3744 -0.9593 -0.9321
v 2.3554 -1.0487 -0.9384
v 2.3265 -1.1347 -0.9421
v 2.2949 -1.2202 -0.9460
v 2.2646 -1.3074 -0.9517
v 2.2245 -1.3900 -0.9547
v 2.1831 -1.4725 -0.9584
v 2.1447 -1.5582 -0.9649
v 2.1008 -1.6413 -0.9703
v 2.0568 -1.7259 -0.9773
v 2.0194 -1.8183 -0.9891
v 1.9782 -1.9103 -1.0009
v 1.9342 -2.0029 -1.0134
v 1.8857 -2.0943 -1.0257
v 1.8388 -2.1914 -1.0412
v 1.7805 -2.2790 -1.0526
v 1.7128 -2.3575 -1.0606
v 1.6330 -2.4210 -1.0629
v 1.5466 -2.4750 -1.0622
v 1.4516 -2.5143 -1.0567
v 1.3467 -2.5328 -1.0441
v 1.2408 -2.5440 -1.0302
v 1.1363 -2.5521 -1.0168
v 1.0336 -2.5582 -1.0042
v 0.9349 -2.5687 -0.9949
v 0.8380 -2.5791 -0.9870
v 0.7415 -2.5858 -0.9791
v 0.6465 -2.5930 -0.9727
v 0.5514 -2.5941 -0.9653
v 0.4566 -2.5893 -0.9570
v 0.3619 -2.5752 -0.9465
v 0.2685 -2.5544 -0.9348
v 0.1771 -2.5329 -0.9241
v 0.0877 -2.5107 -0.9144
v 0.0000 -2.4861 -0.9048
v -0.0860 -2.4634 -0.8972
v -0.1706 -2.4397 -0.8901
v -0.2550 -2.4262 -0.8879
v -0.3396 -2.4167 -0.8883
v -0.4250 -2.4104 -0.8909
v -0.5122 -2.4095 -0.8966
v -0.6006 -2.4089 -0.9036
v -0.6908 -2.4091 -0.9122
v -0.7831 -2.4101 -0.9224
v -0.8800 -2.4178 -0.9365
v -0.9756 -2.4148 -0.9479
v -1.0746 -2.4135 -0.9616
v -1.1760 -2.4112 -0.9764
v -1.2794 -2.4061 -0.9919
v -1.3858 -2.4002 -1.0088
v -1.4950 -2.3925 -1.0268
v -1.6074 -2.3830 -1.0462
v -1.7235 -2.3721 -1.0672
v -1.8436 -2.3597 -1.0899
v -1.9721 -2.3502 -1.1167
v -2.1104 -2.3439 -1.1480
v -2.2565 -2.3367 -1.1823
v -2.4009 -2.3186 -1.2148
v -2.5388 -2.2859 -1.2434
v -2.6654 -2.2366 -1.2664
v -2.7806 -2.1724 -1.2843
v -2.8812 -2.0933 -1.2962
v -2.9669 -2.0012 -1.3025
v -3.0392 -1.8991 -1.3044
v -3.0985 -1.7889 -1.3022
v -3.1466 -1.6731 -1.2971
v -3.1832 -1.5525 -1.2890
v -3.2086 -1.4286 -1.2784
v -3.2232 -1.3022 -1.2653
v -3.2277 -1.1748 -1.2502
v -3.2231 -1.0473 -1.2335
v -3.2103 -0.9205 -1.2155
v -3.1904 -0.7955 -1.1968
v -3.1645 -0.6726 -1.1775
v -3.1336 -0.5525 -1.1581
v -3.0987 -0.4355 -1.1389
v -3.0606 -0.3217 -1.1201
v -3.0205 -0.2112 -1.1021
v -2.9782 -0.1040 -1.0846
v -2.9308 -0.0000 -1.0667
v -2.8859 0.1008 -1.0510
v -2.8371 0.1984 -1.0352
v -2.7864 0.2929 -1.0198
v -2.7354 0.3844 -1.0054
v -2.6846 0.4734 -0.9922
v -2.6348 0.5600 -0.9804
v -2.5867 0.6449 -0.9703
v -2.5386 0.7279 -0.9612
v -2.4909 0.8094 -0.9533
v -2.4432 0.8893 -0.9463
v -2.3945 0.9674 -0.9400
v -2.3457 1.0444 -0.9346
v -2.2921 1.1179 -0.9282
v -2.2383 1.1901 -0.9227
v -2.1823 1.2599 -0.9172
v -2.1243 1.3274 -0.9117
v -2.0646 1.3926 -0.9064
v -2.0036 1.4557 -0.9014
v -1.9415 1.5169 -0.8967
v -1.8787 1.5764 -0.8926
v -1.8155 1.6347 -0.8892
v -1.7524 1.6923 -0.8867
v -1.6896 1.7496 -0.8853
v -1.6271 1.8071 -0.8850
v -1.5651 1.8652 -0.8862
v -1.5034 1.9242 -0.8888
v -1.4417 1.9843 -0.8927
v -1.3794 2.0451 -0.8978
v -1.3159 2.1059 -0.9038
v -1.2504 2.1658 -0.9102
v -1.1824 2.2238 -0.9167
v -1.1105 2.2768 -0.9220
v -1.0350 2.3247 -0.9262
v -0.9576 2.3701 -0.9304
v -0.8794 2.4160 -0.9358
v -0.8010 2.4653 -0.9435
v -0.7186 2.5059 -0.9488
v -0.6344 2.5444 -0.9544
v -0.5487 2.5815 -0.9606
v -0.4611 2.6149 -0.9664
v -0.3716 2.6440 -0.9718
v -0.2815 2.6782 -0.9802
v -0.1894 2.7083 -0.9881
v -0.0955 2.7358 -0.9964
v -0.0000 2.7609 -1.0049
v 0.0972 2.7849 -1.0142
v 0.1959 2.8015 -1.0222
v 0.2964 2.8199 -1.0320
v 0.3980 2.8318 -1.0408
v 0.5005 2.8386 -1.0491
v 0.6062 2.8519 -1.0612
v 0.7169 2.8754 -1.0786
v 0.8292 2.8916 -1.0949
v 0.9461 2.9117 -1.1143
v 1.0604 2.9134 -1.1285
v 1.1750 2.9081 -1.1416
v 1.2877 2.8922 -1.1523
v 1.3981 2.8666 -1.1609
v 1.5077 2.8356 -1.1689
v 1.6119 2.7918 -1.1733
v 1.7155 2.7453 -1.1783
v 1.8174 2.6944 -1.1829
v 1.9192 2.6415 -1.1884
v 2.0210 2.5867 -1.1948
v 2.1201 2.5267 -1.2005
v 2.2110 2.4555 -1.2026
v 2.2965 2.3781 -1.2033
v 2.3636 2.2825 -1.1959
v 2.4162 2.1756 -1.1834
v 2.4637 2.0673 -1.1706
v 2.4969 1.9508 -1.1533
v 2.5176 1.8292 -1.1327
v 2.5309 1.7071 -1.1112
v 2.5538 1.5958 -1.0960
v 2.5621 1.4792 -1.0768
v 2.5831 1.3735 -1.0648
v 2.5830 1.2598 -1.0460
v 2.5888 1.1526 -1.0314
v 2.5963 1.0490 -1.0192
v 2.5985 0.9458 -1.0065
v 2.5918 0.8421 -0.9919
v 2.5931 0.7436 -0.9818
v 2.5932 0.6466 -0.9727
v 2.5902 0.5506 -0.9638
v 2.5866 0.4561 -0.9560
v 2.5851 0.3633 -0.9501
v 2.5764 0.2708 -0.9429
v 2.5640 0.1793 -0.9355
v 2.5647 0.0896 -0.9341
v 2.5569 0.0000 -0.9306
v 2.6259 -0.0917 -0.8537
v 2.6214 -0.1833 -0.8538
v 2.6188 -0.2752 -0.8556
v 2.6186 -0.3680 -0.8592
v 2.6038 -0.4591 -0.8591
v 2.5841 -0.5493 -0.8584
v 2.5623 -0.6388 -0.8580
v 2.5383 -0.7279 -0.8580
v 2.5131 -0.8166 -0.8586
v 2.4872 -0.9053 -0.8600
v 2.4595 -0.9937 -0.8619
v 2.4295 -1.0817 -0.8641
v 2.3960 -1.1686 -0.8662
v 2.3589 -1.2542 -0.8681
v 2.3216 -1.3404 -0.8710
v 2.2797 -1.4245 -0.8734
v 2.2418 -1.5121 -0.8786
v 2.2084 -1.6045 -0.8869
v 2.1694 -1.6949 -0.8945
v 2.1256 -1.7836 -0.9016
v 2.0825 -1.8751 -0.9105
v 2.0362 -1.9663 -0.9197
v 1.9913 -2.0620 -0.9314
v 1.9461 -2.1613 -0.9450
v 1.8941 -2.2573 -0.9574
v 1.8331 -2.3463 -0.9674
v 1.7592 -2.4213 -0.9724
v 1.6734 -2.4809 -0.9723
v 1.5769 -2.5235 -0.9669
v 1.4724 -2.5503 -0.9568
v 1.3652 -2.5675 -0.9448
v 1.2550 -2.5731 -0.9302
v 1.1461 -2.5742 -0.9156
v 1.0427 -2.5808 -0.9044
v 0.9441 -2.5938 -0.8969
v 0.8460 -2.6038 -0.8896
v 0.7485 -2.6104 -0.8823
v 0.6523 -2.6164 -0.8762
v 0.5553 -2.6124 -0.8678
v 0.4589 -2.6028 -0.8588
v 0.3636 -2.5869 -0.8488
v 0.2697 -2.5665 -0.8385
v 0.1776 -2.5403 -0.8274
v 0.0879 -2.5162 -0.8181
v 0.0000 -2.4930 -0.8100
v -0.0861 -2.4659 -0.8017
v -0.1710 -2.4457 -0.7966
v -0.2554 -2.4304 -0.7940
v -0.3401 -2.4198 -0.7940
v -0.4249 -2.4095 -0.7950
v -0.5113 -2.4054 -0.7990
v -0.6012 -2.4113 -0.8075
v -0.6916 -2.4118 -0.8152
v -0.7844 -2.4141 -0.8248
v -0.8797 -2.4169 -0.8357
v -0.9770 -2.4183 -0.8474
v -1.0761 -2.4170 -0.8597
v -1.1772 -2.4136 -0.8725
v -1.2803 -2.4079 -0.8861
v -1.3861 -2.4008 -0.9008
v -1.4949 -2.3924 -0.9166
v -1.6073 -2.3829 -0.9339
v -1.7231 -2.3717 -0.9525
v -1.8473 -2.3644 -0.9749
v -1.9726 -2.3509 -0.9971
v -2.1104 -2.3439 -1.0248
v -2.2573 -2.3375 -1.0558
v -2.4079 -2.3253 -1.0876
v -2.5506 -2.2966 -1.1152
v -2.6846 -2.2527 -1.1387
v -2.8079 -2.1937 -1.1578
v -2.9165 -2.1190 -1.1713
v -3.0109 -2.0309 -1.1800
v -3.0912 -1.9316 -1.1844
v -3.1575 -1.8230 -1.1846
v -3.2100 -1.7068 -1.1813
v -3.2499 -1.5851 -1.1749
v -3.2774 -1.4592 -1.1657
v -3.2929 -1.3304 -1.1540
v -3.2971 -1.2001 -1.1401
v -3.2911 -1.0694 -1.1244
v -3.2765 -0.9395 -1.1075
v -3.2543 -0.8114 -1.0897
v -3.2260 -0.6857 -1.0716
v -3.1928 -0.5630 -1.0534
v -3.1558 -0.4435 -1.0355
v -3.1160 -0.3275 -1.0180
v -3.0738 -0.2149 -1.0012
v -3.0294 -0.1058 -0.9849
v -2.9823 -0.0000 -0.9690
v -2.9320 0.1024 -0.9533
v -2.8795 0.2014 -0.9379
v -2.8260 0.2970 -0.9233
v -2.7712 0.3895 -0.9093
v -2.7171 0.4791 -0.8965
v -2.6646 0.5664 -0.8851
v -2.6136 0.6516 -0.8752
v -2.5632 0.7350 -0.8664
v -2.5137 0.8168 -0.8588
v -2.4644 0.8970 -0.8521
v -2.4145 0.9755 -0.8461
v -2.3631 1.0521 -0.8405
v -2.3105 1.1269 -0.8353
v -2.2561 1.1996 -0.8302
v -2.1996 1.2699 -0.8253
v -2.1412 1.3380 -0.8204
v -2.0813 1.4039 -0.8157
v -2.0200 1.4676 -0.8113
v -1.9578 1.5296 -0.8072
v -1.8948 1.5899 -0.8037
v -1.8316 1.6492 -0.8008
v -1.7683 1.7077 -0.7987
v -1.7054 1.7660 -0.7977
v -1.6427 1.8244 -0.7977
v -1.5804 1.8835 -0.7989
v -1.5183 1.9433 -0.8013
v -1.4560 2.0040 -0.8049
v -1.3931 2.0653 -0.8094
v -1.3287 2.1263 -0.8147
v -1.2620 2.1859 -0.8201
v -1.1926 2.2430 -0.8254
v -1.1186 2.2935 -0.8291
v -1.0417 2.3397 -0.8322
v -0.9628 2.3831 -0.8351
v -0.8821 2.4235 -0.8380
v -0.8007 2.4644 -0.8419
v -0.7220 2.5180 -0.8511
v -0.6381 2.5593 -0.8570
v -0.5518 2.5961 -0.8624
v -0.4638 2.6305 -0.8679
v -0.3741 2.6621 -0.8735
v -0.2831 2.6940 -0.8801
v -0.1904 2.7222 -0.8867
v -0.0960 2.7502 -0.8941
v -0.0000 2.7784 -0.9028
v 0.0979 2.8044 -0.9118
v 0.1978 2.8286 -0.9213
v 0.2981 2.8358 -0.9265
v 0.4009 2.8529 -0.9361
v 0.5044 2.8607 -0.9438
v 0.6103 2.8712 -0.9538
v 0.7215 2.8938 -0.9690
v 0.8344 2.9099 -0.9836
v 0.9512 2.9274 -1.0001
v 1.0679 2.9339 -1.0145
v 1.1852 2.9336 -1.0280
v 1.3026 2.9257 -1.0406
v 1.4162 2.9036 -1.0497
v 1.5272 2.8722 -1.0570
v 1.6349 2.8317 -1.0624
v 1.7430 2.7894 -1.0687
v 1.8505 2.7435 -1.0752
v 1.9568 2.6933 -1.0817
v 2.0618 2.6390 -1.0881
v 2.1635 2.5783 -1.0936
v 2.2586 2.5084 -1.0967
v 2.3439 2.4272 -1.0963
v 2.4194 2.3364 -1.0928
v 2.4931 2.2448 -1.0901
v 2.5488 2.1387 -1.0811
v 2.5920 2.0251 -1.0688
v 2.6228 1.9056 -1.0534
v 2.6361 1.7781 -1.0332
v 2.6493 1.6555 -1.0151
v 2.6598 1.5356 -0.9979
v 2.6674 1.4183 -0.9816
v 2.6624 1.2985 -0.9625
v 2.6776 1.1921 -0.9523
v 2.6784 1.0821 -0.9386
v 2.6763 0.9741 -0.9254
v 2.6735 0.8687 -0.9134
v 2.6712 0.7660 -0.9029
v 2.6692 0.6655 -0.8938
v 2.6673 0.5669 -0.8860
v 2.6655 0.4700 -0.8794
v 2.6678 0.3749 -0.8754
v 2.6581 0.2794 -0.8684
v 2.6624 0.1862 -0.8672
v 2.6586 0.0928 -0.8644
v 2.6392 0.0000 -0.8575
v 2.7053 -0.0945 -0.7762
v 2.7020 -0.1889 -0.7767
v 2.7020 -0.2840 -0.7791
v 2.7014 -0.3797 -0.7822
v 2.6861 -0.4736 -0.7821
v 2.6654 -0.5666 -0.7814
v 2.6507 -0.6609 -0.7833
v 2.6253 -0.7528 -0.7831
v 2.5987 -0.8444 -0.7835
v 2.5693 -0.9352 -0.7840
v 2.5373 -1.0252 -0.7847
v 2.5029 -1.1144 -0.7856
v 2.4680 -1.2037 -0.7874
v 2.4268 -1.2904 -0.7881
v 2.3823 -1.3754 -0.7888
v 2.3338 -1.4583 -0.7891
v 2.2989 -1.5506 -0.7951
v 2.2721 -1.6507 -0.8053
v 2.2357 -1.7467 -0.8135
v 2.1919 -1.8393 -0.8205
v 2.1432 -1.9298 -0.8270
v 2.0984 -2.0264 -0.8365
v 2.0513 -2.1242 -0.8468
v 2.0060 -2.2279 -0.8596
v 1.9511 -2.3252 -0.8704
v 1.8836 -2.4108 -0.8773
v 1.8027 -2.4813 -0.8794
v 1.7090 -2.5337 -0.8764
v 1.6063 -2.5706 -0.8692
v 1.4955 -2.5903 -0.8577
v 1.3816 -2.5983 -0.8438
v 1.2699 -2.6037 -0.8307
v 1.1581 -2.6012 -0.8165
v 1.0528 -2.6059 -0.8059
v 0.9514 -2.6140 -0.7977
v 0.8530 -2.6253 -0.7915
v 0.7544 -2.6310 -0.7848
v 0.6559 -2.6306 -0.7774
v 0.5574 -2.6224 -0.7688
v 0.4606 -2.6121 -0.7606
v 0.3651 -2.5975 -0.7521
v 0.2704 -2.5728 -0.7418
v 0.1780 -2.5461 -0.7319
v 0.0880 -2.5212 -0.7234
v 0.0000 -2.4940 -0.7151
v -0.0862 -2.4694 -0.7085
v -0.1715 -2.4519 -0.7048
v -0.2563 -2.4382 -0.7030
v -0.3406 -2.4234 -0.7017
v -0.4255 -2.4132 -0.7027
v -0.5123 -2.4103 -0.7066
v -0.6009 -2.4099 -0.7122
v -0.6915 -2.4114 -0.7193
v -0.7851 -2.4164 -0.7285
v -0.8802 -2.4183 -0.7379
v -0.9780 -2.4207 -0.7486
v -1.0767 -2.4183 -0.7591
v -1.1777 -2.4146 -0.7704
v -1.2805 -2.4082 -0.7821
v -1.3860 -2.4007 -0.7949
v -1.4949 -2.3923 -0.8089
v -1.6071 -2.3826 -0.8241
v -1.7229 -2.3714 -0.8405
v -1.8477 -2.3649 -0.8606
v -1.9736 -2.3520 -0.8804
v -2.1123 -2.3459 -0.9052
v -2.2597 -2.3399 -0.9328
v -2.4103 -2.3276 -0.9608
v -2.5594 -2.3045 -0.9876
v -2.7003 -2.2658 -1.0108
v -2.8312 -2.2120 -1.0302
v -2.9490 -2.1425 -1.0452
v -3.0524 -2.0589 -1.0557
v -3.1397 -1.9619 -1.0616
v -3.2127 -1.8549 -1.0637
v -3.2696 -1.7385 -1.0618
v -3.3126 -1.6156 -1.0568
v -3.3415 -1.4877 -1.0488
v -3.3574 -1.3565 -1.0383
v -3.3607 -1.2232 -1.0255
v -3.3531 -1.0895 -1.0110
v -3.3362 -0.9566 -0.9952
v -3.3116 -0.8257 -0.9787
v -3.2810 -0.6974 -0.9618
v -3.2456 -0.5723 -0.9450
v -3.2066 -0.4507 -0.9285
v -3.1651 -0.3327 -0.9126
v -3.1215 -0.2183 -0.8973
v -3.0753 -0.1074 -0.8824
v -3.0261 -0.0000 -0.8677
v -2.9720 0.1038 -0.8527
v -2.9178 0.2040 -0.8387
v -2.8601 0.3006 -0.8247
v -2.8026 0.3939 -0.8115
v -2.7451 0.4840 -0.7993
v -2.6884 0.5714 -0.7881
v -2.6356 0.6571 -0.7789
v -2.5835 0.7408 -0.7707
v -2.5321 0.8227 -0.7634
v -2.4814 0.9032 -0.7572
v -2.4301 0.9818 -0.7516
v -2.3784 1.0589 -0.7465
v -2.3253 1.1341 -0.7419
v -2.2704 1.2072 -0.7373
v -2.2137 1.2781 -0.7330
v -2.1553 1.3468 -0.7288
v -2.0953 1.4133 -0.7247
v -2.0341 1.4779 -0.7210
v -1.9720 1.5407 -0.7176
v -1.9092 1.6020 -0.7146
v -1.8461 1.6622 -0.7123
v -1.7830 1.7218 -0.7107
v -1.7199 1.7810 -0.7100
v -1.6571 1.8404 -0.7101
v -1.5945 1.9003 -0.7113
v -1.5320 1.9608 -0.7135
v -1.4690 2.0220 -0.7167
v -1.4053 2.0834 -0.7206
v -1.3399 2.1443 -0.7250
v -1.2721 2.2034 -0.7296
v -1.2015 2.2597 -0.7339
v -1.1262 2.3090 -0.7366
v -1.0480 2.3539 -0.7388
v -0.9682 2.3963 -0.7411
v -0.8866 2.4359 -0.7433
v -0.8078 2.4860 -0.7495
v -0.7258 2.5310 -0.7550
v -0.6409 2.5704 -0.7596
v -0.5544 2.6083 -0.7646
v -0.4659 2.6421 -0.7693
v -0.3758 2.6736 -0.7742
v -0.2843 2.7045 -0.7798
v -0.1911 2.7323 -0.7854
v -0.0965 2.7642 -0.7931
v -0.0000 2.7940 -0.8012
v 0.0985 2.8205 -0.8093
v 0.1988 2.8434 -0.8173
v 0.3003 2.8572 -0.8238
v 0.4030 2.8676 -0.8304
v 0.5069 2.8748 -0.8371
v 0.6135 2.8863 -0.8461
v 0.7240 2.9040 -0.8582
v 0.8388 2.9253 -0.8726
v 0.9539 2.9357 -0.8851
v 1.0721 2.9456 -0.8989
v 1.1916 2.9492 -0.9121
v 1.3109 2.9443 -0.9242
v 1.4264 2.9246 -0.9331
v 1.5419 2.8998 -0.9417
v 1.6517 2.8608 -0.9472
v 1.7636 2.8223 -0.9543
v 1.8749 2.7797 -0.9614
v 1.9848 2.7319 -0.9683
v 2.0928 2.6786 -0.9747
v 2.1969 2.6182 -0.9800
v 2.2943 2.5481 -0.9832
v 2.3836 2.4683 -0.9839
v 2.4658 2.3812 -0.9829
v 2.5435 2.2901 -0.9814
v 2.6277 2.2049 -0.9836
v 2.7014 2.1106 -0.9830
v 2.7241 1.9792 -0.9655
v 2.7459 1.8521 -0.9497
v 2.7425 1.7137 -0.9273
v 2.7524 1.5891 -0.9113
v 2.7655 1.4704 -0.8981
v 2.7671 1.3496 -0.8828
v 2.7617 1.2296 -0.8669
v 2.7488 1.1106 -0.8501
v 2.7586 1.0041 -0.8418
v 2.7581 0.8962 -0.8316
v 2.7541 0.7897 -0.8216
v 2.7528 0.6863 -0.8135
v 2.7513 0.5848 -0.8065
v 2.7526 0.4854 -0.8015
v 2.7522 0.3868 -0.7970
v 2.7446 0.2885 -0.7913
v 2.7396 0.1916 -0.7875
v 2.7266 0.0952 -0.7823
v 2.7206 0.0000 -0.7801
v 2.7855 -0.0973 -0.6949
v 2.7896 -0.1951 -0.6972
v 2.7878 -0.2930 -0.6989
v 2.7810 -0.3908 -0.7002
v 2.7743 -0.4892 -0.7024
v 2.7547 -0.5855 -0.7022
v 2.7353 -0.6820 -0.7029
v 2.7152 -0.7786 -0.7043
v 2.6847 -0.8723 -0.7038
v 2.6512 -0.9650 -0.7034
v 2.6182 -1.0578 -0.7041
v 2.5821 -1.1496 -0.7047
v 2.5419 -1.2398 -0.7051
v 2.4994 -1.3290 -0.7058
v 2.4485 -1.4136 -0.7049
v 2.4023 -1.5011 -0.7063
v 2.3642 -1.5947 -0.7110
v 2.3308 -1.6934 -0.7183
v 2.2971 -1.7947 -0.7268
v 2.2526 -1.8902 -0.7332
v 2.2014 -1.9821 -0.7386
v 2.1595 -2.0854 -0.7485
v 2.1159 -2.1911 -0.7594
v 2.0655 -2.2939 -0.7696
v 2.0046 -2.3890 -0.7776
v 1.9322 -2.4731 -0.7825
v 1.8428 -2.5364 -0.7817
v 1.7421 -2.5828 -0.7768
v 1.6332 -2.6137 -0.7684
v 1.5173 -2.6280 -0.7566
v 1.3987 -2.6306 -0.7428
v 1.2774 -2.6191 -0.7265
v 1.1649 -2.6165 -0.7141
v 1.0616 -2.6275 -0.7066
v 0.9572 -2.6298 -0.6978
v 0.8557 -2.6336 -0.6904
v 0.7568 -2.6394 -0.6846
v 0.6579 -2.6388 -0.6781
v 0.5588 -2.6289 -0.6701
v 0.4616 -2.6177 -0.6627
v 0.3656 -2.6015 -0.6550
v 0.2710 -2.5784 -0.6464
v 0.1784 -2.5516 -0.6377
v 0.0882 -2.5270 -0.6304
v 0.0000 -2.4994 -0.6232
v -0.0865 -2.4775 -0.6181
v -0.1721 -2.4616 -0.6153
v -0.2572 -2.4469 -0.6134
v -0.3423 -2.4358 -0.6133
v -0.4274 -2.4239 -0.6137
v -0.5142 -2.4192 -0.6167
v -0.5970 -2.3945 -0.6153
v -0.6887 -2.4019 -0.6230
v -0.7860 -2.4191 -0.6342
v -0.8803 -2.4185 -0.6417
v -0.9778 -2.4200 -0.6508
v -1.0767 -2.4183 -0.6600
v -1.1775 -2.4141 -0.6697
v -1.2811 -2.4094 -0.6804
v -1.3857 -2.4002 -0.6910
v -1.4946 -2.3919 -0.7032
v -1.6074 -2.3831 -0.7167
v -1.7239 -2.3727 -0.7312
v -1.8491 -2.3668 -0.7488
v -1.9767 -2.3557 -0.7667
v -2.1158 -2.3498 -0.7884
v -2.2630 -2.3434 -0.8122
v -2.4157 -2.3328 -0.8373
v -2.5666 -2.3110 -0.8611
v -2.7129 -2.2764 -0.8830
v -2.8509 -2.2274 -0.9020
v -2.9779 -2.1636 -0.9178
v -3.0901 -2.0843 -0.9293
v -3.1846 -1.9900 -0.9363
v -3.2631 -1.8839 -0.9394
v -3.3250 -1.7679 -0.9389
v -3.3703 -1.6438 -0.9349
v -3.4004 -1.5140 -0.9281
v -3.4159 -1.3801 -0.9186
v -3.4178 -1.2440 -0.9068
v -3.4082 -1.1074 -0.8935
v -3.3889 -0.9718 -0.8790
v -3.3620 -0.8382 -0.8639
v -3.3291 -0.7076 -0.8486
v -3.2918 -0.5804 -0.8334
v -3.2511 -0.4569 -0.8186
v -3.2083 -0.3372 -0.8043
v -3.1633 -0.2212 -0.7906
v -3.1160 -0.1088 -0.7774
v -3.0652 -0.0000 -0.7642
v -3.0102 0.1051 -0.7510
v -2.9515 0.2064 -0.7377
v -2.8907 0.3038 -0.7247
v -2.8299 0.3977 -0.7125
v -2.7691 0.4883 -0.7011
v -2.7096 0.5759 -0.6907
v -2.6529 0.6614 -0.6817
v -2.6000 0.7455 -0.6744
v -2.5469 0.8275 -0.6677
v -2.4948 0.9080 -0.6619
v -2.4428 0.9870 -0.6569
v -2.3905 1.0643 -0.6524
v -2.3370 1.1398 -0.6483
v -2.2818 1.2132 -0.6443
v -2.2251 1.2847 -0.6406
v -2.1668 1.3540 -0.6371
v -2.1071 1.4212 -0.6337
v -2.0462 1.4867 -0.6306
v -1.9845 1.5504 -0.6279
v -1.9220 1.6127 -0.6256
v -1.8592 1.6740 -0.6238
v -1.7962 1.7346 -0.6226
v -1.7333 1.7948 -0.6221
v -1.6703 1.8551 -0.6224
v -1.6074 1.9156 -0.6235
v -1.5443 1.9766 -0.6254
v -1.4806 2.0379 -0.6281
v -1.4159 2.0992 -0.6313
v -1.3494 2.1595 -0.6349
v -1.2805 2.2179 -0.6385
v -1.2087 2.2732 -0.6419
v -1.1330 2.3231 -0.6444
v -1.0541 2.3675 -0.6461
v -0.9732 2.4088 -0.6477
v -0.8916 2.4496 -0.6499
v -0.8124 2.5003 -0.6555
v -0.7297 2.5446 -0.6600
v -0.6435 2.5808 -0.6632
v -0.5565 2.6180 -0.6673
v -0.4675 2.6516 -0.6713
v -0.3770 2.6828 -0.6755
v -0.2851 2.7129 -0.6801
v -0.1917 2.7421 -0.6853
v -0.0968 2.7722 -0.6916
v -0.0000 2.8033 -0.6989
v 0.0988 2.8294 -0.7059
v 0.1995 2.8531 -0.7131
v 0.3015 2.8689 -0.7192
v 0.4042 2.8757 -0.7240
v 0.5085 2.8840 -0.7301
v 0.6153 2.8949 -0.7379
v 0.7254 2.9093 -0.7476
v 0.8371 2.9193 -0.7572
v 0.9531 2.9332 -0.7690
v 1.0712 2.9430 -0.7809
v 1.1914 2.9488 -0.7930
v 1.3118 2.9462 -0.8041
v 1.4309 2.9338 -0.8138
v 1.5482 2.9116 -0.8222
v 1.6615 2.8779 -0.8285
v 1.7758 2.8419 -0.8355
v 1.8904 2.8027 -0.8429
v 2.0039 2.7581 -0.8500
v 2.1145 2.7064 -0.8563
v 2.2199 2.6455 -0.8610
v 2.3180 2.5744 -0.8637
v 2.4094 2.4950 -0.8648
v 2.4976 2.4119 -0.8657
v 2.5910 2.3330 -0.8693
v 2.6963 2.2625 -0.8776
v 2.7646 2.1599 -0.8747
v 2.8092 2.0410 -0.8658
v 2.8371 1.9136 -0.8532
v 2.8461 1.7784 -0.8368
v 2.8530 1.6472 -0.8214
v 2.8624 1.5220 -0.8083
v 2.8659 1.3978 -0.7950
v 2.8527 1.2701 -0.7786
v 2.8473 1.1504 -0.7657
v 2.8437 1.0350 -0.7545
v 2.8324 0.9203 -0.7425
v 2.8451 0.8158 -0.7380
v 2.8397 0.7080 -0.7297
v 2.8382 0.6033 -0.7234
v 2.8371 0.5003 -0.7183
v 2.8356 0.3985 -0.7139
v 2.8284 0.2973 -0.7091
v 2.8232 0.1974 -0.7056
v 2.8137 0.0983 -0.7020
v 2.8024 0.0000 -0.6987
v 2.8746 -0.1004 -0.6114
v 2.8710 -0.2008 -0.6117
v 2.8644 -0.3011 -0.6122
v 2.8576 -0.4016 -0.6134
v 2.8445 -0.5016 -0.6139
v 2.8296 -0.6014 -0.6149
v 2.8132 -0.7014 -0.6163
v 2.7933 -0.8010 -0.6177
v 2.7627 -0.8977 -0.6175
v 2.7295 -0.9935 -0.6174
v 2.6960 -1.0893 -0.6181
v 2.6610 -1.1848 -0.6191
v 2.6177 -1.2767 -0.6191
v 2.5736 -1.3684 -0.6196
v 2.5262 -1.4585 -0.6200
v 2.4773 -1.5480 -0.6209
v 2.4367 -1.6436 -0.6248
v 2.3980 -1.7422 -0.6300
v 2.3566 -1.8412 -0.6357
v 2.3116 -1.9397 -0.6414
v 2.2640 -2.0385 -0.6476
v 2.2185 -2.1424 -0.6555
v 2.1718 -2.2490 -0.6645
v 2.1173 -2.3515 -0.6726
v 2.0527 -2.4463 -0.6788
v 1.9714 -2.5233 -0.6806
v 1.8786 -2.5856 -0.6793
v 1.7708 -2.6254 -0.6731
v 1.6560 -2.6502 -0.6643
v 1.5354 -2.6595 -0.6527
v 1.4145 -2.6602 -0.6404
v 1.2914 -2.6478 -0.6262
v 1.1785 -2.6471 -0.6159
v 1.0675 -2.6422 -0.6057
v 0.9605 -2.6391 -0.5970
v 0.8577 -2.6397 -0.5899
v 0.7558 -2.6358 -0.5828
v 0.6582 -2.6398 -0.5783
v 0.5598 -2.6336 -0.5723
v 0.4627 -2.6241 -0.5664
v 0.3661 -2.6052 -0.5592
v 0.2712 -2.5807 -0.5516
v 0.1787 -2.5551 -0.5444
v 0.0885 -2.5337 -0.5389
v 0.0000 -2.5078 -0.5330
v -0.0869 -2.4873 -0.5290
v -0.1726 -2.4680 -0.5259
v -0.2581 -2.4554 -0.5248
v -0.3437 -2.4456 -0.5249
v -0.4294 -2.4350 -0.5256
v -0.5130 -2.4134 -0.5244
v -0.6002 -2.4071 -0.5273
v -0.6938 -2.4195 -0.5350
v -0.7853 -2.4168 -0.5401
v -0.8810 -2.4205 -0.5475
v -0.9773 -2.4189 -0.5545
v -1.0759 -2.4165 -0.5623
v -1.1766 -2.4123 -0.5705
v -1.2803 -2.4079 -0.5797
v -1.3851 -2.3990 -0.5888
v -1.4942 -2.3912 -0.5993
v -1.6079 -2.3838 -0.6112
v -1.7253 -2.3746 -0.6239
v -1.8497 -2.3676 -0.6386
v -1.9804 -2.3602 -0.6549
v -2.1201 -2.3546 -0.6735
v -2.2671 -2.3476 -0.6937
v -2.4205 -2.3375 -0.7152
v -2.5732 -2.3170 -0.7360
v -2.7218 -2.2839 -0.7552
v -2.8651 -2.2385 -0.7728
v -3.0023 -2.1813 -0.7888
v -3.1213 -2.1054 -0.8003
v -3.2272 -2.0166 -0.8089
v -3.3150 -1.9139 -0.8136
v -3.3750 -1.7945 -0.8125
v -3.4220 -1.6690 -0.8093
v -3.4535 -1.5376 -0.8035
v -3.4678 -1.4011 -0.7950
v -3.4681 -1.2623 -0.7845
v -3.4559 -1.1229 -0.7724
v -3.4342 -0.9847 -0.7594
v -3.4050 -0.8490 -0.7459
v -3.3701 -0.7163 -0.7323
v -3.3311 -0.5874 -0.7190
v -3.2893 -0.4623 -0.7060
v -3.2452 -0.3411 -0.6936
v -3.1994 -0.2237 -0.6817
v -3.1510 -0.1100 -0.6702
v -3.0988 -0.0000 -0.6587
v -3.0420 0.1062 -0.6470
v -2.9805 0.2084 -0.6351
v -2.9168 0.3066 -0.6234
v -2.8520 0.4008 -0.6122
v -2.7893 0.4918 -0.6020
v -2.7271 0.5797 -0.5926
v -2.6679 0.6652 -0.5844
v -2.6129 0.7492 -0.5778
v -2.5585 0.8313 -0.5718
v -2.5053 0.9119 -0.5667
v -2.4528 0.9910 -0.5623
v -2.3998 1.0685 -0.5584
v -2.3460 1.1442 -0.5548
v -2.2909 1.2181 -0.5515
v -2.2343 1.2900 -0.5484
v -2.1762 1.3599 -0.5455
v -2.1165 1.4276 -0.5426
v -2.0558 1.4936 -0.5401
v -1.9941 1.5580 -0.5379
v -1.9319 1.6210 -0.5360
v -1.8691 1.6829 -0.5346
v -1.8061 1.7441 -0.5337
v -1.7430 1.8049 -0.5333
v -1.6797 1.8655 -0.5336
v -1.6161 1.9260 -0.5344
v -1.5528 1.9875 -0.5361
v -1.4885 2.0488 -0.5383
v -1.4228 2.1094 -0.5408
v -1.3555 2.1692 -0.5437
v -1.2856 2.2268 -0.5465
v -1.2130 2.2813 -0.5492
v -1.1378 2.3327 -0.5517
v -1.0588 2.3782 -0.5533
v -0.9784 2.4217 -0.5552
v -0.8975 2.4659 -0.5578
v -0.8153 2.5092 -0.5608
v -0.7314 2.5508 -0.5640
v -0.6458 2.5904 -0.5675
v -0.5583 2.6268 -0.5708
v -0.4691 2.6603 -0.5742
v -0.3783 2.6914 -0.5777
v -0.2859 2.7203 -0.5814
v -0.1923 2.7505 -0.5861
v -0.0971 2.7802 -0.5913
v -0.0000 2.8076 -0.5968
v 0.0990 2.8357 -0.6031
v 0.2000 2.8599 -0.6094
v 0.3023 2.8758 -0.6146
v 0.4052 2.8829 -0.6188
v 0.5095 2.8894 -0.6236
v 0.6157 2.8965 -0.6294
v 0.7251 2.9082 -0.6371
v 0.8367 2.9181 -0.6453
v 0.9528 2.9324 -0.6554
v 1.0714 2.9437 -0.6659
v 1.1908 2.9472 -0.6757
v 1.3107 2.9438 -0.6849
v 1.4313 2.9346 -0.6940
v 1.5512 2.9174 -0.7023
v 1.6644 2.8828 -0.7075
v 1.7799 2.8484 -0.7139
v 1.8976 2.8132 -0.7213
v 2.0160 2.7747 -0.7290
v 2.1301 2.7264 -0.7354
v 2.2356 2.6642 -0.7393
v 2.3318 2.5897 -0.7407
v 2.4223 2.5084 -0.7412
v 2.5149 2.4286 -0.7431
v 2.6172 2.3566 -0.7486
v 2.7142 2.2775 -0.7531
v 2.7944 2.1832 -0.7538
v 2.8608 2.0785 -0.7516
v 2.8946 1.9524 -0.7421
v 2.9296 1.8306 -0.7343
v 2.9490 1.7026 -0.7238
v 2.9553 1.5714 -0.7115
v 2.9568 1.4421 -0.6992
v 2.9436 1.3106 -0.6849
v 2.9319 1.1846 -0.6721
v 2.9230 1.0639 -0.6612
v 2.9203 0.9489 -0.6527
v 2.9288 0.8398 -0.6476
v 2.9300 0.7305 -0.6419
v 2.9241 0.6215 -0.6354
v 2.9199 0.5149 -0.6302
v 2.9147 0.4096 -0.6256
v 2.9115 0.3060 -0.6223
v 2.9049 0.2031 -0.6190
v 2.8969 0.1012 -0.6161
v 2.8884 0.0000 -0.6139
v 2.9624 -0.1034 -0.5227
v 2.9584 -0.2069 -0.5229
v 2.9436 -0.3094 -0.5219
v 2.9355 -0.4126 -0.5227
v 2.9212 -0.5151 -0.5230
v 2.9041 -0.6173 -0.5235
v 2.8863 -0.7196 -0.5245
v 2.8633 -0.8210 -0.5252
v 2.8326 -0.9204 -0.5252
v 2.8032 -1.0203 -0.5260
v 2.7671 -1.1180 -0.5262
v 2.7357 -1.2180 -0.5280
v 2.6898 -1.3119 -0.5277
v 2.6416 -1.4045 -0.5275
v 2.5954 -1.4984 -0.5284
v 2.5479 -1.5921 -0.5298
v 2.4974 -1.6845 -0.5312
v 2.4647 -1.7907 -0.5372
v 2.4123 -1.8847 -0.5398
v 2.3635 -1.9832 -0.5440
v 2.3167 -2.0860 -0.5497
v 2.2713 -2.1934 -0.5568
v 2.2243 -2.3033 -0.5646
v 2.1658 -2.4053 -0.5707
v 2.0907 -2.4917 -0.5735
v 2.0025 -2.5630 -0.5735
v 1.9005 -2.6158 -0.5701
v 1.7891 -2.6524 -0.5641
v 1.6721 -2.6759 -0.5564
v 1.5504 -2.6853 -0.5467
v 1.4268 -2.6834 -0.5359
v 1.3049 -2.6755 -0.5249
v 1.1860 -2.6638 -0.5142
v 1.0723 -2.6539 -0.5047
v 0.9629 -2.6456 -0.4964
v 0.8586 -2.6425 -0.4899
v 0.7549 -2.6326 -0.4829
v 0.6579 -2.6386 -0.4795
v 0.5594 -2.6319 -0.4744
v 0.4625 -2.6230 -0.4696
v 0.3663 -2.6062 -0.4641
v 0.2717 -2.5852 -0.4583
v 0.1792 -2.5632 -0.4531
v 0.0888 -2.5416 -0.4484
v 0.0000 -2.5150 -0.4435
v -0.0871 -2.4930 -0.4399
v -0.1734 -2.4794 -0.4383
v -0.2593 -2.4672 -0.4374
v -0.3452 -2.4564 -0.4374
v -0.4308 -2.4433 -0.4375
v -0.5160 -2.4275 -0.4376
v -0.6059 -2.4303 -0.4416
v -0.6956 -2.4260 -0.4450
v -0.7862 -2.4196 -0.4486
v -0.8809 -2.4202 -0.4541
v -0.9774 -2.4191 -0.4600
v -1.0750 -2.4144 -0.4660
v -1.1760 -2.4112 -0.4730
v -1.2788 -2.4051 -0.4803
v -1.3839 -2.3969 -0.4880
v -1.4933 -2.3898 -0.4969
v -1.6075 -2.3832 -0.5069
v -1.7259 -2.3754 -0.5177
v -1.8512 -2.3695 -0.5302
v -1.9828 -2.3630 -0.5439
v -2.1222 -2.3569 -0.5592
v -2.2699 -2.3505 -0.5762
v -2.4227 -2.3396 -0.5939
v -2.5767 -2.3201 -0.6114
v -2.7290 -2.2899 -0.6282
v -2.8775 -2.2481 -0.6439
v -3.0190 -2.1935 -0.6580
v -3.1516 -2.1257 -0.6703
v -3.2659 -2.0408 -0.6791
v -3.3555 -1.9373 -0.6832
v -3.4235 -1.8203 -0.6837
v -3.4727 -1.6937 -0.6813
v -3.5034 -1.5598 -0.6762
v -3.5087 -1.4176 -0.6673
v -3.5106 -1.2777 -0.6587
v -3.4959 -1.1359 -0.6481
v -3.4717 -0.9955 -0.6368
v -3.4403 -0.8578 -0.6252
v -3.4038 -0.7235 -0.6136
v -3.3633 -0.5930 -0.6022
v -3.3203 -0.4666 -0.5912
v -3.2755 -0.3443 -0.5807
v -3.2290 -0.2258 -0.5707
v -3.1798 -0.1110 -0.5610
v -3.1266 -0.0000 -0.5513
v -3.0682 0.1071 -0.5413
v -3.0041 0.2101 -0.5310
v -2.9383 0.3088 -0.5210
v -2.8710 0.4035 -0.5112
v -2.8058 0.4947 -0.5024
v -2.7414 0.5827 -0.4942
v -2.6802 0.6683 -0.4871
v -2.6235 0.7523 -0.4812
v -2.5680 0.8344 -0.4761
v -2.5140 0.9150 -0.4717
v -2.4607 0.9942 -0.4680
v -2.4073 1.0718 -0.4646
v -2.3533 1.1478 -0.4617
v -2.2982 1.2220 -0.4590
v -2.2418 1.2943 -0.4564
v -2.1840 1.3647 -0.4541
v -2.1245 1.4330 -0.4518
v -2.0638 1.4994 -0.4498
v -2.0023 1.5643 -0.4480
v -1.9402 1.6280 -0.4466
v -1.8775 1.6905 -0.4455
v -1.8145 1.7523 -0.4448
v -1.7512 1.8134 -0.4445
v -1.6875 1.8741 -0.4447
v -1.6232 1.9344 -0.4453
v -1.5594 1.9960 -0.4466
v -1.4943 2.0567 -0.4483
v -1.4276 2.1165 -0.4501
v -1.3591 2.1749 -0.4522
v -1.2881 2.2311 -0.4543
v -1.2139 2.2830 -0.4559
v -1.1379 2.3330 -0.4577
v -1.0596 2.3799 -0.4594
v -0.9795 2.4245 -0.4611
v -0.8987 2.4693 -0.4633
v -0.8164 2.5126 -0.4658
v -0.7329 2.5558 -0.4688
v -0.6480 2.5988 -0.4723
v -0.5595 2.6323 -0.4745
v -0.4699 2.6651 -0.4772
v -0.3790 2.6971 -0.4802
v -0.2864 2.7248 -0.4831
v -0.1926 2.7544 -0.4869
v -0.0972 2.7826 -0.4909
v -0.0000 2.8109 -0.4956
v 0.0991 2.8391 -0.5009
v 0.2002 2.8630 -0.5061
v 0.3028 2.8808 -0.5108
v 0.4060 2.8889 -0.5144
v 0.5102 2.8933 -0.5180
v 0.6159 2.8977 -0.5224
v 0.7249 2.9073 -0.5283
v 0.8361 2.9160 -0.5349
v 0.9514 2.9282 -0.5429
v 1.0684 2.9354 -0.5508
v 1.1873 2.9387 -0.5589
v 1.3066 2.9347 -0.5664
v 1.4303 2.9326 -0.5753
v 1.5491 2.9134 -0.5818
v 1.6622 2.8789 -0.5862
v 1.7751 2.8408 -0.5907
v 1.8962 2.8112 -0.5979
v 2.0247 2.7868 -0.6074
v 2.1495 2.7513 -0.6156
v 2.2502 2.6817 -0.6173
v 2.3382 2.5968 -0.6162
v 2.4260 2.5122 -0.6158
v 2.5103 2.4242 -0.6153
v 2.6202 2.3592 -0.6217
v 2.7187 2.2812 -0.6258
v 2.8065 2.1927 -0.6280
v 2.8692 2.0846 -0.6253
v 2.9198 1.9695 -0.6210
v 2.9734 1.8580 -0.6182
v 3.0151 1.7407 -0.6139
v 3.0384 1.6156 -0.6068
v 3.0415 1.4834 -0.5967
v 3.0335 1.3506 -0.5855
v 3.0192 1.2198 -0.5742
v 3.0086 1.0950 -0.5645
v 3.0139 0.9793 -0.5588
v 3.0093 0.8629 -0.5520
v 3.0068 0.7497 -0.5464
v 3.0005 0.6378 -0.5409
v 2.9952 0.5281 -0.5363
v 2.9894 0.4201 -0.5323
v 2.9844 0.3137 -0.5291
v 2.9838 0.2086 -0.5274
v 2.9780 0.1040 -0.5254
v 2.9650 0.0000 -0.5228
v 3.0352 -0.1060 -0.4268
v 3.0319 -0.2120 -0.4272
v 3.0191 -0.3173 -0.4266
v 3.0093 -0.4229 -0.4271
v 2.9921 -0.5276 -0.4270
v 2.9733 -0.6320 -0.4272
v 2.9535 -0.7364 -0.4278
v 2.9276 -0.8395 -0.4280
v 2.8997 -0.9422 -0.4285
v 2.8608 -1.0412 -0.4279
v 2.8288 -1.1429 -0.4288
v 2.7890 -1.2417 -0.4291
v 2.7472 -1.3399 -0.4296
v 2.6998 -1.4355 -0.4297
v 2.6493 -1.5296 -0.4299
v 2.6001 -1.6247 -0.4309
v 2.5509 -1.7206 -0.4324
v 2.5040 -1.8192 -0.4350
v 2.4553 -1.9183 -0.4379
v 2.4085 -2.0210 -0.4419
v 2.3632 -2.1278 -0.4469
v 2.3193 -2.2397 -0.4531
v 2.2680 -2.3486 -0.4589
v 2.2020 -2.4456 -0.4625
v 2.1197 -2.5261 -0.4634
v 2.0222 -2.5883 -0.4616
v 1.9121 -2.6318 -0.4572
v 1.7983 -2.6661 -0.4520
v 1.6782 -2.6857 -0.4451
v 1.5556 -2.6943 -0.4372
v 1.4341 -2.6972 -0.4293
v 1.3123 -2.6905 -0.4207
v 1.1921 -2.6776 -0.4119
v 1.0760 -2.6633 -0.4037
v 0.9614 -2.6415 -0.3951
v 0.8545 -2.6298 -0.3886
v 0.7541 -2.6299 -0.3845
v 0.6559 -2.6307 -0.3810
v 0.5597 -2.6334 -0.3784
v 0.4618 -2.6193 -0.3738
v 0.3660 -2.6043 -0.3696
v 0.2717 -2.5852 -0.3653
v 0.1794 -2.5657 -0.3615
v 0.0889 -2.5450 -0.3579
v 0.0000 -2.5228 -0.3546
v -0.0873 -2.5013 -0.3517
v -0.1738 -2.4858 -0.3502
v -0.2601 -2.4746 -0.3497
v -0.3465 -2.4653 -0.3499
v -0.4327 -2.4538 -0.3502
v -0.5200 -2.4465 -0.3515
v -0.6082 -2.4395 -0.3533
v -0.6972 -2.4314 -0.3555
v -0.7875 -2.4235 -0.3581
v -0.8814 -2.4216 -0.3622
v -0.9756 -2.4148 -0.3660
v -1.0727 -2.4094 -0.3707
v -1.1739 -2.4069 -0.3764
v -1.2766 -2.4009 -0.3822
v -1.3818 -2.3934 -0.3884
v -1.4912 -2.3864 -0.3955
v -1.6056 -2.3804 -0.4035
v -1.7247 -2.3739 -0.4124
v -1.8508 -2.3689 -0.4225
v -1.9824 -2.3625 -0.4334
v -2.1223 -2.3571 -0.4458
v -2.2688 -2.3494 -0.4590
v -2.4230 -2.3398 -0.4734
v -2.5777 -2.3210 -0.4875
v -2.7310 -2.2916 -0.5010
v -2.8838 -2.2530 -0.5143
v -3.0296 -2.2011 -0.5263
v -3.1714 -2.1391 -0.5376
v -3.2885 -2.0549 -0.5450
v -3.3845 -1.9540 -0.5492
v -3.4582 -1.8388 -0.5505
v -3.5101 -1.7120 -0.5489
v -3.5415 -1.5768 -0.5448
v -3.5495 -1.4341 -0.5380
v -3.5452 -1.2903 -0.5302
v -3.5282 -1.1464 -0.5214
v -3.5016 -1.0041 -0.5119
v -3.4683 -0.8647 -0.5024
v -3.4300 -0.7291 -0.4928
v -3.3883 -0.5975 -0.4835
v -3.3442 -0.4700 -0.4746
v -3.2986 -0.3467 -0.4661
v -3.2513 -0.2274 -0.4581
v -3.2015 -0.1118 -0.4502
v -3.1473 -0.0000 -0.4423
v -3.0877 0.1078 -0.4342
v -3.0229 0.2114 -0.4259
v -2.9546 0.3105 -0.4175
v -2.8856 0.4055 -0.4095
v -2.8187 0.4970 -0.4023
v -2.7526 0.5851 -0.3955
v -2.6902 0.6707 -0.3897
v -2.6306 0.7543 -0.3846
v -2.5756 0.8369 -0.3806
v -2.5211 0.9176 -0.3771
v -2.4674 0.9969 -0.3740
v -2.4136 1.0746 -0.3713
v -2.3594 1.1508 -0.3689
v -2.3044 1.2253 -0.3668
v -2.2481 1.2979 -0.3648
v -2.1907 1.3689 -0.3630
v -2.1310 1.4374 -0.3613
v -2.0704 1.5042 -0.3597
v -2.0091 1.5697 -0.3583
v -1.9471 1.6338 -0.3572
v -1.8845 1.6968 -0.3564
v -1.8214 1.7589 -0.3559
v -1.7558 1.8182 -0.3552
v -1.6897 1.8767 -0.3549
v -1.6230 1.9342 -0.3548
v -1.5605 1.9973 -0.3562
v -1.4961 2.0593 -0.3577
v -1.4300 2.1200 -0.3594
v -1.3586 2.1741 -0.3603
v -1.2848 2.2253 -0.3611
v -1.2116 2.2787 -0.3627
v -1.1344 2.3259 -0.3637
v -1.0564 2.3728 -0.3650
v -0.9775 2.4194 -0.3667
v -0.8947 2.4582 -0.3677
v -0.8156 2.5101 -0.3709
v -0.7328 2.5557 -0.3737
v -0.6473 2.5963 -0.3761
v -0.5599 2.6340 -0.3785
v -0.4703 2.6670 -0.3806
v -0.3792 2.6978 -0.3829
v -0.2866 2.7263 -0.3853
v -0.1926 2.7549 -0.3881
v -0.0971 2.7818 -0.3912
v -0.0000 2.8109 -0.3950
v 0.0992 2.8397 -0.3993
v 0.2004 2.8665 -0.4038
v 0.3030 2.8829 -0.4074
v 0.4066 2.8931 -0.4106
v 0.5105 2.8950 -0.4131
v 0.6159 2.8977 -0.4163
v 0.7236 2.9021 -0.4203
v 0.8358 2.9149 -0.4262
v 0.9487 2.9197 -0.4315
v 1.0647 2.9253 -0.4375
v 1.1813 2.9238 -0.4432
v 1.2980 2.9154 -0.4485
v 1.4187 2.9089 -0.4548
v 1.5306 2.8786 -0.4582
v 1.6464 2.8516 -0.4628
v 1.7608 2.8178 -0.4670
v 1.8834 2.7923 -0.4734
v 2.0056 2.7604 -0.4795
v 2.1259 2.7211 -0.4853
v 2.2328 2.6609 -0.4882
v 2.3269 2.5843 -0.4887
v 2.4186 2.5045 -0.4893
v 2.5024 2.4165 -0.4889
v 2.6055 2.3460 -0.4927
v 2.7093 2.2734 -0.4971
v 2.7964 2.1848 -0.4987
v 2.8616 2.0791 -0.4971
v 2.9291 1.9757 -0.4966
v 3.0030 1.8765 -0.4977
v 3.0587 1.7659 -0.4964
v 3.0957 1.6460 -0.4928
v 3.1129 1.5183 -0.4868
v 3.1115 1.3853 -0.4787
v 3.0988 1.2520 -0.4697
v 3.0853 1.1230 -0.4614
v 3.0812 1.0011 -0.4553
v 3.0704 0.8804 -0.4489
v 3.0661 0.7645 -0.4441
v 3.0553 0.6494 -0.4390
v 3.0527 0.5383 -0.4357
v 3.0499 0.4286 -0.4328
v 3.0480 0.3204 -0.4307
v 3.0480 0.2131 -0.4294
v 3.0416 0.1062 -0.4277
v 3.0388 0.0000 -0.4271
v 3.0738 -0.1073 -0.3233
v 3.0800 -0.2154 -0.3245
v 3.0784 -0.3236 -0.3253
v 3.0689 -0.4313 -0.3257
v 3.0514 -0.5380 -0.3257
v 3.0311 -0.6443 -0.3257
v 3.0088 -0.7502 -0.3259
v 2.9853 -0.8560 -0.3264
v 2.9583 -0.9612 -0.3269
v 2.9160 -1.0613 -0.3261
v 2.8741 -1.1612 -0.3258
v 2.8360 -1.2627 -0.3263
v 2.7961 -1.3638 -0.3270
v 2.7426 -1.4583 -0.3265
v 2.6886 -1.5523 -0.3263
v 2.6361 -1.6472 -0.3267
v 2.5856 -1.7440 -0.3278
v 2.5357 -1.8423 -0.3294
v 2.4879 -1.9438 -0.3318
v 2.4461 -2.0525 -0.3356
v 2.4065 -2.1668 -0.3404
v 2.3640 -2.2829 -0.3454
v 2.3062 -2.3881 -0.3489
v 2.2304 -2.4772 -0.3503
v 2.1373 -2.5472 -0.3495
v 2.0316 -2.6004 -0.3468
v 1.9164 -2.6377 -0.3427
v 1.7969 -2.6640 -0.3377
v 1.6753 -2.6810 -0.3323
v 1.5539 -2.6914 -0.3266
v 1.4333 -2.6957 -0.3209
v 1.3131 -2.6923 -0.3148
v 1.1935 -2.6806 -0.3084
v 1.0759 -2.6630 -0.3019
v 0.9636 -2.6474 -0.2961
v 0.8564 -2.6357 -0.2913
v 0.7540 -2.6297 -0.2875
v 0.6564 -2.6327 -0.2852
v 0.5576 -2.6231 -0.2819
v 0.4605 -2.6115 -0.2787
v 0.3647 -2.5951 -0.2754
v 0.2713 -2.5810 -0.2728
v 0.1793 -2.5644 -0.2702
v 0.0889 -2.5446 -0.2676
v 0.0000 -2.5259 -0.2655
v -0.0876 -2.5089 -0.2639
v -0.1742 -2.4918 -0.2625
v -0.2606 -2.4794 -0.2620
v -0.3470 -2.4692 -0.2621
v -0.4343 -2.4630 -0.2629
v -0.5221 -2.4563 -0.2639
v -0.6101 -2.4471 -0.2651
v -0.6985 -2.4361 -0.2664
v -0.7886 -2.4271 -0.2682
v -0.8759 -2.4066 -0.2692
v -0.9749 -2.4129 -0.2735
v -1.0724 -2.4085 -0.2771
v -1.1715 -2.4020 -0.2809
v -1.2742 -2.3965 -0.2853
v -1.3790 -2.3885 -0.2899
v -1.4878 -2.3809 -0.2951
v -1.6021 -2.3752 -0.3011
v -1.7213 -2.3691 -0.3078
v -1.8479 -2.3652 -0.3155
v -1.9803 -2.3600 -0.3238
v -2.1200 -2.3545 -0.3330
v -2.2663 -2.3468 -0.3429
v -2.4179 -2.3349 -0.3533
v -2.5725 -2.3163 -0.3638
v -2.7280 -2.2891 -0.3743
v -2.8834 -2.2527 -0.3846
v -3.0315 -2.2025 -0.3938
v -3.1760 -2.1423 -0.4027
v -3.2984 -2.0611 -0.4088
v -3.4011 -1.9636 -0.4128
v -3.4821 -1.8515 -0.4145
v -3.5390 -1.7261 -0.4138
v -3.5714 -1.5901 -0.4109
v -3.5819 -1.4472 -0.4060
v -3.5724 -1.3002 -0.3996
v -3.5535 -1.1546 -0.3927
v -3.5246 -1.0107 -0.3854
v -3.4894 -0.8700 -0.3780
v -3.4494 -0.7332 -0.3706
v -3.4063 -0.6006 -0.3635
v -3.3611 -0.4724 -0.3567
v -3.3145 -0.3484 -0.3503
v -3.2663 -0.2284 -0.3441
v -3.2156 -0.1123 -0.3382
v -3.1607 -0.0000 -0.3322
v -3.1003 0.1083 -0.3261
v -3.0348 0.2122 -0.3198
v -2.9658 0.3117 -0.3134
v -2.8960 0.4070 -0.3074
v -2.8283 0.4987 -0.3018
v -2.7616 0.5870 -0.2967
v -2.6983 0.6728 -0.2923
v -2.6381 0.7565 -0.2884
v -2.5830 0.8393 -0.2855
v -2.5277 0.9200 -0.2827
v -2.4735 0.9993 -0.2804
v -2.4195 1.0772 -0.2784
v -2.3652 1.1536 -0.2766
v -2.3100 1.2283 -0.2750
v -2.2539 1.3013 -0.2735
v -2.1966 1.3726 -0.2722
v -2.1368 1.4413 -0.2709
v -2.0761 1.5084 -0.2697
v -2.0146 1.5740 -0.2687
v -1.9526 1.6384 -0.2679
v -1.8899 1.7017 -0.2673
v -1.8253 1.7626 -0.2667
v -1.7561 1.8185 -0.2657
v -1.6866 1.8731 -0.2649
v -1.6161 1.9260 -0.2643
v -1.5561 1.9918 -0.2657
v -1.4936 2.0558 -0.2671
v -1.4278 2.1168 -0.2684
v -1.3545 2.1677 -0.2687
v -1.2791 2.2155 -0.2689
v -1.2062 2.2685 -0.2700
v -1.1291 2.3149 -0.2707
v -1.0515 2.3618 -0.2717
v -0.9734 2.4092 -0.2731
v -0.8939 2.4560 -0.2747
v -0.8136 2.5039 -0.2767
v -0.7313 2.5504 -0.2789
v -0.6462 2.5919 -0.2808
v -0.5589 2.6296 -0.2826
v -0.4696 2.6634 -0.2843
v -0.3787 2.6945 -0.2860
v -0.2862 2.7228 -0.2878
v -0.1923 2.7507 -0.2898
v -0.0970 2.7791 -0.2923
v -0.0000 2.8072 -0.2951
v 0.0990 2.8347 -0.2981
v 0.2000 2.8600 -0.3013
v 0.3028 2.8807 -0.3044
v 0.4058 2.8878 -0.3065
v 0.5099 2.8919 -0.3086
v 0.6148 2.8923 -0.3108
v 0.7214 2.8934 -0.3134
v 0.8312 2.8987 -0.3169
v 0.9444 2.9067 -0.3212
v 1.0569 2.9037 -0.3248
v 1.1703 2.8965 -0.3283
v 1.2840 2.8838 -0.3318
v 1.3986 2.8676 -0.3353
v 1.5096 2.8392 -0.3380
v 1.6202 2.8062 -0.3406
v 1.7389 2.7828 -0.3449
v 1.8556 2.7511 -0.3488
v 1.9813 2.7270 -0.3543
v 2.1005 2.6885 -0.3586
v 2.2075 2.6307 -0.3609
v 2.3034 2.5582 -0.3618
v 2.3947 2.4798 -0.3623
v 2.4907 2.4052 -0.3639
v 2.5973 2.3386 -0.3673
v 2.6998 2.2654 -0.3704
v 2.7907 2.1804 -0.3722
v 2.8625 2.0797 -0.3719
v 2.9342 1.9792 -0.3720
v 3.0098 1.8807 -0.3730
v 3.0768 1.7764 -0.3734
v 3.1341 1.6664 -0.3731
v 3.1604 1.5414 -0.3696
v 3.1688 1.4108 -0.3646
v 3.1567 1.2754 -0.3578
v 3.1378 1.1421 -0.3510
v 3.1313 1.0174 -0.3461
v 3.1131 0.8927 -0.3404
v 3.1041 0.7739 -0.3362
v 3.0827 0.6552 -0.3312
v 3.0795 0.5430 -0.3287
v 3.0858 0.4337 -0.3275
v 3.0858 0.3243 -0.3261
v 3.0826 0.2156 -0.3248
v 3.0739 0.1073 -0.3233
v 3.0758 0.0000 -0.3233
v 3.1018 -0.1083 -0.2170
v 3.1082 -0.2173 -0.2179
v 3.1156 -0.3275 -0.2191
v 3.1076 -0.4367 -0.2194
v 3.0913 -0.5451 -0.2195
v 3.0710 -0.6528 -0.2195
v 3.0488 -0.7601 -0.2197
v 3.0215 -0.8664 -0.2198
v 2.9907 -0.9717 -0.2199
v 2.9535 -1.0750 -0.2198
v 2.9099 -1.1757 -0.2195
v 2.8677 -1.2768 -0.2195
v 2.8213 -1.3760 -0.2195
v 2.7697 -1.4727 -0.2193
v 2.7148 -1.5674 -0.2192
v 2.6607 -1.6626 -0.2194
v 2.6092 -1.7600 -0.2201
v 2.5618 -1.8613 -0.2214
v 2.5153 -1.9652 -0.2232
v 2.4775 -2.0788 -0.2262
v 2.4412 -2.1981 -0.2297
v 2.3973 -2.3151 -0.2330
v 2.3327 -2.4156 -0.2348
v 2.2483 -2.4970 -0.2350
v 2.1473 -2.5591 -0.2336
v 2.0340 -2.6034 -0.2310
v 1.9140 -2.6344 -0.2277
v 1.7910 -2.6552 -0.2240
v 1.6678 -2.6691 -0.2201
v 1.5468 -2.6791 -0.2163
v 1.4283 -2.6863 -0.2127
v 1.3099 -2.6856 -0.2089
v 1.1943 -2.6825 -0.2053
v 1.0775 -2.6669 -0.2011
v 0.9654 -2.6525 -0.1974
v 0.8579 -2.6403 -0.1941
v 0.7541 -2.6300 -0.1913
v 0.6557 -2.6297 -0.1895
v 0.5561 -2.6162 -0.1870
v 0.4584 -2.5999 -0.1846
v 0.3631 -2.5833 -0.1824
v 0.2701 -2.5701 -0.1807
v 0.1787 -2.5560 -0.1792
v 0.0887 -2.5389 -0.1776
v 0.0000 -2.5237 -0.1765
v -0.0876 -2.5086 -0.1755
v -0.1744 -2.4945 -0.1749
v -0.2607 -2.4806 -0.1744
v -0.3474 -2.4717 -0.1745
v -0.4346 -2.4647 -0.1750
v -0.5222 -2.4567 -0.1756
v -0.6104 -2.4482 -0.1764
v -0.6986 -2.4361 -0.1772
v -0.7880 -2.4251 -0.1783
v -0.8795 -2.4163 -0.1798
v -0.9741 -2.4110 -0.1818
v -1.0710 -2.4054 -0.1841
v -1.1698 -2.3985 -0.1866
v -1.2712 -2.3907 -0.1893
v -1.3749 -2.3814 -0.1923
v -1.4827 -2.3728 -0.1957
v -1.5958 -2.3659 -0.1996
v -1.7154 -2.3610 -0.2041
v -1.8427 -2.3586 -0.2093
v -1.9771 -2.3563 -0.2151
v -2.1174 -2.3517 -0.2213
v -2.2636 -2.3440 -0.2279
v -2.4136 -2.3308 -0.2346
v -2.5669 -2.3113 -0.2415
v -2.7212 -2.2834 -0.2484
v -2.8752 -2.2464 -0.2551
v -3.0245 -2.1974 -0.2614
v -3.1638 -2.1340 -0.2669
v -3.2953 -2.0591 -0.2717
v -3.4057 -1.9663 -0.2750
v -3.4951 -1.8584 -0.2768
v -3.5579 -1.7353 -0.2768
v -3.5927 -1.5996 -0.2750
v -3.6036 -1.4559 -0.2718
v -3.5926 -1.3076 -0.2673
v -3.5720 -1.1606 -0.2626
v -3.5414 -1.0155 -0.2576
v -3.5044 -0.8737 -0.2526
v -3.4629 -0.7361 -0.2476
v -3.4183 -0.6027 -0.2427
v -3.3717 -0.4739 -0.2381
v -3.3239 -0.3494 -0.2337
v -3.2747 -0.2290 -0.2295
v -3.2232 -0.1126 -0.2255
v -3.1677 -0.0000 -0.2215
v -3.1070 0.1085 -0.2174
v -3.0412 0.2127 -0.2132
v -2.9727 0.3124 -0.2090
v -2.9029 0.4080 -0.2050
v -2.8339 0.4997 -0.2012
v -2.7685 0.5885 -0.1979
v -2.7052 0.6745 -0.1950
v -2.6448 0.7584 -0.1924
v -2.5898 0.8415 -0.1904
v -2.5342 0.9224 -0.1886
v -2.4797 1.0019 -0.1870
v -2.4257 1.0800 -0.1857
v -2.3711 1.1564 -0.1845
v -2.3158 1.2313 -0.1834
v -2.2595 1.3045 -0.1824
v -2.2022 1.3761 -0.1816
v -2.1419 1.4447 -0.1807
v -2.0809 1.5119 -0.1799
v -2.0192 1.5776 -0.1792
v -1.9568 1.6420 -0.1786
v -1.8938 1.7052 -0.1782
v -1.8274 1.7647 -0.1776
v -1.7546 1.8169 -0.1766
v -1.6812 1.8672 -0.1757
v -1.6071 1.9153 -0.1748
v -1.5495 1.9833 -0.1760
v -1.4890 2.0494 -0.1771
v -1.4230 2.1096 -0.1779
v -1.3510 2.1620 -0.1783
v -1.2749 2.2082 -0.1783
v -1.2004 2.2577 -0.1788
v -1.1240 2.3045 -0.1793
v -1.0478 2.3533 -0.1801
v -0.9686 2.3974 -0.1808
v -0.8895 2.4438 -0.1819
v -0.8074 2.4850 -0.1827
v -0.7273 2.5362 -0.1845
v -0.6431 2.5792 -0.1859
v -0.5567 2.6189 -0.1872
v -0.4677 2.6525 -0.1883
v -0.3774 2.6852 -0.1896
v -0.2853 2.7142 -0.1908
v -0.1917 2.7416 -0.1922
v -0.0966 2.7673 -0.1936
v -0.0000 2.7962 -0.1955
v 0.0986 2.8244 -0.1976
v 0.1991 2.8475 -0.1996
v 0.3013 2.8664 -0.2015
v 0.4037 2.8725 -0.2028
v 0.5065 2.8727 -0.2040
v 0.6101 2.8703 -0.2052
v 0.7169 2.8751 -0.2072
v 0.8254 2.8785 -0.2094
v 0.9367 2.8827 -0.2120
v 1.0443 2.8693 -0.2135
v 1.1525 2.8526 -0.2151
v 1.2631 2.8370 -0.2172
v 1.3751 2.8194 -0.2193
v 1.4880 2.7985 -0.2216
v 1.5977 2.7673 -0.2234
v 1.7084 2.7340 -0.2254
v 1.8305 2.7139 -0.2289
v 1.9479 2.6810 -0.2317
v 2.0663 2.6448 -0.2347
v 2.1700 2.5861 -0.2361
v 2.2704 2.5216 -0.2373
v 2.3625 2.4464 -0.2378
v 2.4592 2.3749 -0.2391
v 2.5698 2.3138 -0.2418
v 2.7071 2.2715 -0.2471
v 2.7773 2.1699 -0.2465
v 2.8501 2.0707 -0.2463
v 2.9278 1.9748 -0.2470
v 3.0040 1.8771 -0.2477
v 3.0793 1.7778 -0.2486
v 3.1400 1.6696 -0.2487
v 3.1777 1.5499 -0.2472
v 3.1985 1.4240 -0.2448
v 3.1794 1.2846 -0.2398
v 3.1687 1.1533 -0.2358
v 3.1555 1.0253 -0.2320
v 3.1412 0.9007 -0.2285
v 3.1179 0.7774 -0.2247
v 3.0995 0.6588 -0.2216
v 3.0871 0.5443 -0.2192
v 3.0907 0.4344 -0.2182
v 3.1024 0.3261 -0.2181
v 3.1020 0.2169 -0.2174
v 3.0999 0.1083 -0.2169
v 3.0915 0.0000 -0.2162
v 3.1216 -0.1090 -0.1091
v 3.1211 -0.2182 -0.1093
v 3.1319 -0.3292 -0.1100
v 3.1272 -0.4395 -0.1103
v 3.1137 -0.5490 -0.1104
v 3.0949 -0.6578 -0.1105
v 3.0731 -0.7662 -0.1106
v 3.0458 -0.8734 -0.1106
v 3.0147 -0.9795 -0.1107
v 2.9764 -1.0833 -0.1106
v 2.9350 -1.1858 -0.1105
v 2.8908 -1.2871 -0.1105
v 2.8393 -1.3848 -0.1103
v 2.7844 -1.4805 -0.1101
v 2.7275 -1.5747 -0.1100
v 2.6763 -1.6724 -0.1102
v 2.6264 -1.7716 -0.1106
v 2.5830 -1.8767 -0.1115
v 2.5428 -1.9866 -0.1127
v 2.5057 -2.1025 -0.1142
v 2.4660 -2.2204 -0.1159
v 2.4159 -2.3330 -0.1173
v 2.3448 -2.4281 -0.1179
v 2.2545 -2.5038 -0.1177
v 2.1454 -2.5568 -0.1166
v 2.0275 -2.5951 -0.1150
v 1.9046 -2.6214 -0.1132
v 1.7792 -2.6377 -0.1111
v 1.6547 -2.6481 -0.1090
v 1.5320 -2.6535 -0.1070
v 1.4159 -2.6629 -0.1053
v 1.3018 -2.6691 -0.1037
v 1.1891 -2.6708 -0.1021
v 1.0764 -2.6643 -0.1003
v 0.9650 -2.6512 -0.0985
v 0.8574 -2.6389 -0.0969
v 0.7535 -2.6277 -0.0955
v 0.6528 -2.6181 -0.0942
v 0.5529 -2.6010 -0.0929
v 0.4557 -2.5842 -0.0916
v 0.3609 -2.5679 -0.0906
v 0.2687 -2.5566 -0.0898
v 0.1780 -2.5448 -0.0891
v 0.0883 -2.5293 -0.0884
v 0.0000 -2.5156 -0.0878
v -0.0873 -2.5012 -0.0874
v -0.1739 -2.4865 -0.0870
v -0.2602 -2.4753 -0.0869
v -0.3466 -2.4663 -0.0870
v -0.4336 -2.4588 -0.0872
v -0.5205 -2.4490 -0.0874
v -0.6082 -2.4394 -0.0878
v -0.6963 -2.4284 -0.0882
v -0.7856 -2.4177 -0.0888
v -0.8773 -2.4104 -0.0896
v -0.9723 -2.4066 -0.0906
v -1.0685 -2.4000 -0.0917
v -1.1675 -2.3938 -0.0930
v -1.2674 -2.3836 -0.0943
v -1.3694 -2.3718 -0.0956
v -1.4757 -2.3616 -0.0972
v -1.5880 -2.3544 -0.0992
v -1.7065 -2.3488 -0.1014
v -1.8360 -2.3499 -0.1041
v -1.9726 -2.3509 -0.1072
v -2.1158 -2.3498 -0.1104
v -2.2630 -2.3434 -0.1138
v -2.4120 -2.3292 -0.1171
v -2.5613 -2.3062 -0.1204
v -2.7120 -2.2756 -0.1236
v -2.8631 -2.2369 -0.1269
v -3.0108 -2.1875 -0.1300
v -3.1497 -2.1245 -0.1327
v -3.2827 -2.0512 -0.1352
v -3.4024 -1.9644 -0.1372
v -3.4995 -1.8607 -0.1384
v -3.5677 -1.7401 -0.1386
v -3.6060 -1.6055 -0.1378
v -3.6178 -1.4617 -0.1363
v -3.6090 -1.3136 -0.1341
v -3.5843 -1.1646 -0.1316
v -3.5524 -1.0186 -0.1291
v -3.5139 -0.8761 -0.1265
v -3.4711 -0.7378 -0.1239
v -3.4251 -0.6039 -0.1215
v -3.3772 -0.4746 -0.1191
v -3.3282 -0.3498 -0.1169
v -3.2779 -0.2292 -0.1147
v -3.2255 -0.1126 -0.1127
v -3.1696 -0.0000 -0.1107
v -3.1089 0.1086 -0.1086
v -3.0437 0.2128 -0.1065
v -2.9762 0.3128 -0.1045
v -2.9071 0.4086 -0.1025
v -2.8389 0.5006 -0.1007
v -2.7743 0.5897 -0.0990
v -2.7115 0.6760 -0.0976
v -2.6516 0.7603 -0.0963
v -2.5947 0.8431 -0.0953
v -2.5411 0.9249 -0.0944
v -2.4866 1.0046 -0.0937
v -2.4324 1.0830 -0.0930
v -2.3776 1.1596 -0.0924
v -2.3220 1.2346 -0.0918
v -2.2654 1.3079 -0.0913
v -2.2077 1.3795 -0.0909
v -2.1468 1.4480 -0.0904
v -2.0852 1.5150 -0.0900
v -2.0228 1.5804 -0.0896
v -1.9599 1.6445 -0.0893
v -1.8962 1.7073 -0.0891
v -1.8279 1.7652 -0.0887
v -1.7524 1.8147 -0.0881
v -1.6764 1.8618 -0.0875
v -1.6046 1.9123 -0.0872
v -1.5430 1.9749 -0.0875
v -1.4823 2.0402 -0.0881
v -1.4176 2.1017 -0.0885
v -1.3439 2.1506 -0.0886
v -1.2669 2.1944 -0.0885
v -1.1929 2.2435 -0.0887
v -1.1170 2.2902 -0.0890
v -1.0416 2.3394 -0.0894
v -0.9651 2.3888 -0.0900
v -0.8852 2.4321 -0.0904
v -0.8058 2.4799 -0.0911
v -0.7211 2.5148 -0.0914
v -0.6384 2.5605 -0.0922
v -0.5528 2.6008 -0.0929
v -0.4650 2.6373 -0.0935
v -0.3750 2.6684 -0.0941
v -0.2833 2.6956 -0.0947
v -0.1905 2.7241 -0.0954
v -0.0960 2.7499 -0.0961
v -0.0000 2.7777 -0.0970
v 0.0978 2.8013 -0.0979
v 0.1976 2.8260 -0.0989
v 0.2985 2.8402 -0.0997
v 0.3997 2.8439 -0.1003
v 0.5011 2.8416 -0.1008
v 0.6031 2.8373 -0.1013
v 0.7090 2.8437 -0.1023
v 0.8165 2.8475 -0.1034
v 0.9282 2.8568 -0.1049
v 1.0320 2.8353 -0.1054
v 1.1332 2.8049 -0.1056
v 1.2377 2.7800 -0.1063
v 1.3479 2.7636 -0.1074
v 1.4581 2.7424 -0.1085
v 1.5685 2.7168 -0.1095
v 1.6781 2.6855 -0.1106
v 1.7927 2.6578 -0.1120
v 1.9067 2.6243 -0.1133
v 2.0205 2.5862 -0.1146
v 2.1344 2.5437 -0.1160
v 2.2303 2.4770 -0.1164
v 2.3171 2.3994 -0.1165
v 2.4123 2.3295 -0.1171
v 2.5304 2.2783 -0.1189
v 2.6432 2.2179 -0.1205
v 2.7440 2.1438 -0.1216
v 2.8062 2.0388 -0.1211
v 2.8903 1.9496 -0.1217
v 2.9728 1.8576 -0.1224
v 3.0489 1.7603 -0.1229
v 3.1110 1.6542 -0.1230
v 3.1544 1.5385 -0.1226
v 3.1683 1.4106 -0.1211
v 3.1591 1.2764 -0.1190
v 3.1492 1.1462 -0.1170
v 3.1404 1.0204 -0.1153
v 3.1272 0.8967 -0.1136
v 3.1063 0.7745 -0.1118
v 3.0857 0.6559 -0.1102
v 3.0809 0.5432 -0.1092
v 3.0835 0.4334 -0.1087
v 3.1043 0.3263 -0.1090
v 3.1035 0.2170 -0.1086
v 3.1125 0.1087 -0.1088
v 3.1132 0.0000 -0.1087
v 3.1279 -0.1092 0.0000
v 3.1248 -0.2185 0.0000
v 3.1326 -0.3293 0.0000
v 3.1319 -0.4402 0.0000
v 3.1220 -0.5505 0.0000
v 3.1080 -0.6606 0.0000
v 3.0886 -0.7701 0.0000
v 3.0642 -0.8786 0.0000
v 3.0330 -0.9855 0.0000
v 2.9943 -1.0898 0.0000
v 2.9527 -1.1930 0.0000
v 2.9069 -1.2942 0.0000
v 2.8540 -1.3920 0.0000
v 2.7876 -1.4822 0.0000
v 2.7334 -1.5782 0.0000
v 2.6853 -1.6780 0.0000
v 2.6437 -1.7832 0.0000
v 2.6029 -1.8911 0.0000
v 2.5619 -2.0016 0.0000
v 2.5218 -2.1161 0.0000
v 2.4784 -2.2316 0.0000
v 2.4217 -2.3386 0.0000
v 2.3488 -2.4322 0.0000
v 2.2538 -2.5031 0.0000
v 2.1423 -2.5531 0.0000
v 2.0207 -2.5864 0.0000
v 1.8949 -2.6081 0.0000
v 1.7674 -2.6203 0.0000
v 1.6421 -2.6278 0.0000
v 1.5201 -2.6330 0.0000
v 1.4043 -2.6412 0.0000
v 1.2917 -2.6485 0.0000
v 1.1810 -2.6526 0.0000
v 1.0703 -2.6490 0.0000
v 0.9604 -2.6387 0.0000
v 0.8533 -2.6262 0.0000
v 0.7494 -2.6136 0.0000
v 0.6485 -2.6011 0.0000
v 0.5493 -2.5843 0.0000
v 0.4527 -2.5674 0.0000
v 0.3587 -2.5524 0.0000
v 0.2670 -2.5403 0.0000
v 0.1769 -2.5297 0.0000
v 0.0879 -2.5170 0.0000
v 0.0000 -2.5045 0.0000
v -0.0870 -2.4912 0.0000
v -0.1732 -2.4772 0.0000
v -0.2592 -2.4658 0.0000
v -0.3454 -2.4574 0.0000
v -0.4321 -2.4506 0.0000
v -0.5180 -2.4371 0.0000
v -0.6051 -2.4269 0.0000
v -0.6915 -2.4114 0.0000
v -0.7827 -2.4089 0.0000
v -0.8745 -2.4028 0.0000
v -0.9698 -2.4004 0.0000
v -1.0673 -2.3971 0.0000
v -1.1648 -2.3881 0.0000
v -1.2630 -2.3753 0.0000
v -1.3630 -2.3608 0.0000
v -1.4676 -2.3487 0.0000
v -1.5777 -2.3390 0.0000
v -1.6971 -2.3358 0.0000
v -1.8249 -2.3357 0.0000
v -1.9644 -2.3411 0.0000
v -2.1143 -2.3482 0.0000
v -2.2638 -2.3442 0.0000
v -2.4107 -2.3279 0.0000
v -2.5538 -2.2995 0.0000
v -2.6974 -2.2634 0.0000
v -2.8490 -2.2259 0.0000
v -2.9923 -2.1740 0.0000
v -3.1295 -2.1109 0.0000
v -3.2669 -2.0414 0.0000
v -3.3942 -1.9597 0.0000
v -3.4989 -1.8604 0.0000
v -3.5711 -1.7417 0.0000
v -3.6118 -1.6081 0.0000
v -3.6246 -1.4644 0.0000
v -3.6157 -1.3160 0.0000
v -3.5902 -1.1665 0.0000
v -3.5578 -1.0202 0.0000
v -3.5184 -0.8772 0.0000
v -3.4746 -0.7385 0.0000
v -3.4275 -0.6044 0.0000
v -3.3786 -0.4748 0.0000
v -3.3285 -0.3498 0.0000
v -3.2773 -0.2292 0.0000
v -3.2242 -0.1126 0.0000
v -3.1681 -0.0000 0.0000
v -3.1079 0.1085 0.0000
v -3.0435 0.2128 0.0000
v -2.9774 0.3129 0.0000
v -2.9098 0.4089 0.0000
v -2.8429 0.5013 0.0000
v -2.7796 0.5908 0.0000
v -2.7176 0.6776 0.0000
v -2.6585 0.7623 0.0000
v -2.6017 0.8453 0.0000
v -2.5487 0.9277 0.0000
v -2.4943 1.0078 0.0000
v -2.4400 1.0864 0.0000
v -2.3848 1.1631 0.0000
v -2.3288 1.2382 0.0000
v -2.2717 1.3116 0.0000
v -2.2135 1.3831 0.0000
v -2.1516 1.4513 0.0000
v -2.0889 1.5177 0.0000
v -2.0256 1.5826 0.0000
v -1.9618 1.6461 0.0000
v -1.8972 1.7082 0.0000
v -1.8268 1.7641 0.0000
v -1.7524 1.8147 0.0000
v -1.6768 1.8622 0.0000
v -1.6045 1.9122 0.0000
v -1.5412 1.9727 0.0000
v -1.4780 2.0344 0.0000
v -1.4105 2.0911 0.0000
v -1.3370 2.1397 0.0000
v -1.2596 2.1816 0.0000
v -1.1834 2.2256 0.0000
v -1.1116 2.2791 0.0000
v -1.0361 2.3271 0.0000
v -0.9601 2.3763 0.0000
v -0.8820 2.4233 0.0000
v -0.7992 2.4598 0.0000
v -0.7169 2.5000 0.0000
v -0.6328 2.5381 0.0000
v -0.5483 2.5797 0.0000
v -0.4617 2.6184 0.0000
v -0.3726 2.6510 0.0000
v -0.2812 2.6751 0.0000
v -0.1889 2.7015 0.0000
v -0.0951 2.7238 0.0000
v -0.0000 2.7411 0.0000
v 0.0967 2.7685 0.0000
v 0.1954 2.7943 0.0000
v 0.2948 2.8048 0.0000
v 0.3945 2.8072 0.0000
v 0.4948 2.8061 0.0000
v 0.5956 2.8023 0.0000
v 0.6981 2.7999 0.0000
v 0.8058 2.8101 0.0000
v 0.9108 2.8030 0.0000
v 1.0144 2.7871 0.0000
v 1.1071 2.7401 0.0000
v 1.2122 2.7225 0.0000
v 1.3219 2.7102 0.0000
v 1.4308 2.6909 0.0000
v 1.5400 2.6674 0.0000
v 1.6453 2.6331 0.0000
v 1.7525 2.5982 0.0000
v 1.8613 2.5619 0.0000
v 1.9675 2.5182 0.0000
v 2.0775 2.4759 0.0000
v 2.1709 2.4111 0.0000
v 2.2547 2.3348 0.0000
v 2.3378 2.2576 0.0000
v 2.4494 2.2055 0.0000
v 2.5597 2.1479 0.0000
v 2.6616 2.0795 0.0000
v 2.7388 1.9898 0.0000
v 2.8349 1.9122 0.0000
v 2.9231 1.8265 0.0000
v 3.0070 1.7361 0.0000
v 3.0686 1.6316 0.0000
v 3.1090 1.5164 0.0000
v 3.1269 1.3922 0.0000
v 3.1177 1.2597 0.0000
v 3.1044 1.1299 0.0000
v 3.0969 1.0063 0.0000
v 3.0849 0.8846 0.0000
v 3.0725 0.7661 0.0000
v 3.0465 0.6476 0.0000
v 3.0468 0.5372 0.0000
v 3.0691 0.4313 0.0000
v 3.1037 0.3262 0.0000
v 3.1138 0.2177 0.0000
v 3.1224 0.1090 0.0000
v 3.1232 0.0000 0.0000
v 3.1250 -0.1091 0.1092
v 3.1245 -0.2185 0.1094
v 3.1287 -0.3288 0.1099
v 3.1255 -0.4393 0.1102
v 3.1218 -0.5505 0.1107
v 3.1125 -0.6616 0.1111
v 3.0983 -0.7725 0.1115
v 3.0760 -0.8820 0.1117
v 3.0451 -0.9894 0.1118
v 3.0060 -1.0941 0.1117
v 2.9656 -1.1982 0.1117
v 2.9195 -1.2998 0.1116
v 2.8628 -1.3963 0.1112
v 2.7993 -1.4884 0.1107
v 2.7298 -1.5760 0.1101
v 2.6856 -1.6781 0.1106
v 2.6506 -1.7879 0.1117
v 2.6132 -1.8986 0.1128
v 2.5727 -2.0100 0.1140
v 2.5288 -2.1219 0.1153
v 2.4775 -2.2308 0.1164
v 2.4156 -2.3327 0.1173
v 2.3375 -2.4205 0.1175
v 2.2433 -2.4914 0.1171
v 2.1303 -2.5388 0.1157
v 2.0084 -2.5707 0.1139
v 1.8821 -2.5904 0.1118
v 1.7541 -2.6005 0.1095
v 1.6285 -2.6062 0.1073
v 1.5065 -2.6094 0.1052
v 1.3915 -2.6171 0.1035
v 1.2799 -2.6241 0.1020
v 1.1692 -2.6260 0.1004
v 1.0590 -2.6212 0.0987
v 0.9506 -2.6117 0.0971
v 0.8447 -2.5997 0.0955
v 0.7418 -2.5868 0.0940
v 0.6416 -2.5732 0.0926
v 0.5443 -2.5607 0.0914
v 0.4488 -2.5452 0.0903
v 0.3557 -2.5309 0.0892
v 0.2649 -2.5200 0.0885
v 0.1755 -2.5092 0.0878
v 0.0873 -2.4988 0.0873
v 0.0000 -2.4870 0.0868
v -0.0864 -2.4754 0.0865
v -0.1723 -2.4644 0.0863
v -0.2580 -2.4549 0.0862
v -0.3438 -2.4460 0.0863
v -0.4293 -2.4347 0.0863
v -0.5153 -2.4241 0.0865
v -0.6018 -2.4137 0.0869
v -0.6868 -2.3952 0.0870
v -0.7760 -2.3883 0.0877
v -0.8686 -2.3865 0.0887
v -0.9665 -2.3921 0.0901
v -1.0633 -2.3883 0.0913
v -1.1602 -2.3787 0.0924
v -1.2578 -2.3656 0.0936
v -1.3567 -2.3499 0.0948
v -1.4576 -2.3327 0.0961
v -1.5659 -2.3215 0.0978
v -1.6840 -2.3178 0.1000
v -1.8107 -2.3175 0.1027
v -1.9533 -2.3278 0.1061
v -2.1041 -2.3369 0.1098
v -2.2573 -2.3375 0.1135
v -2.4049 -2.3224 0.1167
v -2.5491 -2.2952 0.1198
v -2.6917 -2.2586 0.1227
v -2.8329 -2.2133 0.1255
v -2.9678 -2.1563 0.1281
v -3.1074 -2.0960 0.1309
v -3.2470 -2.0289 0.1337
v -3.3850 -1.9543 0.1365
v -3.4937 -1.8576 0.1382
v -3.5695 -1.7409 0.1387
v -3.6105 -1.6075 0.1380
v -3.6235 -1.4640 0.1365
v -3.6150 -1.3157 0.1343
v -3.5895 -1.1663 0.1318
v -3.5570 -1.0200 0.1292
v -3.5173 -0.8770 0.1266
v -3.4731 -0.7382 0.1240
v -3.4256 -0.6040 0.1215
v -3.3760 -0.4745 0.1191
v -3.3252 -0.3495 0.1168
v -3.2735 -0.2289 0.1146
v -3.2202 -0.1125 0.1125
v -3.1643 -0.0000 0.1105
v -3.1047 0.1084 0.1085
v -3.0415 0.2127 0.1065
v -2.9770 0.3129 0.1045
v -2.9112 0.4091 0.1027
v -2.8462 0.5019 0.1009
v -2.7845 0.5919 0.0994
v -2.7238 0.6791 0.0980
v -2.6657 0.7644 0.0968
v -2.6098 0.8480 0.0958
v -2.5570 0.9307 0.0950
v -2.5026 1.0111 0.0943
v -2.4482 1.0900 0.0936
v -2.3927 1.1670 0.0930
v -2.3362 1.2422 0.0924
v -2.2783 1.3154 0.0919
v -2.2193 1.3867 0.0914
v -2.1568 1.4548 0.0909
v -2.0937 1.5211 0.0904
v -2.0299 1.5859 0.0900
v -1.9655 1.6492 0.0896
v -1.9004 1.7111 0.0893
v -1.8282 1.7654 0.0887
v -1.7545 1.8168 0.0882
v -1.6808 1.8668 0.0877
v -1.6093 1.9178 0.0874
v -1.5431 1.9750 0.0875
v -1.4762 2.0318 0.0877
v -1.4070 2.0859 0.0879
v -1.3337 2.1343 0.0879
v -1.2552 2.1740 0.0877
v -1.1783 2.2161 0.0876
v -1.1076 2.2709 0.0882
v -1.0327 2.3195 0.0887
v -0.9557 2.3655 0.0891
v -0.8767 2.4087 0.0895
v -0.7940 2.4436 0.0897
v -0.7116 2.4815 0.0901
v -0.6268 2.5139 0.0905
v -0.5431 2.5553 0.0912
v -0.4580 2.5973 0.0921
v -0.3694 2.6282 0.0927
v -0.2790 2.6543 0.0932
v -0.1872 2.6764 0.0937
v -0.0936 2.6803 0.0937
v -0.0000 2.7085 0.0946
v 0.0956 2.7381 0.0957
v 0.1924 2.7517 0.0963
v 0.2899 2.7584 0.0969
v 0.3874 2.7562 0.0972
v 0.4852 2.7516 0.0976
v 0.5842 2.7484 0.0981
v 0.6890 2.7635 0.0995
v 0.7936 2.7677 0.1005
v 0.8972 2.7612 0.1014
v 0.9970 2.7391 0.1018
v 1.0943 2.7084 0.1020
v 1.1878 2.6678 0.1020
v 1.2945 2.6541 0.1031
v 1.3999 2.6328 0.1041
v 1.5046 2.6061 0.1051
v 1.6045 2.5678 0.1057
v 1.7084 2.5328 0.1067
v 1.7997 2.4771 0.1069
v 1.9014 2.4336 0.1078
v 2.0194 2.4067 0.1097
v 2.1031 2.3357 0.1098
v 2.1856 2.2632 0.1099
v 2.2619 2.1843 0.1098
v 2.3609 2.1258 0.1109
v 2.4636 2.0672 0.1123
v 2.5607 2.0007 0.1135
v 2.6612 1.9335 0.1149
v 2.7647 1.8648 0.1165
v 2.8700 1.7934 0.1182
v 2.9530 1.7049 0.1191
v 3.0146 1.6029 0.1192
v 3.0617 1.4933 0.1190
v 3.0739 1.3686 0.1175
v 3.0647 1.2382 0.1154
v 3.0542 1.1116 0.1135
v 3.0406 0.9879 0.1116
v 3.0088 0.8628 0.1093
v 3.0102 0.7505 0.1083
v 3.0076 0.6393 0.1074
v 3.0163 0.5319 0.1070
v 3.0385 0.4270 0.1071
v 3.0725 0.3229 0.1079
v 3.1059 0.2172 0.1087
v 3.1186 0.1089 0.1090
v 3.1244 0.0000 0.1091
v 3.1159 -0.1088 0.2180
v 3.1163 -0.2179 0.2184
v 3.1228 -0.3282 0.2196
v 3.1226 -0.4389 0.2205
v 3.1217 -0.5504 0.2217
v 3.1155 -0.6622 0.2227
v 3.1051 -0.7742 0.2238
v 3.0840 -0.8843 0.2243
v 3.0545 -0.9925 0.2246
v 3.0149 -1.0973 0.2244
v 2.9748 -1.2019 0.2244
v 2.9322 -1.3055 0.2244
v 2.8798 -1.4046 0.2241
v 2.8097 -1.4939 0.2225
v 2.7473 -1.5861 0.2218
v 2.6993 -1.6867 0.2226
v 2.6601 -1.7943 0.2244
v 2.6193 -1.9030 0.2264
v 2.5772 -2.0135 0.2287
v 2.5281 -2.1213 0.2308
v 2.4710 -2.2249 0.2325
v 2.4027 -2.3203 0.2336
v 2.3218 -2.4043 0.2337
v 2.2260 -2.4722 0.2326
v 2.1134 -2.5187 0.2299
v 1.9917 -2.5493 0.2262
v 1.8654 -2.5675 0.2219
v 1.7381 -2.5768 0.2173
v 1.6129 -2.5812 0.2128
v 1.4915 -2.5833 0.2086
v 1.3769 -2.5895 0.2051
v 1.2655 -2.5947 0.2019
v 1.1544 -2.5929 0.1985
v 1.0450 -2.5864 0.1951
v 0.9376 -2.5761 0.1917
v 0.8334 -2.5648 0.1886
v 0.7321 -2.5530 0.1857
v 0.6338 -2.5421 0.1832
v 0.5378 -2.5302 0.1809
v 0.4443 -2.5196 0.1789
v 0.3522 -2.5062 0.1770
v 0.2623 -2.4954 0.1755
v 0.1738 -2.4856 0.1742
v 0.0864 -2.4748 0.1732
v 0.0000 -2.4643 0.1723
v -0.0857 -2.4542 0.1717
v -0.1710 -2.4457 0.1714
v -0.2562 -2.4380 0.1714
v -0.3415 -2.4298 0.1716
v -0.4266 -2.4195 0.1718
v -0.5119 -2.4081 0.1722
v -0.5977 -2.3972 0.1728
v -0.6809 -2.3747 0.1727
v -0.7693 -2.3677 0.1741
v -0.8619 -2.3682 0.1762
v -0.9600 -2.3761 0.1792
v -1.0569 -2.3739 0.1817
v -1.1536 -2.3653 0.1840
v -1.2498 -2.3505 0.1862
v -1.3470 -2.3331 0.1884
v -1.4451 -2.3127 0.1907
v -1.5496 -2.2974 0.1938
v -1.6682 -2.2961 0.1985
v -1.7935 -2.2956 0.2037
v -1.9349 -2.3059 0.2105
v -2.0875 -2.3184 0.2182
v -2.2395 -2.3191 0.2254
v -2.3911 -2.3090 0.2324
v -2.5358 -2.2833 0.2386
v -2.6779 -2.2470 0.2444
v -2.8189 -2.2024 0.2501
v -2.9483 -2.1421 0.2548
v -3.0883 -2.0831 0.2605
v -3.2313 -2.0191 0.2664
v -3.3722 -1.9469 0.2723
v -3.4850 -1.8530 0.2760
v -3.5597 -1.7362 0.2769
v -3.6005 -1.6031 0.2756
v -3.6138 -1.4601 0.2725
v -3.6038 -1.3117 0.2682
v -3.5811 -1.1636 0.2633
v -3.5494 -1.0178 0.2582
v -3.5105 -0.8753 0.2530
v -3.4666 -0.7368 0.2478
v -3.4192 -0.6029 0.2428
v -3.3694 -0.4735 0.2379
v -3.3185 -0.3488 0.2333
v -3.2666 -0.2284 0.2290
v -3.2134 -0.1122 0.2248
v -3.1579 -0.0000 0.2208
v -3.0993 0.1082 0.2169
v -3.0377 0.2124 0.2129
v -2.9749 0.3127 0.2092
v -2.9113 0.4092 0.2056
v -2.8484 0.5022 0.2023
v -2.7885 0.5927 0.1994
v -2.7297 0.6806 0.1967
v -2.6729 0.7664 0.1944
v -2.6179 0.8506 0.1925
v -2.5651 0.9336 0.1909
v -2.5113 1.0146 0.1894
v -2.4566 1.0938 0.1880
v -2.4009 1.1710 0.1868
v -2.3437 1.2462 0.1856
v -2.2850 1.3192 0.1845
v -2.2248 1.3902 0.1835
v -2.1617 1.4581 0.1823
v -2.0976 1.5240 0.1813
v -2.0330 1.5883 0.1804
v -1.9678 1.6512 0.1796
v -1.9022 1.7127 0.1790
v -1.8281 1.7654 0.1777
v -1.7560 1.8184 0.1768
v -1.6845 1.8708 0.1760
v -1.6137 1.9231 0.1755
v -1.5450 1.9775 0.1755
v -1.4743 2.0292 0.1754
v -1.4008 2.0767 0.1752
v -1.3313 2.1305 0.1757
v -1.2524 2.1693 0.1752
v -1.1782 2.2158 0.1755
v -1.1042 2.2639 0.1761
v -1.0279 2.3086 0.1767
v -0.9511 2.3539 0.1775
v -0.8715 2.3944 0.1782
v -0.7893 2.4292 0.1786
v -0.7065 2.4639 0.1792
v -0.6220 2.4947 0.1798
v -0.5382 2.5318 0.1810
v -0.4533 2.5710 0.1826
v -0.3657 2.6021 0.1837
v -0.2764 2.6297 0.1849
v -0.1854 2.6511 0.1858
v -0.0931 2.6649 0.1865
v -0.0000 2.6899 0.1881
v 0.0942 2.6978 0.1888
v 0.1894 2.7080 0.1898
v 0.2853 2.7141 0.1908
v 0.3808 2.7092 0.1913
v 0.4773 2.7066 0.1922
v 0.5758 2.7087 0.1936
v 0.6790 2.7232 0.1963
v 0.7816 2.7258 0.1983
v 0.8826 2.7162 0.1997
v 0.9804 2.6936 0.2004
v 1.0748 2.6602 0.2006
v 1.1706 2.6292 0.2012
v 1.2707 2.6053 0.2027
v 1.3669 2.5707 0.2036
v 1.4647 2.5369 0.2048
v 1.5632 2.5016 0.2063
v 1.6617 2.4636 0.2078
v 1.7584 2.4203 0.2092
v 1.8460 2.3628 0.2097
v 1.9487 2.3223 0.2120
v 2.0366 2.2619 0.2128
v 2.1151 2.1902 0.2129
v 2.1900 2.1149 0.2129
v 2.2735 2.0470 0.2139
v 2.3729 1.9911 0.2166
v 2.4787 1.9366 0.2200
v 2.5820 1.8759 0.2232
v 2.6999 1.8211 0.2277
v 2.8030 1.7515 0.2311
v 2.8878 1.6673 0.2332
v 2.9527 1.5700 0.2338
v 2.9884 1.4575 0.2325
v 3.0003 1.3358 0.2297
v 2.9956 1.2103 0.2259
v 2.9880 1.0875 0.2223
v 2.9596 0.9616 0.2176
v 2.9426 0.8438 0.2141
v 2.9504 0.7356 0.2126
v 2.9553 0.6282 0.2113
v 2.9693 0.5236 0.2108
v 2.9949 0.4209 0.2115
v 3.0294 0.3184 0.2130
v 3.0752 0.2150 0.2156
v 3.0960 0.1081 0.2166
v 3.1106 0.0000 0.2175
v 3.0979 -0.1082 0.3258
v 3.1073 -0.2173 0.3274
v 3.1173 -0.3276 0.3294
v 3.1201 -0.4385 0.3312
v 3.1221 -0.5505 0.3332
v 3.1197 -0.6631 0.3352
v 3.1102 -0.7755 0.3369
v 3.0901 -0.8861 0.3379
v 3.0605 -0.9944 0.3382
v 3.0216 -1.0998 0.3380
v 2.9825 -1.2050 0.3381
v 2.9419 -1.3098 0.3385
v 2.8940 -1.4115 0.3384
v 2.8369 -1.5084 0.3377
v 2.7793 -1.6046 0.3373
v 2.7255 -1.7031 0.3378
v 2.6757 -1.8048 0.3392
v 2.6265 -1.9083 0.3412
v 2.5795 -2.0153 0.3440
v 2.5256 -2.1192 0.3465
v 2.4633 -2.2179 0.3484
v 2.3909 -2.3088 0.3493
v 2.3066 -2.3886 0.3490
v 2.2085 -2.4528 0.3469
v 2.0944 -2.4960 0.3425
v 1.9714 -2.5233 0.3366
v 1.8454 -2.5400 0.3300
v 1.7183 -2.5474 0.3230
v 1.5947 -2.5521 0.3163
v 1.4736 -2.5523 0.3098
v 1.3596 -2.5570 0.3044
v 1.2480 -2.5587 0.2992
v 1.1378 -2.5555 0.2940
v 1.0290 -2.5469 0.2887
v 0.9225 -2.5347 0.2835
v 0.8199 -2.5233 0.2789
v 0.7215 -2.5161 0.2751
v 0.6251 -2.5073 0.2716
v 0.5311 -2.4987 0.2685
v 0.4391 -2.4903 0.2658
v 0.3483 -2.4786 0.2631
v 0.2595 -2.4685 0.2609
v 0.1719 -2.4577 0.2589
v 0.0854 -2.4468 0.2573
v 0.0000 -2.4367 0.2561
v -0.0848 -2.4281 0.2554
v -0.1694 -2.4229 0.2553
v -0.2541 -2.4172 0.2555
v -0.3389 -2.4114 0.2559
v -0.4236 -2.4025 0.2564
v -0.5083 -2.3915 0.2570
v -0.5934 -2.3800 0.2578
v -0.6760 -2.3576 0.2578
v -0.7636 -2.3501 0.2597
v -0.8549 -2.3487 0.2627
v -0.9520 -2.3563 0.2671
v -1.0484 -2.3548 0.2709
v -1.1442 -2.3461 0.2743
v -1.2397 -2.3315 0.2775
v -1.3354 -2.3130 0.2807
v -1.4336 -2.2943 0.2843
v -1.5356 -2.2767 0.2886
v -1.6510 -2.2724 0.2952
v -1.7726 -2.2688 0.3026
v -1.9105 -2.2769 0.3124
v -2.0566 -2.2841 0.3230
v -2.2204 -2.2993 0.3360
v -2.3627 -2.2816 0.3452
v -2.5111 -2.2610 0.3551
v -2.6586 -2.2308 0.3648
v -2.7949 -2.1836 0.3728
v -2.9318 -2.1301 0.3809
v -3.0727 -2.0726 0.3896
v -3.2163 -2.0098 0.3986
v -3.3580 -1.9388 0.4075
v -3.4673 -1.8436 0.4127
v -3.5397 -1.7264 0.4139
v -3.5804 -1.5941 0.4119
v -3.5945 -1.4523 0.4075
v -3.5842 -1.3045 0.4009
v -3.5647 -1.1582 0.3939
v -3.5345 -1.0135 0.3865
v -3.4972 -0.8719 0.3788
v -3.4543 -0.7342 0.3712
v -3.4076 -0.6008 0.3637
v -3.3583 -0.4720 0.3564
v -3.3076 -0.3476 0.3496
v -3.2560 -0.2277 0.3431
v -3.2031 -0.1119 0.3369
v -3.1484 -0.0000 0.3309
v -3.0911 0.1079 0.3251
v -3.0321 0.2120 0.3195
v -2.9705 0.3122 0.3139
v -2.9094 0.4089 0.3088
v -2.8490 0.5024 0.3041
v -2.7912 0.5933 0.2999
v -2.7343 0.6817 0.2962
v -2.6793 0.7683 0.2930
v -2.6253 0.8530 0.2901
v -2.5720 0.9361 0.2877
v -2.5198 1.0181 0.2856
v -2.4648 1.0974 0.2836
v -2.4087 1.1748 0.2817
v -2.3508 1.2499 0.2798
v -2.2909 1.3227 0.2780
v -2.2296 1.3932 0.2763
v -2.1654 1.4606 0.2745
v -2.1003 1.5259 0.2729
v -2.0347 1.5897 0.2714
v -1.9688 1.6520 0.2701
v -1.9024 1.7129 0.2691
v -1.8266 1.7639 0.2669
v -1.7560 1.8184 0.2657
v -1.6864 1.8729 0.2649
v -1.6170 1.9271 0.2644
v -1.5463 1.9792 0.2640
v -1.4734 2.0280 0.2635
v -1.3979 2.0725 0.2628
v -1.3255 2.1212 0.2629
v -1.2528 2.1700 0.2634
v -1.1764 2.2124 0.2634
v -1.1000 2.2552 0.2637
v -1.0232 2.2982 0.2644
v -0.9457 2.3407 0.2653
v -0.8666 2.3808 0.2663
v -0.7840 2.4130 0.2667
v -0.7002 2.4418 0.2670
v -0.6176 2.4770 0.2683
v -0.5342 2.5131 0.2700
v -0.4489 2.5458 0.2717
v -0.3621 2.5763 0.2734
v -0.2733 2.5999 0.2748
v -0.1832 2.6202 0.2761
v -0.0919 2.6323 0.2768
v -0.0000 2.6517 0.2787
v 0.0930 2.6635 0.2801
v 0.1869 2.6734 0.2817
v 0.2785 2.6497 0.2800
v 0.3747 2.6662 0.2830
v 0.4698 2.6643 0.2843
v 0.5672 2.6683 0.2867
v 0.6666 2.6737 0.2896
v 0.7678 2.6776 0.2928
v 0.8657 2.6644 0.2945
v 0.9611 2.6406 0.2953
v 1.0542 2.6092 0.2958
v 1.1460 2.5740 0.2961
v 1.2426 2.5478 0.2979
v 1.3379 2.5163 0.2995
v 1.4266 2.4710 0.2999
v 1.5235 2.4381 0.3022
v 1.6172 2.3976 0.3040
v 1.7108 2.3548 0.3059
v 1.8019 2.3063 0.3076
v 1.8884 2.2505 0.3088
v 1.9702 2.1881 0.3095
v 2.0450 2.1177 0.3094
v 2.1139 2.0413 0.3089
v 2.1987 1.9797 0.3110
v 2.2956 1.9262 0.3150
v 2.3997 1.8749 0.3201
v 2.5138 1.8264 0.3266
v 2.6334 1.7762 0.3339
v 2.7375 1.7106 0.3393
v 2.8197 1.6280 0.3422
v 2.8758 1.5291 0.3423
v 2.9085 1.4186 0.3401
v 2.9131 1.2970 0.3352
v 2.9219 1.1805 0.3312
v 2.9162 1.0614 0.3262
v 2.8985 0.9418 0.3203
v 2.8974 0.8308 0.3168
v 2.8975 0.7224 0.3139
v 2.9047 0.6174 0.3121
v 2.9216 0.5152 0.3118
v 2.9496 0.4145 0.3131
v 2.9851 0.3137 0.3155
v 3.0171 0.2110 0.3179
v 3.0596 0.1068 0.3218
v 3.0782 0.0000 0.3235
v 3.0631 -0.1070 0.4308
v 3.0850 -0.2157 0.4346
v 3.1040 -0.3262 0.4386
v 3.1166 -0.4380 0.4423
v 3.1215 -0.5504 0.4455
v 3.1206 -0.6633 0.4484
v 3.1123 -0.7760 0.4508
v 3.0940 -0.8872 0.4524
v 3.0661 -0.9962 0.4531
v 3.0290 -1.1025 0.4530
v 2.9907 -1.2083 0.4533
v 2.9496 -1.3133 0.4538
v 2.9038 -1.4163 0.4541
v 2.8522 -1.5166 0.4540
v 2.7962 -1.6144 0.4538
v 2.7417 -1.7132 0.4544
v 2.6856 -1.8114 0.4553
v 2.6306 -1.9112 0.4570
v 2.5780 -2.0142 0.4598
v 2.5200 -2.1145 0.4623
v 2.4534 -2.2090 0.4640
v 2.3763 -2.2948 0.4643
v 2.2877 -2.3690 0.4628
v 2.1866 -2.4284 0.4593
v 2.0703 -2.4672 0.4526
v 1.9467 -2.4917 0.4444
v 1.8205 -2.5057 0.4353
v 1.6958 -2.5141 0.4262
v 1.5731 -2.5175 0.4172
v 1.4549 -2.5200 0.4089
v 1.3423 -2.5245 0.4018
v 1.2315 -2.5250 0.3948
v 1.1221 -2.5203 0.3877
v 1.0147 -2.5114 0.3807
v 0.9095 -2.4989 0.3737
v 0.8086 -2.4885 0.3677
v 0.7115 -2.4814 0.3628
v 0.6171 -2.4751 0.3585
v 0.5245 -2.4678 0.3546
v 0.4339 -2.4606 0.3511
v 0.3443 -2.4499 0.3477
v 0.2563 -2.4386 0.3446
v 0.1697 -2.4273 0.3420
v 0.0843 -2.4150 0.3396
v 0.0000 -2.4058 0.3381
v -0.0838 -2.3986 0.3373
v -0.1676 -2.3964 0.3376
v -0.2516 -2.3937 0.3383
v -0.3360 -2.3906 0.3393
v -0.4206 -2.3851 0.3404
v -0.5045 -2.3735 0.3410
v -0.5875 -2.3565 0.3413
v -0.6723 -2.3445 0.3428
v -0.7590 -2.3360 0.3452
v -0.8485 -2.3313 0.3487
v -0.9440 -2.3365 0.3542
v -1.0396 -2.3350 0.3592
v -1.1345 -2.3260 0.3637
v -1.2283 -2.3100 0.3677
v -1.3235 -2.2924 0.3720
v -1.4201 -2.2726 0.3766
v -1.5207 -2.2545 0.3822
v -1.6316 -2.2458 0.3901
v -1.7544 -2.2456 0.4005
v -1.8845 -2.2458 0.4120
v -2.0266 -2.2508 0.4257
v -2.1757 -2.2530 0.4402
v -2.3276 -2.2477 0.4547
v -2.4814 -2.2343 0.4693
v -2.6301 -2.2069 0.4825
v -2.7721 -2.1658 0.4944
v -2.9130 -2.1164 0.5060
v -3.0563 -2.0615 0.5181
v -3.1974 -1.9979 0.5299
v -3.3373 -1.9268 0.5416
v -3.4408 -1.8295 0.5477
v -3.5095 -1.7117 0.5488
v -3.5494 -1.5803 0.5460
v -3.5650 -1.4404 0.5404
v -3.5564 -1.2944 0.5319
v -3.5393 -1.1500 0.5230
v -3.5118 -1.0070 0.5134
v -3.4768 -0.8669 0.5036
v -3.4358 -0.7303 0.4937
v -3.3905 -0.5978 0.4838
v -3.3421 -0.4697 0.4743
v -3.2920 -0.3460 0.4652
v -3.2409 -0.2266 0.4566
v -3.1886 -0.1113 0.4484
v -3.1348 -0.0000 0.4406
v -3.0789 0.1075 0.4330
v -3.0220 0.2113 0.4258
v -2.9630 0.3114 0.4187
v -2.9046 0.4082 0.4122
v -2.8471 0.5020 0.4063
v -2.7920 0.5935 0.4012
v -2.7372 0.6825 0.3965
v -2.6839 0.7696 0.3924
v -2.6314 0.8550 0.3888
v -2.5790 0.9387 0.3857
v -2.5272 1.0211 0.3831
v -2.4715 1.1004 0.3802
v -2.4155 1.1781 0.3777
v -2.3567 1.2531 0.3751
v -2.2957 1.3254 0.3726
v -2.2328 1.3952 0.3700
v -2.1675 1.4620 0.3674
v -2.1012 1.5266 0.3650
v -2.0346 1.5896 0.3629
v -1.9678 1.6512 0.3610
v -1.9009 1.7115 0.3595
v -1.8240 1.7614 0.3564
v -1.7536 1.8159 0.3548
v -1.6851 1.8715 0.3539
v -1.6169 1.9269 0.3535
v -1.5461 1.9789 0.3529
v -1.4723 2.0264 0.3520
v -1.3971 2.0713 0.3511
v -1.3266 2.1230 0.3518
v -1.2485 2.1624 0.3509
v -1.1720 2.2042 0.3509
v -1.0948 2.2447 0.3510
v -1.0179 2.2863 0.3517
v -0.9402 2.3271 0.3527
v -0.8606 2.3646 0.3537
v -0.7795 2.3991 0.3545
v -0.6959 2.4268 0.3548
v -0.6131 2.4588 0.3561
v -0.5290 2.4886 0.3576
v -0.4443 2.5195 0.3596
v -0.3579 2.5467 0.3614
v -0.2700 2.5685 0.3630
v -0.1809 2.5866 0.3644
v -0.0907 2.5971 0.3652
v -0.0000 2.6149 0.3675
v 0.0917 2.6251 0.3692
v 0.1841 2.6331 0.3710
v 0.2743 2.6101 0.3689
v 0.3664 2.6072 0.3700
v 0.4636 2.6294 0.3752
v 0.5587 2.6284 0.3776
v 0.6563 2.6322 0.3813
v 0.7516 2.6212 0.3832
v 0.8465 2.6053 0.3850
v 0.9370 2.5744 0.3850
v 1.0315 2.5529 0.3870
v 1.1227 2.5216 0.3879
v 1.2134 2.4879 0.3890
v 1.3056 2.4555 0.3909
v 1.3976 2.4207 0.3928
v 1.4868 2.3794 0.3943
v 1.5730 2.3320 0.3953
v 1.6639 2.2902 0.3979
v 1.7491 2.2387 0.3993
v 1.8297 2.1806 0.4001
v 1.9058 2.1166 0.4003
v 1.9771 2.0473 0.4000
v 2.0393 1.9693 0.3984
v 2.1353 1.9227 0.4038
v 2.2311 1.8721 0.4093
v 2.3312 1.8213 0.4158
v 2.4454 1.7767 0.4248
v 2.5631 1.7289 0.4345
v 2.6610 1.6628 0.4410
v 2.7529 1.5894 0.4467
v 2.7924 1.4848 0.4445
v 2.8181 1.3745 0.4406
v 2.8289 1.2595 0.4352
v 2.8390 1.1470 0.4303
v 2.8437 1.0350 0.4253
v 2.8353 0.9212 0.4190
v 2.8473 0.8165 0.4163
v 2.8532 0.7114 0.4133
v 2.8630 0.6085 0.4114
v 2.8821 0.5082 0.4113
v 2.9107 0.4091 0.4131
v 2.9441 0.3094 0.4160
v 2.9746 0.2080 0.4191
v 3.0203 0.1055 0.4247
v 3.0370 0.0000 0.4268
v 3.0205 -0.1055 0.5329
v 3.0514 -0.2134 0.5394
v 3.0891 -0.3247 0.5477
v 3.1062 -0.4365 0.5531
v 3.1129 -0.5489 0.5574
v 3.1146 -0.6620 0.5615
v 3.1074 -0.7748 0.5647
v 3.0909 -0.8863 0.5670
v 3.0657 -0.9961 0.5684
v 3.0299 -1.1028 0.5685
v 2.9940 -1.2097 0.5694
v 2.9546 -1.3155 0.5703
v 2.9097 -1.4192 0.5708
v 2.8595 -1.5204 0.5710
v 2.7990 -1.6160 0.5699
v 2.7418 -1.7132 0.5701
v 2.6824 -1.8093 0.5705
v 2.6240 -1.9065 0.5719
v 2.5713 -2.0089 0.5754
v 2.5090 -2.1053 0.5775
v 2.4363 -2.1936 0.5781
v 2.3531 -2.2723 0.5768
v 2.2591 -2.3394 0.5734
v 2.1544 -2.3927 0.5677
v 2.0372 -2.4278 0.5588
v 1.9144 -2.4503 0.5483
v 1.7905 -2.4644 0.5371
v 1.6673 -2.4719 0.5258
v 1.5480 -2.4773 0.5151
v 1.4317 -2.4797 0.5049
v 1.3211 -2.4847 0.4962
v 1.2125 -2.4861 0.4877
v 1.1048 -2.4815 0.4790
v 0.9996 -2.4741 0.4705
v 0.8971 -2.4648 0.4625
v 0.7976 -2.4548 0.4551
v 0.7016 -2.4467 0.4488
v 0.6087 -2.4413 0.4436
v 0.5177 -2.4357 0.4391
v 0.4284 -2.4295 0.4350
v 0.3398 -2.4181 0.4306
v 0.2529 -2.4065 0.4267
v 0.1674 -2.3942 0.4232
v 0.0832 -2.3820 0.4203
v 0.0000 -2.3732 0.4185
v -0.0827 -2.3672 0.4177
v -0.1656 -2.3679 0.4185
v -0.2488 -2.3676 0.4198
v -0.3327 -2.3674 0.4215
v -0.4168 -2.3640 0.4233
v -0.5007 -2.3554 0.4246
v -0.5838 -2.3413 0.4255
v -0.6682 -2.3303 0.4275
v -0.7541 -2.3207 0.4303
v -0.8421 -2.3136 0.4341
v -0.9358 -2.3163 0.4405
v -1.0302 -2.3139 0.4466
v -1.1228 -2.3021 0.4516
v -1.2167 -2.2884 0.4570
v -1.3113 -2.2713 0.4624
v -1.4084 -2.2539 0.4686
v -1.5086 -2.2366 0.4757
v -1.6178 -2.2267 0.4853
v -1.7314 -2.2161 0.4959
v -1.8560 -2.2119 0.5091
v -1.9919 -2.2123 0.5249
v -2.1352 -2.2111 0.5420
v -2.2903 -2.2117 0.5614
v -2.4472 -2.2035 0.5807
v -2.6043 -2.1853 0.5995
v -2.7549 -2.1523 0.6164
v -2.9019 -2.1084 0.6325
v -3.0519 -2.0585 0.6491
v -3.1993 -1.9992 0.6652
v -3.3404 -1.9286 0.6801
v -3.4347 -1.8263 0.6859
v -3.4952 -1.7047 0.6857
v -3.5284 -1.5709 0.6810
v -3.5349 -1.4282 0.6722
v -3.5260 -1.2834 0.6616
v -3.5047 -1.1387 0.6498
v -3.4811 -0.9982 0.6385
v -3.4494 -0.8600 0.6268
v -3.4110 -0.7250 0.6149
v -3.3677 -0.5938 0.6030
v -3.3207 -0.4667 0.5913
v -3.2717 -0.3439 0.5801
v -3.2213 -0.2253 0.5694
v -3.1698 -0.1107 0.5593
v -3.1171 -0.0000 0.5496
v -3.0630 0.1070 0.5404
v -3.0083 0.2104 0.5317
v -2.9522 0.3103 0.5234
v -2.8969 0.4071 0.5158
v -2.8423 0.5012 0.5089
v -2.7901 0.5930 0.5030
v -2.7378 0.6826 0.4975
v -2.6864 0.7703 0.4928
v -2.6356 0.8564 0.4886
v -2.5842 0.9406 0.4849
v -2.5317 1.0229 0.4815
v -2.4784 1.1035 0.4784
v -2.4202 1.1804 0.4748
v -2.3609 1.2553 0.4715
v -2.2987 1.3271 0.4680
v -2.2342 1.3961 0.4645
v -2.1664 1.4613 0.4608
v -2.0979 1.5242 0.4572
v -2.0298 1.5859 0.4542
v -1.9626 1.6468 0.4517
v -1.8960 1.7072 0.4499
v -1.8198 1.7573 0.4461
v -1.7476 1.8097 0.4436
v -1.6781 1.8637 0.4422
v -1.6108 1.9197 0.4419
v -1.5408 1.9721 0.4413
v -1.4685 2.0212 0.4405
v -1.3951 2.0684 0.4399
v -1.3228 2.1169 0.4401
v -1.2449 2.1563 0.4390
v -1.1675 2.1957 0.4385
v -1.0901 2.2350 0.4385
v -1.0118 2.2726 0.4386
v -0.9327 2.3085 0.4390
v -0.8530 2.3435 0.4397
v -0.7717 2.3751 0.4404
v -0.6895 2.4047 0.4411
v -0.6071 2.4350 0.4425
v -0.5230 2.4607 0.4436
v -0.4386 2.4872 0.4453
v -0.3530 2.5120 0.4473
v -0.2662 2.5329 0.4491
v -0.1784 2.5509 0.4509
v -0.0895 2.5619 0.4520
v -0.0000 2.5793 0.4548
v 0.0904 2.5883 0.4567
v 0.1809 2.5877 0.4574
v 0.2723 2.5911 0.4594
v 0.3619 2.5750 0.4585
v 0.4542 2.5758 0.4612
v 0.5493 2.5844 0.4659
v 0.6429 2.5784 0.4686
v 0.7319 2.5526 0.4682
v 0.8229 2.5328 0.4696
v 0.9113 2.5039 0.4698
v 1.0023 2.4809 0.4718
v 1.0936 2.4562 0.4741
v 1.1818 2.4230 0.4753
v 1.2771 2.4019 0.4797
v 1.3650 2.3643 0.4814
v 1.4527 2.3248 0.4834
v 1.5353 2.2762 0.4841
v 1.6173 2.2261 0.4852
v 1.6968 2.1718 0.4860
v 1.7712 2.1108 0.4859
v 1.8426 2.0464 0.4856
v 1.9130 1.9809 0.4856
v 1.9782 1.9104 0.4849
v 2.0680 1.8620 0.4907
v 2.1650 1.8166 0.4983
v 2.2628 1.7679 0.5063
v 2.3742 1.7249 0.5175
v 2.4857 1.6766 0.5287
v 2.5890 1.6178 0.5383
v 2.6545 1.5326 0.5405
v 2.7077 1.4397 0.5407
v 2.7349 1.3339 0.5365
v 2.7505 1.2246 0.5309
v 2.7648 1.1170 0.5258
v 2.7749 1.0100 0.5207
v 2.7844 0.9047 0.5162
v 2.7991 0.8026 0.5134
v 2.8115 0.7010 0.5109
v 2.8265 0.6008 0.5095
v 2.8475 0.5021 0.5098
v 2.8744 0.4040 0.5118
v 2.9049 0.3053 0.5150
v 2.9378 0.2054 0.5193
v 2.9643 0.1035 0.5230
v 2.9876 0.0000 0.5268
v 2.9651 -0.1035 0.6306
v 3.0014 -0.2099 0.6395
v 3.0512 -0.3207 0.6521
v 3.0820 -0.4331 0.6615
v 3.0915 -0.5451 0.6673
v 3.0947 -0.6578 0.6725
v 3.0888 -0.7701 0.6766
v 3.0676 -0.8796 0.6783
v 3.0448 -0.9893 0.6805
v 3.0111 -1.0959 0.6811
v 2.9801 -1.2040 0.6832
v 2.9448 -1.3111 0.6852
v 2.9067 -1.4177 0.6874
v 2.8634 -1.5225 0.6893
v 2.7993 -1.6162 0.6871
v 2.7416 -1.7131 0.6871
v 2.6827 -1.8095 0.6878
v 2.6215 -1.9046 0.6887
v 2.5637 -2.0029 0.6915
v 2.4965 -2.0948 0.6927
v 2.4169 -2.1762 0.6913
v 2.3268 -2.2470 0.6875
v 2.2273 -2.3064 0.6815
v 2.1190 -2.3534 0.6731
v 2.0011 -2.3848 0.6617
v 1.8788 -2.4048 0.6487
v 1.7563 -2.4173 0.6351
v 1.6353 -2.4244 0.6216
v 1.5182 -2.4296 0.6090
v 1.4042 -2.4322 0.5970
v 1.2962 -2.4378 0.5869
v 1.1907 -2.4413 0.5774
v 1.0861 -2.4395 0.5676
v 0.9837 -2.4347 0.5582
v 0.8835 -2.4273 0.5491
v 0.7857 -2.4182 0.5404
v 0.6911 -2.4103 0.5330
v 0.5997 -2.4053 0.5269
v 0.5105 -2.4017 0.5219
v 0.4222 -2.3944 0.5168
v 0.3351 -2.3841 0.5117
v 0.2494 -2.3733 0.5072
v 0.1651 -2.3616 0.5032
v 0.0821 -2.3501 0.4998
v 0.0000 -2.3427 0.4979
v -0.0816 -2.3376 0.4972
v -0.1636 -2.3402 0.4986
v -0.2461 -2.3414 0.5004
v -0.3292 -2.3426 0.5028
v -0.4129 -2.3415 0.5054
v -0.4962 -2.3342 0.5072
v -0.5795 -2.3241 0.5091
v -0.6633 -2.3131 0.5115
v -0.7482 -2.3026 0.5146
v -0.8349 -2.2939 0.5189
v -0.9265 -2.2931 0.5257
v -1.0185 -2.2877 0.5323
v -1.1112 -2.2783 0.5388
v -1.2045 -2.2653 0.5453
v -1.2988 -2.2496 0.5522
v -1.3943 -2.2314 0.5593
v -1.4946 -2.2158 0.5681
v -1.5998 -2.2020 0.5785
v -1.7097 -2.1884 0.5903
v -1.8339 -2.1856 0.6064
v -1.9658 -2.1832 0.6244
v -2.1018 -2.1765 0.6431
v -2.2560 -2.1786 0.6666
v -2.4103 -2.1703 0.6894
v -2.5715 -2.1577 0.7135
v -2.7258 -2.1296 0.7353
v -2.8775 -2.0906 0.7560
v -3.0307 -2.0442 0.7770
v -3.1809 -1.9876 0.7973
v -3.3183 -1.9158 0.8144
v -3.4033 -1.8096 0.8193
v -3.4601 -1.6876 0.8183
v -3.4888 -1.5533 0.8117
v -3.4961 -1.4125 0.8015
v -3.4857 -1.2687 0.7885
v -3.4615 -1.1247 0.7736
v -3.4426 -0.9871 0.7612
v -3.4150 -0.8515 0.7481
v -3.3802 -0.7185 0.7345
v -3.3396 -0.5889 0.7208
v -3.2948 -0.4631 0.7072
v -3.2472 -0.3413 0.6940
v -3.1979 -0.2236 0.6814
v -3.1473 -0.1099 0.6694
v -3.0960 -0.0000 0.6581
v -3.0437 0.1063 0.6474
v -2.9917 0.2092 0.6375
v -2.9388 0.3089 0.6281
v -2.8865 0.4057 0.6196
v -2.8351 0.4999 0.6119
v -2.7855 0.5921 0.6053
v -2.7359 0.6821 0.5993
v -2.6869 0.7704 0.5941
v -2.6374 0.8569 0.5895
v -2.5872 0.9416 0.5852
v -2.5352 1.0243 0.5812
v -2.4819 1.1050 0.5775
v -2.4230 1.1818 0.5730
v -2.3625 1.2562 0.5687
v -2.2993 1.3275 0.5643
v -2.2318 1.3946 0.5594
v -2.1618 1.4582 0.5543
v -2.0919 1.5199 0.5496
v -2.0229 1.5804 0.5456
v -1.9552 1.6406 0.5425
v -1.8886 1.7005 0.5402
v -1.8120 1.7499 0.5354
v -1.7387 1.8005 0.5320
v -1.6677 1.8522 0.5298
v -1.6006 1.9075 0.5293
v -1.5320 1.9608 0.5289
v -1.4610 2.0109 0.5283
v -1.3886 2.0587 0.5278
v -1.3163 2.1065 0.5280
v -1.2392 2.1464 0.5268
v -1.1618 2.1850 0.5260
v -1.0826 2.2196 0.5249
v -1.0031 2.2530 0.5242
v -0.9236 2.2861 0.5241
v -0.8444 2.3199 0.5247
v -0.7643 2.3522 0.5257
v -0.6829 2.3817 0.5266
v -0.6003 2.4078 0.5275
v -0.5176 2.4350 0.5291
v -0.4333 2.4576 0.5304
v -0.3479 2.4757 0.5314
v -0.2620 2.4930 0.5328
v -0.1755 2.5091 0.5346
v -0.0877 2.5114 0.5341
v -0.0000 2.5278 0.5373
v 0.0888 2.5434 0.5409
v 0.1782 2.5491 0.5431
v 0.2680 2.5497 0.5449
v 0.3568 2.5388 0.5449
v 0.4487 2.5445 0.5492
v 0.5386 2.5339 0.5506
v 0.6294 2.5244 0.5530
v 0.7160 2.4970 0.5522
v 0.8016 2.4672 0.5514
v 0.8877 2.4388 0.5517
v 0.9752 2.4136 0.5533
v 1.0682 2.3993 0.5582
v 1.1590 2.3763 0.5620
v 1.2471 2.3455 0.5646
v 1.3348 2.3120 0.5675
v 1.4179 2.2691 0.5687
v 1.4914 2.2111 0.5669
v 1.5740 2.1664 0.5692
v 1.6464 2.1073 0.5684
v 1.7141 2.0428 0.5668
v 1.7769 1.9734 0.5644
v 1.8465 1.9121 0.5650
v 1.9300 1.8638 0.5703
v 2.0209 1.8197 0.5780
v 2.1042 1.7656 0.5839
v 2.2005 1.7192 0.5935
v 2.2991 1.6704 0.6040
v 2.4012 1.6196 0.6156
v 2.4914 1.5568 0.6244
v 2.5677 1.4825 0.6302
v 2.6209 1.3936 0.6309
v 2.6547 1.2948 0.6278
v 2.6755 1.1912 0.6225
v 2.6980 1.0901 0.6185
v 2.7160 0.9886 0.6144
v 2.7333 0.8881 0.6109
v 2.7480 0.7880 0.6076
v 2.7676 0.6901 0.6063
v 2.7868 0.5924 0.6056
v 2.8083 0.4952 0.6061
v 2.8350 0.3984 0.6085
v 2.8621 0.3008 0.6117
v 2.8903 0.2021 0.6159
v 2.9203 0.1020 0.6211
v 2.9400 0.0000 0.6249
v 2.9292 -0.1023 0.7308
v 2.9630 -0.2072 0.7406
v 3.0119 -0.3166 0.7551
v 3.0426 -0.4276 0.7661
v 3.0535 -0.5384 0.7731
v 3.0570 -0.6498 0.7792
v 3.0514 -0.7608 0.7841
v 3.0310 -0.8691 0.7862
v 3.0100 -0.9780 0.7891
v 2.9809 -1.0850 0.7909
v 2.9534 -1.1933 0.7942
v 2.9220 -1.3010 0.7975
v 2.8902 -1.4097 0.8018
v 2.8532 -1.5171 0.8057
v 2.7948 -1.6136 0.8046
v 2.7369 -1.7102 0.8047
v 2.6784 -1.8066 0.8055
v 2.6131 -1.8985 0.8053
v 2.5478 -1.9906 0.8061
v 2.4751 -2.0768 0.8056
v 2.3885 -2.1507 0.8014
v 2.2927 -2.2140 0.7947
v 2.1898 -2.2676 0.7860
v 2.0799 -2.3099 0.7750
v 1.9622 -2.3385 0.7611
v 1.8413 -2.3567 0.7457
v 1.7194 -2.3665 0.7293
v 1.6002 -2.3725 0.7135
v 1.4857 -2.3776 0.6990
v 1.3746 -2.3809 0.6855
v 1.2698 -2.3881 0.6744
v 1.1672 -2.3930 0.6638
v 1.0668 -2.3960 0.6539
v 0.9672 -2.3939 0.6437
v 0.8694 -2.3887 0.6338
v 0.7736 -2.3808 0.6242
v 0.6804 -2.3730 0.6155
v 0.5908 -2.3696 0.6089
v 0.5028 -2.3654 0.6029
v 0.4158 -2.3583 0.5971
v 0.3303 -2.3502 0.5917
v 0.2461 -2.3411 0.5869
v 0.1630 -2.3314 0.5827
v 0.0811 -2.3211 0.5791
v 0.0000 -2.3150 0.5772
v -0.0807 -2.3117 0.5767
v -0.1619 -2.3149 0.5786
v -0.2434 -2.3157 0.5805
v -0.3256 -2.3170 0.5834
v -0.4084 -2.3160 0.5863
v -0.4910 -2.3101 0.5888
v -0.5738 -2.3014 0.5914
v -0.6571 -2.2915 0.5944
v -0.7407 -2.2798 0.5977
v -0.8254 -2.2678 0.6017
v -0.9144 -2.2633 0.6086
v -1.0056 -2.2586 0.6164
v -1.0975 -2.2503 0.6242
v -1.1901 -2.2382 0.6320
v -1.2829 -2.2220 0.6397
v -1.3791 -2.2070 0.6489
v -1.4786 -2.1922 0.6593
v -1.5836 -2.1797 0.6717
v -1.6893 -2.1621 0.6841
v -1.8083 -2.1550 0.7014
v -1.9368 -2.1510 0.7217
v -2.0723 -2.1459 0.7438
v -2.2228 -2.1465 0.7704
v -2.3712 -2.1350 0.7955
v -2.5295 -2.1225 0.8233
v -2.6801 -2.0939 0.8480
v -2.8287 -2.0552 0.8718
v -2.9816 -2.0111 0.8967
v -3.1396 -1.9618 0.9231
v -3.2826 -1.8952 0.9450
v -3.3655 -1.7895 0.9504
v -3.4188 -1.6675 0.9484
v -3.4434 -1.5331 0.9398
v -3.4492 -1.3936 0.9275
v -3.4365 -1.2508 0.9118
v -3.4107 -1.1082 0.8941
v -3.3973 -0.9742 0.8812
v -3.3748 -0.8414 0.8672
v -3.3444 -0.7109 0.8525
v -3.3074 -0.5832 0.8373
v -3.2654 -0.4589 0.8221
v -3.2198 -0.3384 0.8072
v -3.1719 -0.2218 0.7928
v -3.1228 -0.1091 0.7791
v -3.0731 -0.0000 0.7662
v -3.0229 0.1056 0.7541
v -2.9740 0.2080 0.7433
v -2.9240 0.3073 0.7330
v -2.8746 0.4040 0.7238
v -2.8270 0.4985 0.7157
v -2.7793 0.5908 0.7084
v -2.7322 0.6812 0.7021
v -2.6849 0.7699 0.6964
v -2.6372 0.8569 0.6914
v -2.5879 0.9419 0.6866
v -2.5364 1.0248 0.6821
v -2.4829 1.1055 0.6776
v -2.4236 1.1820 0.6723
v -2.3642 1.2571 0.6676
v -2.3012 1.3286 0.6625
v -2.2332 1.3954 0.6566
v -2.1635 1.4593 0.6507
v -2.0900 1.5185 0.6441
v -2.0179 1.5765 0.6385
v -1.9481 1.6346 0.6341
v -1.8797 1.6925 0.6306
v -1.8026 1.7407 0.6248
v -1.7289 1.7903 0.6205
v -1.6568 1.8400 0.6173
v -1.5882 1.8927 0.6160
v -1.5200 1.9455 0.6155
v -1.4498 1.9954 0.6150
v -1.3784 2.0435 0.6146
v -1.3058 2.0897 0.6144
v -1.2300 2.1304 0.6133
v -1.1526 2.1677 0.6121
v -1.0733 2.2006 0.6105
v -0.9935 2.2314 0.6090
v -0.9135 2.2611 0.6080
v -0.8345 2.2928 0.6083
v -0.7553 2.3245 0.6094
v -0.6745 2.3521 0.6101
v -0.5930 2.3785 0.6112
v -0.5108 2.4029 0.6125
v -0.4274 2.4237 0.6136
v -0.3428 2.4394 0.6142
v -0.2580 2.4549 0.6154
v -0.1722 2.4625 0.6155
v -0.0864 2.4750 0.6175
v -0.0000 2.4850 0.6196
v 0.0871 2.4944 0.6223
v 0.1750 2.5021 0.6254
v 0.2632 2.5039 0.6277
v 0.3516 2.5016 0.6298
v 0.4401 2.4961 0.6319
v 0.5278 2.4833 0.6330
v 0.6141 2.4631 0.6329
v 0.6993 2.4388 0.6326
v 0.7818 2.4062 0.6308
v 0.8664 2.3803 0.6316
v 0.9520 2.3563 0.6336
v 1.0407 2.3374 0.6379
v 1.1333 2.3235 0.6446
v 1.2218 2.2979 0.6489
v 1.3050 2.2603 0.6507
v 1.3837 2.2144 0.6510
v 1.4585 2.1623 0.6503
v 1.5293 2.1049 0.6487
v 1.5985 2.0460 0.6474
v 1.6663 1.9858 0.6463
v 1.7425 1.9352 0.6493
v 1.8136 1.8780 0.6509
v 1.8911 1.8262 0.6555
v 1.9750 1.7783 0.6626
v 2.0589 1.7276 0.6701
v 2.1411 1.6728 0.6775
v 2.2284 1.6190 0.6868
v 2.3169 1.5628 0.6968
v 2.3983 1.4986 0.7051
v 2.4663 1.4239 0.7100
v 2.5236 1.3418 0.7126
v 2.5687 1.2528 0.7126
v 2.5946 1.1552 0.7081
v 2.6355 1.0648 0.7087
v 2.6578 0.9674 0.7052
v 2.6798 0.8707 0.7025
v 2.6980 0.7736 0.6998
v 2.7269 0.6799 0.7007
v 2.7273 0.5797 0.6952
v 2.7599 0.4866 0.6987
v 2.7877 0.3918 0.7019
v 2.8131 0.2957 0.7053
v 2.8405 0.1986 0.7099
v 2.8711 0.1003 0.7163
v 2.8778 0.0000 0.7175
v 2.8818 -0.1006 0.8269
v 2.9118 -0.2036 0.8370
v 2.9560 -0.3107 0.8523
v 2.9881 -0.4200 0.8653
v 2.9978 -0.5286 0.8729
v 3.0019 -0.6381 0.8800
v 2.9954 -0.7468 0.8852
v 2.9771 -0.8537 0.8881
v 2.9567 -0.9607 0.8914
v 2.9299 -1.0664 0.8941
v 2.8993 -1.1714 0.8966
v 2.8652 -1.2757 0.8993
v 2.8345 -1.3825 0.9043
v 2.7986 -1.4880 0.9089
v 2.7508 -1.5882 0.9108
v 2.7005 -1.6875 0.9131
v 2.6509 -1.7880 0.9169
v 2.5873 -1.8798 0.9170
v 2.5174 -1.9668 0.9161
v 2.4400 -2.0474 0.9134
v 2.3480 -2.1142 0.9060
v 2.2489 -2.1718 0.8965
v 2.1439 -2.2201 0.8850
v 2.0354 -2.2605 0.8722
v 1.9198 -2.2880 0.8564
v 1.8008 -2.3049 0.8387
v 1.6814 -2.3142 0.8202
v 1.5642 -2.3190 0.8021
v 1.4533 -2.3258 0.7864
v 1.3465 -2.3322 0.7722
v 1.2441 -2.3398 0.7599
v 1.1442 -2.3460 0.7484
v 1.0462 -2.3498 0.7376
v 0.9499 -2.3510 0.7271
v 0.8549 -2.3487 0.7167
v 0.7613 -2.3431 0.7065
v 0.6700 -2.3367 0.6970
v 0.5814 -2.3317 0.6891
v 0.4947 -2.3273 0.6823
v 0.4095 -2.3224 0.6762
v 0.3256 -2.3169 0.6709
v 0.2429 -2.3107 0.6662
v 0.1610 -2.3025 0.6618
v 0.0801 -2.2940 0.6582
v 0.0000 -2.2891 0.6564
v -0.0798 -2.2858 0.6559
v -0.1601 -2.2893 0.6581
v -0.2408 -2.2910 0.6606
v -0.3219 -2.2908 0.6633
v -0.4035 -2.2883 0.6663
v -0.4851 -2.2820 0.6690
v -0.5667 -2.2729 0.6717
v -0.6486 -2.2621 0.6748
v -0.7310 -2.2498 0.6783
v -0.8148 -2.2385 0.6831
v -0.9016 -2.2316 0.6902
v -0.9911 -2.2260 0.6987
v -1.0817 -2.2179 0.7076
v -1.1729 -2.2059 0.7164
v -1.2644 -2.1900 0.7251
v -1.3580 -2.1733 0.7348
v -1.4566 -2.1595 0.7469
v -1.5611 -2.1486 0.7616
v -1.6693 -2.1366 0.7775
v -1.7868 -2.1294 0.7971
v -1.9139 -2.1256 0.8202
v -2.0475 -2.1202 0.8452
v -2.1883 -2.1132 0.8723
v -2.3326 -2.1003 0.9000
v -2.4812 -2.0820 0.9288
v -2.6287 -2.0538 0.9565
v -2.7749 -2.0161 0.9835
v -2.9304 -1.9766 1.0135
v -3.0919 -1.9320 1.0454
v -3.2404 -1.8709 1.0729
v -3.3173 -1.7638 1.0773
v -3.3695 -1.6434 1.0750
v -3.3903 -1.5095 1.0642
v -3.3950 -1.3717 1.0500
v -3.3808 -1.2305 1.0317
v -3.3539 -1.0897 1.0112
v -3.3466 -0.9596 0.9983
v -3.3300 -0.8303 0.9841
v -3.3047 -0.7024 0.9688
v -3.2720 -0.5769 0.9527
v -3.2335 -0.4544 0.9363
v -3.1906 -0.3353 0.9199
v -3.1450 -0.2199 0.9040
v -3.0980 -0.1082 0.8889
v -3.0503 -0.0000 0.8747
v -3.0023 0.1048 0.8614
v -2.9563 0.2067 0.8498
v -2.9091 0.3058 0.8388
v -2.8625 0.4023 0.8289
v -2.8173 0.4968 0.8203
v -2.7722 0.5892 0.8127
v -2.7271 0.6799 0.8059
v -2.6814 0.7689 0.7999
v -2.6347 0.8561 0.7944
v -2.5878 0.9419 0.7897
v -2.5377 1.0253 0.7848
v -2.4854 1.1066 0.7801
v -2.4280 1.1842 0.7746
v -2.3693 1.2598 0.7694
v -2.3074 1.3322 0.7640
v -2.2412 1.4005 0.7578
v -2.1681 1.4624 0.7499
v -2.0894 1.5180 0.7406
v -2.0122 1.5721 0.7322
v -1.9394 1.6273 0.7259
v -1.8681 1.6821 0.7208
v -1.7936 1.7321 0.7150
v -1.7201 1.7812 0.7100
v -1.6460 1.8281 0.7054
v -1.5755 1.8776 0.7028
v -1.5054 1.9268 0.7011
v -1.4345 1.9744 0.6998
v -1.3615 2.0185 0.6982
v -1.2917 2.0671 0.6989
v -1.2170 2.1078 0.6979
v -1.1404 2.1449 0.6966
v -1.0616 2.1766 0.6944
v -0.9833 2.2086 0.6932
v -0.9037 2.2368 0.6918
v -0.8243 2.2648 0.6911
v -0.7442 2.2906 0.6906
v -0.6644 2.3170 0.6912
v -0.5842 2.3430 0.6924
v -0.5027 2.3652 0.6934
v -0.4207 2.3858 0.6947
v -0.3375 2.4015 0.6954
v -0.2534 2.4112 0.6952
v -0.1693 2.4210 0.6959
v -0.0848 2.4294 0.6970
v -0.0000 2.4332 0.6977
v 0.0853 2.4428 0.7009
v 0.1710 2.4459 0.7031
v 0.2571 2.4457 0.7052
v 0.3431 2.4411 0.7068
v 0.4302 2.4398 0.7104
v 0.5157 2.4263 0.7113
v 0.6002 2.4074 0.7114
v 0.6844 2.3867 0.7119
v 0.7658 2.3569 0.7106
v 0.8485 2.3313 0.7114
v 0.9323 2.3075 0.7136
v 1.0189 2.2885 0.7183
v 1.1092 2.2742 0.7256
v 1.1928 2.2433 0.7285
v 1.2726 2.2041 0.7298
v 1.3485 2.1581 0.7297
v 1.4209 2.1065 0.7286
v 1.4915 2.0529 0.7276
v 1.5597 1.9963 0.7264
v 1.6286 1.9408 0.7265
v 1.7023 1.8906 0.7295
v 1.7759 1.8390 0.7331
v 1.8545 1.7909 0.7393
v 1.9287 1.7366 0.7442
v 2.0070 1.6841 0.7512
v 2.0870 1.6306 0.7594
v 2.1640 1.5723 0.7670
v 2.2394 1.5105 0.7745
v 2.3146 1.4463 0.7826
v 2.3806 1.3744 0.7882
v 2.4328 1.2936 0.7901
v 2.4825 1.2108 0.7920
v 2.5218 1.1228 0.7915
v 2.5619 1.0351 0.7923
v 2.5821 0.9398 0.7879
v 2.6099 0.8480 0.7869
v 2.6304 0.7543 0.7847
v 2.6472 0.6600 0.7823
v 2.6630 0.5660 0.7807
v 2.7054 0.4770 0.7877
v 2.7358 0.3845 0.7922
v 2.7623 0.2903 0.7964
v 2.7907 0.1951 0.8022
v 2.8227 0.0986 0.8099
v 2.8416 0.0000 0.8148
v 2.8241 -0.0986 0.9182
v 2.8568 -0.1998 0.9305
v 2.9015 -0.3050 0.9479
v 2.9231 -0.4108 0.9591
v 2.9342 -0.5174 0.9681
v 2.9358 -0.6240 0.9752
v 2.9299 -0.7305 0.9811
v 2.9150 -0.8359 0.9853
v 2.8955 -0.9408 0.9892
v 2.8706 -1.0448 0.9926
v 2.8384 -1.1468 0.9947
v 2.8031 -1.2480 0.9970
v 2.7751 -1.3535 1.0032
v 2.7374 -1.4555 1.0073
v 2.6921 -1.5543 1.0101
v 2.6397 -1.6495 1.0114
v 2.5861 -1.7443 1.0135
v 2.5209 -1.8316 1.0125
v 2.4556 -1.9185 1.0125
v 2.3814 -1.9982 1.0101
v 2.2921 -2.0638 1.0022
v 2.1950 -2.1197 0.9915
v 2.0960 -2.1705 0.9804
v 1.9884 -2.2083 0.9655
v 1.8761 -2.2359 0.9483
v 1.7605 -2.2533 0.9291
v 1.6436 -2.2623 0.9086
v 1.5294 -2.2675 0.8887
v 1.4222 -2.2760 0.8720
v 1.3185 -2.2838 0.8568
v 1.2188 -2.2921 0.8435
v 1.1214 -2.2993 0.8312
v 1.0257 -2.3038 0.8194
v 0.9316 -2.3057 0.8080
v 0.8388 -2.3045 0.7968
v 0.7474 -2.3003 0.7859
v 0.6582 -2.2955 0.7759
v 0.5714 -2.2919 0.7675
v 0.4865 -2.2890 0.7604
v 0.4031 -2.2861 0.7542
v 0.3209 -2.2830 0.7491
v 0.2396 -2.2796 0.7448
v 0.1590 -2.2745 0.7408
v 0.0792 -2.2683 0.7375
v 0.0000 -2.2648 0.7359
v -0.0790 -2.2627 0.7356
v -0.1584 -2.2655 0.7379
v -0.2381 -2.2655 0.7402
v -0.3182 -2.2644 0.7430
v -0.3987 -2.2611 0.7460
v -0.4792 -2.2542 0.7488
v -0.5597 -2.2448 0.7517
v -0.6406 -2.2339 0.7551
v -0.7217 -2.2213 0.7589
v -0.8041 -2.2093 0.7639
v -0.8894 -2.2013 0.7714
v -0.9771 -2.1945 0.7805
v -1.0661 -2.1857 0.7902
v -1.1558 -2.1738 0.8000
v -1.2461 -2.1583 0.8097
v -1.3383 -2.1417 0.8206
v -1.4358 -2.1286 0.8343
v -1.5389 -2.1181 0.8507
v -1.6470 -2.1081 0.8692
v -1.7628 -2.1009 0.8911
v -1.8871 -2.0958 0.9163
v -2.0167 -2.0883 0.9433
v -2.1504 -2.0767 0.9713
v -2.2866 -2.0589 0.9998
v -2.4259 -2.0356 1.0290
v -2.5642 -2.0034 1.0573
v -2.7013 -1.9626 1.0849
v -2.8322 -1.9103 1.1100
v -2.9797 -1.8619 1.1416
v -3.1156 -1.7988 1.1689
v -3.1959 -1.6993 1.1761
v -3.2565 -1.5883 1.1772
v -3.2886 -1.4642 1.1697
v -3.3066 -1.3359 1.1588
v -3.3057 -1.2032 1.1430
v -3.2930 -1.0699 1.1250
v -3.2923 -0.9440 1.1128
v -3.2819 -0.8183 1.0990
v -3.2623 -0.6934 1.0837
v -3.2346 -0.5703 1.0672
v -3.2002 -0.4498 1.0500
v -3.1608 -0.3322 1.0327
v -3.1180 -0.2180 1.0156
v -3.0737 -0.1073 0.9993
v -3.0284 -0.0000 0.9840
v -2.9865 0.1043 0.9710
v -2.9396 0.2056 0.9575
v -2.8951 0.3043 0.9459
v -2.8508 0.4007 0.9354
v -2.8080 0.4951 0.9265
v -2.7649 0.5877 0.9184
v -2.7214 0.6785 0.9113
v -2.6769 0.7676 0.9048
v -2.6309 0.8548 0.8988
v -2.5853 0.9410 0.8939
v -2.5365 1.0248 0.8889
v -2.4853 1.1065 0.8839
v -2.4282 1.1843 0.8778
v -2.3717 1.2611 0.8728
v -2.3119 1.3348 0.8674
v -2.2423 1.4011 0.8591
v -2.1716 1.4648 0.8511
v -2.0889 1.5177 0.8390
v -2.0081 1.5689 0.8280
v -1.9313 1.6206 0.8192
v -1.8565 1.6716 0.8117
v -1.7841 1.7229 0.8059
v -1.7092 1.7699 0.7995
v -1.6347 1.8155 0.7938
v -1.5619 1.8614 0.7895
v -1.4901 1.9072 0.7864
v -1.4177 1.9513 0.7837
v -1.3442 1.9928 0.7810
v -1.2763 2.0426 0.7826
v -1.2015 2.0811 0.7808
v -1.1261 2.1178 0.7793
v -1.0485 2.1497 0.7771
v -0.9692 2.1768 0.7742
v -0.8908 2.2048 0.7726
v -0.8116 2.2299 0.7710
v -0.7329 2.2558 0.7707
v -0.6540 2.2808 0.7709
v -0.5737 2.3011 0.7706
v -0.4941 2.3248 0.7722
v -0.4129 2.3417 0.7726
v -0.3312 2.3568 0.7733
v -0.2490 2.3687 0.7739
v -0.1661 2.3754 0.7737
v -0.0831 2.3807 0.7740
v -0.0000 2.3881 0.7759
v 0.0833 2.3855 0.7756
v 0.1665 2.3814 0.7757
v 0.2504 2.3822 0.7783
v 0.3337 2.3747 0.7792
v 0.4193 2.3778 0.7845
v 0.5039 2.3706 0.7875
v 0.5877 2.3571 0.7893
v 0.6678 2.3288 0.7872
v 0.7480 2.3022 0.7865
v 0.8324 2.2870 0.7908
v 0.9149 2.2645 0.7936
v 1.0016 2.2497 0.8001
v 1.0841 2.2228 0.8036
v 1.1628 2.1869 0.8048
v 1.2411 2.1496 0.8065
v 1.3138 2.1026 0.8056
v 1.3850 2.0533 0.8047
v 1.4552 2.0030 0.8044
v 1.5243 1.9510 0.8045
v 1.5951 1.9009 0.8063
v 1.6669 1.8512 0.8094
v 1.7398 1.8016 0.8138
v 1.8130 1.7508 0.8189
v 1.8899 1.7017 0.8263
v 1.9633 1.6474 0.8327
v 2.0365 1.5911 0.8397
v 2.1055 1.5298 0.8456
v 2.1728 1.4656 0.8516
v 2.2441 1.4023 0.8598
v 2.3038 1.3301 0.8644
v 2.3591 1.2543 0.8681
v 2.4081 1.1745 0.8705
v 2.4522 1.0918 0.8722
v 2.4835 1.0034 0.8703
v 2.5084 0.9130 0.8673
v 2.5333 0.8231 0.8655
v 2.5639 0.7352 0.8666
v 2.5833 0.6441 0.8651
v 2.6117 0.5551 0.8676
v 2.6475 0.4668 0.8735
v 2.6839 0.3772 0.8806
v 2.7130 0.2851 0.8864
v 2.7419 0.1917 0.8931
v 2.7747 0.0969 0.9021
v 2.7973 0.0000 0.9089
v 2.7634 -0.0965 1.0064
v 2.7964 -0.1955 1.0203
v 2.8347 -0.2979 1.0374
v 2.8579 -0.4017 1.0504
v 2.8665 -0.5054 1.0594
v 2.8687 -0.6098 1.0674
v 2.8618 -0.7135 1.0735
v 2.8491 -0.8170 1.0788
v 2.8297 -0.9194 1.0829
v 2.8033 -1.0203 1.0858
v 2.7698 -1.1191 1.0873
v 2.7337 -1.2171 1.0891
v 2.7079 -1.3207 1.0966
v 2.6685 -1.4189 1.1000
v 2.6216 -1.5136 1.1018
v 2.5679 -1.6046 1.1021
v 2.5106 -1.6934 1.1022
v 2.4444 -1.7759 1.0997
v 2.3876 -1.8654 1.1028
v 2.3230 -1.9492 1.1037
v 2.2350 -2.0124 1.0946
v 2.1436 -2.0701 1.0846
v 2.0511 -2.1239 1.0747
v 1.9461 -2.1614 1.0586
v 1.8349 -2.1867 1.0390
v 1.7228 -2.2050 1.0185
v 1.6087 -2.2142 0.9961
v 1.4956 -2.2174 0.9735
v 1.3928 -2.2289 0.9566
v 1.2931 -2.2397 0.9413
v 1.1955 -2.2483 0.9268
v 1.1002 -2.2557 0.9135
v 1.0065 -2.2606 0.9006
v 0.9142 -2.2628 0.8883
v 0.8233 -2.2621 0.8762
v 0.7340 -2.2591 0.8646
v 0.6469 -2.2560 0.8542
v 0.5619 -2.2536 0.8453
v 0.4786 -2.2517 0.8378
v 0.3967 -2.2501 0.8316
v 0.3161 -2.2489 0.8266
v 0.2362 -2.2477 0.8226
v 0.1570 -2.2454 0.8192
v 0.0783 -2.2416 0.8164
v 0.0000 -2.2389 0.8149
v -0.0781 -2.2376 0.8149
v -0.1566 -2.2390 0.8169
v -0.2351 -2.2373 0.8188
v -0.3141 -2.2351 0.8215
v -0.3934 -2.2308 0.8245
v -0.4725 -2.2230 0.8272
v -0.5518 -2.2133 0.8302
v -0.6314 -2.2020 0.8337
v -0.7113 -2.1891 0.8378
v -0.7922 -2.1766 0.8430
v -0.8755 -2.1670 0.8507
v -0.9610 -2.1584 0.8599
v -1.0479 -2.1486 0.8701
v -1.1359 -2.1364 0.8807
v -1.2252 -2.1221 0.8919
v -1.3165 -2.1068 0.9042
v -1.4119 -2.0932 0.9190
v -1.5143 -2.0843 0.9377
v -1.6199 -2.0734 0.9577
v -1.7354 -2.0682 0.9827
v -1.8570 -2.0624 1.0101
v -1.9822 -2.0526 1.0386
v -2.1091 -2.0367 1.0671
v -2.2391 -2.0161 1.0967
v -2.3697 -1.9884 1.1259
v -2.4996 -1.9529 1.1545
v -2.6283 -1.9096 1.1825
v -2.7526 -1.8566 1.2085
v -2.8819 -1.8008 1.2369
v -3.0010 -1.7327 1.2613
v -3.0807 -1.6380 1.2699
v -3.1447 -1.5338 1.2735
v -3.1867 -1.4188 1.2696
v -3.2158 -1.2993 1.2624
v -3.2283 -1.1750 1.2504
v -3.2297 -1.0494 1.2360
v -3.2354 -0.9277 1.2250
v -3.2312 -0.8056 1.2121
v -3.2175 -0.6839 1.1972
v -3.1952 -0.5634 1.1809
v -3.1655 -0.4449 1.1635
v -3.1303 -0.3290 1.1456
v -3.0910 -0.2161 1.1278
v -3.0500 -0.1065 1.1108
v -3.0074 -0.0000 1.0946
v -2.9650 0.1035 1.0798
v -2.9238 0.2044 1.0668
v -2.8819 0.3029 1.0547
v -2.8406 0.3992 1.0441
v -2.7987 0.4935 1.0344
v -2.7571 0.5860 1.0259
v -2.7147 0.6769 1.0183
v -2.6710 0.7659 1.0114
v -2.6254 0.8531 1.0048
v -2.5811 0.9394 0.9997
v -2.5332 1.0235 0.9944
v -2.4823 1.1052 0.9890
v -2.4239 1.1822 0.9816
v -2.3670 1.2585 0.9757
v -2.3061 1.3314 0.9692
v -2.2327 1.3951 0.9582
v -2.1606 1.4573 0.9486
v -2.0764 1.5086 0.9342
v -1.9967 1.5600 0.9222
v -1.9183 1.6097 0.9114
v -1.8381 1.6551 0.9003
v -1.7654 1.7048 0.8933
v -1.6940 1.7542 0.8876
v -1.6195 1.7986 0.8809
v -1.5476 1.8444 0.8763
v -1.4750 1.8879 0.8720
v -1.3998 1.9267 0.8668
v -1.3302 1.9721 0.8658
v -1.2569 2.0114 0.8633
v -1.1840 2.0508 0.8619
v -1.1100 2.0875 0.8605
v -1.0330 2.1179 0.8576
v -0.9543 2.1434 0.8540
v -0.8767 2.1699 0.8518
v -0.7975 2.1910 0.8487
v -0.7197 2.2149 0.8476
v -0.6424 2.2402 0.8482
v -0.5633 2.2592 0.8475
v -0.4848 2.2809 0.8487
v -0.4045 2.2943 0.8479
v -0.3243 2.3079 0.8482
v -0.2443 2.3246 0.8507
v -0.1629 2.3303 0.8502
v -0.0816 2.3354 0.8505
v -0.0000 2.3344 0.8496
v 0.0811 2.3213 0.8454
v 0.1621 2.3177 0.8456
v 0.2424 2.3066 0.8441
v 0.3240 2.3055 0.8474
v 0.4066 2.3061 0.8523
v 0.4910 2.3098 0.8595
v 0.5726 2.2964 0.8614
v 0.6548 2.2835 0.8646
v 0.7332 2.2564 0.8635
v 0.8149 2.2390 0.8672
v 0.8957 2.2169 0.8702
v 0.9785 2.1977 0.8756
v 1.0560 2.1651 0.8768
v 1.1328 2.1305 0.8782
v 1.2085 2.0933 0.8797
v 1.2796 2.0477 0.8789
v 1.3499 2.0013 0.8786
v 1.4205 1.9552 0.8796
v 1.4912 1.9086 0.8816
v 1.5626 1.8622 0.8848
v 1.6345 1.8153 0.8891
v 1.7055 1.7661 0.8936
v 1.7741 1.7132 0.8976
v 1.8473 1.6633 0.9047
v 1.9172 1.6087 0.9109
v 1.9835 1.5497 0.9162
v 2.0515 1.4905 0.9229
v 2.1164 1.4275 0.9292
v 2.1776 1.3607 0.9346
v 2.2309 1.2880 0.9376
v 2.2813 1.2130 0.9404
v 2.3323 1.1375 0.9445
v 2.3680 1.0543 0.9435
v 2.4080 0.9729 0.9453
v 2.4381 0.8874 0.9444
v 2.4651 0.8010 0.9434
v 2.4902 0.7141 0.9429
v 2.5200 0.6283 0.9453
v 2.5535 0.5428 0.9502
v 2.5948 0.4575 0.9590
v 2.6338 0.3702 0.9681
v 2.6638 0.2800 0.9749
v 2.6907 0.1882 0.9817
v 2.7188 0.0949 0.9901
v 2.7384 0.0000 0.9967
v 2.7002 -0.0943 1.0916
v 2.7314 -0.1910 1.1063
v 2.7687 -0.2910 1.1248
v 2.7886 -0.3919 1.1378
v 2.7995 -0.4936 1.1485
v 2.8028 -0.5958 1.1577
v 2.7975 -0.6975 1.1649
v 2.7839 -0.7983 1.1701
v 2.7640 -0.8981 1.1742
v 2.7361 -0.9959 1.1764
v 2.7007 -1.0912 1.1769
v 2.6628 -1.1856 1.1777
v 2.6318 -1.2836 1.1830
v 2.5932 -1.3788 1.1866
v 2.5472 -1.4707 1.1884
v 2.4949 -1.5590 1.1886
v 2.4368 -1.6437 1.1876
v 2.3767 -1.7268 1.1869
v 2.3176 -1.8107 1.1883
v 2.2513 -1.8891 1.1874
v 2.1665 -1.9507 1.1779
v 2.0786 -2.0073 1.1675
v 1.9883 -2.0589 1.1564
v 1.8909 -2.1000 1.1417
v 1.7862 -2.1287 1.1227
v 1.6790 -2.1490 1.1018
v 1.5736 -2.1659 1.0816
v 1.4663 -2.1739 1.0594
v 1.3670 -2.1876 1.0422
v 1.2695 -2.1988 1.0258
v 1.1736 -2.2073 1.0100
v 1.0799 -2.2141 0.9953
v 0.9877 -2.2184 0.9811
v 0.8970 -2.2201 0.9674
v 0.8078 -2.2195 0.9543
v 0.7204 -2.2171 0.9419
v 0.6352 -2.2152 0.9310
v 0.5519 -2.2137 0.9218
v 0.4703 -2.2126 0.9139
v 0.3901 -2.2123 0.9076
v 0.3110 -2.2127 0.9028
v 0.2326 -2.2129 0.8990
v 0.1547 -2.2122 0.8960
v 0.0772 -2.2096 0.8933
v 0.0000 -2.2076 0.8919
v -0.0770 -2.2057 0.8917
v -0.1543 -2.2060 0.8935
v -0.2316 -2.2037 0.8953
v -0.3092 -2.2004 0.8977
v -0.3870 -2.1948 0.9004
v -0.4647 -2.1861 0.9030
v -0.5425 -2.1759 0.9060
v -0.6207 -2.1646 0.9098
v -0.6991 -2.1516 0.9140
v -0.7783 -2.1384 0.9194
v -0.8596 -2.1276 0.9271
v -0.9429 -2.1178 0.9366
v -1.0276 -2.1070 0.9471
v -1.1140 -2.0952 0.9587
v -1.2023 -2.0824 0.9715
v -1.2931 -2.0694 0.9859
v -1.3876 -2.0572 1.0026
v -1.4870 -2.0467 1.0221
v -1.5919 -2.0375 1.0447
v -1.7047 -2.0316 1.0715
v -1.8234 -2.0251 1.1010
v -1.9432 -2.0123 1.1302
v -2.0654 -1.9946 1.1601
v -2.1872 -1.9694 1.1891
v -2.3120 -1.9400 1.2194
v -2.4348 -1.9023 1.2484
v -2.5553 -1.8565 1.2761
v -2.6708 -1.8015 1.3016
v -2.7831 -1.7391 1.3259
v -2.8862 -1.6663 1.3465
v -2.9655 -1.5768 1.3570
v -3.0331 -1.4793 1.3634
v -3.0846 -1.3734 1.3642
v -3.1248 -1.2625 1.3617
v -3.1501 -1.1465 1.3544
v -3.1648 -1.0283 1.3445
v -3.1766 -0.9109 1.3351
v -3.1783 -0.7925 1.3234
v -3.1702 -0.6739 1.3095
v -3.1533 -0.5560 1.2937
v -3.1285 -0.4397 1.2764
v -3.0977 -0.3256 1.2585
v -3.0625 -0.2142 1.2404
v -3.0249 -0.1056 1.2229
v -2.9859 -0.0000 1.2064
v -2.9465 0.1029 1.1912
v -2.9110 0.2036 1.1790
v -2.8678 0.3014 1.1651
v -2.8288 0.3976 1.1541
v -2.7884 0.4917 1.1440
v -2.7479 0.5841 1.1350
v -2.7063 0.6748 1.1269
v -2.6630 0.7636 1.1193
v -2.6176 0.8505 1.1120
v -2.5742 0.9369 1.1068
v -2.5270 1.0210 1.1012
v -2.4764 1.1026 1.0952
v -2.4179 1.1793 1.0869
v -2.3593 1.2545 1.0796
v -2.2964 1.3258 1.0713
v -2.2206 1.3876 1.0579
v -2.1437 1.4460 1.0447
v -2.0634 1.4991 1.0305
v -1.9832 1.5494 1.0168
v -1.8931 1.5885 0.9985
v -1.8155 1.6346 0.9870
v -1.7436 1.6838 0.9793
v -1.6701 1.7294 0.9714
v -1.5965 1.7731 0.9640
v -1.5264 1.8191 0.9594
v -1.4542 1.8614 0.9543
v -1.3810 1.9008 0.9493
v -1.3116 1.9446 0.9477
v -1.2380 1.9812 0.9439
v -1.1653 2.0184 0.9416
v -1.0903 2.0506 0.9383
v -1.0154 2.0819 0.9358
v -0.9385 2.1079 0.9322
v -0.8619 2.1334 0.9296
v -0.7848 2.1563 0.9271
v -0.7077 2.1781 0.9253
v -0.6312 2.2012 0.9252
v -0.5539 2.2216 0.9251
v -0.4765 2.2416 0.9259
v -0.3980 2.2570 0.9260
v -0.3186 2.2668 0.9249
v -0.2399 2.2823 0.9272
v -0.1597 2.2844 0.9252
v -0.0799 2.2881 0.9250
v -0.0000 2.2838 0.9227
v 0.0793 2.2711 0.9181
v 0.1583 2.2641 0.9170
v 0.2359 2.2443 0.9118
v 0.3150 2.2417 0.9146
v 0.3960 2.2460 0.9215
v 0.4773 2.2454 0.9275
v 0.5576 2.2362 0.9312
v 0.6383 2.2260 0.9356
v 0.7166 2.2054 0.9369
v 0.7943 2.1824 0.9383
v 0.8750 2.1657 0.9437
v 0.9523 2.1388 0.9459
v 1.0287 2.1091 0.9481
v 1.1028 2.0741 0.9491
v 1.1738 2.0330 0.9485
v 1.2455 1.9933 0.9496
v 1.3157 1.9506 0.9506
v 1.3863 1.9081 0.9529
v 1.4567 1.8645 0.9560
v 1.5288 1.8220 0.9609
v 1.5978 1.7745 0.9648
v 1.6672 1.7264 0.9697
v 1.7355 1.6760 0.9748
v 1.8004 1.6211 0.9788
v 1.8706 1.5696 0.9866
v 1.9355 1.5122 0.9924
v 2.0004 1.4534 0.9990
v 2.0621 1.3909 1.0050
v 2.1186 1.3238 1.0093
v 2.1695 1.2526 1.0121
v 2.2168 1.1787 1.0144
v 2.2665 1.1054 1.0188
v 2.3027 1.0252 1.0184
v 2.3398 0.9454 1.0196
v 2.3784 0.8657 1.0226
v 2.4025 0.7806 1.0206
v 2.4276 0.6961 1.0204
v 2.4606 0.6135 1.0246
v 2.5030 0.5320 1.0339
v 2.5527 0.4501 1.0473
v 2.5866 0.3635 1.0553
v 2.6097 0.2743 1.0602
v 2.6365 0.1844 1.0678
v 2.6564 0.0928 1.0739
v 2.6631 0.0000 1.0759
v 2.6405 -0.0922 1.1764
v 2.6677 -0.1865 1.1906
v 2.6985 -0.2836 1.2080
v 2.7203 -0.3823 1.2231
v 2.7306 -0.4815 1.2345
v 2.7358 -0.5815 1.2453
v 2.7339 -0.6816 1.2545
v 2.7195 -0.7798 1.2596
v 2.6996 -0.8772 1.2638
v 2.6718 -0.9725 1.2659
v 2.6365 -1.0652 1.2660
v 2.5983 -1.1569 1.2663
v 2.5630 -1.2501 1.2696
v 2.5255 -1.3428 1.2735
v 2.4806 -1.4322 1.2753
v 2.4304 -1.5187 1.2760
v 2.3749 -1.6019 1.2754
v 2.3201 -1.6857 1.2768
v 2.2568 -1.7632 1.2751
v 2.1876 -1.8356 1.2715
v 2.1056 -1.8959 1.2615
v 2.0192 -1.9499 1.2497
v 1.9295 -1.9981 1.2367
v 1.8367 -2.0399 1.2221
v 1.7366 -2.0696 1.2028
v 1.6378 -2.0962 1.1844
v 1.5381 -2.1171 1.1651
v 1.4379 -2.1318 1.1449
v 1.3417 -2.1472 1.1273
v 1.2464 -2.1588 1.1099
v 1.1523 -2.1671 1.0928
v 1.0598 -2.1728 1.0763
v 0.9688 -2.1759 1.0604
v 0.8795 -2.1768 1.0453
v 0.7918 -2.1756 1.0308
v 0.7062 -2.1735 1.0175
v 0.6229 -2.1723 1.0061
v 0.5415 -2.1717 0.9965
v 0.4616 -2.1716 0.9885
v 0.3831 -2.1724 0.9821
v 0.3056 -2.1743 0.9776
v 0.2287 -2.1756 0.9740
v 0.1521 -2.1756 0.9710
v 0.0759 -2.1741 0.9686
v 0.0000 -2.1722 0.9671
v -0.0758 -2.1698 0.9667
v -0.1517 -2.1697 0.9684
v -0.2277 -2.1666 0.9699
v -0.3039 -2.1624 0.9722
v -0.3802 -2.1561 0.9748
v -0.4562 -2.1465 0.9770
v -0.5326 -2.1362 0.9802
v -0.6094 -2.1253 0.9844
v -0.6864 -2.1125 0.9889
v -0.7641 -2.0993 0.9946
v -0.8433 -2.0873 1.0023
v -0.9246 -2.0766 1.0121
v -1.0074 -2.0655 1.0232
v -1.0922 -2.0540 1.0358
v -1.1798 -2.0434 1.0505
v -1.2699 -2.0323 1.0670
v -1.3637 -2.0217 1.0857
v -1.4617 -2.0119 1.1072
v -1.5640 -2.0018 1.1310
v -1.6739 -1.9949 1.1594
v -1.7886 -1.9865 1.1901
v -1.9042 -1.9718 1.2205
v -2.0191 -1.9498 1.2497
v -2.1361 -1.9234 1.2798
v -2.2512 -1.8890 1.3084
v -2.3679 -1.8500 1.3379
v -2.4807 -1.8023 1.3652
v -2.5844 -1.7432 1.3879
v -2.6819 -1.6758 1.4080
v -2.7718 -1.6003 1.4250
v -2.8527 -1.5168 1.4385
v -2.9237 -1.4260 1.4483
v -2.9842 -1.3287 1.4544
v -3.0346 -1.2261 1.4572
v -3.0718 -1.1180 1.4554
v -3.0989 -1.0069 1.4507
v -3.1159 -0.8935 1.4432
v -3.1227 -0.7786 1.4329
v -3.1199 -0.6631 1.4201
v -3.1079 -0.5480 1.4051
v -3.0879 -0.4340 1.3884
v -3.0616 -0.3218 1.3706
v -3.0306 -0.2119 1.3526
v -2.9967 -0.1046 1.3350
v -2.9614 -0.0000 1.3185
v -2.9250 0.1021 1.3031
v -2.8924 0.2023 1.2909
v -2.8519 0.2997 1.2767
v -2.8138 0.3955 1.2651
v -2.7751 0.4893 1.2546
v -2.7355 0.5815 1.2451
v -2.6944 0.6718 1.2364
v -2.6516 0.7603 1.2281
v -2.6062 0.8468 1.2201
v -2.5614 0.9323 1.2136
v -2.5135 1.0155 1.2070
v -2.4596 1.0951 1.1987
v -2.3992 1.1702 1.1885
v -2.3351 1.2416 1.1775
v -2.2661 1.3083 1.1650
v -2.1889 1.3678 1.1492
v -2.1148 1.4264 1.1357
v -2.0381 1.4807 1.1216
v -1.9546 1.5271 1.1044
v -1.8697 1.5689 1.0867
v -1.7949 1.6162 1.0754
v -1.7190 1.6601 1.0640
v -1.6444 1.7029 1.0540
v -1.5720 1.7459 1.0460
v -1.5021 1.7901 1.0404
v -1.4314 1.8321 1.0351
v -1.3650 1.8787 1.0339
v -1.2931 1.9170 1.0295
v -1.2203 1.9529 1.0253
v -1.1465 1.9857 1.0209
v -1.0728 2.0177 1.0174
v -0.9969 2.0439 1.0125
v -0.9222 2.0714 1.0095
v -0.8464 2.0949 1.0060
v -0.7703 2.1163 1.0027
v -0.6950 2.1391 1.0014
v -0.6194 2.1602 1.0005
v -0.5423 2.1751 0.9981
v -0.4659 2.1918 0.9976
v -0.3899 2.2112 0.9997
v -0.3130 2.2272 1.0013
v -0.2354 2.2400 1.0028
v -0.1567 2.2412 1.0003
v -0.0783 2.2424 0.9990
v -0.0000 2.2365 0.9958
v 0.0776 2.2214 0.9896
v 0.1548 2.2141 0.9882
v 0.2316 2.2039 0.9867
v 0.3082 2.1932 0.9861
v 0.3862 2.1901 0.9901
v 0.4655 2.1898 0.9967
v 0.5440 2.1820 1.0012
v 0.6210 2.1655 1.0030
v 0.6948 2.1384 1.0011
v 0.7688 2.1121 1.0007
v 0.8507 2.1054 1.0110
v 0.9243 2.0761 1.0118
v 0.9985 2.0471 1.0141
v 1.0705 2.0133 1.0152
v 1.1419 1.9778 1.0168
v 1.2111 1.9381 1.0175
v 1.2788 1.8959 1.0182
v 1.3499 1.8580 1.0225
v 1.4199 1.8174 1.0268
v 1.4905 1.7763 1.0324
v 1.5601 1.7327 1.0381
v 1.6262 1.6839 1.0423
v 1.6953 1.6371 1.0493
v 1.7573 1.5822 1.0528
v 1.8239 1.5304 1.0600
v 1.8870 1.4743 1.0661
v 1.9492 1.4161 1.0727
v 2.0070 1.3537 1.0779
v 2.0624 1.2887 1.0828
v 2.1124 1.2196 1.0860
v 2.1571 1.1470 1.0877
v 2.2024 1.0742 1.0910
v 2.2464 1.0002 1.0948
v 2.2863 0.9237 1.0979
v 2.3164 0.8431 1.0975
v 2.3453 0.7620 1.0979
v 2.3659 0.6784 1.0958
v 2.3944 0.5970 1.0987
v 2.4380 0.5182 1.1097
v 2.4795 0.4372 1.1210
v 2.5167 0.3537 1.1315
v 2.5527 0.2683 1.1428
v 2.5808 0.1805 1.1518
v 2.6027 0.0909 1.1595
v 2.6094 0.0000 1.1618
v 2.5881 -0.0904 1.2631
v 2.6075 -0.1823 1.2749
v 2.6320 -0.2766 1.2908
v 2.6478 -0.3721 1.3041
v 2.6600 -0.4690 1.3174
v 2.6667 -0.5668 1.3297
v 2.6673 -0.6650 1.3408
v 2.6541 -0.7611 1.3467
v 2.6357 -0.8564 1.3517
v 2.6088 -0.9495 1.3540
v 2.5741 -1.0400 1.3541
v 2.5364 -1.1293 1.3542
v 2.5007 -1.2197 1.3570
v 2.4627 -1.3094 1.3604
v 2.4165 -1.3952 1.3609
v 2.3656 -1.4782 1.3605
v 2.3124 -1.5597 1.3604
v 2.2542 -1.6378 1.3590
v 2.1897 -1.7107 1.3553
v 2.1200 -1.7789 1.3498
v 2.0406 -1.8374 1.3393
v 1.9568 -1.8897 1.3268
v 1.8721 -1.9386 1.3144
v 1.7841 -1.9815 1.3005
v 1.6903 -2.0145 1.2826
v 1.5965 -2.0434 1.2647
v 1.5023 -2.0677 1.2466
v 1.4074 -2.0865 1.2275
v 1.3153 -2.1049 1.2106
v 1.2227 -2.1178 1.1927
v 1.1306 -2.1263 1.1746
v 1.0395 -2.1314 1.1566
v 0.9498 -2.1334 1.1390
v 0.8619 -2.1332 1.1221
v 0.7759 -2.1317 1.1064
v 0.6920 -2.1297 1.0922
v 0.6105 -2.1291 1.0803
v 0.5309 -2.1292 1.0703
v 0.4528 -2.1301 1.0621
v 0.3759 -2.1320 1.0559
v 0.3001 -2.1351 1.0516
v 0.2246 -2.1369 1.0480
v 0.1494 -2.1370 1.0448
v 0.0746 -2.1359 1.0424
v 0.0000 -2.1341 1.0409
v -0.0744 -2.1308 1.0399
v -0.1489 -2.1301 1.0414
v -0.2236 -2.1275 1.0434
v -0.2984 -2.1235 1.0459
v -0.3733 -2.1172 1.0485
v -0.4480 -2.1075 1.0509
v -0.5230 -2.0976 1.0544
v -0.5986 -2.0875 1.0591
v -0.6744 -2.0756 1.0645
v -0.7507 -2.0625 1.0705
v -0.8283 -2.0500 1.0784
v -0.9074 -2.0380 1.0881
v -0.9882 -2.0260 1.0994
v -1.0710 -2.0142 1.1126
v -1.1570 -2.0039 1.1286
v -1.2458 -1.9937 1.1466
v -1.3376 -1.9830 1.1666
v -1.4337 -1.9733 1.1897
v -1.5336 -1.9629 1.2149
v -1.6404 -1.9549 1.2447
v -1.7511 -1.9448 1.2764
v -1.8620 -1.9282 1.3074
v -1.9738 -1.9061 1.3383
v -2.0833 -1.8758 1.3673
v -2.1943 -1.8412 1.3971
v -2.3023 -1.7988 1.4250
v -2.4106 -1.7514 1.4533
v -2.5104 -1.6933 1.4769
v -2.6047 -1.6276 1.4980
v -2.6926 -1.5546 1.5164
v -2.7727 -1.4743 1.5316
v -2.8443 -1.3873 1.5435
v -2.9066 -1.2941 1.5518
v -2.9594 -1.1957 1.5567
v -3.0003 -1.0920 1.5573
v -3.0315 -0.9850 1.5546
v -3.0527 -0.8753 1.5489
v -3.0639 -0.7639 1.5401
v -3.0653 -0.6516 1.5285
v -3.0578 -0.5392 1.5144
v -3.0423 -0.4276 1.4984
v -3.0202 -0.3174 1.4812
v -2.9933 -0.2093 1.4635
v -2.9631 -0.1035 1.4461
v -2.9318 -0.0000 1.4299
v -2.8986 0.1012 1.4146
v -2.8687 0.2006 1.4026
v -2.8346 0.2979 1.3901
v -2.8022 0.3938 1.3802
v -2.7684 0.4881 1.3710
v -2.7336 0.5811 1.3631
v -2.6911 0.6710 1.3527
v -2.6463 0.7588 1.3427
v -2.5975 0.8440 1.3321
v -2.5489 0.9277 1.3230
v -2.4971 1.0089 1.3136
v -2.4424 1.0874 1.3040
v -2.3788 1.1602 1.2909
v -2.3122 1.2294 1.2772
v -2.2417 1.2943 1.2625
v -2.1653 1.3530 1.2453
v -2.0885 1.4087 1.2287
v -2.0088 1.4595 1.2110
v -1.9287 1.5068 1.1937
v -1.8472 1.5500 1.1761
v -1.7696 1.5933 1.1614
v -1.6922 1.6341 1.1473
v -1.6181 1.6756 1.1361
v -1.5475 1.7187 1.1280
v -1.4791 1.7627 1.1223
v -1.4101 1.8048 1.1171
v -1.3401 1.8445 1.1120
v -1.2710 1.8843 1.1086
v -1.1986 1.9182 1.1032
v -1.1256 1.9495 1.0979
v -1.0527 1.9799 1.0937
v -0.9802 2.0096 1.0905
v -0.9037 2.0297 1.0836
v -0.8294 2.0529 1.0799
v -0.7554 2.0753 1.0772
v -0.6803 2.0938 1.0737
v -0.6062 2.1141 1.0727
v -0.5310 2.1299 1.0706
v -0.4560 2.1452 1.0697
v -0.3811 2.1615 1.0705
v -0.3060 2.1772 1.0723
v -0.2300 2.1885 1.0733
v -0.1536 2.1961 1.0737
v -0.0766 2.1949 1.0712
v -0.0000 2.1851 1.0657
v 0.0759 2.1747 1.0613
v 0.1511 2.1609 1.0565
v 0.2259 2.1490 1.0539
v 0.3007 2.1399 1.0540
v 0.3762 2.1337 1.0567
v 0.4524 2.1284 1.0613
v 0.5278 2.1168 1.0641
v 0.6022 2.1000 1.0655
v 0.6725 2.0697 1.0614
v 0.7436 2.0429 1.0603
v 0.8224 2.0355 1.0708
v 0.8957 2.0117 1.0740
v 0.9682 1.9850 1.0772
v 1.0416 1.9589 1.0821
v 1.1111 1.9245 1.0838
v 1.1805 1.8892 1.0865
v 1.2492 1.8520 1.0895
v 1.3171 1.8128 1.0929
v 1.3857 1.7736 1.0977
v 1.4543 1.7331 1.1035
v 1.5153 1.6829 1.1045
v 1.5843 1.6406 1.1124
v 1.6460 1.5895 1.1160
v 1.7082 1.5381 1.1211
v 1.7708 1.4859 1.1274
v 1.8352 1.4338 1.1359
v 1.8994 1.3800 1.1451
v 1.9569 1.3199 1.1513
v 2.0071 1.2542 1.1543
v 2.0523 1.1849 1.1558
v 2.0971 1.1150 1.1584
v 2.1431 1.0453 1.1630
v 2.1900 0.9751 1.1692
v 2.2304 0.9011 1.1733
v 2.2703 0.8263 1.1784
v 2.2969 0.7463 1.1779
v 2.3239 0.6664 1.1791
v 2.3621 0.5889 1.1873
v 2.3939 0.5088 1.1937
v 2.4294 0.4284 1.2032
v 2.4649 0.3464 1.2140
v 2.5013 0.2629 1.2267
v 2.5314 0.1770 1.2377
v 2.5550 0.0892 1.2469
v 2.5637 0.0000 1.2504
v 2.5376 -0.0886 1.3501
v 2.5457 -0.1780 1.3569
v 2.5645 -0.2695 1.3711
v 2.5781 -0.3623 1.3843
v 2.5898 -0.4567 1.3983
v 2.5965 -0.5519 1.4114
v 2.5987 -0.6479 1.4240
v 2.5870 -0.7418 1.4309
v 2.5703 -0.8352 1.4370
v 2.5453 -0.9264 1.4402
v 2.5128 -1.0152 1.4410
v 2.4764 -1.1026 1.4413
v 2.4413 -1.1907 1.4442
v 2.4027 -1.2775 1.4469
v 2.3554 -1.3599 1.4462
v 2.3037 -1.4395 1.4444
v 2.2521 -1.5190 1.4444
v 2.1904 -1.5914 1.4396
v 2.1243 -1.6597 1.4333
v 2.0533 -1.7230 1.4252
v 1.9777 -1.7808 1.4150
v 1.8986 -1.8335 1.4034
v 1.8178 -1.8824 1.3914
v 1.7329 -1.9246 1.3770
v 1.6438 -1.9591 1.3598
v 1.5557 -1.9912 1.3436
v 1.4662 -2.0180 1.3263
v 1.3761 -2.0402 1.3085
v 1.2874 -2.0603 1.2918
v 1.1977 -2.0745 1.2737
v 1.1079 -2.0836 1.2548
v 1.0185 -2.0882 1.2354
v 0.9303 -2.0895 1.2162
v 0.8439 -2.0887 1.1978
v 0.7595 -2.0867 1.1807
v 0.6775 -2.0851 1.1657
v 0.5979 -2.0850 1.1533
v 0.5201 -2.0860 1.1431
v 0.4438 -2.0880 1.1350
v 0.3687 -2.0911 1.1290
v 0.2945 -2.0954 1.1251
v 0.2205 -2.0976 1.1215
v 0.1467 -2.0978 1.1181
v 0.0732 -2.0967 1.1155
v 0.0000 -2.0947 1.1138
v -0.0730 -2.0909 1.1124
v -0.1461 -2.0897 1.1138
v -0.2194 -2.0871 1.1158
v -0.2928 -2.0833 1.1186
v -0.3663 -2.0774 1.1216
v -0.4395 -2.0677 1.1240
v -0.5132 -2.0585 1.1280
v -0.5876 -2.0491 1.1334
v -0.6621 -2.0378 1.1393
v -0.7373 -2.0256 1.1462
v -0.8130 -2.0123 1.1540
v -0.8901 -1.9992 1.1636
v -0.9685 -1.9857 1.1747
v -1.0489 -1.9728 1.1880
v -1.1329 -1.9622 1.2047
v -1.2194 -1.9514 1.2235
v -1.3088 -1.9403 1.2444
v -1.4019 -1.9296 1.2682
v -1.4995 -1.9192 1.2950
v -1.6035 -1.9110 1.3264
v -1.7106 -1.8998 1.3593
v -1.8183 -1.8829 1.3917
v -1.9258 -1.8597 1.4235
v -2.0324 -1.8300 1.4541
v -2.1368 -1.7930 1.4832
v -2.2423 -1.7519 1.5130
v -2.3432 -1.7024 1.5400
v -2.4401 -1.6459 1.5650
v -2.5310 -1.5815 1.5869
v -2.6167 -1.5108 1.6066
v -2.6958 -1.4334 1.6234
v -2.7672 -1.3497 1.6370
v -2.8302 -1.2601 1.6473
v -2.8844 -1.1654 1.6541
v -2.9279 -1.0657 1.6567
v -2.9620 -0.9624 1.6560
v -2.9864 -0.8563 1.6519
v -3.0010 -0.7482 1.6445
v -3.0060 -0.6390 1.6340
v -3.0021 -0.5293 1.6209
v -2.9903 -0.4203 1.6056
v -2.9721 -0.3124 1.5890
v -2.9492 -0.2062 1.5719
v -2.9228 -0.1021 1.5550
v -2.8946 -0.0000 1.5391
v -2.8667 0.1001 1.5252
v -2.8378 0.1984 1.5125
v -2.8093 0.2953 1.5019
v -2.7825 0.3911 1.4940
v -2.7542 0.4856 1.4871
v -2.7248 0.5792 1.4812
v -2.6815 0.6686 1.4694
v -2.6353 0.7557 1.4577
v -2.5845 0.8398 1.4449
v -2.5298 0.9208 1.4314
v -2.4781 1.0012 1.4211
v -2.4197 1.0773 1.4083
v -2.3536 1.1479 1.3924
v -2.2844 1.2146 1.3756
v -2.2116 1.2769 1.3579
v -2.1355 1.3344 1.3389
v -2.0594 1.3891 1.3208
v -1.9859 1.4428 1.3052
v -1.9029 1.4867 1.2840
v -1.8168 1.5245 1.2610
v -1.7412 1.5678 1.2458
v -1.6672 1.6100 1.2324
v -1.5935 1.6501 1.2197
v -1.5245 1.6931 1.2114
v -1.4557 1.7348 1.2041
v -1.3858 1.7737 1.1968
v -1.3164 1.8119 1.1908
v -1.2457 1.8468 1.1844
v -1.1750 1.8803 1.1789
v -1.1038 1.9119 1.1738
v -1.0323 1.9414 1.1691
v -0.9599 1.9680 1.1642
v -0.8868 1.9918 1.1593
v -0.8121 2.0101 1.1527
v -0.7401 2.0334 1.1506
v -0.6663 2.0508 1.1465
v -0.5929 2.0677 1.1437
v -0.5199 2.0853 1.1427
v -0.4462 2.0994 1.1412
v -0.3729 2.1150 1.1419
v -0.2993 2.1298 1.1435
v -0.2246 2.1373 1.1427
v -0.1500 2.1445 1.1430
v -0.0749 2.1458 1.1416
v -0.0000 2.1376 1.1366
v 0.0741 2.1233 1.1297
v 0.1475 2.1090 1.1241
v 0.2202 2.0951 1.1201
v 0.2929 2.0839 1.1189
v 0.3660 2.0757 1.1207
v 0.4393 2.0666 1.1234
v 0.5121 2.0541 1.1256
v 0.5850 2.0403 1.1286
v 0.6556 2.0178 1.1281
v 0.7197 1.9773 1.1188
v 0.7955 1.9689 1.1291
v 0.8691 1.9519 1.1361
v 0.9412 1.9298 1.1417
v 1.0130 1.9053 1.1473
v 1.0800 1.8707 1.1485
v 1.1484 1.8379 1.1523
v 1.2150 1.8014 1.1553
v 1.2819 1.7644 1.1596
v 1.3520 1.7305 1.1677
v 1.4172 1.6890 1.1723
v 1.4738 1.6368 1.1711
v 1.5377 1.5923 1.1770
v 1.6053 1.5502 1.1865
v 1.6645 1.4987 1.1909
v 1.7246 1.4471 1.1970
v 1.7887 1.3975 1.2069
v 1.8484 1.3430 1.2149
v 1.8999 1.2815 1.2185
v 1.9465 1.2163 1.2204
v 1.9910 1.1495 1.2224
v 2.0349 1.0820 1.2254
v 2.0804 1.0147 1.2307
v 2.1293 0.9480 1.2393
v 2.1761 0.8792 1.2479
v 2.2189 0.8076 1.2556
v 2.2536 0.7322 1.2599
v 2.2806 0.6539 1.2615
v 2.3159 0.5774 1.2691
v 2.3497 0.4994 1.2772
v 2.3856 0.4206 1.2880
v 2.4190 0.3400 1.2988
v 2.4552 0.2581 1.3126
v 2.4867 0.1739 1.3254
v 2.5089 0.0876 1.3348
v 2.5266 0.0000 1.3434
v 2.4835 -0.0867 1.4347
v 2.4957 -0.1745 1.4444
v 2.5091 -0.2637 1.4566
v 2.5189 -0.3540 1.4686
v 2.5240 -0.4450 1.4797
v 2.5279 -0.5373 1.4921
v 2.5285 -0.6304 1.5045
v 2.5175 -0.7219 1.5121
v 2.5014 -0.8128 1.5185
v 2.4774 -0.9017 1.5221
v 2.4458 -0.9881 1.5230
v 2.4102 -1.0731 1.5232
v 2.3723 -1.1570 1.5238
v 2.3307 -1.2392 1.5240
v 2.2808 -1.3168 1.5206
v 2.2273 -1.3918 1.5164
v 2.1763 -1.4679 1.5156
v 2.1162 -1.5375 1.5102
v 2.0515 -1.6028 1.5030
v 1.9831 -1.6641 1.4947
v 1.9133 -1.7227 1.4864
v 1.8398 -1.7767 1.4766
v 1.7636 -1.8262 1.4657
v 1.6825 -1.8686 1.4517
v 1.5979 -1.9043 1.4353
v 1.5147 -1.9387 1.4204
v 1.4298 -1.9680 1.4045
v 1.3443 -1.9930 1.3879
v 1.2585 -2.0140 1.3712
v 1.1717 -2.0294 1.3529
v 1.0842 -2.0391 1.3333
v 0.9967 -2.0436 1.3127
v 0.9103 -2.0447 1.2922
v 0.8256 -2.0434 1.2724
v 0.7430 -2.0414 1.2543
v 0.6629 -2.0402 1.2385
v 0.5852 -2.0407 1.2257
v 0.5093 -2.0426 1.2154
v 0.4348 -2.0457 1.2075
v 0.3615 -2.0500 1.2018
v 0.2888 -2.0552 1.1983
v 0.2163 -2.0578 1.1946
v 0.1439 -2.0581 1.1911
v 0.0718 -2.0568 1.1882
v 0.0000 -2.0540 1.1859
v -0.0716 -2.0492 1.1839
v -0.1432 -2.0476 1.1851
v -0.2149 -2.0451 1.1873
v -0.2869 -2.0413 1.1902
v -0.3589 -2.0354 1.1932
v -0.4306 -2.0260 1.1959
v -0.5030 -2.0172 1.2003
v -0.5759 -2.0084 1.2062
v -0.6490 -1.9975 1.2126
v -0.7226 -1.9853 1.2198
v -0.7967 -1.9720 1.2279
v -0.8715 -1.9574 1.2371
v -0.9475 -1.9426 1.2478
v -1.0255 -1.9287 1.2612
v -1.1069 -1.9172 1.2781
v -1.1910 -1.9061 1.2976
v -1.2774 -1.8939 1.3189
v -1.3680 -1.8829 1.3438
v -1.4627 -1.8721 1.3716
v -1.5640 -1.8639 1.4047
v -1.6685 -1.8530 1.4396
v -1.7727 -1.8357 1.4734
v -1.8771 -1.8127 1.5065
v -1.9803 -1.7831 1.5385
v -2.0823 -1.7473 1.5694
v -2.1823 -1.7050 1.5989
v -2.2807 -1.6570 1.6276
v -2.3721 -1.6000 1.6520
v -2.4607 -1.5376 1.6753
v -2.5438 -1.4686 1.6959
v -2.6213 -1.3938 1.7141
v -2.6918 -1.3129 1.7291
v -2.7546 -1.2264 1.7409
v -2.8091 -1.1349 1.7492
v -2.8541 -1.0388 1.7536
v -2.8900 -0.9390 1.7544
v -2.9164 -0.8363 1.7516
v -2.9334 -0.7314 1.7455
v -2.9410 -0.6251 1.7359
v -2.9401 -0.5184 1.7236
v -2.9314 -0.4120 1.7091
v -2.9166 -0.3066 1.6932
v -2.8971 -0.2026 1.6767
v -2.8741 -0.1004 1.6603
v -2.8497 -0.0000 1.6452
v -2.8233 0.0986 1.6310
v -2.7966 0.1956 1.6185
v -2.7747 0.2916 1.6108
v -2.7535 0.3870 1.6054
v -2.7308 0.4815 1.6010
v -2.7068 0.5754 1.5977
v -2.6627 0.6639 1.5844
v -2.6220 0.7518 1.5748
v -2.5715 0.8355 1.5611
v -2.5087 0.9131 1.5414
v -2.4519 0.9906 1.5267
v -2.3899 1.0641 1.5104
v -2.3230 1.1330 1.4922
v -2.2525 1.1977 1.4729
v -2.1784 1.2577 1.4523
v -2.1031 1.3142 1.4318
v -2.0298 1.3691 1.4136
v -1.9564 1.4214 1.3962
v -1.8785 1.4676 1.3763
v -1.7996 1.5100 1.3563
v -1.7182 1.5471 1.3349
v -1.6434 1.5870 1.3190
v -1.5718 1.6276 1.3063
v -1.5009 1.6669 1.2950
v -1.4316 1.7061 1.2859
v -1.3575 1.7375 1.2730
v -1.2862 1.7703 1.2634
v -1.2204 1.8093 1.2600
v -1.1419 1.8275 1.2442
v -1.0800 1.8706 1.2471
v -1.0097 1.8989 1.2417
v -0.9396 1.9266 1.2376
v -0.8681 1.9498 1.2322
v -0.7966 1.9716 1.2277
v -0.7241 1.9896 1.2224
v -0.6522 2.0074 1.2186
v -0.5792 2.0198 1.2132
v -0.5077 2.0364 1.2117
v -0.4351 2.0470 1.2083
v -0.3643 2.0659 1.2112
v -0.2919 2.0769 1.2109
v -0.2195 2.0881 1.2122
v -0.1459 2.0869 1.2078
v -0.0730 2.0904 1.2076
v -0.0000 2.0843 1.2034
v 0.0723 2.0716 1.1968
v 0.1437 2.0556 1.1897
v 0.2146 2.0414 1.1851
v 0.2841 2.0214 1.1785
v 0.3545 2.0102 1.1785
v 0.4266 2.0072 1.1847
v 0.4969 1.9929 1.1859
v 0.5655 1.9721 1.1845
v 0.6353 1.9553 1.1870
v 0.7048 1.9364 1.1897
v 0.7730 1.9133 1.1914
v 0.8410 1.8889 1.1938
v 0.9130 1.8720 1.2025
v 0.9831 1.8489 1.2090
v 1.0511 1.8206 1.2138
v 1.1185 1.7900 1.2186
v 1.1840 1.7553 1.2224
v 1.2473 1.7168 1.2251
v 1.3119 1.6792 1.2303
v 1.3757 1.6395 1.2356
v 1.4361 1.5949 1.2391
v 1.5004 1.5537 1.2470
v 1.5593 1.5058 1.2515
v 1.6140 1.4533 1.2539
v 1.6739 1.4046 1.2616
v 1.7337 1.3545 1.2702
v 1.7950 1.3042 1.2810
v 1.8482 1.2466 1.2871
v 1.8937 1.1833 1.2892
v 1.9380 1.1189 1.2920
v 1.9786 1.0521 1.2938
v 2.0234 0.9869 1.2997
v 2.0731 0.9230 1.3102
v 2.1187 0.8560 1.3193
v 2.1633 0.7874 1.3291
v 2.2052 0.7165 1.3387
v 2.2379 0.6417 1.3441
v 2.2694 0.5658 1.3504
v 2.3028 0.4895 1.3592
v 2.3425 0.4130 1.3733
v 2.3785 0.3343 1.3867
v 2.4130 0.2536 1.4008
v 2.4362 0.1704 1.4100
v 2.4609 0.0859 1.4217
v 2.4733 0.0000 1.4280
v 2.4278 -0.0848 1.5180
v 2.4394 -0.1706 1.5280
v 2.4509 -0.2576 1.5399
v 2.4578 -0.3454 1.5509
v 2.4604 -0.4338 1.5611
v 2.4615 -0.5232 1.5725
v 2.4584 -0.6129 1.5832
v 2.4460 -0.7014 1.5900
v 2.4293 -0.7893 1.5961
v 2.4057 -0.8756 1.5997
v 2.3750 -0.9596 1.6006
v 2.3400 -1.0418 1.6006
v 2.3018 -1.1226 1.6003
v 2.2594 -1.2014 1.5990
v 2.2102 -1.2761 1.5947
v 2.1578 -1.3483 1.5899
v 2.1102 -1.4233 1.5905
v 2.0532 -1.4917 1.5858
v 1.9922 -1.5565 1.5798
v 1.9276 -1.6174 1.5723
v 1.8611 -1.6758 1.5649
v 1.7917 -1.7302 1.5564
v 1.7178 -1.7789 1.5452
v 1.6386 -1.8199 1.5302
v 1.5570 -1.8556 1.5136
v 1.4763 -1.8896 1.4984
v 1.3945 -1.9194 1.4825
v 1.3117 -1.9446 1.4657
v 1.2291 -1.9670 1.4494
v 1.1449 -1.9830 1.4308
v 1.0598 -1.9933 1.4106
v 0.9746 -1.9983 1.3893
v 0.8902 -1.9994 1.3676
v 0.8074 -1.9985 1.3468
v 0.7268 -1.9968 1.3278
v 0.6486 -1.9963 1.3116
v 0.5727 -1.9974 1.2984
v 0.4987 -2.0000 1.2880
v 0.4260 -2.0039 1.2802
v 0.3542 -2.0090 1.2747
v 0.2832 -2.0148 1.2713
v 0.2120 -2.0173 1.2675
v 0.1411 -2.0174 1.2637
v 0.0704 -2.0156 1.2603
v 0.0000 -2.0118 1.2571
v -0.0701 -2.0060 1.2543
v -0.1401 -2.0039 1.2552
v -0.2103 -2.0011 1.2573
v -0.2807 -1.9969 1.2601
v -0.3510 -1.9906 1.2631
v -0.4211 -1.9810 1.2655
v -0.4918 -1.9725 1.2703
v -0.5631 -1.9637 1.2765
v -0.6346 -1.9530 1.2831
v -0.7065 -1.9411 1.2908
v -0.7785 -1.9270 1.2987
v -0.8512 -1.9119 1.3077
v -0.9249 -1.8963 1.3183
v -1.0002 -1.8811 1.3313
v -1.0794 -1.8696 1.3490
v -1.1609 -1.8579 1.3689
v -1.2447 -1.8454 1.3909
v -1.3323 -1.8337 1.4163
v -1.4244 -1.8231 1.4457
v -1.5227 -1.8147 1.4803
v -1.6242 -1.8038 1.5167
v -1.7259 -1.7872 1.5525
v -1.8277 -1.7650 1.5876
v -1.9277 -1.7357 1.6209
v -2.0275 -1.7012 1.6538
v -2.1255 -1.6606 1.6855
v -2.2188 -1.6121 1.7138
v -2.3050 -1.5547 1.7373
v -2.3917 -1.4945 1.7623
v -2.4718 -1.4271 1.7835
v -2.5481 -1.3549 1.8033
v -2.6170 -1.2764 1.8194
v -2.6787 -1.1926 1.8322
v -2.7324 -1.1040 1.8415
v -2.7778 -1.0110 1.8471
v -2.8144 -0.9145 1.8492
v -2.8420 -0.8149 1.8475
v -2.8605 -0.7132 1.8422
v -2.8700 -0.6100 1.8335
v -2.8713 -0.5063 1.8219
v -2.8652 -0.4027 1.8080
v -2.8531 -0.2999 1.7926
v -2.8367 -0.1984 1.7769
v -2.8170 -0.0984 1.7613
v -2.7940 -0.0000 1.7459
v -2.7694 0.0967 1.7316
v -2.7443 0.1919 1.7190
v -2.7299 0.2869 1.7152
v -2.7143 0.3815 1.7128
v -2.6973 0.4756 1.7115
v -2.6797 0.5696 1.7119
v -2.6452 0.6595 1.7035
v -2.6059 0.7472 1.6939
v -2.5544 0.8300 1.6783
v -2.4761 0.9012 1.6466
v -2.4202 0.9778 1.6311
v -2.3615 1.0514 1.6153
v -2.2898 1.1168 1.5919
v -2.2207 1.1807 1.5716
v -2.1370 1.2338 1.5419
v -2.0641 1.2898 1.5209
v -1.9976 1.3474 1.5057
v -1.9245 1.3982 1.4864
v -1.8506 1.4458 1.4675
v -1.7757 1.4900 1.4484
v -1.7024 1.5329 1.4315
v -1.6219 1.5663 1.4089
v -1.5504 1.6055 1.3946
v -1.4795 1.6432 1.3817
v -1.4079 1.6779 1.3687
v -1.3372 1.7116 1.3572
v -1.2605 1.7349 1.3400
v -1.1936 1.7695 1.3338
v -1.1222 1.7960 1.3233
v -1.0542 1.8259 1.3174
v -0.9885 1.8591 1.3157
v -0.9191 1.8844 1.3101
v -0.8495 1.9080 1.3051
v -0.7799 1.9303 1.3009
v -0.7078 1.9448 1.2932
v -0.6368 1.9600 1.2878
v -0.5662 1.9747 1.2837
v -0.4949 1.9850 1.2783
v -0.4234 1.9918 1.2724
v -0.3536 2.0053 1.2724
v -0.2838 2.0195 1.2743
v -0.2127 2.0235 1.2714
v -0.1420 2.0303 1.2718
v -0.0710 2.0328 1.2710
v -0.0000 2.0233 1.2643
v 0.0701 2.0064 1.2545
v 0.1398 1.9991 1.2522
v 0.2084 1.9830 1.2459
v 0.2764 1.9667 1.2410
v 0.3445 1.9538 1.2397
v 0.4101 1.9295 1.2326
v 0.4814 1.9308 1.2435
v 0.5493 1.9155 1.2452
v 0.6172 1.8996 1.2481
v 0.6852 1.8824 1.2518
v 0.7462 1.8469 1.2447
v 0.8188 1.8391 1.2580
v 0.8872 1.8190 1.2647
v 0.9540 1.7942 1.2697
v 1.0203 1.7672 1.2751
v 1.0860 1.7380 1.2806
v 1.1494 1.7041 1.2844
v 1.2103 1.6659 1.2867
v 1.2726 1.6288 1.2916
v 1.3315 1.5868 1.2944
v 1.3960 1.5504 1.3037
v 1.4549 1.5065 1.3087
v 1.5152 1.4632 1.3162
v 1.5737 1.4169 1.3232
v 1.6312 1.3687 1.3306
v 1.6872 1.3182 1.3379
v 1.7425 1.2660 1.3459
v 1.7927 1.2092 1.3512
v 1.8391 1.1492 1.3551
v 1.8851 1.0883 1.3601
v 1.9291 1.0257 1.3652
v 1.9725 0.9620 1.3713
v 2.0170 0.8980 1.3796
v 2.0569 0.8310 1.3862
v 2.0994 0.7641 1.3961
v 2.1423 0.6961 1.4075
v 2.1829 0.6259 1.4190
v 2.2207 0.5537 1.4301
v 2.2553 0.4794 1.4407
v 2.2885 0.4035 1.4521
v 2.3213 0.3262 1.4647
v 2.3561 0.2476 1.4804
v 2.3819 0.1666 1.4920
v 2.4040 0.0840 1.5031
v 2.4179 0.0000 1.5109
v 2.3683 -0.0827 1.5984
v 2.3792 -0.1664 1.6087
v 2.3892 -0.2511 1.6204
v 2.3939 -0.3364 1.6306
v 2.3961 -0.4225 1.6411
v 2.3929 -0.5086 1.6501
v 2.3862 -0.5949 1.6588
v 2.3726 -0.6803 1.6648
v 2.3547 -0.7651 1.6700
v 2.3311 -0.8485 1.6733
v 2.3016 -0.9299 1.6744
v 2.2681 -1.0098 1.6746
v 2.2306 -1.0879 1.6739
v 2.1890 -1.1639 1.6723
v 2.1413 -1.2363 1.6677
v 2.0913 -1.3068 1.6634
v 2.0469 -1.3807 1.6654
v 1.9929 -1.4480 1.6616
v 1.9350 -1.5118 1.6563
v 1.8737 -1.5723 1.6498
v 1.8103 -1.6300 1.6431
v 1.7439 -1.6840 1.6352
v 1.6722 -1.7316 1.6237
v 1.5950 -1.7715 1.6078
v 1.5158 -1.8064 1.5906
v 1.4380 -1.8406 1.5755
v 1.3592 -1.8708 1.5598
v 1.2793 -1.8967 1.5431
v 1.1990 -1.9188 1.5261
v 1.1175 -1.9356 1.5076
v 1.0350 -1.9465 1.4870
v 0.9522 -1.9523 1.4651
v 0.8699 -1.9538 1.4426
v 0.7892 -1.9533 1.4210
v 0.7106 -1.9523 1.4013
v 0.6344 -1.9524 1.3847
v 0.5604 -1.9542 1.3713
v 0.4881 -1.9575 1.3608
v 0.4170 -1.9619 1.3529
v 0.3469 -1.9674 1.3475
v 0.2774 -1.9735 1.3442
v 0.2077 -1.9761 1.3402
v 0.1382 -1.9759 1.3360
v 0.0689 -1.9736 1.3321
v 0.0000 -1.9693 1.3283
v -0.0685 -1.9616 1.3239
v -0.1370 -1.9589 1.3245
v -0.2056 -1.9562 1.3267
v -0.2743 -1.9514 1.3292
v -0.3429 -1.9444 1.3318
v -0.4111 -1.9343 1.3338
v -0.4801 -1.9255 1.3385
v -0.5497 -1.9171 1.3452
v -0.6195 -1.9065 1.3521
v -0.6896 -1.8946 1.3600
v -0.7598 -1.8805 1.3680
v -0.8303 -1.8649 1.3770
v -0.9018 -1.8490 1.3876
v -0.9751 -1.8339 1.4010
v -1.0520 -1.8222 1.4192
v -1.1315 -1.8107 1.4402
v -1.2124 -1.7974 1.4624
v -1.2973 -1.7856 1.4887
v -1.3864 -1.7745 1.5189
v -1.4816 -1.7656 1.5547
v -1.5796 -1.7543 1.5922
v -1.6782 -1.7379 1.6295
v -1.7775 -1.7165 1.6667
v -1.8755 -1.6887 1.7023
v -1.9724 -1.6551 1.7367
v -2.0684 -1.6160 1.7705
v -2.1607 -1.5698 1.8014
v -2.2483 -1.5165 1.8292
v -2.3259 -1.4534 1.8500
v -2.4048 -1.3884 1.8730
v -2.4761 -1.3165 1.8915
v -2.5415 -1.2396 1.9073
v -2.6004 -1.1578 1.9200
v -2.6533 -1.0720 1.9302
v -2.6982 -0.9821 1.9368
v -2.7347 -0.8886 1.9395
v -2.7626 -0.7922 1.9385
v -2.7817 -0.6936 1.9337
v -2.7913 -0.5933 1.9248
v -2.7942 -0.4927 1.9138
v -2.7903 -0.3922 1.9006
v -2.7810 -0.2923 1.8862
v -2.7674 -0.1935 1.8712
v -2.7483 -0.0960 1.8549
v -2.7284 -0.0000 1.8404
v -2.7060 0.0945 1.8263
v -2.6841 0.1877 1.8149
v -2.6755 0.2812 1.8146
v -2.6649 0.3745 1.8152
v -2.6528 0.4678 1.8169
v -2.6434 0.5619 1.8228
v -2.6042 0.6493 1.8103
v -2.5553 0.7327 1.7931
v -2.4985 0.8118 1.7720
v -2.4354 0.8864 1.7481
v -2.3788 0.9611 1.7305
v -2.3135 1.0300 1.7082
v -2.2469 1.0959 1.6862
v -2.1773 1.1577 1.6633
v -2.0971 1.2108 1.6333
v -2.0319 1.2697 1.6161
v -1.9609 1.3227 1.5954
v -1.8900 1.3732 1.5757
v -1.8174 1.4199 1.5556
v -1.7450 1.4642 1.5365
v -1.6719 1.5054 1.5175
v -1.6002 1.5452 1.5004
v -1.5262 1.5805 1.4820
v -1.4553 1.6163 1.4670
v -1.3832 1.6485 1.4515
v -1.3130 1.6805 1.4385
v -1.2379 1.7038 1.4205
v -1.1660 1.7287 1.4065
v -1.0969 1.7553 1.3961
v -1.0293 1.7827 1.3885
v -0.9626 1.8104 1.3830
v -0.8974 1.8400 1.3809
v -0.8291 1.8622 1.3749
v -0.7604 1.8821 1.3692
v -0.6901 1.8960 1.3609
v -0.6205 1.9096 1.3543
v -0.5514 1.9229 1.3493
v -0.4826 1.9355 1.3455
v -0.4141 1.9481 1.3433
v -0.3457 1.9604 1.3427
v -0.2765 1.9676 1.3402
v -0.2070 1.9694 1.3357
v -0.1381 1.9747 1.3352
v -0.0690 1.9766 1.3341
v -0.0000 1.9668 1.3266
v 0.0681 1.9507 1.3166
v 0.1352 1.9331 1.3071
v 0.2013 1.9154 1.2991
v 0.2668 1.8982 1.2929
v 0.3324 1.8851 1.2911
v 0.3989 1.8769 1.2943
v 0.4685 1.8792 1.3063
v 0.5343 1.8634 1.3075
v 0.6001 1.8471 1.3100
v 0.6660 1.8297 1.3134
v 0.7308 1.8088 1.3159
v 0.7942 1.7837 1.3170
v 0.8577 1.7586 1.3198
v 0.9233 1.7365 1.3266
v 0.9879 1.7111 1.3327
v 1.0505 1.6811 1.3371
v 1.1118 1.6484 1.3411
v 1.1716 1.6126 1.3445
v 1.2326 1.5776 1.3504
v 1.2902 1.5377 1.3539
v 1.3503 1.4996 1.3611
v 1.4122 1.4623 1.3712
v 1.4681 1.4177 1.3766
v 1.5243 1.3725 1.3836
v 1.5780 1.3241 1.3895
v 1.6302 1.2736 1.3954
v 1.6821 1.2221 1.4024
v 1.7344 1.1699 1.4111
v 1.7811 1.1129 1.4166
v 1.8275 1.0551 1.4234
v 1.8691 0.9938 1.4278
v 1.9114 0.9323 1.4344
v 1.9541 0.8700 1.4428
v 1.9971 0.8069 1.4528
v 2.0409 0.7428 1.4650
v 2.0811 0.6762 1.4759
v 2.1158 0.6067 1.4847
v 2.1598 0.5385 1.5014
v 2.1961 0.4668 1.5144
v 2.2299 0.3932 1.5273
v 2.2632 0.3181 1.5416
v 2.2980 0.2415 1.5585
v 2.3209 0.1623 1.5693
v 2.3430 0.0818 1.5813
v 2.3584 0.0000 1.5908
v 2.3037 -0.0804 1.6748
v 2.3140 -0.1618 1.6854
v 2.3216 -0.2440 1.6961
v 2.3252 -0.3268 1.7060
v 2.3264 -0.4102 1.7163
v 2.3205 -0.4932 1.7236
v 2.3106 -0.5761 1.7301
v 2.2959 -0.6583 1.7353
v 2.2756 -0.7394 1.7384
v 2.2519 -0.8196 1.7411
v 2.2236 -0.8984 1.7424
v 2.1911 -0.9755 1.7425
v 2.1555 -1.0513 1.7424
v 2.1160 -1.1251 1.7412
v 2.0713 -1.1959 1.7377
v 2.0256 -1.2657 1.7354
v 1.9856 -1.3393 1.7401
v 1.9345 -1.4055 1.7373
v 1.8794 -1.4683 1.7328
v 1.8209 -1.5279 1.7270
v 1.7601 -1.5848 1.7207
v 1.6964 -1.6382 1.7134
v 1.6267 -1.6845 1.7014
v 1.5520 -1.7237 1.6852
v 1.4746 -1.7573 1.6667
v 1.3996 -1.7914 1.6517
v 1.3237 -1.8220 1.6362
v 1.2465 -1.8480 1.6195
v 1.1685 -1.8699 1.6020
v 1.0895 -1.8871 1.5832
v 1.0097 -1.8989 1.5625
v 0.9296 -1.9059 1.5406
v 0.8499 -1.9089 1.5181
v 0.7715 -1.9095 1.4963
v 0.6950 -1.9096 1.4765
v 0.6208 -1.9105 1.4595
v 0.5486 -1.9132 1.4460
v 0.4780 -1.9170 1.4354
v 0.4084 -1.9216 1.4273
v 0.3398 -1.9271 1.4217
v 0.2717 -1.9332 1.4183
v 0.2034 -1.9351 1.4137
v 0.1353 -1.9345 1.4089
v 0.0675 -1.9321 1.4046
v 0.0000 -1.9274 1.4003
v -0.0670 -1.9199 1.3958
v -0.1340 -1.9161 1.3955
v -0.2009 -1.9117 1.3966
v -0.2679 -1.9060 1.3984
v -0.3347 -1.8980 1.4003
v -0.4012 -1.8873 1.4018
v -0.4683 -1.8784 1.4065
v -0.5362 -1.8699 1.4133
v -0.6043 -1.8597 1.4207
v -0.6726 -1.8479 1.4287
v -0.7410 -1.8340 1.4371
v -0.8098 -1.8188 1.4465
v -0.8795 -1.8032 1.4576
v -0.9510 -1.7885 1.4717
v -1.0262 -1.7775 1.4912
v -1.1036 -1.7662 1.5131
v -1.1826 -1.7532 1.5365
v -1.2644 -1.7403 1.5629
v -1.3506 -1.7287 1.5938
v -1.4420 -1.7185 1.6299
v -1.5359 -1.7058 1.6677
v -1.6310 -1.6889 1.7058
v -1.7273 -1.6680 1.7445
v -1.8227 -1.6412 1.7820
v -1.9172 -1.6088 1.8184
v -2.0107 -1.5709 1.8538
v -2.1006 -1.5262 1.8864
v -2.1866 -1.4749 1.9162
v -2.2619 -1.4134 1.9378
v -2.3334 -1.3472 1.9576
v -2.4005 -1.2764 1.9753
v -2.4655 -1.2025 1.9930
v -2.5206 -1.1222 2.0046
v -2.5685 -1.0377 2.0127
v -2.6121 -0.9507 2.0196
v -2.6477 -0.8603 2.0226
v -2.6751 -0.7671 2.0219
v -2.6944 -0.6718 2.0175
v -2.7059 -0.5752 2.0099
v -2.7103 -0.4779 1.9995
v -2.7084 -0.3806 1.9871
v -2.6979 -0.2836 1.9710
v -2.6866 -0.1879 1.9567
v -2.6709 -0.0933 1.9417
v -2.6542 -0.0000 1.9284
v -2.6334 0.0920 1.9144
v -2.6149 0.1829 1.9045
v -2.6052 0.2738 1.9032
v -2.5943 0.3646 1.9034
v -2.5823 0.4553 1.9051
v -2.5721 0.5467 1.9105
v -2.5338 0.6317 1.8973
v -2.4935 0.7150 1.8846
v -2.4416 0.7933 1.8652
v -2.3781 0.8656 1.8387
v -2.3207 0.9376 1.8185
v -2.2587 1.0056 1.7963
v -2.1941 1.0702 1.7736
v -2.1269 1.1309 1.7501
v -2.0559 1.1869 1.7247
v -1.9872 1.2418 1.7025
v -1.9186 1.2941 1.6814
v -1.8487 1.3432 1.6603
v -1.7782 1.3892 1.6395
v -1.7079 1.4331 1.6199
v -1.6369 1.4739 1.6004
v -1.5664 1.5127 1.5821
v -1.4961 1.5492 1.5647
v -1.4257 1.5834 1.5480
v -1.3542 1.6139 1.5307
v -1.2815 1.6403 1.5123
v -1.2084 1.6632 1.4936
v -1.1381 1.6874 1.4788
v -1.0705 1.7131 1.4676
v -1.0037 1.7385 1.4585
v -0.9395 1.7670 1.4540
v -0.8733 1.7906 1.4474
v -0.8074 1.8135 1.4423
v -0.7398 1.8310 1.4348
v -0.6721 1.8465 1.4277
v -0.6042 1.8595 1.4205
v -0.5367 1.8716 1.4146
v -0.4696 1.8833 1.4102
v -0.4028 1.8949 1.4075
v -0.3361 1.9061 1.4062
v -0.2689 1.9131 1.4036
v -0.2013 1.9149 1.3989
v -0.1342 1.9190 1.3976
v -0.0671 1.9202 1.3960
v -0.0000 1.9111 1.3885
v 0.0663 1.8974 1.3794
v 0.1316 1.8824 1.3710
v 0.1962 1.8666 1.3637
v 0.2603 1.8522 1.3590
v 0.3244 1.8398 1.3573
v 0.3888 1.8292 1.3587
v 0.4537 1.8195 1.3624
v 0.5201 1.8139 1.3710
v 0.5837 1.7964 1.3724
v 0.6481 1.7805 1.3767
v 0.7093 1.7557 1.3758
v 0.7704 1.7303 1.3761
v 0.8313 1.7044 1.3778
v 0.8924 1.6784 1.3811
v 0.9531 1.6508 1.3849
v 1.0097 1.6159 1.3844
v 1.0690 1.5849 1.3889
v 1.1316 1.5575 1.3987
v 1.1905 1.5238 1.4049
v 1.2496 1.4892 1.4124
v 1.3053 1.4497 1.4173
v 1.3608 1.4092 1.4233
v 1.4159 1.3673 1.4301
v 1.4701 1.3237 1.4373
v 1.5236 1.2784 1.4450
v 1.5673 1.2245 1.4451
v 1.6249 1.1806 1.4593
v 1.6756 1.1302 1.4684
v 1.7223 1.0762 1.4755
v 1.7666 1.0199 1.4820
v 1.8102 0.9625 1.4896
v 1.8528 0.9037 1.4977
v 1.8951 0.8437 1.5071
v 1.9351 0.7818 1.5163
v 1.9780 0.7199 1.5293
v 2.0175 0.6555 1.5412
v 2.0577 0.5900 1.5553
v 2.0974 0.5229 1.5705
v 2.1323 0.4532 1.5838
v 2.1647 0.3817 1.5970
v 2.1959 0.3086 1.6111
v 2.2318 0.2346 1.6304
v 2.2592 0.1580 1.6454
v 2.2815 0.0797 1.6586
v 2.2939 0.0000 1.6666
v 2.2302 -0.0779 1.7435
v 2.2367 -0.1564 1.7518
v 2.2461 -0.2361 1.7645
v 2.2500 -0.3162 1.7751
v 2.2507 -0.3969 1.7855
v 2.2435 -0.4769 1.7920
v 2.2324 -0.5566 1.7975
v 2.2164 -0.6355 1.8014
v 2.1951 -0.7132 1.8033
v 2.1701 -0.7899 1.8043
v 2.1430 -0.8658 1.8058
v 2.1132 -0.9409 1.8073
v 2.0801 -1.0145 1.8081
v 2.0426 -1.0861 1.8075
v 2.0021 -1.1559 1.8062
v 1.9618 -1.2259 1.8073
v 1.9228 -1.2970 1.8121
v 1.8760 -1.3630 1.8117
v 1.8237 -1.4248 1.8081
v 1.7680 -1.4836 1.8032
v 1.7097 -1.5394 1.7974
v 1.6488 -1.5923 1.7908
v 1.5812 -1.6374 1.7784
v 1.5084 -1.6752 1.7612
v 1.4333 -1.7081 1.7421
v 1.3610 -1.7420 1.7271
v 1.2882 -1.7730 1.7122
v 1.2133 -1.7988 1.6952
v 1.1377 -1.8206 1.6773
v 1.0614 -1.8384 1.6585
v 0.9843 -1.8512 1.6381
v 0.9072 -1.8601 1.6169
v 0.8303 -1.8649 1.5949
v 0.7543 -1.8671 1.5733
v 0.6800 -1.8682 1.5533
v 0.6076 -1.8701 1.5363
v 0.5373 -1.8736 1.5228
v 0.4682 -1.8779 1.5121
v 0.4001 -1.8825 1.5036
v 0.3328 -1.8876 1.4975
v 0.2660 -1.8930 1.4935
v 0.1991 -1.8940 1.4879
v 0.1323 -1.8924 1.4821
v 0.0660 -1.8897 1.4773
v 0.0000 -1.8851 1.4728
v -0.0655 -1.8768 1.4672
v -0.1309 -1.8718 1.4660
v -0.1962 -1.8664 1.4663
v -0.2614 -1.8596 1.4672
v -0.3264 -1.8509 1.4684
v -0.3910 -1.8397 1.4695
v -0.4565 -1.8311 1.4744
v -0.5227 -1.8230 1.4817
v -0.5892 -1.8133 1.4896
v -0.6559 -1.8022 1.4984
v -0.7228 -1.7890 1.5075
v -0.7901 -1.7745 1.5176
v -0.8581 -1.7593 1.5293
v -0.9279 -1.7451 1.5442
v -1.0012 -1.7341 1.5644
v -1.0764 -1.7227 1.5871
v -1.1526 -1.7088 1.6104
v -1.2316 -1.6952 1.6371
v -1.3141 -1.6820 1.6676
v -1.4009 -1.6696 1.7028
v -1.4904 -1.6553 1.7402
v -1.5816 -1.6378 1.7788
v -1.6746 -1.6172 1.8188
v -1.7673 -1.5913 1.8580
v -1.8592 -1.5601 1.8962
v -1.9502 -1.5237 1.9335
v -2.0381 -1.4808 1.9683
v -2.1225 -1.4317 2.0003
v -2.1945 -1.3713 2.0217
v -2.2623 -1.3062 2.0410
v -2.3246 -1.2360 2.0569
v -2.3793 -1.1604 2.0682
v -2.4300 -1.0819 2.0782
v -2.4765 -1.0006 2.0868
v -2.5222 -0.9180 2.0970
v -2.5562 -0.8306 2.0999
v -2.5826 -0.7406 2.0991
v -2.6016 -0.6487 2.0948
v -2.6090 -0.5546 2.0840
v -2.6124 -0.4606 2.0725
v -2.6124 -0.3671 2.0611
v -2.6099 -0.2743 2.0503
v -2.6005 -0.1818 2.0367
v -2.5888 -0.0904 2.0238
v -2.5725 -0.0000 2.0098
v -2.5533 0.0892 1.9961
v -2.5350 0.1773 1.9854
v -2.5231 0.2652 1.9821
v -2.5107 0.3529 1.9809
v -2.4964 0.4402 1.9805
v -2.4791 0.5269 1.9802
v -2.4430 0.6091 1.9671
v -2.4040 0.6893 1.9539
v -2.3549 0.7652 1.9345
v -2.2983 0.8365 1.9109
v -2.2456 0.9073 1.8922
v -2.1893 0.9747 1.8723
v -2.1285 1.0381 1.8502
v -2.0650 1.0980 1.8272
v -1.9991 1.1542 1.8035
v -1.9340 1.2085 1.7818
v -1.8679 1.2599 1.7603
v -1.8001 1.3078 1.7384
v -1.7318 1.3530 1.7170
v -1.6636 1.3959 1.6967
v -1.5951 1.4362 1.6769
v -1.5261 1.4738 1.6575
v -1.4573 1.5091 1.6390
v -1.3883 1.5419 1.6210
v -1.3191 1.5720 1.6033
v -1.2474 1.5966 1.5829
v -1.1778 1.6211 1.5655
v -1.1092 1.6445 1.5497
v -1.0425 1.6683 1.5370
v -0.9771 1.6924 1.5268
v -0.9136 1.7182 1.5204
v -0.8488 1.7403 1.5128
v -0.7840 1.7609 1.5060
v -0.7174 1.7757 1.4962
v -0.6535 1.7955 1.4928
v -0.5876 1.8084 1.4856
v -0.5221 1.8208 1.4799
v -0.4565 1.8311 1.4744
v -0.3910 1.8396 1.4693
v -0.3255 1.8461 1.4646
v -0.2605 1.8539 1.4626
v -0.1953 1.8584 1.4599
v -0.1302 1.8616 1.4580
v -0.0650 1.8613 1.4551
v -0.0000 1.8569 1.4508
v 0.0644 1.8447 1.4421
v 0.1281 1.8318 1.4347
v 0.1912 1.8188 1.4288
v 0.2538 1.8061 1.4249
v 0.3164 1.7941 1.4233
v 0.3789 1.7825 1.4237
v 0.4415 1.7709 1.4259
v 0.5051 1.7616 1.4318
v 0.5667 1.7441 1.4328
v 0.6271 1.7230 1.4325
v 0.6860 1.6980 1.4308
v 0.7445 1.6722 1.4301
v 0.7999 1.6400 1.4256
v 0.8603 1.6179 1.4317
v 0.9172 1.5886 1.4331
v 0.9748 1.5599 1.4371
v 1.0335 1.5323 1.4440
v 1.0863 1.4952 1.4440
v 1.1440 1.4643 1.4518
v 1.2008 1.4311 1.4595
v 1.2616 1.4012 1.4731
v 1.3129 1.3596 1.4767
v 1.3663 1.3194 1.4839
v 1.4185 1.2772 1.4913
v 1.4695 1.2330 1.4987
v 1.5232 1.1901 1.5102
v 1.5710 1.1414 1.5171
v 1.6201 1.0928 1.5268
v 1.6667 1.0415 1.5355
v 1.7105 0.9875 1.5431
v 1.7522 0.9316 1.5504
v 1.7935 0.8747 1.5590
v 1.8348 0.8169 1.5691
v 1.8763 0.7581 1.5810
v 1.9145 0.6968 1.5917
v 1.9556 0.6354 1.6065
v 1.9926 0.5714 1.6196
v 2.0322 0.5067 1.6363
v 2.0676 0.4395 1.6515
v 2.0987 0.3701 1.6650
v 2.1285 0.2991 1.6793
v 2.1613 0.2272 1.6979
v 2.1869 0.1529 1.7128
v 2.2086 0.0771 1.7266
v 2.2201 0.0000 1.7345
v 2.1634 -0.0755 1.8165
v 2.1705 -0.1518 1.8257
v 2.1728 -0.2284 1.8332
v 2.1756 -0.3058 1.8435
v 2.1704 -0.3827 1.8492
v 2.1618 -0.4595 1.8545
v 2.1500 -0.5361 1.8593
v 2.1342 -0.6120 1.8630
v 2.1125 -0.6864 1.8638
v 2.0881 -0.7600 1.8645
v 2.0623 -0.8332 1.8663
v 2.0358 -0.9064 1.8699
v 2.0069 -0.9788 1.8736
v 1.9734 -1.0493 1.8754
v 1.9354 -1.1174 1.8752
v 1.8986 -1.1864 1.8786
v 1.8622 -1.2561 1.8848
v 1.8199 -1.3223 1.8876
v 1.7688 -1.3820 1.8835
v 1.7146 -1.4388 1.8782
v 1.6579 -1.4928 1.8720
v 1.5987 -1.5438 1.8649
v 1.5334 -1.5878 1.8522
v 1.4631 -1.6250 1.8348
v 1.3908 -1.6575 1.8156
v 1.3218 -1.6919 1.8015
v 1.2523 -1.7237 1.7878
v 1.1804 -1.7501 1.7713
v 1.1072 -1.7720 1.7533
v 1.0337 -1.7904 1.7347
v 0.9595 -1.8045 1.7149
v 0.8855 -1.8155 1.6949
v 0.8113 -1.8223 1.6738
v 0.7379 -1.8264 1.6529
v 0.6656 -1.8288 1.6331
v 0.5952 -1.8318 1.6162
v 0.5265 -1.8362 1.6029
v 0.4590 -1.8408 1.5919
v 0.3922 -1.8450 1.5827
v 0.3261 -1.8492 1.5756
v 0.2605 -1.8535 1.5706
v 0.1948 -1.8532 1.5636
v 0.1294 -1.8504 1.5564
v 0.0645 -1.8470 1.5508
v 0.0000 -1.8414 1.5451
v -0.0640 -1.8323 1.5384
v -0.1277 -1.8262 1.5361
v -0.1914 -1.8212 1.5366
v -0.2549 -1.8135 1.5366
v -0.3181 -1.8039 1.5370
v -0.3810 -1.7926 1.5378
v -0.4448 -1.7840 1.5428
v -0.5093 -1.7763 1.5505
v -0.5741 -1.7670 1.5590
v -0.6393 -1.7564 1.5684
v -0.7046 -1.7439 1.5782
v -0.7702 -1.7299 1.5889
v -0.8365 -1.7152 1.6012
v -0.9044 -1.7010 1.6165
v -0.9754 -1.6895 1.6370
v -1.0481 -1.6774 1.6597
v -1.1217 -1.6630 1.6832
v -1.1974 -1.6481 1.7094
v -1.2759 -1.6331 1.7390
v -1.3584 -1.6189 1.7733
v -1.4428 -1.6024 1.8093
v -1.5294 -1.5838 1.8474
v -1.6189 -1.5633 1.8884
v -1.7080 -1.5379 1.9285
v -1.7966 -1.5075 1.9679
v -1.8842 -1.4721 2.0064
v -1.9692 -1.4307 2.0425
v -2.0545 -1.3858 2.0795
v -2.1223 -1.3261 2.0999
v -2.1857 -1.2619 2.1178
v -2.2445 -1.1934 2.1330
v -2.2974 -1.1205 2.1449
v -2.3442 -1.0437 2.1531
v -2.3842 -0.9633 2.1577
v -2.4233 -0.8820 2.1639
v -2.4522 -0.7968 2.1636
v -2.4774 -0.7104 2.1626
v -2.4993 -0.6231 2.1614
v -2.5115 -0.5338 2.1545
v -2.5179 -0.4440 2.1454
v -2.5189 -0.3540 2.1344
v -2.5152 -0.2644 2.1222
v -2.5074 -0.1753 2.1091
v -2.4960 -0.0872 2.0957
v -2.4815 -0.0000 2.0822
v -2.4643 0.0861 2.0691
v -2.4467 0.1711 2.0581
v -2.4331 0.2557 2.0529
v -2.4181 0.3398 2.0489
v -2.3984 0.4229 2.0436
v -2.3754 0.5049 2.0378
v -2.3419 0.5839 2.0252
v -2.3048 0.6609 2.0119
v -2.2592 0.7340 1.9932
v -2.2094 0.8042 1.9729
v -2.1610 0.8731 1.9557
v -2.1085 0.9388 1.9367
v -2.0531 1.0014 1.9167
v -1.9932 1.0598 1.8942
v -1.9352 1.1173 1.8751
v -1.8743 1.1712 1.8545
v -1.8114 1.2218 1.8334
v -1.7472 1.2694 1.8122
v -1.6756 1.3091 1.7842
v -1.6141 1.3544 1.7681
v -1.5474 1.3933 1.7472
v -1.4805 1.4297 1.7270
v -1.4141 1.4644 1.7081
v -1.3475 1.4965 1.6898
v -1.2803 1.5258 1.6713
v -1.2122 1.5516 1.6522
v -1.1450 1.5760 1.6346
v -1.0787 1.5992 1.6186
v -1.0131 1.6214 1.6043
v -0.9507 1.6467 1.5955
v -0.8871 1.6684 1.5856
v -0.8223 1.6859 1.5739
v -0.7598 1.7064 1.5674
v -0.6959 1.7223 1.5587
v -0.6318 1.7359 1.5501
v -0.5674 1.7464 1.5408
v -0.5037 1.7567 1.5334
v -0.4412 1.7695 1.5302
v -0.3779 1.7779 1.5251
v -0.3148 1.7853 1.5212
v -0.2519 1.7925 1.5188
v -0.1886 1.7940 1.5136
v -0.1253 1.7918 1.5072
v -0.0627 1.7944 1.5066
v -0.0000 1.7955 1.5066
v 0.0626 1.7928 1.5053
v 0.1246 1.7821 1.4990
v 0.1861 1.7706 1.4939
v 0.2472 1.7591 1.4906
v 0.3082 1.7477 1.4891
v 0.3690 1.7358 1.4891
v 0.4300 1.7246 1.4914
v 0.4897 1.7079 1.4909
v 0.5483 1.6875 1.4888
v 0.6049 1.6618 1.4839
v 0.6604 1.6346 1.4793
v 0.7155 1.6071 1.4762
v 0.7707 1.5801 1.4752
v 0.8283 1.5579 1.4805
v 0.8826 1.5286 1.4811
v 0.9388 1.5024 1.4865
v 0.9957 1.4761 1.4940
v 1.0523 1.4484 1.5023
v 1.1041 1.4132 1.5048
v 1.1635 1.3865 1.5188
v 1.2178 1.3525 1.5271
v 1.2676 1.3126 1.5311
v 1.3185 1.2732 1.5380
v 1.3731 1.2363 1.5503
v 1.4216 1.1929 1.5572
v 1.4724 1.1503 1.5678
v 1.5176 1.1026 1.5741
v 1.5636 1.0547 1.5826
v 1.6098 1.0059 1.5928
v 1.6531 0.9544 1.6017
v 1.6953 0.9014 1.6111
v 1.7377 0.8476 1.6223
v 1.7731 0.7894 1.6286
v 1.8134 0.7327 1.6412
v 1.8563 0.6757 1.6576
v 1.8947 0.6156 1.6717
v 1.9306 0.5536 1.6853
v 1.9656 0.4901 1.6998
v 1.9992 0.4249 1.7150
v 2.0283 0.3576 1.7282
v 2.0596 0.2895 1.7452
v 2.0920 0.2199 1.7650
v 2.1129 0.1477 1.7772
v 2.1338 0.0745 1.7916
v 2.1514 0.0000 1.8053
v 2.0840 -0.0728 1.8776
v 2.0894 -0.1461 1.8859
v 2.0885 -0.2195 1.8909
v 2.0887 -0.2935 1.8991
v 2.0849 -0.3676 1.9062
v 2.0768 -0.4414 1.9117
v 2.0649 -0.5148 1.9162
v 2.0501 -0.5879 1.9203
v 2.0302 -0.6597 1.9221
v 2.0071 -0.7305 1.9232
v 1.9817 -0.8007 1.9245
v 1.9573 -0.8714 1.9291
v 1.9315 -0.9421 1.9350
v 1.9006 -1.0105 1.9381
v 1.8665 -1.0776 1.9406
v 1.8316 -1.1445 1.9446
v 1.7970 -1.2121 1.9517
v 1.7549 -1.2750 1.9531
v 1.7067 -1.3334 1.9501
v 1.6550 -1.3887 1.9453
v 1.6021 -1.4425 1.9411
v 1.5460 -1.4929 1.9351
v 1.4856 -1.5384 1.9256
v 1.4189 -1.5759 1.9094
v 1.3507 -1.6096 1.8920
v 1.2851 -1.6448 1.8794
v 1.2190 -1.6778 1.8673
v 1.1489 -1.7033 1.8499
v 1.0783 -1.7256 1.8321
v 1.0072 -1.7446 1.8138
v 0.9357 -1.7597 1.7945
v 0.8641 -1.7716 1.7748
v 0.7927 -1.7803 1.7547
v 0.7217 -1.7862 1.7347
v 0.6514 -1.7896 1.7148
v 0.5825 -1.7929 1.6974
v 0.5158 -1.7988 1.6849
v 0.4497 -1.8038 1.6739
v 0.3841 -1.8071 1.6635
v 0.3192 -1.8102 1.6550
v 0.2549 -1.8134 1.6489
v 0.1905 -1.8126 1.6410
v 0.1266 -1.8104 1.6341
v 0.0631 -1.8070 1.6280
v 0.0000 -1.8020 1.6225
v -0.0626 -1.7924 1.6149
v -0.1249 -1.7855 1.6116
v -0.1869 -1.7782 1.6099
v -0.2487 -1.7698 1.6092
v -0.3103 -1.7596 1.6088
v -0.3716 -1.7481 1.6091
v -0.4337 -1.7394 1.6141
v -0.4964 -1.7313 1.6217
v -0.5595 -1.7220 1.6303
v -0.6229 -1.7115 1.6399
v -0.6864 -1.6990 1.6499
v -0.7502 -1.6849 1.6606
v -0.8145 -1.6700 1.6730
v -0.8803 -1.6556 1.6883
v -0.9487 -1.6432 1.7084
v -1.0187 -1.6303 1.7309
v -1.0892 -1.6148 1.7538
v -1.1618 -1.5991 1.7797
v -1.2368 -1.5830 1.8088
v -1.3144 -1.5664 1.8412
v -1.3940 -1.5482 1.8758
v -1.4755 -1.5280 1.9126
v -1.5592 -1.5057 1.9517
v -1.6432 -1.4795 1.9909
v -1.7269 -1.4490 2.0297
v -1.8093 -1.4136 2.0673
v -1.8893 -1.3726 2.1027
v -1.9668 -1.3266 2.1361
v -2.0323 -1.2699 2.1578
v -2.0937 -1.2088 2.1768
v -2.1502 -1.1433 2.1927
v -2.2013 -1.0737 2.2053
v -2.2465 -1.0002 2.2142
v -2.2854 -0.9234 2.2194
v -2.3221 -0.8452 2.2251
v -2.3524 -0.7643 2.2271
v -2.3762 -0.6814 2.2258
v -2.3940 -0.5969 2.2215
v -2.4058 -0.5114 2.2146
v -2.4124 -0.4254 2.2057
v -2.4143 -0.3393 2.1952
v -2.4120 -0.2535 2.1837
v -2.4059 -0.1682 2.1715
v -2.3963 -0.0837 2.1590
v -2.3836 -0.0000 2.1462
v -2.3681 0.0827 2.1335
v -2.3514 0.1644 2.1223
v -2.3353 0.2455 2.1143
v -2.3175 0.3257 2.1072
v -2.2915 0.4041 2.0951
v -2.2655 0.4815 2.0854
v -2.2326 0.5567 2.0718
v -2.1975 0.6301 2.0584
v -2.1570 0.7009 2.0421
v -2.1132 0.7691 2.0249
v -2.0688 0.8359 2.0091
v -2.0213 0.9000 1.9923
v -1.9695 0.9606 1.9730
v -1.9179 1.0198 1.9558
v -1.8607 1.0743 1.9345
v -1.8047 1.1277 1.9161
v -1.7452 1.1772 1.8954
v -1.6853 1.2245 1.8757
v -1.6207 1.2662 1.8518
v -1.5579 1.3072 1.8311
v -1.4939 1.3451 1.8100
v -1.4306 1.3815 1.7907
v -1.3670 1.4156 1.7719
v -1.3032 1.4474 1.7537
v -1.2387 1.4762 1.7351
v -1.1731 1.5015 1.7157
v -1.1095 1.5270 1.6995
v -1.0427 1.5459 1.6790
v -0.9793 1.5672 1.6640
v -0.9206 1.5945 1.6578
v -0.8582 1.6140 1.6459
v -0.7970 1.6341 1.6370
v -0.7346 1.6500 1.6263
v -0.6725 1.6646 1.6165
v -0.6109 1.6784 1.6083
v -0.5477 1.6856 1.5958
v -0.4860 1.6949 1.5876
v -0.4248 1.7038 1.5811
v -0.3637 1.7113 1.5753
v -0.3029 1.7181 1.5709
v -0.2424 1.7249 1.5684
v -0.1819 1.7311 1.5673
v -0.1206 1.7240 1.5561
v -0.0603 1.7279 1.5568
v -0.0000 1.7307 1.5583
v 0.0605 1.7316 1.5601
v 0.1208 1.7282 1.5599
v 0.1809 1.7208 1.5579
v 0.2406 1.7117 1.5563
v 0.2998 1.7005 1.5547
v 0.3586 1.6870 1.5529
v 0.4159 1.6682 1.5480
v 0.4724 1.6475 1.5432
v 0.5295 1.6297 1.5429
v 0.5839 1.6042 1.5371
v 0.6375 1.5777 1.5322
v 0.6904 1.5507 1.5284
v 0.7432 1.5238 1.5265
v 0.7961 1.4972 1.5268
v 0.8530 1.4774 1.5361
v 0.9068 1.4512 1.5408
v 0.9615 1.4255 1.5482
v 1.0165 1.3990 1.5571
v 1.0680 1.3670 1.5620
v 1.1249 1.3405 1.5757
v 1.1773 1.3075 1.5842
v 1.2257 1.2692 1.5887
v 1.2777 1.2339 1.5994
v 1.3257 1.1937 1.6062
v 1.3746 1.1535 1.6157
v 1.4204 1.1097 1.6230
v 1.4651 1.0645 1.6306
v 1.5094 1.0181 1.6394
v 1.5534 0.9707 1.6493
v 1.5972 0.9221 1.6606
v 1.6388 0.8713 1.6712
v 1.6801 0.8194 1.6831
v 1.7200 0.7658 1.6952
v 1.7567 0.7097 1.7059
v 1.7954 0.6535 1.7203
v 1.8324 0.5954 1.7348
v 1.8670 0.5354 1.7488
v 1.8997 0.4736 1.7628
v 1.9324 0.4107 1.7788
v 1.9580 0.3452 1.7902
v 1.9904 0.2797 1.8098
v 2.0177 0.2121 1.8268
v 2.0390 0.1426 1.8404
v 2.0575 0.0718 1.8537
v 2.0742 0.0000 1.8676
v 1.9962 -0.0697 1.9289
v 2.0019 -0.1400 1.9380
v 2.0049 -0.2107 1.9468
v 2.0047 -0.2817 1.9550
v 2.0006 -0.3528 1.9617
v 1.9922 -0.4234 1.9668
v 1.9817 -0.4941 1.9723
v 1.9676 -0.5642 1.9767
v 1.9506 -0.6338 1.9806
v 1.9297 -0.7023 1.9830
v 1.9056 -0.7699 1.9848
v 1.8821 -0.8380 1.9895
v 1.8560 -0.9052 1.9942
v 1.8286 -0.9723 1.9999
v 1.7969 -1.0374 2.0037
v 1.7639 -1.1022 2.0085
v 1.7304 -1.1672 2.0156
v 1.6921 -1.2294 2.0198
v 1.6473 -1.2870 2.0187
v 1.5994 -1.3421 2.0162
v 1.5494 -1.3951 2.0134
v 1.4965 -1.4452 2.0090
v 1.4388 -1.4899 2.0001
v 1.3757 -1.5279 1.9855
v 1.3111 -1.5625 1.9698
v 1.2486 -1.5981 1.9585
v 1.1855 -1.6316 1.9476
v 1.1173 -1.6565 1.9296
v 1.0489 -1.6786 1.9115
v 0.9803 -1.6980 1.8934
v 0.9113 -1.7139 1.8745
v 0.8423 -1.7270 1.8555
v 0.7735 -1.7372 1.8364
v 0.7048 -1.7444 1.8168
v 0.6363 -1.7482 1.7966
v 0.5691 -1.7516 1.7785
v 0.5042 -1.7583 1.7664
v 0.4397 -1.7637 1.7553
v 0.3756 -1.7671 1.7446
v 0.3120 -1.7697 1.7353
v 0.2491 -1.7722 1.7282
v 0.1862 -1.7713 1.7199
v 0.1237 -1.7690 1.7125
v 0.0617 -1.7655 1.7059
v 0.0000 -1.7604 1.7000
v -0.0611 -1.7501 1.6911
v -0.1218 -1.7425 1.6868
v -0.1823 -1.7348 1.6845
v -0.2425 -1.7255 1.6827
v -0.3024 -1.7149 1.6816
v -0.3620 -1.7033 1.6816
v -0.4224 -1.6942 1.6861
v -0.4834 -1.6857 1.6935
v -0.5446 -1.6761 1.7018
v -0.6061 -1.6652 1.7113
v -0.6677 -1.6526 1.7212
v -0.7294 -1.6383 1.7319
v -0.7917 -1.6232 1.7440
v -0.8551 -1.6082 1.7589
v -0.9208 -1.5949 1.7784
v -0.9878 -1.5808 1.8001
v -1.0555 -1.5648 1.8227
v -1.1247 -1.5480 1.8477
v -1.1959 -1.5307 1.8758
v -1.2694 -1.5128 1.9071
v -1.3439 -1.4926 1.9396
v -1.4202 -1.4706 1.9743
v -1.4978 -1.4464 2.0108
v -1.5755 -1.4186 2.0474
v -1.6527 -1.3868 2.0834
v -1.7292 -1.3510 2.1191
v -1.8037 -1.3104 2.1530
v -1.8754 -1.2650 2.1845
v -1.9383 -1.2112 2.2071
v -1.9973 -1.1531 2.2271
v -2.0517 -1.0909 2.2440
v -2.1007 -1.0246 2.2571
v -2.1441 -0.9546 2.2665
v -2.1814 -0.8814 2.2720
v -2.2155 -0.8064 2.2768
v -2.2437 -0.7290 2.2782
v -2.2660 -0.6498 2.2765
v -2.2831 -0.5692 2.2722
v -2.2949 -0.4878 2.2656
v -2.3018 -0.4059 2.2572
v -2.3046 -0.3239 2.2474
v -2.3032 -0.2421 2.2365
v -2.2983 -0.1607 2.2249
v -2.2902 -0.0800 2.2130
v -2.2791 -0.0000 2.2009
v -2.2651 0.0791 2.1887
v -2.2493 0.1573 2.1774
v -2.2305 0.2344 2.1658
v -2.2078 0.3103 2.1530
v -2.1801 0.3844 2.1377
v -2.1496 0.4569 2.1222
v -2.1195 0.5284 2.1094
v -2.0846 0.5977 2.0942
v -2.0485 0.6656 2.0800
v -2.0121 0.7324 2.0678
v -1.9689 0.7955 2.0507
v -1.9252 0.8571 2.0351
v -1.8808 0.9173 2.0208
v -1.8337 0.9750 2.0055
v -1.7821 1.0289 1.9871
v -1.7296 1.0808 1.9696
v -1.6745 1.1295 1.9505
v -1.6144 1.1729 1.9270
v -1.5562 1.2159 1.9071
v -1.4959 1.2552 1.8857
v -1.4356 1.2926 1.8655
v -1.3753 1.3281 1.8463
v -1.3150 1.3618 1.8281
v -1.2548 1.3936 1.8110
v -1.1933 1.4221 1.7928
v -1.1326 1.4496 1.7765
v -1.0717 1.4751 1.7608
v -1.0109 1.4988 1.7458
v -0.9478 1.5167 1.7271
v -0.8878 1.5377 1.7146
v -0.8303 1.5616 1.7080
v -0.7696 1.5778 1.6952
v -0.7091 1.5927 1.6836
v -0.6496 1.6077 1.6745
v -0.5892 1.6187 1.6635
v -0.5283 1.6260 1.6510
v -0.4686 1.6342 1.6417
v -0.4092 1.6411 1.6334
v -0.3502 1.6476 1.6266
v -0.2915 1.6534 1.6213
v -0.2333 1.6600 1.6188
v -0.1752 1.6667 1.6184
v -0.1166 1.6677 1.6145
v -0.0581 1.6630 1.6070
v -0.0000 1.6665 1.6093
v 0.0583 1.6684 1.6121
v 0.1167 1.6682 1.6149
v 0.1747 1.6617 1.6136
v 0.2323 1.6530 1.6120
v 0.2896 1.6426 1.6107
v 0.3461 1.6282 1.6075
v 0.4014 1.6099 1.6022
v 0.4558 1.5894 1.5967
v 0.5092 1.5671 1.5912
v 0.5635 1.5483 1.5911
v 0.6153 1.5229 1.5862
v 0.6663 1.4965 1.5819
v 0.7176 1.4712 1.5807
v 0.7695 1.4473 1.5829
v 0.8249 1.4288 1.5933
v 0.8771 1.4037 1.5984
v 0.9298 1.3784 1.6056
v 0.9825 1.3523 1.6142
v 1.0354 1.3252 1.6240
v 1.0855 1.2936 1.6308
v 1.1384 1.2643 1.6429
v 1.1872 1.2294 1.6504
v 1.2344 1.1920 1.6571
v 1.2808 1.1533 1.6644
v 1.3274 1.1138 1.6734
v 1.3714 1.0714 1.6806
v 1.4145 1.0277 1.6884
v 1.4572 0.9829 1.6974
v 1.4994 0.9369 1.7074
v 1.5422 0.8904 1.7196
v 1.5826 0.8415 1.7309
v 1.6225 0.7913 1.7432
v 1.6608 0.7394 1.7556
v 1.6981 0.6861 1.7686
v 1.7332 0.6308 1.7812
v 1.7674 0.5743 1.7946
v 1.8000 0.5162 1.8083
v 1.8317 0.4567 1.8230
v 1.8602 0.3954 1.8365
v 1.8892 0.3331 1.8525
v 1.9198 0.2698 1.8721
v 1.9426 0.2042 1.8863
v 1.9621 0.1372 1.8994
v 1.9796 0.0691 1.9129
v 1.9929 0.0000 1.9246
v 1.9164 -0.0669 1.9857
v 1.9207 -0.1343 1.9938
v 1.9219 -0.2020 2.0011
v 1.9192 -0.2697 2.0070
v 1.9163 -0.3379 2.0150
v 1.9100 -0.4060 2.0221
v 1.9000 -0.4737 2.0277
v 1.8872 -0.5411 2.0330
v 1.8720 -0.6083 2.0383
v 1.8534 -0.6746 2.0424
v 1.8306 -0.7396 2.0445
v 1.8080 -0.8050 2.0494
v 1.7842 -0.8702 2.0556
v 1.7569 -0.9342 2.0605
v 1.7279 -0.9976 2.0661
v 1.6955 -1.0595 2.0703
v 1.6627 -1.1215 2.0768
v 1.6265 -1.1817 2.0819
v 1.5858 -1.2390 2.0839
v 1.5413 -1.2933 2.0835
v 1.4950 -1.3461 2.0831
v 1.4455 -1.3959 2.0809
v 1.3909 -1.4403 2.0734
v 1.3315 -1.4787 2.0605
v 1.2703 -1.5139 2.0464
v 1.2108 -1.5497 2.0365
v 1.1505 -1.5835 2.0268
v 1.0845 -1.6078 2.0083
v 1.0184 -1.6298 1.9901
v 0.9521 -1.6490 1.9718
v 0.8856 -1.6655 1.9533
v 0.8190 -1.6792 1.9347
v 0.7526 -1.6903 1.9160
v 0.6861 -1.6982 1.8966
v 0.6195 -1.7020 1.8756
v 0.5541 -1.7054 1.8569
v 0.4911 -1.7126 1.8450
v 0.4286 -1.7189 1.8345
v 0.3662 -1.7227 1.8238
v 0.3043 -1.7256 1.8145
v 0.2429 -1.7280 1.8070
v 0.1815 -1.7271 1.7983
v 0.1206 -1.7250 1.7907
v 0.0601 -1.7218 1.7840
v 0.0000 -1.7173 1.7784
v -0.0596 -1.7069 1.7686
v -0.1188 -1.6984 1.7630
v -0.1776 -1.6896 1.7593
v -0.2361 -1.6798 1.7566
v -0.2942 -1.6685 1.7545
v -0.3521 -1.6566 1.7538
v -0.4106 -1.6470 1.7577
v -0.4697 -1.6379 1.7645
v -0.5288 -1.6276 1.7722
v -0.5883 -1.6163 1.7812
v -0.6478 -1.6033 1.7907
v -0.7075 -1.5890 1.8012
v -0.7677 -1.5739 1.8134
v -0.8287 -1.5586 1.8280
v -0.8916 -1.5442 1.8465
v -0.9555 -1.5292 1.8673
v -1.0201 -1.5124 1.8891
v -1.0861 -1.4949 1.9134
v -1.1536 -1.4765 1.9403
v -1.2225 -1.4569 1.9695
v -1.2928 -1.4358 2.0007
v -1.3638 -1.4122 2.0330
v -1.4356 -1.3864 2.0667
v -1.5066 -1.3565 2.0993
v -1.5775 -1.3237 2.1324
v -1.6472 -1.2870 2.1646
v -1.7146 -1.2457 2.1946
v -1.7812 -1.2014 2.2248
v -1.8412 -1.1505 2.2482
v -1.8970 -1.0952 2.2683
v -1.9485 -1.0361 2.2853
v -1.9953 -0.9731 2.2988
v -2.0368 -0.9068 2.3087
v -2.0727 -0.8374 2.3149
v -2.1045 -0.7660 2.3192
v -2.1308 -0.6923 2.3201
v -2.1519 -0.6170 2.3181
v -2.1679 -0.5405 2.3137
v -2.1794 -0.4632 2.3072
v -2.1865 -0.3855 2.2992
v -2.1898 -0.3078 2.2899
v -2.1895 -0.2301 2.2798
v -2.1861 -0.1529 2.2693
v -2.1798 -0.0761 2.2586
v -2.1706 -0.0000 2.2477
v -2.1584 0.0754 2.2364
v -2.1433 0.1499 2.2249
v -2.1248 0.2233 2.2124
v -2.1021 0.2954 2.1982
v -2.0745 0.3658 2.1813
v -2.0406 0.4337 2.1603
v -2.0101 0.5012 2.1453
v -1.9776 0.5671 2.1304
v -1.9405 0.6305 2.1128
v -1.9048 0.6933 2.0991
v -1.8720 0.7563 2.0908
v -1.8318 0.8156 2.0764
v -1.7911 0.8736 2.0636
v -1.7474 0.9291 2.0493
v -1.7017 0.9825 2.0347
v -1.6524 1.0326 2.0177
v -1.5971 1.0772 1.9949
v -1.5440 1.1217 1.9762
v -1.4877 1.1623 1.9550
v -1.4310 1.2007 1.9344
v -1.3740 1.2372 1.9146
v -1.3169 1.2718 1.8958
v -1.2594 1.3041 1.8773
v -1.2017 1.3346 1.8597
v -1.1466 1.3664 1.8471
v -1.0895 1.3944 1.8324
v -1.0322 1.4208 1.8186
v -0.9738 1.4437 1.8033
v -0.9143 1.4632 1.7867
v -0.8579 1.4860 1.7768
v -0.8002 1.5049 1.7650
v -0.7422 1.5217 1.7532
v -0.6838 1.5357 1.7408
v -0.6259 1.5491 1.7302
v -0.5670 1.5577 1.7166
v -0.5090 1.5664 1.7056
v -0.4515 1.5747 1.6963
v -0.3937 1.5789 1.6851
v -0.3370 1.5853 1.6783
v -0.2804 1.5903 1.6722
v -0.2244 1.5969 1.6699
v -0.1679 1.5978 1.6637
v -0.1121 1.6035 1.6645
v -0.0559 1.5998 1.6576
v -0.0000 1.6034 1.6604
v 0.0560 1.6050 1.6630
v 0.1123 1.6054 1.6665
v 0.1682 1.6006 1.6666
v 0.2238 1.5922 1.6650
v 0.2790 1.5825 1.6640
v 0.3335 1.5690 1.6610
v 0.3869 1.5519 1.6562
v 0.4394 1.5324 1.6508
v 0.4910 1.5113 1.6455
v 0.5441 1.4950 1.6474
v 0.5942 1.4707 1.6426
v 0.6439 1.4463 1.6394
v 0.6938 1.4225 1.6389
v 0.7441 1.3995 1.6414
v 0.7948 1.3767 1.6461
v 0.8458 1.3536 1.6529
v 0.8990 1.3328 1.6648
v 0.9497 1.3072 1.6732
v 1.0005 1.2806 1.6828
v 1.0494 1.2506 1.6906
v 1.0987 1.2202 1.7003
v 1.1457 1.1864 1.7079
v 1.1910 1.1501 1.7145
v 1.2337 1.1109 1.7192
v 1.2788 1.0730 1.7286
v 1.3224 1.0332 1.7378
v 1.3647 0.9915 1.7468
v 1.4057 0.9481 1.7558
v 1.4460 0.9036 1.7657
v 1.4865 0.8582 1.7774
v 1.5258 0.8113 1.7894
v 1.5643 0.7630 1.8023
v 1.6005 0.7126 1.8142
v 1.6362 0.6611 1.8274
v 1.6700 0.6078 1.8404
v 1.7031 0.5534 1.8544
v 1.7330 0.4969 1.8669
v 1.7606 0.4390 1.8790
v 1.7887 0.3802 1.8937
v 1.8151 0.3200 1.9086
v 1.8434 0.2591 1.9277
v 1.8663 0.1962 1.9433
v 1.8826 0.1316 1.9542
v 1.8994 0.0663 1.9680
v 1.9101 0.0000 1.9780
v 1.8323 -0.0640 2.0362
v 1.8361 -0.1284 2.0442
v 1.8354 -0.1929 2.0497
v 1.8344 -0.2578 2.0573
v 1.8310 -0.3229 2.0649
v 1.8239 -0.3877 2.0709
v 1.8156 -0.4527 2.0781
v 1.8050 -0.5176 2.0855
v 1.7912 -0.5820 2.0917
v 1.7760 -0.6464 2.0991
v 1.7553 -0.7092 2.1026
v 1.7363 -0.7730 2.1108
v 1.7133 -0.8356 2.1171
v 1.6882 -0.8976 2.1235
v 1.6589 -0.9578 2.1275
v 1.6268 -1.0165 2.1304
v 1.5945 -1.0755 2.1361
v 1.5602 -1.1336 2.1419
v 1.5226 -1.1896 2.1459
v 1.4816 -1.2432 2.1480
v 1.4389 -1.2956 2.1504
v 1.3931 -1.3453 2.1509
v 1.3416 -1.3893 2.1449
v 1.2859 -1.4281 2.1342
v 1.2283 -1.4638 2.1223
v 1.1716 -1.4996 2.1135
v 1.1140 -1.5333 2.1050
v 1.0503 -1.5572 2.0861
v 0.9865 -1.5788 2.0676
v 0.9226 -1.5980 2.0494
v 0.8586 -1.6149 2.0312
v 0.7946 -1.6292 2.0132
v 0.7306 -1.6410 1.9950
v 0.6665 -1.6497 1.9760
v 0.6019 -1.6538 1.9546
v 0.5385 -1.6573 1.9354
v 0.4774 -1.6649 1.9236
v 0.4168 -1.6716 1.9133
v 0.3562 -1.6759 1.9028
v 0.2960 -1.6790 1.8935
v 0.2363 -1.6812 1.8855
v 0.1766 -1.6803 1.8764
v 0.1174 -1.6783 1.8685
v 0.0585 -1.6752 1.8617
v 0.0000 -1.6710 1.8559
v -0.0580 -1.6606 1.8455
v -0.1155 -1.6517 1.8388
v -0.1726 -1.6422 1.8339
v -0.2293 -1.6318 1.8301
v -0.2857 -1.6201 1.8270
v -0.3417 -1.6077 1.8255
v -0.3984 -1.5978 1.8288
v -0.4554 -1.5881 1.8348
v -0.5125 -1.5773 1.8420
v -0.5698 -1.5654 1.8501
v -0.6271 -1.5522 1.8593
v -0.6847 -1.5379 1.8696
v -0.7428 -1.5229 1.8818
v -0.8015 -1.5074 1.8961
v -0.8615 -1.4922 1.9137
v -0.9224 -1.4762 1.9332
v -0.9839 -1.4586 1.9540
v -1.0465 -1.4403 1.9773
v -1.1101 -1.4209 2.0026
v -1.1750 -1.4003 2.0301
v -1.2404 -1.3776 2.0587
v -1.3064 -1.3528 2.0887
v -1.3727 -1.3256 2.1193
v -1.4381 -1.2949 2.1492
v -1.5023 -1.2606 2.1780
v -1.5650 -1.2227 2.2057
v -1.6261 -1.1814 2.2323
v -1.6816 -1.1343 2.2528
v -1.7387 -1.0865 2.2771
v -1.7943 -1.0359 2.3010
v -1.8427 -0.9798 2.3179
v -1.8867 -0.9202 2.3314
v -1.9262 -0.8576 2.3417
v -1.9608 -0.7922 2.3487
v -1.9903 -0.7244 2.3524
v -2.0150 -0.6547 2.3531
v -2.0350 -0.5835 2.3512
v -2.0505 -0.5112 2.3470
v -2.0619 -0.4383 2.3411
v -2.0693 -0.3649 2.3337
v -2.0734 -0.2914 2.3254
v -2.0743 -0.2180 2.3164
v -2.0722 -0.1449 2.3070
v -2.0635 -0.0721 2.2931
v -2.0558 -0.0000 2.2832
v -2.0433 0.0714 2.2707
v -2.0291 0.1419 2.2591
v -2.0115 0.2114 2.2463
v -1.9904 0.2797 2.2323
v -1.9609 0.3458 2.2114
v -1.9383 0.4120 2.2007
v -1.9081 0.4757 2.1840
v -1.8750 0.5377 2.1663
v -1.8408 0.5981 2.1496
v -1.8011 0.6555 2.1287
v -1.7670 0.7139 2.1166
v -1.7322 0.7712 2.1058
v -1.6989 0.8286 2.0993
v -1.6596 0.8824 2.0876
v -1.6135 0.9315 2.0691
v -1.5703 0.9812 2.0565
v -1.5211 1.0260 2.0377
v -1.4690 1.0673 2.0166
v -1.4158 1.1061 1.9954
v -1.3621 1.1429 1.9748
v -1.3066 1.1765 1.9527
v -1.2537 1.2107 1.9356
v -1.2024 1.2452 1.9224
v -1.1501 1.2773 1.9088
v -1.0973 1.3078 1.8960
v -1.0448 1.3373 1.8848
v -0.9903 1.3631 1.8712
v -0.9359 1.3875 1.8588
v -0.8795 1.4075 1.8433
v -0.8245 1.4280 1.8313
v -0.7682 1.4447 1.8172
v -0.7126 1.4610 1.8053
v -0.6562 1.4739 1.7919
v -0.6003 1.4859 1.7798
v -0.5445 1.4960 1.7681
v -0.4889 1.5046 1.7570
v -0.4338 1.5128 1.7478
v -0.3792 1.5207 1.7407
v -0.3247 1.5277 1.7346
v -0.2705 1.5341 1.7301
v -0.2152 1.5310 1.7171
v -0.1615 1.5363 1.7156
v -0.1077 1.5407 1.7153
v -0.0537 1.5368 1.7078
v -0.0000 1.5449 1.7158
v 0.0539 1.5444 1.7163
v 0.1078 1.5422 1.7170
v 0.1616 1.5376 1.7171
v 0.2151 1.5302 1.7161
v 0.2682 1.5211 1.7154
v 0.3208 1.5093 1.7137
v 0.3723 1.4931 1.7090
v 0.4230 1.4752 1.7044
v 0.4731 1.4559 1.7002
v 0.5225 1.4354 1.6965
v 0.5738 1.4203 1.7013
v 0.6224 1.3979 1.6994
v 0.6708 1.3754 1.6995
v 0.7194 1.3529 1.7018
v 0.7682 1.3306 1.7063
v 0.8171 1.3076 1.7124
v 0.8662 1.2842 1.7203
v 0.9155 1.2601 1.7298
v 0.9647 1.2347 1.7402
v 1.0121 1.2062 1.7487
v 1.0581 1.1751 1.7562
v 1.1023 1.1414 1.7623
v 1.1460 1.1067 1.7694
v 1.1888 1.0704 1.7766
v 1.2308 1.0327 1.7844
v 1.2713 0.9933 1.7918
v 1.3111 0.9525 1.7998
v 1.3516 0.9117 1.8107
v 1.3908 0.8691 1.8214
v 1.4291 0.8251 1.8327
v 1.4665 0.7798 1.8446
v 1.5030 0.7331 1.8573
v 1.5387 0.6851 1.8706
v 1.5731 0.6356 1.8843
v 1.6036 0.5837 1.8952
v 1.6342 0.5310 1.9084
v 1.6634 0.4770 1.9218
v 1.6905 0.4215 1.9350
v 1.7165 0.3649 1.9490
v 1.7409 0.3070 1.9633
v 1.7673 0.2484 1.9820
v 1.7886 0.1880 1.9974
v 1.8049 0.1262 2.0094
v 1.8181 0.0635 2.0205
v 1.8263 0.0000 2.0283
v 1.7485 -0.0611 2.0851
v 1.7487 -0.1223 2.0891
v 1.7478 -0.1837 2.0944
v 1.7463 -0.2454 2.1016
v 1.7442 -0.3075 2.1107
v 1.7397 -0.3698 2.1196
v 1.7323 -0.4319 2.1277
v 1.7224 -0.4939 2.1353
v 1.7124 -0.5564 2.1458
v 1.6984 -0.6182 2.1540
v 1.6836 -0.6802 2.1640
v 1.6673 -0.7423 2.1750
v 1.6457 -0.8027 2.1822
v 1.6193 -0.8610 2.1857
v 1.5900 -0.9180 2.1880
v 1.5584 -0.9738 2.1900
v 1.5274 -1.0302 2.1956
v 1.4959 -1.0868 2.2035
v 1.4610 -1.1414 2.2095
v 1.4221 -1.1933 2.2124
v 1.3821 -1.2445 2.2165
v 1.3390 -1.2930 2.2183
v 1.2907 -1.3365 2.2143
v 1.2384 -1.3754 2.2057
v 1.1844 -1.4115 2.1959
v 1.1305 -1.4470 2.1884
v 1.0757 -1.4806 2.1811
v 1.0148 -1.5045 2.1627
v 0.9538 -1.5264 2.1450
v 0.8926 -1.5460 2.1275
v 0.8315 -1.5639 2.1108
v 0.7703 -1.5794 2.0942
v 0.7090 -1.5925 2.0775
v 0.6474 -1.6025 2.0597
v 0.5851 -1.6075 2.0387
v 0.5237 -1.6116 2.0195
v 0.4642 -1.6190 2.0072
v 0.4052 -1.6253 1.9963
v 0.3463 -1.6293 1.9851
v 0.2878 -1.6321 1.9750
v 0.2296 -1.6335 1.9659
v 0.1716 -1.6322 1.9559
v 0.1140 -1.6297 1.9469
v 0.0568 -1.6262 1.9392
v 0.0000 -1.6216 1.9325
v -0.0563 -1.6111 1.9212
v -0.1120 -1.6017 1.9135
v -0.1673 -1.5916 1.9072
v -0.2222 -1.5808 1.9024
v -0.2767 -1.5690 1.8987
v -0.3305 -1.5551 1.8947
v -0.3854 -1.5457 1.8985
v -0.4404 -1.5358 1.9040
v -0.4953 -1.5245 1.9104
v -0.5504 -1.5123 1.9179
v -0.6056 -1.4989 1.9266
v -0.6611 -1.4848 1.9369
v -0.7169 -1.4699 1.9490
v -0.7732 -1.4542 1.9628
v -0.8306 -1.4387 1.9798
v -0.8886 -1.4220 1.9983
v -0.9464 -1.4031 2.0169
v -1.0058 -1.3844 2.0394
v -1.0655 -1.3638 2.0625
v -1.1262 -1.3421 2.0879
v -1.1872 -1.3185 2.1144
v -1.2472 -1.2915 2.1396
v -1.3093 -1.2644 2.1691
v -1.3693 -1.2329 2.1959
v -1.4286 -1.1987 2.2225
v -1.4866 -1.1615 2.2483
v -1.5424 -1.1207 2.2722
v -1.5962 -1.0766 2.2945
v -1.6470 -1.0292 2.3145
v -1.6922 -0.9770 2.3287
v -1.7353 -0.9227 2.3422
v -1.7754 -0.8659 2.3541
v -1.8113 -0.8065 2.3629
v -1.8429 -0.7446 2.3688
v -1.8702 -0.6807 2.3718
v -1.8932 -0.6151 2.3724
v -1.9121 -0.5483 2.3706
v -1.9271 -0.4805 2.3669
v -1.9369 -0.4117 2.3599
v -1.9433 -0.3426 2.3516
v -1.9464 -0.2735 2.3424
v -1.9485 -0.2048 2.3350
v -1.9493 -0.1363 2.3287
v -1.9472 -0.0680 2.3220
v -1.9456 -0.0000 2.3187
v -1.9375 0.0677 2.3105
v -1.9246 0.1346 2.2992
v -1.9085 0.2006 2.2869
v -1.8892 0.2655 2.2736
v -1.8656 0.3290 2.2577
v -1.8363 0.3903 2.2373
v -1.8052 0.4501 2.2172
v -1.7725 0.5082 2.1975
v -1.7396 0.5652 2.1799
v -1.7059 0.6209 2.1635
v -1.6732 0.6760 2.1506
v -1.6383 0.7294 2.1373
v -1.6082 0.7844 2.1324
v -1.5661 0.8327 2.1139
v -1.5319 0.8844 2.1081
v -1.4888 0.9303 2.0922
v -1.4452 0.9748 2.0775
v -1.3945 1.0132 2.0542
v -1.3439 1.0499 2.0324
v -1.2938 1.0857 2.0129
v -1.2449 1.1209 1.9964
v -1.1955 1.1545 1.9807
v -1.1476 1.1884 1.9689
v -1.0979 1.2193 1.9554
v -1.0479 1.2488 1.9428
v -0.9977 1.2770 1.9313
v -0.9469 1.3033 1.9199
v -0.8957 1.3280 1.9090
v -0.8414 1.3466 1.8924
v -0.7885 1.3658 1.8795
v -0.7339 1.3803 1.8630
v -0.6799 1.3940 1.8483
v -0.6262 1.4064 1.8347
v -0.5742 1.4213 1.8269
v -0.5218 1.4335 1.8181
v -0.4689 1.4430 1.8082
v -0.4163 1.4519 1.8001
v -0.3631 1.4565 1.7889
v -0.3110 1.4631 1.7827
v -0.2591 1.4692 1.7779
v -0.2074 1.4759 1.7762
v -0.1552 1.4770 1.7699
v -0.1034 1.4792 1.7671
v -0.0516 1.4776 1.7621
v -0.0000 1.4778 1.7612
v 0.0516 1.4769 1.7611
v 0.1029 1.4718 1.7583
v 0.1542 1.4675 1.7585
v 0.2055 1.4620 1.7595
v 0.2566 1.4553 1.7611
v 0.3076 1.4469 1.7629
v 0.3574 1.4334 1.7605
v 0.4065 1.4176 1.7575
v 0.4550 1.4004 1.7548
v 0.5030 1.3820 1.7527
v 0.5505 1.3627 1.7515
v 0.5978 1.3428 1.7517
v 0.6450 1.3225 1.7536
v 0.6941 1.3055 1.7621
v 0.7409 1.2833 1.7660
v 0.7878 1.2607 1.7716
v 0.8345 1.2372 1.7784
v 0.8806 1.2120 1.7854
v 0.9263 1.1856 1.7931
v 0.9708 1.1570 1.7999
v 1.0147 1.1269 1.8072
v 1.0568 1.0944 1.8131
v 1.0985 1.0608 1.8200
v 1.1387 1.0253 1.8260
v 1.1779 0.9884 1.8325
v 1.2182 0.9518 1.8423
v 1.2563 0.9128 1.8507
v 1.2939 0.8728 1.8600
v 1.3312 0.8318 1.8707
v 1.3694 0.7906 1.8844
v 1.4051 0.7471 1.8966
v 1.4401 0.7024 1.9095
v 1.4741 0.6563 1.9231
v 1.5071 0.6089 1.9371
v 1.5379 0.5598 1.9504
v 1.5622 0.5076 1.9575
v 1.5900 0.4559 1.9713
v 1.6170 0.4032 1.9860
v 1.6423 0.3491 2.0010
v 1.6688 0.2943 2.0195
v 1.6908 0.2376 2.0348
v 1.7091 0.1796 2.0480
v 1.7239 0.1205 2.0595
v 1.7347 0.0606 2.0685
v 1.7435 0.0000 2.0778
v 1.6636 -0.0581 2.1305
v 1.6627 -0.1163 2.1333
v 1.6608 -0.1746 2.1375
v 1.6584 -0.2331 2.1435
v 1.6587 -0.2925 2.1558
v 1.6548 -0.3517 2.1654
v 1.6489 -0.4111 2.1751
v 1.6420 -0.4708 2.1864
v 1.6330 -0.5306 2.1977
v 1.6226 -0.5906 2.2101
v 1.6082 -0.6498 2.2201
v 1.5926 -0.7091 2.2314
v 1.5716 -0.7665 2.2380
v 1.5454 -0.8217 2.2402
v 1.5170 -0.8758 2.2420
v 1.4875 -0.9295 2.2450
v 1.4582 -0.9836 2.2513
v 1.4278 -1.0374 2.2589
v 1.3952 -1.0901 2.2662
v 1.3596 -1.1408 2.2717
v 1.3229 -1.1911 2.2785
v 1.2822 -1.2382 2.2814
v 1.2374 -1.2814 2.2800
v 1.1888 -1.3203 2.2740
v 1.1383 -1.3566 2.2667
v 1.0873 -1.3916 2.2604
v 1.0351 -1.4248 2.2541
v 0.9773 -1.4488 2.2368
v 0.9192 -1.4710 2.2202
v 0.8610 -1.4913 2.2041
v 0.8029 -1.5099 2.1889
v 0.7446 -1.5266 2.1740
v 0.6861 -1.5410 2.1590
v 0.6270 -1.5520 2.1424
v 0.5671 -1.5580 2.1221
v 0.5078 -1.5627 2.1031
v 0.4501 -1.5698 2.0902
v 0.3928 -1.5754 2.0781
v 0.3356 -1.5791 2.0663
v 0.2788 -1.5813 2.0552
v 0.2224 -1.5822 2.0450
v 0.1661 -1.5804 2.0340
v 0.1103 -1.5774 2.0239
v 0.0549 -1.5733 2.0150
v 0.0000 -1.5683 2.0073
v -0.0544 -1.5581 1.9955
v -0.1083 -1.5485 1.9868
v -0.1617 -1.5380 1.9794
v -0.2146 -1.5269 1.9736
v -0.2672 -1.5152 1.9693
v -0.3191 -1.5013 1.9645
v -0.3719 -1.4917 1.9677
v -0.4248 -1.4813 1.9724
v -0.4776 -1.4698 1.9781
v -0.5305 -1.4576 1.9854
v -0.5835 -1.4441 1.9935
v -0.6366 -1.4298 2.0033
v -0.6900 -1.4148 2.0147
v -0.7437 -1.3987 2.0276
v -0.7983 -1.3826 2.0435
v -0.8530 -1.3651 2.0603
v -0.9074 -1.3453 2.0770
v -0.9625 -1.3248 2.0960
v -1.0185 -1.3036 2.1175
v -1.0746 -1.2806 2.1397
v -1.1311 -1.2562 2.1636
v -1.1874 -1.2296 2.1879
v -1.2430 -1.2004 2.2117
v -1.2996 -1.1701 2.2383
v -1.3538 -1.1360 2.2620
v -1.4069 -1.0992 2.2852
v -1.4579 -1.0592 2.3065
v -1.5068 -1.0164 2.3264
v -1.5533 -0.9706 2.3443
v -1.5968 -0.9219 2.3600
v -1.6372 -0.8705 2.3733
v -1.6741 -0.8165 2.3840
v -1.7072 -0.7601 2.3918
v -1.7364 -0.7016 2.3970
v -1.7618 -0.6412 2.3997
v -1.7834 -0.5795 2.4001
v -1.8012 -0.5165 2.3984
v -1.8155 -0.4527 2.3949
v -1.8235 -0.3876 2.3861
v -1.8283 -0.3224 2.3762
v -1.8302 -0.2572 2.3655
v -1.8293 -0.1923 2.3543
v -1.8321 -0.1281 2.3507
v -1.8324 -0.0640 2.3468
v -1.8302 -0.0000 2.3425
v -1.8253 0.0637 2.3377
v -1.8141 0.1269 2.3276
v -1.8001 0.1892 2.3167
v -1.7830 0.2506 2.3045
v -1.7607 0.3105 2.2884
v -1.7340 0.3686 2.2690
v -1.7095 0.4262 2.2551
v -1.6798 0.4817 2.2367
v -1.6487 0.5357 2.2188
v -1.6180 0.5889 2.2038
v -1.5870 0.6412 2.1907
v -1.5456 0.6882 2.1655
v -1.5139 0.7384 2.1559
v -1.4806 0.7872 2.1463
v -1.4488 0.8364 2.1412
v -1.4080 0.8798 2.1251
v -1.3663 0.9216 2.1093
v -1.3216 0.9602 2.0908
v -1.2772 0.9979 2.0745
v -1.2312 1.0331 2.0572
v -1.1833 1.0654 2.0380
v -1.1357 1.0967 2.0207
v -1.0887 1.1274 2.0060
v -1.0418 1.1571 1.9929
v -0.9947 1.1854 1.9807
v -0.9474 1.2126 1.9696
v -0.8999 1.2386 1.9595
v -0.8509 1.2616 1.9477
v -0.7992 1.2790 1.9303
v -0.7483 1.2962 1.9157
v -0.6996 1.3158 1.9075
v -0.6482 1.3290 1.8926
v -0.5972 1.3414 1.8793
v -0.5465 1.3526 1.8673
v -0.4977 1.3675 1.8626
v -0.4474 1.3771 1.8533
v -0.3974 1.3860 1.8454
v -0.3475 1.3939 1.8387
v -0.2982 1.4029 1.8357
v -0.2482 1.4076 1.8294
v -0.1984 1.4114 1.8243
v -0.1486 1.4143 1.8201
v -0.0989 1.4142 1.8145
v -0.0493 1.4113 1.8075
v -0.0000 1.4107 1.8056
v 0.0492 1.4097 1.8054
v 0.0979 1.4004 1.7967
v 0.1468 1.3964 1.7971
v 0.1956 1.3916 1.7986
v 0.2444 1.3858 1.8011
v 0.2930 1.3786 1.8039
v 0.3417 1.3704 1.8078
v 0.3897 1.3592 1.8097
v 0.4366 1.3438 1.8085
v 0.4831 1.3272 1.8078
v 0.5291 1.3095 1.8077
v 0.5747 1.2909 1.8086
v 0.6201 1.2713 1.8105
v 0.6652 1.2511 1.8136
v 0.7109 1.2314 1.8199
v 0.7550 1.2083 1.8236
v 0.7987 1.1841 1.8282
v 0.8403 1.1565 1.8298
v 0.8824 1.1295 1.8346
v 0.9244 1.1017 1.8407
v 0.9661 1.0729 1.8480
v 1.0093 1.0451 1.8596
v 1.0490 1.0130 1.8666
v 1.0882 0.9798 1.8742
v 1.1252 0.9442 1.8800
v 1.1621 0.9080 1.8876
v 1.1980 0.8704 1.8954
v 1.2366 0.8341 1.9091
v 1.2721 0.7949 1.9200
v 1.3086 0.7555 1.9340
v 1.3428 0.7140 1.9466
v 1.3765 0.6713 1.9602
v 1.4090 0.6273 1.9741
v 1.4406 0.5820 1.9886
v 1.4698 0.5350 2.0020
v 1.4985 0.4869 2.0168
v 1.5244 0.4371 2.0298
v 1.5495 0.3863 2.0440
v 1.5728 0.3343 2.0581
v 1.5945 0.2811 2.0723
v 1.6148 0.2269 2.0871
v 1.6307 0.1714 2.0987
v 1.6445 0.1150 2.1100
v 1.6535 0.0577 2.1177
v 1.6616 0.0000 2.1268
v 1.5799 -0.0552 2.1759
v 1.5798 -0.1105 2.1797
v 1.5817 -0.1662 2.1890
v 1.5792 -0.2219 2.1949
v 1.5757 -0.2778 2.2022
v 1.5707 -0.3339 2.2102
v 1.5665 -0.3906 2.2221
v 1.5613 -0.4477 2.2355
v 1.5544 -0.5051 2.2496
v 1.5438 -0.5619 2.2612
v 1.5306 -0.6184 2.2721
v 1.5145 -0.6743 2.2818
v 1.4949 -0.7291 2.2893
v 1.4707 -0.7820 2.2926
v 1.4442 -0.8338 2.2953
v 1.4170 -0.8854 2.2997
v 1.3896 -0.9373 2.3070
v 1.3615 -0.9892 2.3163
v 1.3310 -1.0399 2.3249
v 1.2968 -1.0881 2.3300
v 1.2623 -1.1366 2.3380
v 1.2246 -1.1826 2.3432
v 1.1828 -1.2248 2.3435
v 1.1373 -1.2631 2.3394
v 1.0901 -1.2991 2.3341
v 1.0419 -1.3335 2.3292
v 0.9922 -1.3657 2.3234
v 0.9375 -1.3899 2.3075
v 0.8825 -1.4122 2.2920
v 0.8271 -1.4326 2.2768
v 0.7719 -1.4518 2.2631
v 0.7165 -1.4691 2.2497
v 0.6608 -1.4842 2.2361
v 0.6044 -1.4959 2.2207
v 0.5469 -1.5026 2.2009
v 0.4899 -1.5077 2.1819
v 0.4342 -1.5142 2.1682
v 0.3789 -1.5196 2.1555
v 0.3237 -1.5230 2.1430
v 0.2689 -1.5249 2.1312
v 0.2144 -1.5254 2.1201
v 0.1601 -1.5236 2.1086
v 0.1063 -1.5205 2.0979
v 0.0530 -1.5163 2.0883
v 0.0000 -1.5107 2.0793
v -0.0524 -1.5011 2.0674
v -0.1043 -1.4917 2.0581
v -0.1558 -1.4822 2.0513
v -0.2068 -1.4712 2.0449
v -0.2574 -1.4596 2.0399
v -0.3074 -1.4460 2.0347
v -0.3580 -1.4360 2.0370
v -0.4087 -1.4254 2.0410
v -0.4594 -1.4138 2.0460
v -0.5099 -1.4008 2.0518
v -0.5605 -1.3873 2.0594
v -0.6113 -1.3729 2.0685
v -0.6622 -1.3578 2.0793
v -0.7134 -1.3417 2.0915
v -0.7648 -1.3247 2.1053
v -0.8164 -1.3065 2.1204
v -0.8677 -1.2865 2.1358
v -0.9194 -1.2654 2.1529
v -0.9712 -1.2431 2.1712
v -1.0234 -1.2196 2.1914
v -1.0748 -1.1937 2.2108
v -1.1266 -1.1666 2.2322
v -1.1779 -1.1375 2.2538
v -1.2270 -1.1048 2.2724
v -1.2782 -1.0725 2.2966
v -1.3275 -1.0372 2.3187
v -1.3739 -0.9982 2.3374
v -1.4183 -0.9566 2.3546
v -1.4609 -0.9129 2.3710
v -1.5004 -0.8662 2.3846
v -1.5369 -0.8172 2.3958
v -1.5703 -0.7659 2.4047
v -1.6004 -0.7126 2.4113
v -1.6272 -0.6574 2.4155
v -1.6504 -0.6007 2.4174
v -1.6702 -0.5427 2.4172
v -1.6867 -0.4837 2.4152
v -1.6999 -0.4238 2.4114
v -1.7058 -0.3626 2.4003
v -1.7088 -0.3013 2.3882
v -1.7091 -0.2402 2.3755
v -1.7072 -0.1794 2.3627
v -1.7119 -0.1197 2.3619
v -1.7144 -0.0599 2.3611
v -1.7149 -0.0000 2.3603
v -1.7128 0.0598 2.3589
v -1.7037 0.1191 2.3507
v -1.6919 0.1778 2.3415
v -1.6773 0.2357 2.3313
v -1.6576 0.2923 2.3166
v -1.6341 0.3473 2.2994
v -1.6093 0.4012 2.2828
v -1.5786 0.4527 2.2603
v -1.5522 0.5043 2.2464
v -1.5228 0.5543 2.2305
v -1.4930 0.6032 2.2163
v -1.4632 0.6515 2.2045
v -1.4325 0.6987 2.1937
v -1.4019 0.7454 2.1853
v -1.3711 0.7916 2.1792
v -1.3327 0.8328 2.1630
v -1.2941 0.8729 2.1484
v -1.2507 0.9087 2.1278
v -1.2102 0.9455 2.1139
v -1.1654 0.9779 2.0939
v -1.1205 1.0089 2.0752
v -1.0758 1.0389 2.0585
v -1.0289 1.0654 2.0386
v -0.9842 1.0930 2.0244
v -0.9395 1.1196 2.0117
v -0.8944 1.1448 1.9995
v -0.8509 1.1712 1.9925
v -0.8053 1.1939 1.9821
v -0.7561 1.2100 1.9639
v -0.7086 1.2273 1.9506
v -0.6608 1.2428 1.9373
v -0.6183 1.2678 1.9414
v -0.5698 1.2799 1.9283
v -0.5216 1.2910 1.9165
v -0.4739 1.3021 1.9073
v -0.4267 1.3132 1.9005
v -0.3793 1.3229 1.8942
v -0.3322 1.3324 1.8900
v -0.2845 1.3386 1.8836
v -0.2369 1.3436 1.8778
v -0.1893 1.3471 1.8724
v -0.1419 1.3497 1.8679
v -0.0942 1.3464 1.8577
v -0.0470 1.3457 1.8534
v -0.0000 1.3353 1.8378
v 0.0465 1.3323 1.8349
v 0.0929 1.3291 1.8339
v 0.1401 1.3333 1.8452
v 0.1866 1.3277 1.8454
v 0.2329 1.3209 1.8462
v 0.2792 1.3135 1.8483
v 0.3253 1.3048 1.8509
v 0.3713 1.2950 1.8543
v 0.4169 1.2831 1.8569
v 0.4620 1.2694 1.8594
v 0.5068 1.2543 1.8620
v 0.5506 1.2366 1.8631
v 0.5941 1.2180 1.8652
v 0.6365 1.1971 1.8662
v 0.6773 1.1731 1.8644
v 0.7181 1.1491 1.8650
v 0.7585 1.1246 1.8670
v 0.7987 1.0993 1.8703
v 0.8384 1.0731 1.8744
v 0.8779 1.0462 1.8798
v 0.9208 1.0226 1.8940
v 0.9590 0.9931 1.9001
v 0.9984 0.9641 1.9103
v 1.0357 0.9325 1.9182
v 1.0726 0.9000 1.9272
v 1.1089 0.8664 1.9369
v 1.1446 0.8316 1.9473
v 1.1786 0.7950 1.9568
v 1.2118 0.7572 1.9668
v 1.2468 0.7199 1.9816
v 1.2799 0.6805 1.9951
v 1.3119 0.6399 2.0090
v 1.3437 0.5982 2.0244
v 1.3719 0.5543 2.0365
v 1.4005 0.5097 2.0513
v 1.4280 0.4640 2.0666
v 1.4531 0.4167 2.0806
v 1.4768 0.3682 2.0949
v 1.4989 0.3186 2.1091
v 1.5203 0.2681 2.1248
v 1.5391 0.2163 2.1392
v 1.5540 0.1633 2.1506
v 1.5663 0.1095 2.1610
v 1.5762 0.0550 2.1708
v 1.5778 0.0000 2.1716
v 1.5019 -0.0524 2.2280
v 1.5026 -0.1051 2.2332
v 1.5022 -0.1579 2.2393
v 1.4999 -0.2108 2.2456
v 1.4972 -0.2640 2.2540
v 1.4947 -0.3177 2.2655
v 1.4899 -0.3715 2.2765
v 1.4848 -0.4258 2.2900
v 1.4781 -0.4803 2.3041
v 1.4666 -0.5338 2.3139
v 1.4540 -0.5874 2.3249
v 1.4380 -0.6403 2.3337
v 1.4197 -0.6925 2.3419
v 1.3964 -0.7425 2.3447
v 1.3711 -0.7916 2.3472
v 1.3454 -0.8407 2.3520
v 1.3201 -0.8904 2.3607
v 1.2942 -0.9403 2.3717
v 1.2653 -0.9885 2.3805
v 1.2325 -1.0342 2.3853
v 1.1991 -1.0796 2.3921
v 1.1636 -1.1237 2.3982
v 1.1251 -1.1650 2.4011
v 1.0832 -1.2030 2.3999
v 1.0392 -1.2385 2.3969
v 0.9937 -1.2719 2.3930
v 0.9464 -1.3026 2.3870
v 0.8953 -1.3273 2.3736
v 0.8433 -1.3496 2.3594
v 0.7911 -1.3703 2.3458
v 0.7388 -1.3895 2.3332
v 0.6863 -1.4071 2.3211
v 0.6333 -1.4225 2.3085
v 0.5796 -1.4345 2.2938
v 0.5250 -1.4425 2.2759
v 0.4706 -1.4484 2.2579
v 0.4170 -1.4542 2.2428
v 0.3638 -1.4591 2.2294
v 0.3108 -1.4623 2.2164
v 0.2582 -1.4641 2.2041
v 0.2058 -1.4644 2.1924
v 0.1538 -1.4628 2.1807
v 0.1021 -1.4601 2.1699
v 0.0508 -1.4560 2.1600
v 0.0000 -1.4507 2.1507
v -0.0504 -1.4427 2.1402
v -0.1003 -1.4338 2.1309
v -0.1497 -1.4241 2.1229
v -0.1986 -1.4134 2.1161
v -0.2472 -1.4019 2.1105
v -0.2951 -1.3883 2.1043
v -0.3436 -1.3779 2.1054
v -0.3919 -1.3668 2.1081
v -0.4402 -1.3548 2.1120
v -0.4884 -1.3420 2.1173
v -0.5366 -1.3282 2.1237
v -0.5846 -1.3130 2.1309
v -0.6328 -1.2975 2.1402
v -0.6810 -1.2807 2.1504
v -0.7292 -1.2630 2.1621
v -0.7776 -1.2445 2.1756
v -0.8259 -1.2244 2.1896
v -0.8742 -1.2033 2.2051
v -0.9222 -1.1804 2.2207
v -0.9702 -1.1562 2.2377
v -1.0187 -1.1314 2.2571
v -1.0665 -1.1044 2.2761
v -1.1136 -1.0754 2.2952
v -1.1592 -1.0438 2.3127
v -1.2029 -1.0093 2.3280
v -1.2476 -0.9747 2.3473
v -1.2892 -0.9367 2.3626
v -1.3288 -0.8963 2.3764
v -1.3667 -0.8540 2.3893
v -1.4022 -0.8096 2.4005
v -1.4351 -0.7631 2.4098
v -1.4653 -0.7147 2.4170
v -1.4924 -0.6645 2.4220
v -1.5165 -0.6127 2.4249
v -1.5375 -0.5596 2.4258
v -1.5554 -0.5054 2.4247
v -1.5703 -0.4503 2.4219
v -1.5823 -0.3945 2.4176
v -1.5888 -0.3377 2.4082
v -1.5936 -0.2810 2.3991
v -1.5954 -0.2242 2.3885
v -1.5953 -0.1677 2.3782
v -1.5993 -0.1118 2.3769
v -1.6018 -0.0559 2.3762
v -1.6029 -0.0000 2.3764
v -1.6001 0.0559 2.3737
v -1.5925 0.1114 2.3667
v -1.5828 0.1664 2.3595
v -1.5710 0.2208 2.3521
v -1.5553 0.2742 2.3414
v -1.5361 0.3265 2.3282
v -1.5145 0.3776 2.3141
v -1.4910 0.4275 2.2996
v -1.4666 0.4765 2.2862
v -1.4399 0.5241 2.2718
v -1.4125 0.5707 2.2585
v -1.3840 0.6162 2.2460
v -1.3530 0.6599 2.2318
v -1.3226 0.7033 2.2208
v -1.2912 0.7455 2.2104
v -1.2589 0.7866 2.2008
v -1.2220 0.8242 2.1853
v -1.1808 0.8579 2.1638
v -1.1393 0.8901 2.1434
v -1.0964 0.9200 2.1219
v -1.0529 0.9481 2.1006
v -1.0127 0.9780 2.0872
v -0.9706 1.0051 2.0714
v -0.9285 1.0313 2.0573
v -0.8865 1.0564 2.0446
v -0.8456 1.0824 2.0364
v -0.8018 1.1035 2.0223
v -0.7578 1.1235 2.0092
v -0.7163 1.1463 2.0039
v -0.6723 1.1644 1.9933
v -0.6280 1.1810 1.9831
v -0.5837 1.1967 1.9739
v -0.5392 1.2110 1.9652
v -0.4954 1.2262 1.9607
v -0.4503 1.2373 1.9521
v -0.4055 1.2481 1.9456
v -0.3611 1.2594 1.9424
v -0.3160 1.2673 1.9363
v -0.2707 1.2737 1.9305
v -0.2252 1.2772 1.9227
v -0.1795 1.2774 1.9125
v -0.1345 1.2794 1.9072
v -0.0895 1.2800 1.9023
v -0.0443 1.2679 1.8809
v -0.0000 1.2754 1.8909
v 0.0444 1.2717 1.8866
v 0.0887 1.2678 1.8842
v 0.1328 1.2635 1.8835
v 0.1768 1.2581 1.8836
v 0.2208 1.2523 1.8853
v 0.2647 1.2455 1.8878
v 0.3086 1.2377 1.8912
v 0.3524 1.2288 1.8953
v 0.3960 1.2187 1.8997
v 0.4383 1.2042 1.8999
v 0.4810 1.1904 1.9035
v 0.5235 1.1758 1.9082
v 0.5646 1.1576 1.9095
v 0.6036 1.1352 1.9060
v 0.6426 1.1131 1.9055
v 0.6812 1.0901 1.9057
v 0.7193 1.0664 1.9070
v 0.7568 1.0417 1.9089
v 0.7941 1.0164 1.9123
v 0.8312 0.9906 1.9171
v 0.8736 0.9703 1.9356
v 0.9097 0.9421 1.9416
v 0.9458 0.9134 1.9493
v 0.9834 0.8854 1.9618
v 1.0184 0.8546 1.9710
v 1.0544 0.8238 1.9838
v 1.0885 0.7908 1.9947
v 1.1217 0.7566 2.0059
v 1.1525 0.7201 2.0147
v 1.1841 0.6837 2.0272
v 1.2166 0.6469 2.0428
v 1.2467 0.6081 2.0565
v 1.2759 0.5681 2.0706
v 1.3045 0.5271 2.0859
v 1.3313 0.4845 2.1004
v 1.3570 0.4409 2.1154
v 1.3809 0.3960 2.1297
v 1.4026 0.3497 2.1431
v 1.4236 0.3026 2.1577
v 1.4444 0.2547 2.1744
v 1.4622 0.2055 2.1892
v 1.4757 0.1551 2.1999
v 1.4881 0.1041 2.2115
v 1.4967 0.0523 2.2202
v 1.5016 0.0000 2.2262
v 1.4264 -0.0498 2.2840
v 1.4268 -0.0998 2.2889
v 1.4273 -0.1500 2.2968
v 1.4258 -0.2004 2.3041
v 1.4244 -0.2512 2.3147
v 1.4219 -0.3022 2.3263
v 1.4170 -0.3533 2.3371
v 1.4106 -0.4045 2.3483
v 1.4020 -0.4555 2.3591
v 1.3911 -0.5063 2.3691
v 1.3782 -0.5568 2.3788
v 1.3626 -0.6067 2.3870
v 1.3448 -0.6559 2.3945
v 1.3220 -0.7029 2.3961
v 1.2982 -0.7495 2.3989
v 1.2732 -0.7956 2.4026
v 1.2481 -0.8419 2.4093
v 1.2236 -0.8890 2.4205
v 1.1968 -0.9351 2.4306
v 1.1659 -0.9783 2.4357
v 1.1354 -1.0223 2.4450
v 1.1019 -1.0641 2.4515
v 1.0656 -1.1035 2.4549
v 1.0266 -1.1401 2.4553
v 0.9855 -1.1744 2.4535
v 0.9428 -1.2067 2.4506
v 0.8980 -1.2360 2.4450
v 0.8503 -1.2606 2.4335
v 0.8015 -1.2826 2.4204
v 0.7524 -1.3033 2.4083
v 0.7032 -1.3225 2.3970
v 0.6536 -1.3402 2.3862
v 0.6036 -1.3557 2.3750
v 0.5528 -1.3682 2.3615
v 0.5010 -1.3765 2.3443
v 0.4493 -1.3828 2.3269
v 0.3981 -1.3884 2.3115
v 0.3474 -1.3932 2.2978
v 0.2968 -1.3964 2.2846
v 0.2465 -1.3981 2.2720
v 0.1965 -1.3985 2.2600
v 0.1469 -1.3972 2.2483
v 0.0975 -1.3948 2.2377
v 0.0486 -1.3914 2.2281
v 0.0000 -1.3864 2.2187
v -0.0482 -1.3795 2.2091
v -0.0959 -1.3712 2.1997
v -0.1431 -1.3620 2.1916
v -0.1900 -1.3519 2.1847
v -0.2365 -1.3411 2.1793
v -0.2822 -1.3277 2.1722
v -0.3284 -1.3170 2.1722
v -0.3744 -1.3056 2.1735
v -0.4202 -1.2933 2.1763
v -0.4660 -1.2803 2.1804
v -0.5116 -1.2663 2.1856
v -0.5572 -1.2514 2.1922
v -0.6027 -1.2356 2.2001
v -0.6480 -1.2186 2.2087
v -0.6933 -1.2009 2.2192
v -0.7387 -1.1821 2.2307
v -0.7837 -1.1619 2.2428
v -0.8285 -1.1403 2.2557
v -0.8731 -1.1175 2.2695
v -0.9170 -1.0928 2.2830
v -0.9614 -1.0677 2.2992
v -1.0055 -1.0412 2.3164
v -1.0486 -1.0126 2.3329
v -1.0908 -0.9822 2.3491
v -1.1319 -0.9498 2.3647
v -1.1717 -0.9154 2.3795
v -1.2082 -0.8778 2.3900
v -1.2458 -0.8403 2.4049
v -1.2803 -0.8000 2.4161
v -1.3126 -0.7578 2.4256
v -1.3406 -0.7128 2.4298
v -1.3679 -0.6672 2.4356
v -1.3924 -0.6200 2.4392
v -1.4142 -0.5714 2.4409
v -1.4331 -0.5216 2.4407
v -1.4493 -0.4709 2.4387
v -1.4627 -0.4194 2.4352
v -1.4727 -0.3672 2.4290
v -1.4811 -0.3148 2.4231
v -1.4865 -0.2621 2.4157
v -1.4902 -0.2094 2.4082
v -1.4900 -0.1566 2.3976
v -1.4965 -0.1046 2.4008
v -1.4989 -0.0523 2.4001
v -1.5001 -0.0000 2.4007
v -1.4957 0.0522 2.3951
v -1.4885 0.1041 2.3879
v -1.4795 0.1555 2.3807
v -1.4685 0.2064 2.3732
v -1.4539 0.2564 2.3627
v -1.4375 0.3056 2.3519
v -1.4202 0.3541 2.3423
v -1.4017 0.4019 2.3336
v -1.3786 0.4479 2.3198
v -1.3543 0.4929 2.3064
v -1.3270 0.5362 2.2905
v -1.3005 0.5790 2.2783
v -1.2725 0.6206 2.2656
v -1.2452 0.6621 2.2569
v -1.2158 0.7019 2.2466
v -1.1839 0.7398 2.2342
v -1.1487 0.7748 2.2174
v -1.1114 0.8074 2.1984
v -1.0729 0.8383 2.1790
v -1.0319 0.8658 2.1557
v -0.9912 0.8925 2.1345
v -0.9546 0.9219 2.1238
v -0.9150 0.9475 2.1080
v -0.8752 0.9720 2.0931
v -0.8356 0.9958 2.0803
v -0.7959 1.0186 2.0687
v -0.7543 1.0382 2.0537
v -0.7144 1.0592 2.0446
v -0.6742 1.0789 2.0360
v -0.6337 1.0976 2.0282
v -0.5924 1.1141 2.0193
v -0.5509 1.1295 2.0111
v -0.5094 1.1442 2.0044
v -0.4677 1.1575 1.9978
v -0.4254 1.1687 1.9903
v -0.3832 1.1794 1.9845
v -0.3418 1.1919 1.9843
v -0.2990 1.1993 1.9781
v -0.2562 1.2056 1.9724
v -0.2134 1.2105 1.9670
v -0.1706 1.2140 1.9619
v -0.1278 1.2161 1.9569
v -0.0842 1.2042 1.9318
v -0.0423 1.2110 1.9391
v -0.0000 1.2070 1.9316
v 0.0420 1.2033 1.9269
v 0.0839 1.2001 1.9253
v 0.1257 1.1961 1.9246
v 0.1674 1.1912 1.9250
v 0.2090 1.1853 1.9262
v 0.2506 1.1790 1.9289
v 0.2921 1.1716 1.9324
v 0.3336 1.1633 1.9367
v 0.3748 1.1537 1.9413
v 0.4145 1.1389 1.9397
v 0.4561 1.1289 1.9485
v 0.4955 1.1130 1.9497
v 0.5345 1.0958 1.9511
v 0.5729 1.0775 1.9529
v 0.6109 1.0581 1.9553
v 0.6447 1.0317 1.9469
v 0.6803 1.0086 1.9470
v 0.7155 0.9848 1.9481
v 0.7503 0.9603 1.9503
v 0.7849 0.9354 1.9542
v 0.8200 0.9108 1.9613
v 0.8636 0.8942 1.9894
v 0.8977 0.8669 1.9972
v 0.9314 0.8387 2.0058
v 0.9648 0.8096 2.0156
v 0.9975 0.7793 2.0258
v 1.0299 0.7483 2.0374
v 1.0616 0.7160 2.0492
v 1.0927 0.6828 2.0620
v 1.1225 0.6481 2.0743
v 1.1517 0.6124 2.0875
v 1.1811 0.5761 2.1030
v 1.2082 0.5379 2.1165
v 1.2351 0.4990 2.1317
v 1.2600 0.4586 2.1459
v 1.2841 0.4172 2.1607
v 1.3062 0.3745 2.1746
v 1.3273 0.3309 2.1892
v 1.3460 0.2861 2.2022
v 1.3647 0.2406 2.2176
v 1.3805 0.1940 2.2310
v 1.3955 0.1467 2.2455
v 1.4071 0.0984 2.2572
v 1.4166 0.0495 2.2684
v 1.4231 0.0000 2.2774
v 1.3477 -0.0471 2.3357
v 1.3512 -0.0945 2.3460
v 1.3519 -0.1421 2.3545
v 1.3513 -0.1899 2.3636
v 1.3493 -0.2379 2.3731
v 1.3470 -0.2863 2.3851
v 1.3426 -0.3348 2.3967
v 1.3356 -0.3830 2.4065
v 1.3272 -0.4312 2.4171
v 1.3168 -0.4793 2.4272
v 1.3046 -0.5271 2.4372
v 1.2896 -0.5742 2.4450
v 1.2719 -0.6204 2.4511
v 1.2513 -0.6653 2.4546
v 1.2293 -0.7098 2.4586
v 1.2056 -0.7534 2.4624
v 1.1807 -0.7964 2.4668
v 1.1563 -0.8401 2.4756
v 1.1297 -0.8826 2.4831
v 1.1004 -0.9234 2.4881
v 1.0705 -0.9639 2.4951
v 1.0382 -1.0026 2.4999
v 1.0036 -1.0393 2.5024
v 0.9668 -1.0737 2.5026
v 0.9282 -1.1062 2.5012
v 0.8880 -1.1366 2.4983
v 0.8463 -1.1648 2.4938
v 0.8017 -1.1886 2.4833
v 0.7564 -1.2105 2.4724
v 0.7106 -1.2308 2.4615
v 0.6645 -1.2497 2.4515
v 0.6179 -1.2670 2.4416
v 0.5710 -1.2824 2.4315
v 0.5231 -1.2948 2.4188
v 0.4745 -1.3036 2.4029
v 0.4257 -1.3102 2.3862
v 0.3774 -1.3160 2.3713
v 0.3293 -1.3207 2.3575
v 0.2814 -1.3240 2.3445
v 0.2338 -1.3259 2.3319
v 0.1864 -1.3265 2.3201
v 0.1394 -1.3258 2.3091
v 0.0926 -1.3240 2.2989
v 0.0461 -1.3209 2.2893
v 0.0000 -1.3168 2.2809
v -0.0458 -1.3109 2.2718
v -0.0912 -1.3037 2.2635
v -0.1362 -1.2955 2.2563
v -0.1808 -1.2865 2.2502
v -0.2250 -1.2763 2.2447
v -0.2686 -1.2638 2.2379
v -0.3124 -1.2530 2.2368
v -0.3560 -1.2415 2.2369
v -0.3994 -1.2291 2.2384
v -0.4425 -1.2159 2.2411
v -0.4855 -1.2018 2.2450
v -0.5284 -1.1868 2.2501
v -0.5711 -1.1709 2.2564
v -0.6136 -1.1541 2.2640
v -0.6560 -1.1362 2.2724
v -0.6980 -1.1170 2.2814
v -0.7398 -1.0969 2.2916
v -0.7814 -1.0755 2.3027
v -0.8225 -1.0527 2.3139
v -0.8631 -1.0286 2.3258
v -0.9035 -1.0034 2.3387
v -0.9434 -0.9769 2.3522
v -0.9824 -0.9487 2.3655
v -1.0211 -0.9194 2.3798
v -1.0582 -0.8879 2.3927
v -1.0941 -0.8548 2.4049
v -1.1292 -0.8204 2.4176
v -1.1627 -0.7843 2.4292
v -1.1939 -0.7460 2.4385
v -1.2212 -0.7051 2.4425
v -1.2482 -0.6637 2.4485
v -1.2742 -0.6215 2.4555
v -1.2965 -0.5773 2.4582
v -1.3163 -0.5318 2.4589
v -1.3335 -0.4854 2.4580
v -1.3482 -0.4380 2.4553
v -1.3577 -0.3893 2.4464
v -1.3686 -0.3412 2.4431
v -1.3746 -0.2922 2.4341
v -1.3808 -0.2435 2.4286
v -1.3852 -0.1947 2.4229
v -1.3893 -0.1460 2.4197
v -1.3924 -0.0974 2.4176
v -1.3944 -0.0487 2.4166
v -1.3956 -0.0000 2.4172
v -1.3898 0.0485 2.4086
v -1.3827 0.0967 2.4008
v -1.3739 0.1444 2.3927
v -1.3630 0.1916 2.3840
v -1.3503 0.2381 2.3749
v -1.3355 0.2839 2.3648
v -1.3218 0.3296 2.3595
v -1.3018 0.3733 2.3457
v -1.2815 0.4164 2.3338
v -1.2594 0.4584 2.3214
v -1.2371 0.4998 2.3111
v -1.2126 0.5399 2.2991
v -1.1871 0.5790 2.2877
v -1.1611 0.6174 2.2776
v -1.1335 0.6544 2.2671
v -1.1046 0.6902 2.2561
v -1.0719 0.7230 2.2395
v -1.0399 0.7555 2.2264
v -1.0061 0.7860 2.2113
v -0.9696 0.8136 2.1923
v -0.9323 0.8395 2.1729
v -0.8965 0.8658 2.1587
v -0.8598 0.8904 2.1439
v -0.8236 0.9147 2.1318
v -0.7856 0.9362 2.1167
v -0.7484 0.9579 2.1055
v -0.7080 0.9745 2.0864
v -0.6718 0.9960 2.0808
v -0.6343 1.0150 2.0731
v -0.5965 1.0333 2.0665
v -0.5582 1.0497 2.0592
v -0.5193 1.0647 2.0518
v -0.4804 1.0790 2.0458
v -0.4414 1.0925 2.0410
v -0.4017 1.1037 2.0343
v -0.3620 1.1141 2.0290
v -0.3228 1.1258 2.0285
v -0.2825 1.1332 2.0229
v -0.2422 1.1394 2.0176
v -0.2018 1.1443 2.0126
v -0.1614 1.1481 2.0081
v -0.1209 1.1503 2.0034
v -0.0805 1.1505 1.9976
v -0.0400 1.1458 1.9858
v -0.0000 1.1433 1.9803
v 0.0398 1.1400 1.9757
v 0.0794 1.1361 1.9726
v 0.1189 1.1315 1.9706
v 0.1583 1.1263 1.9700
v 0.1976 1.1204 1.9706
v 0.2368 1.1141 1.9728
v 0.2760 1.1069 1.9758
v 0.3149 1.0983 1.9790
v 0.3540 1.0894 1.9841
v 0.3909 1.0741 1.9798
v 0.4307 1.0659 1.9913
v 0.4680 1.0511 1.9929
v 0.5048 1.0351 1.9946
v 0.5412 1.0178 1.9966
v 0.5770 0.9994 1.9988
v 0.6124 0.9800 2.0016
v 0.6425 0.9526 1.9901
v 0.6811 0.9374 2.0069
v 0.7141 0.9140 2.0090
v 0.7467 0.8898 2.0120
v 0.7828 0.8694 2.0263
v 0.8172 0.8462 2.0375
v 0.8496 0.8204 2.0456
v 0.8815 0.7937 2.0546
v 0.9131 0.7662 2.0645
v 0.9442 0.7377 2.0753
v 0.9747 0.7081 2.0867
v 1.0033 0.6768 2.0962
v 1.0325 0.6452 2.1088
v 1.0618 0.6130 2.1237
v 1.0884 0.5787 2.1351
v 1.1146 0.5436 2.1479
v 1.1399 0.5075 2.1613
v 1.1644 0.4704 2.1751
v 1.1878 0.4323 2.1894
v 1.2090 0.3928 2.2019
v 1.2297 0.3526 2.2158
v 1.2493 0.3115 2.2301
v 1.2697 0.2699 2.2484
v 1.2843 0.2265 2.2588
v 1.2997 0.1827 2.2732
v 1.3130 0.1380 2.2867
v 1.3246 0.0926 2.2998
v 1.3353 0.0466 2.3142
v 1.3430 0.0000 2.3261
v 1.2665 -0.0442 2.3833
v 1.2712 -0.0889 2.3966
v 1.2741 -0.1339 2.4094
v 1.2738 -0.1790 2.4193
v 1.2720 -0.2243 2.4293
v 1.2691 -0.2698 2.4402
v 1.2659 -0.3156 2.4537
v 1.2593 -0.3611 2.4638
v 1.2521 -0.4068 2.4760
v 1.2413 -0.4518 2.4844
v 1.2286 -0.4964 2.4920
v 1.2137 -0.5404 2.4987
v 1.1971 -0.5839 2.5049
v 1.1777 -0.6262 2.5085
v 1.1569 -0.6679 2.5124
v 1.1346 -0.7090 2.5161
v 1.1107 -0.7492 2.5198
v 1.0869 -0.7897 2.5268
v 1.0614 -0.8292 2.5332
v 1.0329 -0.8667 2.5360
v 1.0038 -0.9038 2.5404
v 0.9730 -0.9397 2.5440
v 0.9401 -0.9735 2.5452
v 0.9054 -1.0056 2.5449
v 0.8692 -1.0359 2.5432
v 0.8315 -1.0643 2.5402
v 0.7924 -1.0907 2.5356
v 0.7514 -1.1140 2.5271
v 0.7093 -1.1352 2.5175
v 0.6667 -1.1548 2.5078
v 0.6237 -1.1731 2.4987
v 0.5803 -1.1899 2.4898
v 0.5364 -1.2048 2.4804
v 0.4918 -1.2173 2.4693
v 0.4463 -1.2262 2.4542
v 0.4007 -1.2333 2.4388
v 0.3553 -1.2392 2.4245
v 0.3101 -1.2439 2.4110
v 0.2651 -1.2473 2.3982
v 0.2203 -1.2493 2.3859
v 0.1757 -1.2501 2.3742
v 0.1314 -1.2498 2.3634
v 0.0873 -1.2482 2.3532
v 0.0435 -1.2456 2.3440
v 0.0000 -1.2418 2.3356
v -0.0432 -1.2369 2.3276
v -0.0861 -1.2307 2.3203
v -0.1286 -1.2236 2.3139
v -0.1708 -1.2155 2.3085
v -0.2129 -1.2073 2.3056
v -0.2541 -1.1957 2.2989
v -0.2955 -1.1853 2.2974
v -0.3366 -1.1740 2.2970
v -0.3775 -1.1619 2.2977
v -0.4182 -1.1489 2.2995
v -0.4586 -1.1350 2.3023
v -0.4987 -1.1202 2.3062
v -0.5386 -1.1042 2.3106
v -0.5782 -1.0875 2.3164
v -0.6175 -1.0695 2.3227
v -0.6565 -1.0506 2.3300
v -0.6952 -1.0307 2.3383
v -0.7336 -1.0097 2.3472
v -0.7715 -0.9874 2.3567
v -0.8088 -0.9639 2.3665
v -0.8460 -0.9395 2.3778
v -0.8826 -0.9139 2.3894
v -0.9178 -0.8863 2.3997
v -0.9525 -0.8576 2.4105
v -0.9861 -0.8275 2.4210
v -1.0185 -0.7958 2.4309
v -1.0503 -0.7631 2.4417
v -1.0800 -0.7285 2.4500
v -1.1080 -0.6924 2.4573
v -1.1344 -0.6549 2.4635
v -1.1587 -0.6161 2.4682
v -1.1811 -0.5761 2.4715
v -1.2013 -0.5349 2.4732
v -1.2193 -0.4926 2.4733
v -1.2351 -0.4495 2.4719
v -1.2480 -0.4055 2.4678
v -1.2579 -0.3607 2.4610
v -1.2655 -0.3155 2.4530
v -1.2712 -0.2702 2.4442
v -1.2761 -0.2250 2.4370
v -1.2802 -0.1799 2.4314
v -1.2829 -0.1348 2.4261
v -1.2842 -0.0898 2.4210
v -1.2843 -0.0448 2.4168
v -1.2848 -0.0000 2.4163
v -1.2810 0.0447 2.4106
v -1.2757 0.0892 2.4051
v -1.2688 0.1334 2.3993
v -1.2631 0.1775 2.3990
v -1.2510 0.2206 2.3891
v -1.2368 0.2629 2.3781
v -1.2242 0.3052 2.3729
v -1.2082 0.3464 2.3638
v -1.1880 0.3860 2.3493
v -1.1677 0.4250 2.3372
v -1.1464 0.4632 2.3253
v -1.1229 0.4999 2.3116
v -1.0996 0.5363 2.3009
v -1.0750 0.5716 2.2897
v -1.0500 0.6062 2.2803
v -1.0240 0.6398 2.2709
v -0.9955 0.6715 2.2584
v -0.9662 0.7020 2.2460
v -0.9360 0.7313 2.2339
v -0.9049 0.7593 2.2217
v -0.8723 0.7854 2.2076
v -0.8397 0.8109 2.1954
v -0.8064 0.8350 2.1832
v -0.7724 0.8579 2.1711
v -0.7382 0.8797 2.1599
v -0.7026 0.8993 2.1464
v -0.6649 0.9152 2.1276
v -0.6301 0.9341 2.1191
v -0.5967 0.9549 2.1177
v -0.5611 0.9718 2.1105
v -0.5247 0.9869 2.1021
v -0.4885 1.0015 2.0956
v -0.4519 1.0150 2.0896
v -0.4152 1.0276 2.0845
v -0.3780 1.0385 2.0785
v -0.3407 1.0487 2.0738
v -0.3039 1.0600 2.0739
v -0.2661 1.0674 2.0690
v -0.2283 1.0739 2.0648
v -0.1902 1.0788 2.0602
v -0.1518 1.0803 2.0517
v -0.1140 1.0843 2.0506
v -0.0759 1.0850 2.0455
v -0.0379 1.0845 2.0408
v -0.0000 1.0796 2.0304
v 0.0376 1.0765 2.0259
v 0.0750 1.0728 2.0227
v 0.1123 1.0682 2.0200
v 0.1494 1.0632 2.0193
v 0.1864 1.0574 2.0193
v 0.2233 1.0506 2.0200
v 0.2601 1.0430 2.0217
v 0.2969 1.0353 2.0256
v 0.3337 1.0270 2.0309
v 0.3681 1.0114 2.0243
v 0.4058 1.0043 2.0372
v 0.4410 0.9905 2.0392
v 0.4758 0.9755 2.0412
v 0.5101 0.9594 2.0437
v 0.5452 0.9443 2.0507
v 0.5786 0.9259 2.0535
v 0.6116 0.9067 2.0569
v 0.6421 0.8837 2.0544
v 0.6735 0.8621 2.0574
v 0.7071 0.8427 2.0690
v 0.7377 0.8193 2.0735
v 0.7682 0.7955 2.0798
v 0.7988 0.7713 2.0883
v 0.8302 0.7475 2.1011
v 0.8599 0.7215 2.1110
v 0.8889 0.6945 2.1215
v 0.9175 0.6666 2.1329
v 0.9454 0.6377 2.1448
v 0.9734 0.6082 2.1586
v 0.9995 0.5771 2.1706
v 1.0248 0.5449 2.1829
v 1.0486 0.5114 2.1941
v 1.0722 0.4774 2.2073
v 1.0946 0.4423 2.2203
v 1.1148 0.4057 2.2311
v 1.1351 0.3688 2.2446
v 1.1541 0.3309 2.2581
v 1.1731 0.2925 2.2739
v 1.1908 0.2531 2.2896
v 1.2044 0.2124 2.3001
v 1.2186 0.1713 2.3144
v 1.2316 0.1294 2.3290
v 1.2429 0.0869 2.3433
v 1.2523 0.0437 2.3567
v 1.2602 0.0000 2.3701
v 1.1836 -0.0413 2.4283
v 1.1867 -0.0830 2.4390
v 1.1899 -0.1251 2.4532
v 1.1910 -0.1674 2.4659
v 1.1895 -0.2097 2.4764
v 1.1868 -0.2523 2.4877
v 1.1833 -0.2950 2.5004
v 1.1778 -0.3377 2.5121
v 1.1701 -0.3802 2.5226
v 1.1604 -0.4223 2.5318
v 1.1490 -0.4642 2.5407
v 1.1353 -0.5055 2.5480
v 1.1198 -0.5461 2.5544
v 1.1018 -0.5858 2.5584
v 1.0821 -0.6248 2.5619
v 1.0609 -0.6629 2.5650
v 1.0384 -0.7004 2.5681
v 1.0156 -0.7379 2.5738
v 0.9909 -0.7742 2.5783
v 0.9636 -0.8086 2.5791
v 0.9355 -0.8423 2.5809
v 0.9061 -0.8750 2.5827
v 0.8752 -0.9063 2.5832
v 0.8428 -0.9360 2.5825
v 0.8089 -0.9640 2.5802
v 0.7738 -0.9904 2.5769
v 0.7375 -1.0151 2.5727
v 0.6997 -1.0373 2.5653
v 0.6609 -1.0577 2.5572
v 0.6215 -1.0765 2.5487
v 0.5817 -1.0939 2.5403
v 0.5414 -1.1100 2.5322
v 0.5007 -1.1246 2.5239
v 0.4592 -1.1366 2.5134
v 0.4170 -1.1458 2.5000
v 0.3746 -1.1530 2.4856
v 0.3324 -1.1591 2.4722
v 0.2902 -1.1638 2.4592
v 0.2481 -1.1672 2.4466
v 0.2062 -1.1694 2.4347
v 0.1645 -1.1703 2.4231
v 0.1230 -1.1702 2.4125
v 0.0817 -1.1689 2.4025
v 0.0407 -1.1666 2.3934
v 0.0000 -1.1633 2.3852
v -0.0405 -1.1590 2.3777
v -0.0807 -1.1535 2.3708
v -0.1206 -1.1472 2.3651
v -0.1602 -1.1399 2.3601
v -0.1995 -1.1312 2.3551
v -0.2382 -1.1207 2.3491
v -0.2770 -1.1109 2.3475
v -0.3155 -1.1003 2.3468
v -0.3539 -1.0893 2.3483
v -0.3920 -1.0769 2.3496
v -0.4297 -1.0635 2.3517
v -0.4671 -1.0492 2.3548
v -0.5043 -1.0340 2.3587
v -0.5412 -1.0178 2.3636
v -0.5777 -1.0006 2.3690
v -0.6138 -0.9823 2.3750
v -0.6495 -0.9629 2.3814
v -0.6848 -0.9425 2.3885
v -0.7194 -0.9208 2.3957
v -0.7535 -0.8980 2.4036
v -0.7875 -0.8746 2.4129
v -0.8207 -0.8498 2.4223
v -0.8531 -0.8238 2.4315
v -0.8846 -0.7965 2.4405
v -0.9150 -0.7678 2.4489
v -0.9440 -0.7376 2.4562
v -0.9721 -0.7063 2.4636
v -0.9988 -0.6737 2.4702
v -1.0246 -0.6402 2.4771
v -1.0483 -0.6053 2.4819
v -1.0704 -0.5692 2.4857
v -1.0915 -0.5324 2.4899
v -1.1100 -0.4942 2.4912
v -1.1265 -0.4551 2.4911
v -1.1411 -0.4153 2.4897
v -1.1521 -0.3743 2.4837
v -1.1615 -0.3331 2.4774
v -1.1685 -0.2913 2.4692
v -1.1742 -0.2496 2.4613
v -1.1793 -0.2079 2.4552
v -1.1835 -0.1663 2.4503
v -1.1855 -0.1246 2.4440
v -1.1862 -0.0829 2.4381
v -1.1860 -0.0414 2.4331
v -1.1850 -0.0000 2.4297
v -1.1816 0.0413 2.4241
v -1.1768 0.0823 2.4187
v -1.1737 0.1234 2.4196
v -1.1644 0.1636 2.4107
v -1.1535 0.2034 2.4015
v -1.1411 0.2425 2.3918
v -1.1272 0.2810 2.3819
v -1.1126 0.3190 2.3730
v -1.0935 0.3553 2.3574
v -1.0738 0.3908 2.3429
v -1.0537 0.4257 2.3300
v -1.0327 0.4598 2.3178
v -1.0115 0.4934 2.3075
v -0.9897 0.5262 2.2982
v -0.9672 0.5584 2.2898
v -0.9441 0.5900 2.2826
v -0.9197 0.6204 2.2746
v -0.8945 0.6499 2.2669
v -0.8682 0.6783 2.2589
v -0.8412 0.7059 2.2515
v -0.8129 0.7319 2.2427
v -0.7838 0.7569 2.2340
v -0.7536 0.7803 2.2242
v -0.7222 0.8021 2.2128
v -0.6899 0.8221 2.2004
v -0.6560 0.8397 2.1848
v -0.6235 0.8581 2.1747
v -0.5907 0.8757 2.1658
v -0.5573 0.8919 2.1563
v -0.5238 0.9072 2.1478
v -0.4900 0.9215 2.1399
v -0.4560 0.9349 2.1326
v -0.4242 0.9528 2.1383
v -0.3893 0.9637 2.1310
v -0.3546 0.9742 2.1256
v -0.3198 0.9841 2.1216
v -0.2848 0.9930 2.1181
v -0.2495 1.0006 2.1143
v -0.2139 1.0062 2.1092
v -0.1782 1.0109 2.1045
v -0.1426 1.0145 2.1005
v -0.1070 1.0181 2.0989
v -0.0713 1.0190 2.0944
v -0.0356 1.0189 2.0902
v -0.0000 1.0177 2.0866
v 0.0354 1.0127 2.0777
v 0.0706 1.0093 2.0743
v 0.1056 1.0051 2.0721
v 0.1406 1.0002 2.0709
v 0.1754 0.9945 2.0706
v 0.2100 0.9881 2.0711
v 0.2446 0.9810 2.0730
v 0.2792 0.9737 2.0768
v 0.3117 0.9593 2.0680
v 0.3458 0.9501 2.0731
v 0.3814 0.9439 2.0873
v 0.4145 0.9310 2.0894
v 0.4480 0.9186 2.0954
v 0.4802 0.9032 2.0973
v 0.5120 0.8868 2.0996
v 0.5434 0.8697 2.1025
v 0.5744 0.8516 2.1061
v 0.6033 0.8303 2.1043
v 0.6330 0.8102 2.1079
v 0.6644 0.7918 2.1193
v 0.6934 0.7701 2.1246
v 0.7220 0.7476 2.1310
v 0.7503 0.7245 2.1384
v 0.7782 0.7007 2.1470
v 0.8058 0.6762 2.1567
v 0.8329 0.6507 2.1670
v 0.8595 0.6245 2.1783
v 0.8857 0.5974 2.1904
v 0.9119 0.5698 2.2046
v 0.9359 0.5404 2.2158
v 0.9594 0.5101 2.2278
v 0.9825 0.4792 2.2411
v 1.0045 0.4472 2.2544
v 1.0245 0.4139 2.2655
v 1.0443 0.3801 2.2784
v 1.0627 0.3453 2.2910
v 1.0804 0.3098 2.3043
v 1.0966 0.2734 2.3171
v 1.1125 0.2365 2.3318
v 1.1250 0.1984 2.3423
v 1.1383 0.1600 2.3567
v 1.1509 0.1210 2.3726
v 1.1616 0.0812 2.3875
v 1.1704 0.0409 2.4011
v 1.1778 0.0000 2.4148
v 1.0986 -0.0384 2.4690
v 1.1027 -0.0771 2.4828
v 1.1054 -0.1162 2.4965
v 1.1058 -0.1554 2.5081
v 1.1043 -0.1947 2.5186
v 1.1016 -0.2341 2.5294
v 1.0976 -0.2737 2.5407
v 1.0925 -0.3133 2.5526
v 1.0849 -0.3525 2.5620
v 1.0755 -0.3914 2.5705
v 1.0644 -0.4300 2.5784
v 1.0516 -0.4682 2.5854
v 1.0374 -0.5060 2.5925
v 1.0208 -0.5428 2.5967
v 1.0026 -0.5788 2.6002
v 0.9828 -0.6142 2.6031
v 0.9616 -0.6486 2.6052
v 0.9399 -0.6829 2.6094
v 0.9166 -0.7162 2.6126
v 0.8911 -0.7477 2.6127
v 0.8646 -0.7785 2.6132
v 0.8373 -0.8086 2.6143
v 0.8085 -0.8373 2.6142
v 0.7785 -0.8646 2.6130
v 0.7472 -0.8905 2.6108
v 0.7147 -0.9147 2.6073
v 0.6813 -0.9377 2.6032
v 0.6466 -0.9586 2.5970
v 0.6110 -0.9778 2.5898
v 0.5748 -0.9955 2.5819
v 0.5381 -1.0119 2.5742
v 0.5009 -1.0270 2.5664
v 0.4633 -1.0406 2.5584
v 0.4251 -1.0522 2.5489
v 0.3862 -1.0612 2.5364
v 0.3472 -1.0685 2.5234
v 0.3082 -1.0747 2.5111
v 0.2692 -1.0795 2.4989
v 0.2302 -1.0832 2.4873
v 0.1914 -1.0857 2.4761
v 0.1528 -1.0871 2.4656
v 0.1143 -1.0874 2.4557
v 0.0760 -1.0866 2.4465
v 0.0379 -1.0848 2.4381
v 0.0000 -1.0821 2.4305
v -0.0377 -1.0784 2.4235
v -0.0751 -1.0736 2.4173
v -0.1123 -1.0680 2.4120
v -0.1492 -1.0615 2.4076
v -0.1859 -1.0542 2.4043
v -0.2221 -1.0447 2.3988
v -0.2582 -1.0356 2.3971
v -0.2941 -1.0256 2.3963
v -0.3297 -1.0147 2.3963
v -0.3650 -1.0029 2.3971
v -0.4001 -0.9902 2.3987
v -0.4348 -0.9766 2.4012
v -0.4694 -0.9623 2.4048
v -0.5033 -0.9466 2.4078
v -0.5369 -0.9299 2.4117
v -0.5701 -0.9123 2.4163
v -0.6028 -0.8937 2.4214
v -0.6350 -0.8740 2.4266
v -0.6667 -0.8533 2.4322
v -0.6977 -0.8315 2.4379
v -0.7285 -0.8090 2.4452
v -0.7585 -0.7854 2.4524
v -0.7877 -0.7607 2.4595
v -0.8164 -0.7350 2.4673
v -0.8438 -0.7081 2.4742
v -0.8703 -0.6799 2.4806
v -0.8956 -0.6507 2.4865
v -0.9197 -0.6204 2.4918
v -0.9426 -0.5890 2.4964
v -0.9641 -0.5566 2.5004
v -0.9832 -0.5228 2.5011
v -1.0017 -0.4885 2.5031
v -1.0185 -0.4535 2.5041
v -1.0337 -0.4177 2.5041
v -1.0473 -0.3812 2.5033
v -1.0588 -0.3440 2.5005
v -1.0687 -0.3065 2.4972
v -1.0761 -0.2683 2.4911
v -1.0819 -0.2300 2.4844
v -1.0863 -0.1915 2.4775
v -1.0893 -0.1531 2.4707
v -1.0910 -0.1147 2.4638
v -1.0909 -0.0763 2.4562
v -1.0902 -0.0381 2.4500
v -1.0883 -0.0000 2.4445
v -1.0854 0.0379 2.4393
v -1.0836 0.0758 2.4397
v -1.0769 0.1132 2.4321
v -1.0688 0.1502 2.4241
v -1.0592 0.1868 2.4158
v -1.0481 0.2228 2.4066
v -1.0356 0.2582 2.3972
v -1.0207 0.2927 2.3848
v -1.0020 0.3256 2.3664
v -0.9835 0.3580 2.3507
v -0.9646 0.3897 2.3367
v -0.9453 0.4209 2.3242
v -0.9260 0.4517 2.3141
v -0.9076 0.4826 2.3088
v -0.8875 0.5124 2.3019
v -0.8668 0.5417 2.2958
v -0.8455 0.5703 2.2907
v -0.8231 0.5980 2.2852
v -0.7995 0.6246 2.2787
v -0.7754 0.6507 2.2735
v -0.7508 0.6760 2.2691
v -0.7250 0.7001 2.2638
v -0.6986 0.7234 2.2587
v -0.6707 0.7448 2.2512
v -0.6417 0.7647 2.2421
v -0.6125 0.7839 2.2344
v -0.5823 0.8015 2.2250
v -0.5506 0.8164 2.2117
v -0.5198 0.8318 2.2031
v -0.4887 0.8464 2.1951
v -0.4574 0.8603 2.1885
v -0.4256 0.8725 2.1805
v -0.3935 0.8838 2.1729
v -0.3613 0.8943 2.1664
v -0.3291 0.9042 2.1612
v -0.2968 0.9134 2.1571
v -0.2643 0.9218 2.1538
v -0.2317 0.9293 2.1512
v -0.1990 0.9361 2.1494
v -0.1666 0.9447 2.1545
v -0.1333 0.9482 2.1507
v -0.1000 0.9511 2.1480
v -0.0666 0.9524 2.1444
v -0.0333 0.9524 2.1405
v -0.0000 0.9512 2.1364
v 0.0332 0.9494 2.1338
v 0.0662 0.9473 2.1328
v 0.0990 0.9421 2.1276
v 0.1318 0.9379 2.1272
v 0.1645 0.9329 2.1276
v 0.1971 0.9271 2.1287
v 0.2282 0.9153 2.1187
v 0.2602 0.9076 2.1206
v 0.2922 0.8992 2.1236
v 0.3240 0.8901 2.1275
v 0.3555 0.8800 2.1318
v 0.3884 0.8723 2.1446
v 0.4189 0.8589 2.1465
v 0.4493 0.8450 2.1495
v 0.4791 0.8299 2.1522
v 0.5084 0.8137 2.1550
v 0.5375 0.7969 2.1589
v 0.5646 0.7771 2.1573
v 0.5923 0.7582 2.1610
v 0.6197 0.7385 2.1653
v 0.6485 0.7203 2.1769
v 0.6751 0.6991 2.1828
v 0.7010 0.6769 2.1888
v 0.7268 0.6544 2.1967
v 0.7524 0.6313 2.2059
v 0.7786 0.6083 2.2193
v 0.8032 0.5835 2.2298
v 0.8272 0.5580 2.2411
v 0.8504 0.5314 2.2523
v 0.8726 0.5038 2.2631
v 0.8944 0.4756 2.2752
v 0.9162 0.4469 2.2895
v 0.9365 0.4170 2.3025
v 0.9560 0.3862 2.3157
v 0.9739 0.3545 2.3277
v 0.9914 0.3221 2.3412
v 1.0086 0.2892 2.3566
v 1.0247 0.2555 2.3720
v 1.0393 0.2209 2.3864
v 1.0513 0.1854 2.3978
v 1.0628 0.1494 2.4105
v 1.0734 0.1128 2.4243
v 1.0814 0.0756 2.4349
v 1.0891 0.0380 2.4477
v 1.0953 0.0000 2.4601
v 1.0140 -0.0354 2.5114
v 1.0171 -0.0711 2.5235
v 1.0188 -0.1071 2.5354
v 1.0180 -0.1431 2.5443
v 1.0163 -0.1792 2.5542
v 1.0135 -0.2154 2.5646
v 1.0090 -0.2516 2.5738
v 1.0037 -0.2878 2.5843
v 0.9967 -0.3238 2.5939
v 0.9876 -0.3595 2.6013
v 0.9770 -0.3947 2.6081
v 0.9647 -0.4295 2.6137
v 0.9515 -0.4641 2.6201
v 0.9360 -0.4977 2.6239
v 0.9192 -0.5307 2.6270
v 0.9009 -0.5629 2.6292
v 0.8811 -0.5943 2.6305
v 0.8608 -0.6254 2.6335
v 0.8391 -0.6556 2.6356
v 0.8158 -0.6845 2.6359
v 0.7919 -0.7130 2.6375
v 0.7667 -0.7404 2.6382
v 0.7404 -0.7667 2.6379
v 0.7128 -0.7916 2.6366
v 0.6840 -0.8152 2.6339
v 0.6544 -0.8376 2.6309
v 0.6239 -0.8587 2.6271
v 0.5923 -0.8781 2.6214
v 0.5598 -0.8959 2.6148
v 0.5268 -0.9125 2.6078
v 0.4933 -0.9277 2.6007
v 0.4593 -0.9417 2.5932
v 0.4249 -0.9543 2.5855
v 0.3900 -0.9652 2.5766
v 0.3545 -0.9740 2.5654
v 0.3189 -0.9814 2.5540
v 0.2832 -0.9877 2.5432
v 0.2475 -0.9928 2.5325
v 0.2119 -0.9968 2.5222
v 0.1763 -0.9997 2.5124
v 0.1407 -1.0014 2.5029
v 0.1053 -1.0021 2.4940
v 0.0701 -1.0019 2.4858
v 0.0349 -1.0007 2.4784
v 0.0000 -0.9986 2.4716
v -0.0348 -0.9955 2.4656
v -0.0693 -0.9916 2.4602
v -0.1037 -0.9867 2.4556
v -0.1379 -0.9809 2.4517
v -0.1718 -0.9743 2.4486
v -0.2053 -0.9658 2.4438
v -0.2387 -0.9573 2.4420
v -0.2718 -0.9480 2.4409
v -0.3047 -0.9378 2.4406
v -0.3373 -0.9267 2.4408
v -0.3696 -0.9147 2.4417
v -0.4015 -0.9018 2.4432
v -0.4331 -0.8879 2.4452
v -0.4642 -0.8731 2.4475
v -0.4950 -0.8574 2.4504
v -0.5253 -0.8407 2.4536
v -0.5552 -0.8231 2.4574
v -0.5845 -0.8045 2.4613
v -0.6132 -0.7849 2.4652
v -0.6413 -0.7642 2.4693
v -0.6690 -0.7430 2.4747
v -0.6960 -0.7208 2.4800
v -0.7223 -0.6975 2.4852
v -0.7477 -0.6732 2.4903
v -0.7723 -0.6480 2.4952
v -0.7959 -0.6218 2.4999
v -0.8185 -0.5947 2.5042
v -0.8401 -0.5667 2.5082
v -0.8606 -0.5377 2.5116
v -0.8798 -0.5080 2.5145
v -0.8978 -0.4774 2.5167
v -0.9145 -0.4460 2.5182
v -0.9298 -0.4140 2.5191
v -0.9437 -0.3813 2.5192
v -0.9561 -0.3480 2.5184
v -0.9672 -0.3143 2.5170
v -0.9766 -0.2800 2.5145
v -0.9839 -0.2453 2.5097
v -0.9898 -0.2104 2.5045
v -0.9944 -0.1753 2.4991
v -0.9976 -0.1402 2.4934
v -0.9996 -0.1051 2.4876
v -1.0002 -0.0699 2.4817
v -0.9997 -0.0349 2.4759
v -0.9979 -0.0000 2.4699
v -0.9967 0.0348 2.4685
v -0.9919 0.0694 2.4610
v -0.9856 0.1036 2.4529
v -0.9780 0.1374 2.4444
v -0.9696 0.1710 2.4369
v -0.9582 0.2037 2.4247
v -0.9459 0.2358 2.4129
v -0.9308 0.2669 2.3967
v -0.9147 0.2972 2.3805
v -0.8986 0.3270 2.3667
v -0.8815 0.3561 2.3531
v -0.8642 0.3848 2.3414
v -0.8473 0.4133 2.3334
v -0.8311 0.4419 2.3298
v -0.8136 0.4698 2.3254
v -0.7950 0.4968 2.3202
v -0.7748 0.5226 2.3132
v -0.7539 0.5477 2.3065
v -0.7323 0.5721 2.3001
v -0.7101 0.5959 2.2944
v -0.6879 0.6194 2.2912
v -0.6651 0.6423 2.2886
v -0.6416 0.6644 2.2862
v -0.6169 0.6852 2.2820
v -0.5914 0.7048 2.2771
v -0.5646 0.7227 2.2698
v -0.5373 0.7395 2.2624
v -0.5093 0.7550 2.2542
v -0.4813 0.7702 2.2478
v -0.4527 0.7841 2.2409
v -0.4236 0.7967 2.2333
v -0.3943 0.8083 2.2260
v -0.3659 0.8218 2.2265
v -0.3360 0.8315 2.2197
v -0.3059 0.8404 2.2136
v -0.2757 0.8484 2.2079
v -0.2453 0.8555 2.2028
v -0.2149 0.8618 2.1984
v -0.1843 0.8673 2.1946
v -0.1538 0.8720 2.1915
v -0.1231 0.8757 2.1888
v -0.0925 0.8797 2.1894
v -0.0616 0.8813 2.1867
v -0.0308 0.8819 2.1842
v -0.0000 0.8800 2.1781
v 0.0307 0.8790 2.1769
v 0.0613 0.8768 2.1755
v 0.0918 0.8738 2.1747
v 0.1223 0.8703 2.1753
v 0.1527 0.8660 2.1765
v 0.1830 0.8609 2.1783
v 0.2132 0.8550 2.1809
v 0.2431 0.8478 2.1831
v 0.2721 0.8373 2.1791
v 0.3016 0.8287 2.1827
v 0.3318 0.8211 2.1920
v 0.3606 0.8100 2.1946
v 0.3892 0.7980 2.1976
v 0.4180 0.7862 2.2038
v 0.4459 0.7722 2.2071
v 0.4733 0.7574 2.2106
v 0.4994 0.7404 2.2104
v 0.5256 0.7235 2.2134
v 0.5514 0.7058 2.2168
v 0.5767 0.6873 2.2208
v 0.6016 0.6681 2.2251
v 0.6277 0.6500 2.2366
v 0.6525 0.6301 2.2450
v 0.6763 0.6089 2.2524
v 0.6997 0.5871 2.2608
v 0.7217 0.5638 2.2668
v 0.7441 0.5406 2.2764
v 0.7659 0.5166 2.2867
v 0.7872 0.4919 2.2975
v 0.8092 0.4672 2.3127
v 0.8296 0.4411 2.3257
v 0.8489 0.4140 2.3377
v 0.8673 0.3861 2.3498
v 0.8850 0.3576 2.3626
v 0.9017 0.3282 2.3751
v 0.9179 0.2983 2.3889
v 0.9330 0.2675 2.4023
v 0.9474 0.2362 2.4166
v 0.9605 0.2042 2.4304
v 0.9718 0.1714 2.4425
v 0.9822 0.1380 2.4548
v 0.9912 0.1042 2.4668
v 0.9988 0.0698 2.4782
v 1.0054 0.0351 2.4899
v 1.0110 0.0000 2.5023
v 0.9269 -0.0324 2.5483
v 0.9284 -0.0649 2.5569
v 0.9287 -0.0976 2.5657
v 0.9277 -0.1304 2.5738
v 0.9257 -0.1632 2.5825
v 0.9221 -0.1960 2.5902
v 0.9178 -0.2288 2.5989
v 0.9123 -0.2616 2.6075
v 0.9055 -0.2942 2.6160
v 0.8968 -0.3264 2.6220
v 0.8873 -0.3585 2.6292
v 0.8759 -0.3900 2.6342
v 0.8632 -0.4210 2.6388
v 0.8490 -0.4514 2.6419
v 0.8337 -0.4814 2.6450
v 0.8172 -0.5106 2.6474
v 0.7994 -0.5392 2.6493
v 0.7809 -0.5674 2.6521
v 0.7612 -0.5947 2.6540
v 0.7404 -0.6212 2.6554
v 0.7184 -0.6469 2.6561
v 0.6956 -0.6718 2.6570
v 0.6716 -0.6954 2.6561
v 0.6464 -0.7179 2.6542
v 0.6204 -0.7393 2.6516
v 0.5934 -0.7595 2.6480
v 0.5656 -0.7785 2.6439
v 0.5369 -0.7961 2.6382
v 0.5077 -0.8125 2.6323
v 0.4779 -0.8277 2.6259
v 0.4476 -0.8419 2.6197
v 0.4169 -0.8548 2.6130
v 0.3858 -0.8665 2.6060
v 0.3542 -0.8768 2.5981
v 0.3222 -0.8853 2.5884
v 0.2900 -0.8926 2.5785
v 0.2578 -0.8990 2.5694
v 0.2255 -0.9043 2.5605
v 0.1931 -0.9085 2.5518
v 0.1608 -0.9117 2.5435
v 0.1284 -0.9139 2.5355
v 0.0962 -0.9151 2.5280
v 0.0640 -0.9153 2.5209
v 0.0319 -0.9146 2.5144
v 0.0000 -0.9131 2.5087
v -0.0318 -0.9107 2.5035
v -0.0634 -0.9073 2.4989
v -0.0949 -0.9031 2.4949
v -0.1262 -0.8980 2.4916
v -0.1573 -0.8922 2.4891
v -0.1880 -0.8846 2.4848
v -0.2186 -0.8768 2.4829
v -0.2490 -0.8683 2.4816
v -0.2790 -0.8588 2.4809
v -0.3088 -0.8484 2.4806
v -0.3383 -0.8372 2.4809
v -0.3674 -0.8251 2.4814
v -0.3961 -0.8121 2.4826
v -0.4244 -0.7983 2.4840
v -0.4524 -0.7835 2.4857
v -0.4798 -0.7678 2.4876
v -0.5067 -0.7513 2.4898
v -0.5332 -0.7339 2.4923
v -0.5590 -0.7155 2.4948
v -0.5843 -0.6963 2.4974
v -0.6091 -0.6765 2.5012
v -0.6333 -0.6558 2.5048
v -0.6568 -0.6342 2.5085
v -0.6792 -0.6116 2.5112
v -0.7013 -0.5884 2.5151
v -0.7223 -0.5643 2.5183
v -0.7424 -0.5394 2.5212
v -0.7616 -0.5137 2.5239
v -0.7798 -0.4873 2.5263
v -0.7970 -0.4601 2.5283
v -0.8130 -0.4323 2.5299
v -0.8280 -0.4038 2.5310
v -0.8417 -0.3748 2.5315
v -0.8543 -0.3452 2.5315
v -0.8656 -0.3151 2.5310
v -0.8757 -0.2845 2.5297
v -0.8845 -0.2536 2.5281
v -0.8920 -0.2224 2.5259
v -0.8983 -0.1909 2.5233
v -0.9031 -0.1592 2.5196
v -0.9064 -0.1274 2.5148
v -0.9085 -0.0955 2.5099
v -0.9094 -0.0636 2.5047
v -0.9088 -0.0317 2.4984
v -0.9077 -0.0000 2.4938
v -0.9050 0.0316 2.4881
v -0.9013 0.0630 2.4825
v -0.8958 0.0941 2.4747
v -0.8887 0.1249 2.4657
v -0.8781 0.1548 2.4499
v -0.8676 0.1844 2.4371
v -0.8561 0.2134 2.4240
v -0.8442 0.2421 2.4128
v -0.8309 0.2700 2.4004
v -0.8165 0.2972 2.3874
v -0.8013 0.3238 2.3745
v -0.7858 0.3499 2.3633
v -0.7711 0.3761 2.3571
v -0.7567 0.4023 2.3545
v -0.7413 0.4280 2.3518
v -0.7243 0.4526 2.3466
v -0.7060 0.4762 2.3397
v -0.6866 0.4988 2.3318
v -0.6665 0.5208 2.3240
v -0.6464 0.5424 2.3182
v -0.6263 0.5639 2.3154
v -0.6059 0.5851 2.3142
v -0.5847 0.6055 2.3128
v -0.5629 0.6252 2.3113
v -0.5399 0.6434 2.3075
v -0.5162 0.6607 2.3037
v -0.4915 0.6765 2.2975
v -0.4664 0.6914 2.2914
v -0.4410 0.7057 2.2864
v -0.4157 0.7199 2.2840
v -0.3893 0.7322 2.2785
v -0.3624 0.7429 2.2710
v -0.3352 0.7528 2.2640
v -0.3078 0.7618 2.2574
v -0.2802 0.7699 2.2510
v -0.2526 0.7773 2.2456
v -0.2248 0.7839 2.2405
v -0.1969 0.7898 2.2364
v -0.1690 0.7949 2.2328
v -0.1409 0.7992 2.2297
v -0.1128 0.8027 2.2272
v -0.0847 0.8058 2.2260
v -0.0562 0.8031 2.2119
v -0.0282 0.8084 2.2225
v -0.0000 0.8083 2.2207
v 0.0282 0.8074 2.2197
v 0.0563 0.8058 2.2194
v 0.0845 0.8035 2.2197
v 0.1125 0.8004 2.2206
v 0.1405 0.7966 2.2225
v 0.1684 0.7920 2.2247
v 0.1962 0.7868 2.2279
v 0.2239 0.7808 2.2316
v 0.2514 0.7736 2.2349
v 0.2790 0.7666 2.2414
v 0.3061 0.7577 2.2452
v 0.3326 0.7470 2.2467
v 0.3590 0.7361 2.2500
v 0.3852 0.7244 2.2540
v 0.4109 0.7118 2.2581
v 0.4345 0.6954 2.2529
v 0.4590 0.6804 2.2550
v 0.4829 0.6647 2.2573
v 0.5064 0.6482 2.2600
v 0.5297 0.6312 2.2639
v 0.5558 0.6173 2.2822
v 0.5782 0.5987 2.2868
v 0.6002 0.5796 2.2924
v 0.6234 0.5613 2.3047
v 0.6446 0.5409 2.3120
v 0.6654 0.5199 2.3200
v 0.6857 0.4982 2.3287
v 0.7055 0.4759 2.3380
v 0.7244 0.4527 2.3470
v 0.7437 0.4294 2.3594
v 0.7631 0.4057 2.3745
v 0.7800 0.3805 2.3845
v 0.7966 0.3547 2.3957
v 0.8126 0.3283 2.4079
v 0.8280 0.3014 2.4208
v 0.8422 0.2737 2.4331
v 0.8557 0.2454 2.4456
v 0.8681 0.2164 2.4581
v 0.8799 0.1870 2.4716
v 0.8902 0.1570 2.4836
v 0.8990 0.1263 2.4942
v 0.9069 0.0953 2.5055
v 0.9136 0.0639 2.5162
v 0.9194 0.0321 2.5275
v 0.9245 0.0000 2.5402
v 0.8362 -0.0292 2.5750
v 0.8372 -0.0585 2.5830
v 0.8367 -0.0879 2.5893
v 0.8349 -0.1173 2.5949
v 0.8325 -0.1468 2.6017
v 0.8290 -0.1762 2.6084
v 0.8243 -0.2055 2.6145
v 0.8184 -0.2347 2.6204
v 0.8120 -0.2638 2.6276
v 0.8036 -0.2925 2.6320
v 0.7948 -0.3211 2.6382
v 0.7845 -0.3493 2.6430
v 0.7729 -0.3770 2.6465
v 0.7600 -0.4041 2.6493
v 0.7464 -0.4309 2.6526
v 0.7317 -0.4572 2.6554
v 0.7159 -0.4829 2.6576
v 0.6993 -0.5081 2.6605
v 0.6818 -0.5326 2.6627
v 0.6639 -0.5571 2.6673
v 0.6442 -0.5800 2.6678
v 0.6237 -0.6023 2.6685
v 0.6020 -0.6234 2.6671
v 0.5794 -0.6435 2.6649
v 0.5559 -0.6625 2.6615
v 0.5318 -0.6807 2.6584
v 0.5068 -0.6976 2.6536
v 0.4812 -0.7134 2.6482
v 0.4549 -0.7280 2.6420
v 0.4283 -0.7418 2.6362
v 0.4013 -0.7548 2.6309
v 0.3739 -0.7667 2.6252
v 0.3462 -0.7775 2.6194
v 0.3180 -0.7871 2.6128
v 0.2895 -0.7953 2.6048
v 0.2607 -0.8025 2.5970
v 0.2319 -0.8088 2.5894
v 0.2030 -0.8141 2.5823
v 0.1740 -0.8185 2.5754
v 0.1449 -0.8220 2.5688
v 0.1159 -0.8245 2.5623
v 0.0868 -0.8261 2.5564
v 0.0578 -0.8268 2.5508
v 0.0289 -0.8266 2.5457
v 0.0000 -0.8256 2.5409
v -0.0288 -0.8237 2.5366
v -0.0574 -0.8209 2.5328
v -0.0859 -0.8174 2.5295
v -0.1143 -0.8130 2.5267
v -0.1424 -0.8079 2.5247
v -0.1703 -0.8012 2.5211
v -0.1980 -0.7942 2.5193
v -0.2255 -0.7864 2.5177
v -0.2527 -0.7777 2.5167
v -0.2796 -0.7682 2.5159
v -0.3062 -0.7578 2.5155
v -0.3324 -0.7467 2.5154
v -0.3583 -0.7347 2.5157
v -0.3838 -0.7219 2.5162
v -0.4089 -0.7082 2.5169
v -0.4335 -0.6938 2.5179
v -0.4577 -0.6786 2.5191
v -0.4813 -0.6625 2.5203
v -0.5044 -0.6456 2.5216
v -0.5270 -0.6280 2.5231
v -0.5490 -0.6098 2.5253
v -0.5705 -0.5908 2.5276
v -0.5913 -0.5710 2.5299
v -0.6114 -0.5505 2.5321
v -0.6308 -0.5293 2.5342
v -0.6494 -0.5073 2.5362
v -0.6672 -0.4847 2.5380
v -0.6841 -0.4614 2.5396
v -0.7001 -0.4375 2.5409
v -0.7153 -0.4130 2.5421
v -0.7295 -0.3879 2.5429
v -0.7428 -0.3623 2.5434
v -0.7550 -0.3361 2.5435
v -0.7661 -0.3095 2.5431
v -0.7763 -0.2825 2.5425
v -0.7853 -0.2552 2.5412
v -0.7932 -0.2275 2.5397
v -0.8001 -0.1995 2.5377
v -0.8057 -0.1713 2.5352
v -0.8103 -0.1429 2.5324
v -0.8137 -0.1144 2.5290
v -0.8160 -0.0858 2.5252
v -0.8171 -0.0571 2.5211
v -0.8172 -0.0285 2.5166
v -0.8161 -0.0000 2.5117
v -0.8139 0.0284 2.5064
v -0.8105 0.0567 2.5007
v -0.8052 0.0846 2.4919
v -0.7983 0.1122 2.4809
v -0.7903 0.1394 2.4698
v -0.7814 0.1661 2.4585
v -0.7715 0.1924 2.4472
v -0.7612 0.2183 2.4371
v -0.7496 0.2436 2.4257
v -0.7371 0.2683 2.4141
v -0.7238 0.2924 2.4027
v -0.7102 0.3162 2.3928
v -0.6969 0.3399 2.3863
v -0.6841 0.3637 2.3845
v -0.6700 0.3868 2.3811
v -0.6547 0.4091 2.3760
v -0.6382 0.4304 2.3691
v -0.6208 0.4510 2.3617
v -0.6026 0.4708 2.3534
v -0.5842 0.4902 2.3472
v -0.5661 0.5097 2.3444
v -0.5475 0.5287 2.3425
v -0.5285 0.5473 2.3414
v -0.5087 0.5650 2.3400
v -0.4884 0.5820 2.3383
v -0.4672 0.5979 2.3353
v -0.4452 0.6128 2.3313
v -0.4227 0.6267 2.3265
v -0.3995 0.6394 2.3203
v -0.3767 0.6524 2.3185
v -0.3529 0.6637 2.3135
v -0.3288 0.6741 2.3082
v -0.3042 0.6832 2.3016
v -0.2794 0.6915 2.2955
v -0.2545 0.6992 2.2900
v -0.2294 0.7061 2.2849
v -0.2042 0.7122 2.2803
v -0.1789 0.7177 2.2764
v -0.1536 0.7225 2.2734
v -0.1271 0.7208 2.2527
v -0.1018 0.7243 2.2511
v -0.0764 0.7267 2.2490
v -0.0509 0.7285 2.2476
v -0.0255 0.7297 2.2473
v -0.0000 0.7304 2.2479
v 0.0255 0.7304 2.2492
v 0.0510 0.7297 2.2512
v 0.0770 0.7328 2.2677
v 0.1026 0.7302 2.2694
v 0.1281 0.7267 2.2710
v 0.1536 0.7227 2.2740
v 0.1790 0.7180 2.2775
v 0.2043 0.7126 2.2815
v 0.2296 0.7065 2.2862
v 0.2546 0.6996 2.2913
v 0.2796 0.6921 2.2973
v 0.3039 0.6825 2.2995
v 0.3281 0.6728 2.3038
v 0.3513 0.6608 2.3033
v 0.3745 0.6487 2.3054
v 0.3974 0.6359 2.3078
v 0.4198 0.6224 2.3107
v 0.4419 0.6082 2.3136
v 0.4635 0.5932 2.3169
v 0.4870 0.5804 2.3317
v 0.5079 0.5641 2.3363
v 0.5285 0.5473 2.3414
v 0.5485 0.5297 2.3469
v 0.5682 0.5116 2.3530
v 0.5874 0.4929 2.3599
v 0.6061 0.4735 2.3671
v 0.6243 0.4536 2.3751
v 0.6421 0.4331 2.3836
v 0.6593 0.4120 2.3928
v 0.6767 0.3907 2.4050
v 0.6936 0.3688 2.4176
v 0.7094 0.3460 2.4291
v 0.7242 0.3224 2.4398
v 0.7385 0.2984 2.4513
v 0.7517 0.2736 2.4618
v 0.7644 0.2484 2.4736
v 0.7760 0.2225 2.4845
v 0.7870 0.1962 2.4961
v 0.7976 0.1695 2.5096
v 0.8064 0.1422 2.5200
v 0.8141 0.1144 2.5301
v 0.8205 0.0862 2.5392
v 0.8261 0.0578 2.5488
v 0.8308 0.0290 2.5585
v 0.8346 0.0000 2.5686
v 0.7443 -0.0260 2.5973
v 0.7441 -0.0520 2.6012
v 0.7427 -0.0781 2.6043
v 0.7404 -0.1041 2.6076
v 0.7376 -0.1301 2.6118
v 0.7341 -0.1560 2.6171
v 0.7295 -0.1819 2.6220
v 0.7239 -0.2076 2.6262
v 0.7176 -0.2332 2.6313
v 0.7105 -0.2586 2.6368
v 0.7023 -0.2837 2.6415
v 0.6931 -0.3086 2.6460
v 0.6827 -0.3330 2.6488
v 0.6712 -0.3569 2.6513
v 0.6593 -0.3807 2.6551
v 0.6465 -0.4040 2.6586
v 0.6327 -0.4268 2.6615
v 0.6182 -0.4492 2.6650
v 0.6028 -0.4710 2.6678
v 0.5866 -0.4922 2.6703
v 0.5695 -0.5128 2.6724
v 0.5514 -0.5325 2.6732
v 0.5321 -0.5510 2.6713
v 0.5119 -0.5685 2.6680
v 0.4912 -0.5854 2.6648
v 0.4697 -0.6012 2.6608
v 0.4477 -0.6162 2.6564
v 0.4251 -0.6302 2.6509
v 0.4020 -0.6433 2.6453
v 0.3785 -0.6556 2.6401
v 0.3548 -0.6672 2.6353
v 0.3307 -0.6780 2.6309
v 0.3063 -0.6879 2.6262
v 0.2816 -0.6969 2.6212
v 0.2565 -0.7047 2.6153
v 0.2312 -0.7116 2.6094
v 0.2058 -0.7178 2.6041
v 0.1803 -0.7230 2.5987
v 0.1546 -0.7274 2.5936
v 0.1289 -0.7310 2.5887
v 0.1031 -0.7337 2.5840
v 0.0773 -0.7356 2.5795
v 0.0515 -0.7367 2.5754
v 0.0257 -0.7369 2.5716
v 0.0000 -0.7363 2.5679
v -0.0257 -0.7350 2.5647
v -0.0512 -0.7328 2.5619
v -0.0767 -0.7298 2.5593
v -0.1020 -0.7261 2.5571
v -0.1272 -0.7216 2.5553
v -0.1522 -0.7159 2.5525
v -0.1769 -0.7097 2.5507
v -0.2015 -0.7026 2.5491
v -0.2258 -0.6948 2.5477
v -0.2498 -0.6862 2.5468
v -0.2735 -0.6769 2.5460
v -0.2969 -0.6668 2.5453
v -0.3199 -0.6559 2.5450
v -0.3426 -0.6443 2.5448
v -0.3648 -0.6319 2.5447
v -0.3867 -0.6188 2.5448
v -0.4081 -0.6050 2.5450
v -0.4290 -0.5904 2.5452
v -0.4494 -0.5752 2.5456
v -0.4693 -0.5592 2.5459
v -0.4887 -0.5427 2.5469
v -0.5075 -0.5255 2.5478
v -0.5257 -0.5077 2.5487
v -0.5433 -0.4892 2.5496
v -0.5602 -0.4701 2.5503
v -0.5764 -0.4503 2.5510
v -0.5919 -0.4301 2.5516
v -0.6067 -0.4092 2.5521
v -0.6207 -0.3878 2.5524
v -0.6339 -0.3660 2.5525
v -0.6463 -0.3436 2.5525
v -0.6578 -0.3208 2.5522
v -0.6684 -0.2976 2.5518
v -0.6782 -0.2740 2.5510
v -0.6871 -0.2501 2.5499
v -0.6950 -0.2258 2.5486
v -0.7020 -0.2013 2.5469
v -0.7081 -0.1765 2.5449
v -0.7132 -0.1516 2.5427
v -0.7173 -0.1265 2.5402
v -0.7205 -0.1013 2.5373
v -0.7227 -0.0760 2.5341
v -0.7238 -0.0506 2.5304
v -0.7240 -0.0253 2.5266
v -0.7233 -0.0000 2.5224
v -0.7218 0.0252 2.5187
v -0.7189 0.0503 2.5132
v -0.7151 0.0752 2.5075
v -0.7098 0.0998 2.4998
v -0.7035 0.1240 2.4913
v -0.6961 0.1480 2.4819
v -0.6879 0.1715 2.4725
v -0.6790 0.1947 2.4632
v -0.6692 0.2174 2.4537
v -0.6585 0.2397 2.4440
v -0.6473 0.2615 2.4347
v -0.6354 0.2829 2.4257
v -0.6237 0.3042 2.4200
v -0.6118 0.3253 2.4164
v -0.5992 0.3460 2.4131
v -0.5856 0.3659 2.4080
v -0.5711 0.3852 2.4022
v -0.5557 0.4038 2.3956
v -0.5393 0.4214 2.3868
v -0.5229 0.4388 2.3806
v -0.5065 0.4560 2.3767
v -0.4897 0.4729 2.3742
v -0.4726 0.4894 2.3728
v -0.4550 0.5054 2.3716
v -0.4368 0.5206 2.3700
v -0.4179 0.5348 2.3670
v -0.3984 0.5483 2.3636
v -0.3781 0.5606 2.3583
v -0.3578 0.5725 2.3544
v -0.3370 0.5837 2.3507
v -0.3159 0.5942 2.3469
v -0.2946 0.6039 2.3433
v -0.2727 0.6125 2.3381
v -0.2506 0.6203 2.3330
v -0.2283 0.6274 2.3284
v -0.2059 0.6338 2.3240
v -0.1834 0.6396 2.3204
v -0.1607 0.6447 2.3170
v -0.1379 0.6488 2.3133
v -0.1151 0.6526 2.3109
v -0.0921 0.6556 2.3088
v -0.0684 0.6512 2.2834
v -0.0457 0.6529 2.2824
v -0.0228 0.6542 2.2830
v -0.0000 0.6575 2.2931
v 0.0230 0.6578 2.2955
v 0.0459 0.6561 2.2938
v 0.0688 0.6545 2.2952
v 0.0918 0.6530 2.2995
v 0.1147 0.6507 2.3042
v 0.1376 0.6474 2.3082
v 0.1605 0.6437 2.3137
v 0.1834 0.6396 2.3204
v 0.2061 0.6344 2.3264
v 0.2288 0.6286 2.3330
v 0.2513 0.6220 2.3397
v 0.2742 0.6160 2.3514
v 0.2962 0.6072 2.3561
v 0.3178 0.5977 2.3609
v 0.3394 0.5878 2.3672
v 0.3601 0.5763 2.3699
v 0.3805 0.5641 2.3728
v 0.4006 0.5514 2.3768
v 0.4206 0.5383 2.3824
v 0.4399 0.5243 2.3869
v 0.4589 0.5097 2.3917
v 0.4774 0.4944 2.3969
v 0.4955 0.4785 2.4023
v 0.5131 0.4620 2.4080
v 0.5303 0.4450 2.4142
v 0.5470 0.4274 2.4208
v 0.5632 0.4092 2.4279
v 0.5793 0.3907 2.4367
v 0.5944 0.3714 2.4444
v 0.6099 0.3521 2.4558
v 0.6246 0.3321 2.4670
v 0.6378 0.3111 2.4747
v 0.6507 0.2897 2.4840
v 0.6626 0.2677 2.4922
v 0.6736 0.2452 2.5000
v 0.6840 0.2223 2.5083
v 0.6940 0.1990 2.5176
v 0.7034 0.1754 2.5281
v 0.7127 0.1515 2.5410
v 0.7206 0.1271 2.5518
v 0.7271 0.1022 2.5605
v 0.7327 0.0770 2.5695
v 0.7372 0.0515 2.5770
v 0.7407 0.0259 2.5846
v 0.7435 0.0000 2.5929
v 0.6510 -0.0227 2.6125
v 0.6501 -0.0455 2.6138
v 0.6484 -0.0682 2.6149
v 0.6457 -0.0908 2.6153
v 0.6433 -0.1134 2.6201
v 0.6395 -0.1359 2.6221
v 0.6353 -0.1584 2.6259
v 0.6301 -0.1807 2.6289
v 0.6243 -0.2028 2.6326
v 0.6181 -0.2250 2.6382
v 0.6105 -0.2467 2.6410
v 0.6022 -0.2681 2.6440
v 0.5931 -0.2893 2.6469
v 0.5832 -0.3101 2.6493
v 0.5729 -0.3308 2.6533
v 0.5618 -0.3510 2.6570
v 0.5499 -0.3709 2.6604
v 0.5372 -0.3903 2.6634
v 0.5239 -0.4093 2.6663
v 0.5097 -0.4277 2.6689
v 0.4948 -0.4455 2.6705
v 0.4791 -0.4627 2.6713
v 0.4623 -0.4788 2.6695
v 0.4448 -0.4940 2.6663
v 0.4267 -0.5086 2.6627
v 0.4082 -0.5224 2.6590
v 0.3890 -0.5355 2.6546
v 0.3695 -0.5478 2.6501
v 0.3495 -0.5593 2.6453
v 0.3292 -0.5702 2.6408
v 0.3087 -0.5806 2.6373
v 0.2879 -0.5902 2.6338
v 0.2667 -0.5991 2.6304
v 0.2453 -0.6072 2.6265
v 0.2236 -0.6144 2.6225
v 0.2018 -0.6210 2.6188
v 0.1797 -0.6268 2.6151
v 0.1575 -0.6318 2.6117
v 0.1352 -0.6361 2.6083
v 0.1128 -0.6396 2.6050
v 0.0903 -0.6424 2.6018
v 0.0677 -0.6444 2.5988
v 0.0451 -0.6457 2.5959
v 0.0226 -0.6462 2.5932
v 0.0000 -0.6460 2.5908
v -0.0225 -0.6450 2.5885
v -0.0450 -0.6433 2.5864
v -0.0674 -0.6409 2.5845
v -0.0896 -0.6377 2.5827
v -0.1118 -0.6339 2.5816
v -0.1337 -0.6291 2.5795
v -0.1555 -0.6236 2.5778
v -0.1770 -0.6174 2.5760
v -0.1984 -0.6105 2.5747
v -0.2194 -0.6029 2.5733
v -0.2402 -0.5946 2.5723
v -0.2608 -0.5857 2.5713
v -0.2809 -0.5760 2.5703
v -0.3008 -0.5657 2.5695
v -0.3202 -0.5547 2.5688
v -0.3393 -0.5430 2.5682
v -0.3580 -0.5307 2.5675
v -0.3762 -0.5178 2.5669
v -0.3939 -0.5042 2.5663
v -0.4112 -0.4901 2.5659
v -0.4281 -0.4754 2.5658
v -0.4444 -0.4602 2.5657
v -0.4601 -0.4443 2.5655
v -0.4753 -0.4280 2.5653
v -0.4899 -0.4111 2.5650
v -0.5039 -0.3937 2.5647
v -0.5172 -0.3758 2.5643
v -0.5299 -0.3575 2.5638
v -0.5420 -0.3387 2.5632
v -0.5533 -0.3194 2.5625
v -0.5639 -0.2999 2.5617
v -0.5738 -0.2799 2.5607
v -0.5830 -0.2596 2.5596
v -0.5915 -0.2390 2.5586
v -0.5992 -0.2181 2.5573
v -0.6061 -0.1969 2.5560
v -0.6122 -0.1755 2.5543
v -0.6175 -0.1540 2.5525
v -0.6220 -0.1322 2.5504
v -0.6255 -0.1103 2.5476
v -0.6283 -0.0883 2.5447
v -0.6303 -0.0662 2.5419
v -0.6314 -0.0442 2.5386
v -0.6317 -0.0221 2.5350
v -0.6311 -0.0000 2.5312
v -0.6298 0.0220 2.5273
v -0.6276 0.0439 2.5234
v -0.6247 0.0657 2.5192
v -0.6206 0.0872 2.5137
v -0.6156 0.1086 2.5072
v -0.6099 0.1296 2.5007
v -0.6035 0.1505 2.4945
v -0.5961 0.1709 2.4871
v -0.5880 0.1911 2.4798
v -0.5792 0.2108 2.4723
v -0.5698 0.2302 2.4650
v -0.5599 0.2493 2.4583
v -0.5496 0.2680 2.4523
v -0.5391 0.2866 2.4486
v -0.5278 0.3047 2.4444
v -0.5159 0.3224 2.4400
v -0.5035 0.3396 2.4358
v -0.4899 0.3560 2.4288
v -0.4759 0.3718 2.4224
v -0.4617 0.3874 2.4171
v -0.4472 0.4026 2.4133
v -0.4324 0.4175 2.4108
v -0.4173 0.4321 2.4091
v -0.4019 0.4464 2.4091
v -0.3857 0.4597 2.4067
v -0.3690 0.4723 2.4037
v -0.3515 0.4838 2.3987
v -0.3336 0.4946 2.3930
v -0.3158 0.5053 2.3898
v -0.2975 0.5153 2.3866
v -0.2790 0.5248 2.3838
v -0.2601 0.5332 2.3795
v -0.2410 0.5412 2.3763
v -0.2216 0.5484 2.3723
v -0.2020 0.5550 2.3687
v -0.1822 0.5609 2.3654
v -0.1624 0.5662 2.3624
v -0.1423 0.5709 2.3598
v -0.1222 0.5749 2.3574
v -0.1020 0.5783 2.3554
v -0.0817 0.5812 2.3538
v -0.0613 0.5834 2.3528
v -0.0409 0.5852 2.3530
v -0.0205 0.5867 2.3546
v -0.0000 0.5870 2.3541
v 0.0205 0.5865 2.3539
v 0.0409 0.5854 2.3536
v 0.0611 0.5814 2.3447
v 0.0815 0.5800 2.3492
v 0.1019 0.5781 2.3542
v 0.1223 0.5754 2.3594
v 0.1435 0.5754 2.3785
v 0.1637 0.5710 2.3823
v 0.1839 0.5659 2.3863
v 0.2039 0.5601 2.3905
v 0.2237 0.5537 2.3952
v 0.2434 0.5466 2.3999
v 0.2628 0.5388 2.4042
v 0.2824 0.5311 2.4125
v 0.3013 0.5218 2.4168
v 0.3199 0.5120 2.4213
v 0.3380 0.5010 2.4240
v 0.3558 0.4897 2.4276
v 0.3733 0.4778 2.4317
v 0.3907 0.4656 2.4380
v 0.4073 0.4524 2.4416
v 0.4237 0.4387 2.4462
v 0.4396 0.4246 2.4513
v 0.4551 0.4098 2.4564
v 0.4702 0.3945 2.4618
v 0.4848 0.3788 2.4677
v 0.4990 0.3626 2.4740
v 0.5127 0.3458 2.4802
v 0.5257 0.3285 2.4865
v 0.5392 0.3113 2.4972
v 0.5523 0.2936 2.5087
v 0.5633 0.2748 2.5138
v 0.5742 0.2556 2.5209
v 0.5846 0.2362 2.5287
v 0.5938 0.2161 2.5344
v 0.6027 0.1958 2.5418
v 0.6110 0.1752 2.5495
v 0.6190 0.1543 2.5585
v 0.6267 0.1332 2.5697
v 0.6331 0.1116 2.5785
v 0.6385 0.0897 2.5861
v 0.6428 0.0676 2.5923
v 0.6462 0.0452 2.5982
v 0.6488 0.0227 2.6039
v 0.6509 0.0000 2.6107
v 0.5568 -0.0194 2.6211
v 0.5559 -0.0389 2.6219
v 0.5544 -0.0583 2.6225
v 0.5513 -0.0775 2.6190
v 0.5488 -0.0968 2.6217
v 0.5457 -0.1160 2.6245
v 0.5418 -0.1351 2.6270
v 0.5373 -0.1541 2.6297
v 0.5320 -0.1729 2.6318
v 0.5261 -0.1915 2.6339
v 0.5195 -0.2099 2.6359
v 0.5122 -0.2280 2.6378
v 0.5051 -0.2464 2.6439
v 0.4966 -0.2640 2.6458
v 0.4875 -0.2815 2.6482
v 0.4780 -0.2987 2.6517
v 0.4678 -0.3155 2.6544
v 0.4569 -0.3320 2.6570
v 0.4455 -0.3480 2.6595
v 0.4334 -0.3637 2.6616
v 0.4208 -0.3789 2.6640
v 0.4075 -0.3936 2.6655
v 0.3934 -0.4074 2.6642
v 0.3786 -0.4205 2.6619
v 0.3633 -0.4330 2.6590
v 0.3476 -0.4449 2.6562
v 0.3315 -0.4562 2.6531
v 0.3150 -0.4670 2.6499
v 0.2981 -0.4771 2.6466
v 0.2810 -0.4867 2.6437
v 0.2636 -0.4957 2.6414
v 0.2459 -0.5042 2.6394
v 0.2280 -0.5121 2.6373
v 0.2098 -0.5193 2.6350
v 0.1914 -0.5258 2.6327
v 0.1728 -0.5318 2.6305
v 0.1540 -0.5370 2.6284
v 0.1350 -0.5416 2.6261
v 0.1160 -0.5456 2.6241
v 0.0968 -0.5488 2.6219
v 0.0775 -0.5514 2.6197
v 0.0582 -0.5533 2.6174
v 0.0388 -0.5545 2.6153
v 0.0194 -0.5551 2.6131
v 0.0000 -0.5550 2.6112
v -0.0194 -0.5543 2.6094
v -0.0387 -0.5529 2.6077
v -0.0579 -0.5509 2.6061
v -0.0771 -0.5482 2.6046
v -0.0961 -0.5449 2.6031
v -0.1150 -0.5409 2.6014
v -0.1337 -0.5362 2.5998
v -0.1522 -0.5309 2.5983
v -0.1706 -0.5249 2.5967
v -0.1887 -0.5184 2.5953
v -0.2066 -0.5112 2.5940
v -0.2242 -0.5035 2.5928
v -0.2415 -0.4951 2.5916
v -0.2585 -0.4861 2.5903
v -0.2752 -0.4766 2.5893
v -0.2915 -0.4665 2.5882
v -0.3075 -0.4559 2.5871
v -0.3231 -0.4447 2.5859
v -0.3383 -0.4330 2.5849
v -0.3530 -0.4207 2.5838
v -0.3674 -0.4080 2.5829
v -0.3812 -0.3948 2.5820
v -0.3946 -0.3811 2.5810
v -0.4075 -0.3670 2.5801
v -0.4199 -0.3524 2.5791
v -0.4319 -0.3374 2.5785
v -0.4432 -0.3220 2.5774
v -0.4540 -0.3062 2.5762
v -0.4641 -0.2900 2.5744
v -0.4735 -0.2734 2.5723
v -0.4824 -0.2565 2.5703
v -0.4906 -0.2393 2.5681
v -0.4983 -0.2218 2.5660
v -0.5052 -0.2041 2.5636
v -0.5116 -0.1862 2.5613
v -0.5173 -0.1681 2.5589
v -0.5223 -0.1498 2.5563
v -0.5267 -0.1313 2.5536
v -0.5304 -0.1127 2.5510
v -0.5335 -0.0941 2.5486
v -0.5358 -0.0753 2.5456
v -0.5375 -0.0565 2.5428
v -0.5385 -0.0377 2.5399
v -0.5389 -0.0188 2.5368
v -0.5386 -0.0000 2.5337
v -0.5375 0.0188 2.5305
v -0.5359 0.0375 2.5271
v -0.5347 0.0562 2.5296
v -0.5316 0.0747 2.5256
v -0.5278 0.0931 2.5215
v -0.5233 0.1112 2.5171
v -0.5180 0.1292 2.5117
v -0.5121 0.1468 2.5062
v -0.5056 0.1643 2.5009
v -0.4985 0.1815 2.4959
v -0.4909 0.1983 2.4910
v -0.4828 0.2149 2.4863
v -0.4741 0.2312 2.4816
v -0.4649 0.2472 2.4772
v -0.4552 0.2628 2.4730
v -0.4451 0.2781 2.4690
v -0.4344 0.2930 2.4654
v -0.4234 0.3076 2.4620
v -0.4120 0.3219 2.4595
v -0.4000 0.3356 2.4565
v -0.3876 0.3490 2.4539
v -0.3749 0.3620 2.4516
v -0.3617 0.3745 2.4496
v -0.3488 0.3874 2.4522
v -0.3347 0.3989 2.4498
v -0.3203 0.4099 2.4474
v -0.3047 0.4194 2.4388
v -0.2896 0.4293 2.4363
v -0.2741 0.4386 2.4332
v -0.2582 0.4473 2.4298
v -0.2421 0.4554 2.4264
v -0.2259 0.4632 2.4243
v -0.2094 0.4703 2.4220
v -0.1925 0.4766 2.4181
v -0.1756 0.4825 2.4156
v -0.1585 0.4879 2.4136
v -0.1413 0.4928 2.4119
v -0.1240 0.4972 2.4106
v -0.1065 0.5010 2.4096
v -0.0889 0.5043 2.4091
v -0.0713 0.5071 2.4090
v -0.0535 0.5093 2.4093
v -0.0357 0.5110 2.4100
v -0.0179 0.5123 2.4114
v -0.0000 0.5140 2.4181
v 0.0180 0.5144 2.4214
v 0.0359 0.5132 2.4203
v 0.0539 0.5130 2.4270
v 0.0719 0.5114 2.4298
v 0.0898 0.5092 2.4327
v 0.1076 0.5064 2.4357
v 0.1251 0.5018 2.4330
v 0.1427 0.4978 2.4364
v 0.1603 0.4932 2.4398
v 0.1776 0.4880 2.4434
v 0.1949 0.4823 2.4472
v 0.2119 0.4760 2.4511
v 0.2288 0.4691 2.4552
v 0.2454 0.4616 2.4597
v 0.2619 0.4536 2.4641
v 0.2781 0.4450 2.4686
v 0.2939 0.4357 2.4726
v 0.3087 0.4249 2.4708
v 0.3237 0.4143 2.4733
v 0.3384 0.4033 2.4770
v 0.3538 0.3929 2.4873
v 0.3678 0.3809 2.4910
v 0.3815 0.3684 2.4950
v 0.3949 0.3556 2.4999
v 0.4077 0.3421 2.5041
v 0.4201 0.3282 2.5082
v 0.4320 0.3139 2.5122
v 0.4435 0.2992 2.5169
v 0.4546 0.2841 2.5221
v 0.4659 0.2690 2.5310
v 0.4767 0.2535 2.5400
v 0.4864 0.2372 2.5458
v 0.4955 0.2206 2.5518
v 0.5041 0.2037 2.5578
v 0.5121 0.1864 2.5638
v 0.5194 0.1688 2.5693
v 0.5261 0.1509 2.5751
v 0.5324 0.1328 2.5816
v 0.5387 0.1145 2.5909
v 0.5436 0.0959 2.5970
v 0.5477 0.0770 2.6021
v 0.5511 0.0579 2.6069
v 0.5537 0.0387 2.6112
v 0.5556 0.0194 2.6157
v 0.5570 0.0000 2.6203
v 0.4625 -0.0161 2.6244
v 0.4616 -0.0323 2.6245
v 0.4603 -0.0484 2.6246
v 0.4583 -0.0644 2.6245
v 0.4562 -0.0804 2.6272
v 0.4536 -0.0964 2.6297
v 0.4503 -0.1123 2.6322
v 0.4465 -0.1280 2.6344
v 0.4414 -0.1434 2.6322
v 0.4364 -0.1588 2.6337
v 0.4309 -0.1741 2.6354
v 0.4247 -0.1891 2.6368
v 0.4182 -0.2040 2.6386
v 0.4110 -0.2185 2.6401
v 0.4035 -0.2330 2.6424
v 0.3955 -0.2471 2.6449
v 0.3870 -0.2610 2.6471
v 0.3779 -0.2746 2.6491
v 0.3684 -0.2878 2.6514
v 0.3584 -0.3007 2.6533
v 0.3481 -0.3134 2.6566
v 0.3371 -0.3256 2.6579
v 0.3255 -0.3371 2.6577
v 0.3134 -0.3481 2.6562
v 0.3009 -0.3585 2.6545
v 0.2880 -0.3686 2.6527
v 0.2748 -0.3782 2.6514
v 0.2613 -0.3874 2.6499
v 0.2475 -0.3960 2.6485
v 0.2334 -0.4042 2.6473
v 0.2191 -0.4120 2.6466
v 0.2045 -0.4194 2.6461
v 0.1897 -0.4261 2.6455
v 0.1747 -0.4324 2.6447
v 0.1595 -0.4381 2.6440
v 0.1440 -0.4432 2.6431
v 0.1284 -0.4479 2.6422
v 0.1127 -0.4519 2.6412
v 0.0968 -0.4553 2.6401
v 0.0808 -0.4582 2.6388
v 0.0647 -0.4605 2.6370
v 0.0486 -0.4621 2.6351
v 0.0324 -0.4631 2.6330
v 0.0162 -0.4637 2.6311
v 0.0000 -0.4636 2.6291
v -0.0162 -0.4630 2.6274
v -0.0323 -0.4619 2.6259
v -0.0484 -0.4602 2.6245
v -0.0644 -0.4580 2.6231
v -0.0803 -0.4553 2.6220
v -0.0961 -0.4520 2.6206
v -0.1117 -0.4481 2.6193
v -0.1272 -0.4437 2.6180
v -0.1426 -0.4388 2.6168
v -0.1578 -0.4335 2.6160
v -0.1728 -0.4276 2.6154
v -0.1875 -0.4212 2.6146
v -0.2020 -0.4143 2.6139
v -0.2163 -0.4068 2.6132
v -0.2303 -0.3989 2.6125
v -0.2440 -0.3904 2.6108
v -0.2573 -0.3814 2.6091
v -0.2702 -0.3720 2.6075
v -0.2828 -0.3620 2.6055
v -0.2950 -0.3516 2.6027
v -0.3068 -0.3407 2.6001
v -0.3182 -0.3295 2.5974
v -0.3291 -0.3178 2.5949
v -0.3397 -0.3058 2.5921
v -0.3498 -0.2935 2.5896
v -0.3594 -0.2808 2.5869
v -0.3687 -0.2678 2.5843
v -0.3774 -0.2546 2.5817
v -0.3856 -0.2410 2.5789
v -0.3934 -0.2272 2.5766
v -0.4008 -0.2131 2.5742
v -0.4076 -0.1988 2.5718
v -0.4139 -0.1843 2.5696
v -0.4197 -0.1696 2.5672
v -0.4250 -0.1547 2.5647
v -0.4297 -0.1396 2.5623
v -0.4339 -0.1244 2.5598
v -0.4375 -0.1091 2.5573
v -0.4407 -0.0937 2.5549
v -0.4432 -0.0782 2.5525
v -0.4453 -0.0626 2.5500
v -0.4467 -0.0470 2.5474
v -0.4476 -0.0313 2.5449
v -0.4499 -0.0157 2.5528
v -0.4496 -0.0000 2.5499
v -0.4488 0.0157 2.5467
v -0.4474 0.0313 2.5437
v -0.4455 0.0468 2.5405
v -0.4431 0.0623 2.5374
v -0.4400 0.0776 2.5340
v -0.4365 0.0928 2.5308
v -0.4325 0.1078 2.5277
v -0.4279 0.1227 2.5248
v -0.4229 0.1374 2.5218
v -0.4173 0.1519 2.5187
v -0.4114 0.1662 2.5163
v -0.4049 0.1803 2.5134
v -0.3979 0.1941 2.5107
v -0.3905 0.2076 2.5080
v -0.3825 0.2208 2.5050
v -0.3742 0.2338 2.5022
v -0.3654 0.2465 2.4996
v -0.3562 0.2588 2.4970
v -0.3466 0.2708 2.4947
v -0.3367 0.2825 2.4924
v -0.3263 0.2938 2.4901
v -0.3156 0.3047 2.4878
v -0.3046 0.3154 2.4869
v -0.2940 0.3265 2.4918
v -0.2821 0.3362 2.4893
v -0.2701 0.3457 2.4881
v -0.2577 0.3546 2.4860
v -0.2449 0.3631 2.4842
v -0.2324 0.3719 2.4871
v -0.2192 0.3796 2.4858
v -0.2057 0.3868 2.4845
v -0.1920 0.3936 2.4834
v -0.1780 0.3999 2.4824
v -0.1639 0.4057 2.4815
v -0.1496 0.4110 2.4807
v -0.1349 0.4152 2.4756
v -0.1203 0.4195 2.4750
v -0.1056 0.4233 2.4744
v -0.0907 0.4267 2.4742
v -0.0758 0.4297 2.4743
v -0.0608 0.4329 2.4790
v -0.0457 0.4347 2.4792
v -0.0305 0.4361 2.4795
v -0.0153 0.4371 2.4802
v -0.0000 0.4375 2.4811
v 0.0153 0.4374 2.4823
v 0.0305 0.4369 2.4836
v 0.0458 0.4358 2.4853
v 0.0610 0.4343 2.4870
v 0.0762 0.4321 2.4884
v 0.0913 0.4295 2.4901
v 0.1063 0.4264 2.4925
v 0.1213 0.4229 2.4950
v 0.1361 0.4189 2.4978
v 0.1507 0.4139 2.4983
v 0.1652 0.4089 2.5009
v 0.1796 0.4033 2.5039
v 0.1938 0.3973 2.5067
v 0.2078 0.3908 2.5099
v 0.2216 0.3838 2.5131
v 0.2351 0.3763 2.5164
v 0.2481 0.3678 2.5161
v 0.2611 0.3594 2.5194
v 0.2737 0.3504 2.5215
v 0.2861 0.3410 2.5244
v 0.2982 0.3311 2.5270
v 0.3099 0.3209 2.5299
v 0.3212 0.3102 2.5327
v 0.3328 0.2997 2.5397
v 0.3436 0.2883 2.5436
v 0.3539 0.2765 2.5473
v 0.3638 0.2643 2.5503
v 0.3733 0.2518 2.5535
v 0.3824 0.2390 2.5574
v 0.3915 0.2260 2.5638
v 0.4002 0.2128 2.5702
v 0.4079 0.1990 2.5740
v 0.4153 0.1849 2.5783
v 0.4223 0.1706 2.5830
v 0.4286 0.1560 2.5870
v 0.4345 0.1412 2.5909
v 0.4398 0.1261 2.5949
v 0.4448 0.1109 2.5998
v 0.4495 0.0956 2.6064
v 0.4533 0.0799 2.6105
v 0.4564 0.0641 2.6136
v 0.4589 0.0482 2.6168
v 0.4608 0.0322 2.6200
v 0.4623 0.0161 2.6232
v 0.4631 0.0000 2.6266
v 0.3693 -0.0129 2.6290
v 0.3685 -0.0258 2.6288
v 0.3674 -0.0386 2.6286
v 0.3658 -0.0514 2.6284
v 0.3640 -0.0642 2.6303
v 0.3618 -0.0769 2.6319
v 0.3591 -0.0895 2.6336
v 0.3560 -0.1021 2.6354
v 0.3525 -0.1145 2.6369
v 0.3484 -0.1268 2.6384
v 0.3440 -0.1390 2.6398
v 0.3391 -0.1510 2.6410
v 0.3338 -0.1628 2.6423
v 0.3279 -0.1743 2.6424
v 0.3218 -0.1858 2.6437
v 0.3153 -0.1970 2.6451
v 0.3081 -0.2078 2.6440
v 0.3008 -0.2185 2.6452
v 0.2931 -0.2290 2.6464
v 0.2851 -0.2392 2.6477
v 0.2766 -0.2491 2.6486
v 0.2679 -0.2587 2.6496
v 0.2586 -0.2678 2.6493
v 0.2491 -0.2767 2.6489
v 0.2392 -0.2851 2.6484
v 0.2291 -0.2933 2.6480
v 0.2188 -0.3011 2.6486
v 0.2082 -0.3086 2.6487
v 0.1973 -0.3157 2.6490
v 0.1862 -0.3224 2.6491
v 0.1748 -0.3288 2.6499
v 0.1633 -0.3348 2.6504
v 0.1515 -0.3404 2.6509
v 0.1396 -0.3455 2.6514
v 0.1275 -0.3502 2.6519
v 0.1152 -0.3545 2.6522
v 0.1028 -0.3584 2.6527
v 0.0902 -0.3617 2.6527
v 0.0775 -0.3647 2.6528
v 0.0647 -0.3672 2.6528
v 0.0519 -0.3689 2.6509
v 0.0389 -0.3703 2.6491
v 0.0260 -0.3711 2.6472
v 0.0130 -0.3715 2.6452
v 0.0000 -0.3715 2.6431
v -0.0130 -0.3710 2.6412
v -0.0259 -0.3702 2.6403
v -0.0388 -0.3689 2.6392
v -0.0516 -0.3671 2.6381
v -0.0644 -0.3650 2.6371
v -0.0770 -0.3624 2.6360
v -0.0896 -0.3593 2.6349
v -0.1020 -0.3558 2.6338
v -0.1143 -0.3519 2.6328
v -0.1265 -0.3477 2.6325
v -0.1385 -0.3429 2.6314
v -0.1504 -0.3377 2.6304
v -0.1620 -0.3321 2.6292
v -0.1734 -0.3261 2.6282
v -0.1846 -0.3197 2.6269
v -0.1954 -0.3127 2.6239
v -0.2060 -0.3054 2.6209
v -0.2163 -0.2977 2.6181
v -0.2263 -0.2896 2.6149
v -0.2360 -0.2812 2.6119
v -0.2453 -0.2725 2.6089
v -0.2544 -0.2634 2.6059
v -0.2631 -0.2541 2.6027
v -0.2715 -0.2445 2.5998
v -0.2795 -0.2346 2.5966
v -0.2872 -0.2244 2.5934
v -0.2945 -0.2140 2.5903
v -0.3014 -0.2033 2.5872
v -0.3080 -0.1924 2.5840
v -0.3142 -0.1814 2.5817
v -0.3201 -0.1702 2.5795
v -0.3256 -0.1588 2.5773
v -0.3306 -0.1472 2.5751
v -0.3353 -0.1355 2.5728
v -0.3395 -0.1236 2.5704
v -0.3433 -0.1115 2.5682
v -0.3466 -0.0994 2.5659
v -0.3496 -0.0872 2.5637
v -0.3521 -0.0748 2.5615
v -0.3562 -0.0628 2.5739
v -0.3579 -0.0503 2.5714
v -0.3591 -0.0377 2.5690
v -0.3598 -0.0252 2.5666
v -0.3601 -0.0126 2.5640
v -0.3600 -0.0000 2.5616
v -0.3595 0.0126 2.5594
v -0.3585 0.0251 2.5574
v -0.3571 0.0375 2.5551
v -0.3553 0.0499 2.5529
v -0.3530 0.0623 2.5508
v -0.3504 0.0745 2.5488
v -0.3473 0.0866 2.5467
v -0.3449 0.0989 2.5533
v -0.3410 0.1108 2.5515
v -0.3367 0.1226 2.5496
v -0.3320 0.1341 2.5479
v -0.3269 0.1455 2.5462
v -0.3214 0.1568 2.5443
v -0.3155 0.1677 2.5424
v -0.3093 0.1786 2.5411
v -0.3027 0.1891 2.5396
v -0.2957 0.1995 2.5381
v -0.2884 0.2095 2.5366
v -0.2808 0.2194 2.5352
v -0.2728 0.2289 2.5337
v -0.2645 0.2381 2.5322
v -0.2559 0.2471 2.5308
v -0.2470 0.2557 2.5295
v -0.2378 0.2641 2.5284
v -0.2283 0.2721 2.5272
v -0.2186 0.2798 2.5264
v -0.2090 0.2877 2.5306
v -0.1988 0.2948 2.5298
v -0.1884 0.3014 2.5291
v -0.1777 0.3078 2.5286
v -0.1668 0.3137 2.5283
v -0.1557 0.3193 2.5280
v -0.1445 0.3245 2.5278
v -0.1331 0.3294 2.5276
v -0.1215 0.3338 2.5275
v -0.1098 0.3378 2.5276
v -0.0980 0.3418 2.5303
v -0.0860 0.3451 2.5304
v -0.0739 0.3479 2.5305
v -0.0618 0.3503 2.5308
v -0.0495 0.3523 2.5312
v -0.0372 0.3538 2.5316
v -0.0248 0.3550 2.5322
v -0.0124 0.3558 2.5331
v -0.0000 0.3558 2.5316
v 0.0124 0.3557 2.5325
v 0.0248 0.3552 2.5335
v 0.0372 0.3543 2.5347
v 0.0496 0.3530 2.5361
v 0.0619 0.3512 2.5376
v 0.0742 0.3491 2.5392
v 0.0864 0.3465 2.5409
v 0.0985 0.3435 2.5428
v 0.1105 0.3401 2.5448
v 0.1224 0.3363 2.5468
v 0.1342 0.3321 2.5489
v 0.1458 0.3276 2.5513
v 0.1573 0.3226 2.5536
v 0.1682 0.3163 2.5492
v 0.1792 0.3105 2.5508
v 0.1901 0.3042 2.5523
v 0.2007 0.2976 2.5539
v 0.2112 0.2906 2.5562
v 0.2213 0.2833 2.5577
v 0.2312 0.2755 2.5592
v 0.2408 0.2675 2.5610
v 0.2502 0.2591 2.5626
v 0.2592 0.2503 2.5639
v 0.2680 0.2413 2.5656
v 0.2765 0.2320 2.5679
v 0.2846 0.2224 2.5699
v 0.2925 0.2125 2.5724
v 0.3000 0.2024 2.5750
v 0.3072 0.1920 2.5776
v 0.3149 0.1818 2.5876
v 0.3217 0.1710 2.5921
v 0.3279 0.1599 2.5957
v 0.3336 0.1485 2.5987
v 0.3390 0.1370 2.6014
v 0.3439 0.1252 2.6043
v 0.3485 0.1132 2.6071
v 0.3526 0.1011 2.6099
v 0.3564 0.0889 2.6133
v 0.3599 0.0765 2.6180
v 0.3627 0.0639 2.6203
v 0.3649 0.0513 2.6221
v 0.3668 0.0385 2.6240
v 0.3681 0.0257 2.6258
v 0.3691 0.0129 2.6277
v 0.3695 0.0000 2.6291
v 0.2762 -0.0096 2.6295
v 0.2756 -0.0193 2.6290
v 0.2748 -0.0289 2.6285
v 0.2735 -0.0384 2.6280
v 0.2721 -0.0480 2.6288
v 0.2704 -0.0575 2.6297
v 0.2683 -0.0669 2.6305
v 0.2659 -0.0762 2.6314
v 0.2631 -0.0855 2.6321
v 0.2600 -0.0946 2.6329
v 0.2566 -0.1037 2.6335
v 0.2529 -0.1126 2.6343
v 0.2489 -0.1214 2.6350
v 0.2446 -0.1301 2.6357
v 0.2400 -0.1385 2.6364
v 0.2350 -0.1469 2.6368
v 0.2298 -0.1550 2.6374
v 0.2243 -0.1630 2.6378
v 0.2185 -0.1707 2.6385
v 0.2124 -0.1782 2.6376
v 0.2060 -0.1855 2.6377
v 0.1994 -0.1926 2.6380
v 0.1926 -0.1995 2.6382
v 0.1856 -0.2061 2.6384
v 0.1783 -0.2125 2.6387
v 0.1707 -0.2185 2.6387
v 0.1631 -0.2245 2.6403
v 0.1553 -0.2302 2.6417
v 0.1472 -0.2356 2.6432
v 0.1390 -0.2407 2.6447
v 0.1306 -0.2456 2.6461
v 0.1220 -0.2501 2.6476
v 0.1132 -0.2543 2.6489
v 0.1043 -0.2583 2.6503
v 0.0953 -0.2619 2.6518
v 0.0862 -0.2652 2.6530
v 0.0769 -0.2682 2.6543
v 0.0675 -0.2707 2.6547
v 0.0580 -0.2731 2.6560
v 0.0485 -0.2750 2.6571
v 0.0388 -0.2764 2.6554
v 0.0292 -0.2774 2.6537
v 0.0194 -0.2780 2.6519
v 0.0097 -0.2784 2.6502
v 0.0000 -0.2784 2.6487
v -0.0097 -0.2780 2.6465
v -0.0194 -0.2774 2.6457
v -0.0291 -0.2765 2.6449
v -0.0387 -0.2752 2.6440
v -0.0482 -0.2736 2.6432
v -0.0577 -0.2716 2.6422
v -0.0672 -0.2694 2.6414
v -0.0765 -0.2668 2.6405
v -0.0857 -0.2639 2.6396
v -0.0949 -0.2608 2.6402
v -0.1040 -0.2573 2.6406
v -0.1129 -0.2536 2.6410
v -0.1217 -0.2495 2.6414
v -0.1304 -0.2452 2.6418
v -0.1389 -0.2405 2.6422
v -0.1470 -0.2353 2.6399
v -0.1550 -0.2298 2.6373
v -0.1628 -0.2240 2.6349
v -0.1703 -0.2180 2.6324
v -0.1777 -0.2117 2.6299
v -0.1848 -0.2052 2.6273
v -0.1916 -0.1985 2.6248
v -0.1983 -0.1915 2.6224
v -0.2046 -0.1842 2.6198
v -0.2107 -0.1768 2.6171
v -0.2165 -0.1692 2.6146
v -0.2221 -0.1614 2.6121
v -0.2274 -0.1534 2.6094
v -0.2324 -0.1452 2.6068
v -0.2372 -0.1369 2.6056
v -0.2417 -0.1285 2.6044
v -0.2459 -0.1199 2.6032
v -0.2498 -0.1112 2.6020
v -0.2534 -0.1024 2.6007
v -0.2567 -0.0934 2.5995
v -0.2597 -0.0844 2.5982
v -0.2630 -0.0754 2.6027
v -0.2653 -0.0661 2.6012
v -0.2673 -0.0568 2.5998
v -0.2690 -0.0474 2.5984
v -0.2703 -0.0380 2.5969
v -0.2713 -0.0285 2.5954
v -0.2720 -0.0190 2.5940
v -0.2723 -0.0095 2.5925
v -0.2723 -0.0000 2.5911
v -0.2720 0.0095 2.5898
v -0.2714 0.0190 2.5885
v -0.2705 0.0284 2.5874
v -0.2692 0.0378 2.5864
v -0.2676 0.0472 2.5852
v -0.2657 0.0565 2.5844
v -0.2635 0.0657 2.5837
v -0.2610 0.0748 2.5830
v -0.2581 0.0839 2.5823
v -0.2550 0.0928 2.5817
v -0.2515 0.1016 2.5811
v -0.2478 0.1103 2.5806
v -0.2437 0.1189 2.5799
v -0.2394 0.1273 2.5794
v -0.2347 0.1355 2.5789
v -0.2298 0.1436 2.5784
v -0.2246 0.1515 2.5780
v -0.2192 0.1592 2.5775
v -0.2135 0.1668 2.5772
v -0.2075 0.1741 2.5767
v -0.2012 0.1812 2.5764
v -0.1948 0.1881 2.5762
v -0.1881 0.1948 2.5759
v -0.1811 0.2012 2.5757
v -0.1740 0.2074 2.5756
v -0.1666 0.2133 2.5752
v -0.1591 0.2190 2.5752
v -0.1514 0.2244 2.5752
v -0.1434 0.2296 2.5754
v -0.1353 0.2344 2.5755
v -0.1271 0.2391 2.5760
v -0.1189 0.2438 2.5810
v -0.1103 0.2478 2.5810
v -0.1016 0.2515 2.5811
v -0.0928 0.2549 2.5813
v -0.0838 0.2580 2.5815
v -0.0748 0.2608 2.5817
v -0.0657 0.2636 2.5845
v -0.0565 0.2657 2.5848
v -0.0472 0.2676 2.5849
v -0.0378 0.2691 2.5854
v -0.0284 0.2703 2.5858
v -0.0190 0.2712 2.5863
v -0.0095 0.2717 2.5868
v -0.0000 0.2719 2.5873
v 0.0095 0.2718 2.5880
v 0.0190 0.2714 2.5888
v 0.0284 0.2707 2.5894
v 0.0379 0.2694 2.5882
v 0.0473 0.2680 2.5891
v 0.0566 0.2663 2.5901
v 0.0659 0.2642 2.5910
v 0.0751 0.2619 2.5919
v 0.0841 0.2589 2.5898
v 0.0931 0.2559 2.5907
v 0.1020 0.2526 2.5916
v 0.1108 0.2489 2.5924
v 0.1195 0.2450 2.5933
v 0.1280 0.2408 2.5943
v 0.1364 0.2362 2.5952
v 0.1446 0.2314 2.5962
v 0.1523 0.2258 2.5919
v 0.1602 0.2204 2.5924
v 0.1678 0.2148 2.5931
v 0.1752 0.2088 2.5938
v 0.1825 0.2027 2.5945
v 0.1895 0.1962 2.5952
v 0.1963 0.1895 2.5960
v 0.2028 0.1826 2.5968
v 0.2092 0.1755 2.5977
v 0.2152 0.1682 2.5989
v 0.2211 0.1606 2.6001
v 0.2266 0.1529 2.6011
v 0.2319 0.1449 2.6023
v 0.2376 0.1372 2.6100
v 0.2425 0.1289 2.6126
v 0.2467 0.1203 2.6117
v 0.2510 0.1118 2.6146
v 0.2550 0.1030 2.6164
v 0.2586 0.0941 2.6182
v 0.2619 0.0851 2.6201
v 0.2649 0.0760 2.6219
v 0.2676 0.0667 2.6240
v 0.2700 0.0574 2.6266
v 0.2720 0.0480 2.6278
v 0.2736 0.0384 2.6284
v 0.2748 0.0289 2.6290
v 0.2757 0.0193 2.6297
v 0.2763 0.0096 2.6303
v 0.2764 0.0000 2.6300
v 0.1839 -0.0064 2.6315
v 0.1835 -0.0128 2.6313
v 0.1830 -0.0192 2.6311
v 0.1822 -0.0256 2.6310
v 0.1812 -0.0320 2.6315
v 0.1800 -0.0383 2.6321
v 0.1786 -0.0445 2.6326
v 0.1770 -0.0508 2.6332
v 0.1752 -0.0569 2.6337
v 0.1731 -0.0630 2.6342
v 0.1708 -0.0690 2.6347
v 0.1683 -0.0749 2.6352
v 0.1656 -0.0808 2.6356
v 0.1628 -0.0865 2.6361
v 0.1597 -0.0922 2.6364
v 0.1564 -0.0977 2.6368
v 0.1529 -0.1031 2.6371
v 0.1492 -0.1084 2.6375
v 0.1454 -0.1136 2.6379
v 0.1413 -0.1186 2.6383
v 0.1371 -0.1235 2.6386
v 0.1327 -0.1282 2.6389
v 0.1282 -0.1328 2.6392
v 0.1235 -0.1372 2.6395
v 0.1186 -0.1414 2.6397
v 0.1136 -0.1454 2.6386
v 0.1085 -0.1493 2.6396
v 0.1033 -0.1531 2.6417
v 0.0979 -0.1567 2.6427
v 0.0924 -0.1601 2.6435
v 0.0868 -0.1633 2.6444
v 0.0811 -0.1663 2.6452
v 0.0753 -0.1690 2.6460
v 0.0693 -0.1716 2.6467
v 0.0633 -0.1739 2.6460
v 0.0572 -0.1760 2.6466
v 0.0510 -0.1779 2.6472
v 0.0448 -0.1797 2.6478
v 0.0385 -0.1812 2.6485
v 0.0322 -0.1824 2.6489
v 0.0258 -0.1833 2.6476
v 0.0193 -0.1840 2.6462
v 0.0129 -0.1845 2.6447
v 0.0065 -0.1847 2.6433
v 0.0000 -0.1847 2.6418
v -0.0064 -0.1845 2.6404
v -0.0129 -0.1841 2.6399
v -0.0193 -0.1835 2.6393
v -0.0257 -0.1827 2.6387
v -0.0320 -0.1817 2.6381
v -0.0383 -0.1804 2.6375
v -0.0446 -0.1789 2.6369
v -0.0508 -0.1772 2.6362
v -0.0570 -0.1753 2.6356
v -0.0630 -0.1732 2.6359
v -0.0691 -0.1709 2.6361
v -0.0750 -0.1684 2.6364
v -0.0808 -0.1657 2.6365
v -0.0866 -0.1628 2.6369
v -0.0922 -0.1597 2.6370
v -0.0977 -0.1563 2.6353
v -0.1030 -0.1527 2.6337
v -0.1082 -0.1489 2.6320
v -0.1132 -0.1449 2.6302
v -0.1181 -0.1408 2.6285
v -0.1229 -0.1365 2.6267
v -0.1275 -0.1320 2.6250
v -0.1319 -0.1274 2.6232
v -0.1362 -0.1227 2.6214
v -0.1403 -0.1177 2.6196
v -0.1443 -0.1127 2.6179
v -0.1480 -0.1075 2.6161
v -0.1515 -0.1022 2.6141
v -0.1549 -0.0968 2.6124
v -0.1581 -0.0913 2.6115
v -0.1612 -0.0857 2.6107
v -0.1640 -0.0800 2.6098
v -0.1671 -0.0744 2.6152
v -0.1695 -0.0685 2.6143
v -0.1717 -0.0625 2.6133
v -0.1737 -0.0565 2.6124
v -0.1755 -0.0503 2.6115
v -0.1771 -0.0442 2.6105
v -0.1785 -0.0379 2.6096
v -0.1796 -0.0317 2.6087
v -0.1806 -0.0254 2.6077
v -0.1813 -0.0191 2.6067
v -0.1818 -0.0127 2.6059
v -0.1821 -0.0064 2.6051
v -0.1821 -0.0000 2.6042
v -0.1819 0.0064 2.6034
v -0.1816 0.0127 2.6026
v -0.1810 0.0190 2.6020
v -0.1801 0.0253 2.6013
v -0.1791 0.0316 2.6007
v -0.1779 0.0378 2.6003
v -0.1764 0.0440 2.5997
v -0.1747 0.0501 2.5993
v -0.1728 0.0562 2.5988
v -0.1707 0.0621 2.5984
v -0.1684 0.0681 2.5980
v -0.1659 0.0739 2.5977
v -0.1632 0.0796 2.5973
v -0.1603 0.0853 2.5970
v -0.1572 0.0908 2.5967
v -0.1540 0.0962 2.5965
v -0.1505 0.1015 2.5962
v -0.1469 0.1067 2.5961
v -0.1430 0.1118 2.5959
v -0.1390 0.1167 2.5957
v -0.1349 0.1214 2.5956
v -0.1306 0.1261 2.5957
v -0.1261 0.1306 2.5956
v -0.1214 0.1349 2.5955
v -0.1167 0.1390 2.5955
v -0.1120 0.1433 2.6005
v -0.1069 0.1471 2.6005
v -0.1017 0.1507 2.6003
v -0.0964 0.1542 2.6004
v -0.0909 0.1575 2.6004
v -0.0854 0.1606 2.6004
v -0.0797 0.1634 2.6004
v -0.0740 0.1661 2.6005
v -0.0681 0.1686 2.6005
v -0.0622 0.1709 2.6007
v -0.0562 0.1730 2.6009
v -0.0501 0.1748 2.6010
v -0.0440 0.1765 2.6012
v -0.0378 0.1779 2.6015
v -0.0316 0.1792 2.6017
v -0.0253 0.1802 2.6020
v -0.0190 0.1810 2.6023
v -0.0127 0.1816 2.6027
v -0.0064 0.1819 2.6031
v -0.0000 0.1821 2.6034
v 0.0064 0.1820 2.6038
v 0.0127 0.1817 2.6042
v 0.0190 0.1811 2.6047
v 0.0254 0.1804 2.6051
v 0.0316 0.1794 2.6056
v 0.0379 0.1783 2.6062
v 0.0441 0.1769 2.6067
v 0.0503 0.1753 2.6073
v 0.0564 0.1734 2.6079
v 0.0624 0.1714 2.6085
v 0.0683 0.1692 2.6090
v 0.0742 0.1667 2.6099
v 0.0800 0.1641 2.6106
v 0.0857 0.1612 2.6113
v 0.0913 0.1582 2.6120
v 0.0968 0.1549 2.6127
v 0.1022 0.1515 2.6134
v 0.1075 0.1479 2.6143
v 0.1126 0.1441 2.6150
v 0.1174 0.1400 2.6129
v 0.1223 0.1358 2.6136
v 0.1270 0.1315 2.6142
v 0.1315 0.1270 2.6149
v 0.1359 0.1224 2.6155
v 0.1401 0.1176 2.6163
v 0.1439 0.1124 2.6117
v 0.1478 0.1074 2.6123
v 0.1515 0.1022 2.6130
v 0.1550 0.0969 2.6137
v 0.1584 0.0914 2.6150
v 0.1615 0.0859 2.6165
v 0.1645 0.0803 2.6180
v 0.1676 0.0746 2.6243
v 0.1702 0.0688 2.6257
v 0.1726 0.0628 2.6270
v 0.1748 0.0568 2.6283
v 0.1768 0.0507 2.6296
v 0.1785 0.0445 2.6310
v 0.1800 0.0383 2.6323
v 0.1813 0.0320 2.6322
v 0.1823 0.0256 2.6321
v 0.1830 0.0192 2.6320
v 0.1836 0.0128 2.6318
v 0.1839 0.0064 2.6318
v 0.1840 0.0000 2.6317
v 0.0918 -0.0032 2.6297
v 0.0916 -0.0064 2.6300
v 0.0913 -0.0096 2.6303
v 0.0910 -0.0128 2.6306
v 0.0905 -0.0160 2.6310
v 0.0899 -0.0191 2.6312
v 0.0892 -0.0222 2.6315
v 0.0883 -0.0253 2.6317
v 0.0874 -0.0284 2.6320
v 0.0864 -0.0314 2.6322
v 0.0852 -0.0344 2.6325
v 0.0840 -0.0374 2.6327
v 0.0826 -0.0403 2.6328
v 0.0812 -0.0432 2.6330
v 0.0796 -0.0460 2.6332
v 0.0780 -0.0487 2.6334
v 0.0762 -0.0514 2.6336
v 0.0744 -0.0541 2.6337
v 0.0725 -0.0566 2.6338
v 0.0705 -0.0591 2.6340
v 0.0684 -0.0615 2.6340
v 0.0662 -0.0639 2.6342
v 0.0639 -0.0662 2.6342
v 0.0616 -0.0684 2.6344
v 0.0591 -0.0705 2.6344
v 0.0566 -0.0725 2.6344
v 0.0541 -0.0744 2.6351
v 0.0515 -0.0763 2.6356
v 0.0488 -0.0781 2.6360
v 0.0460 -0.0797 2.6365
v 0.0432 -0.0813 2.6370
v 0.0404 -0.0828 2.6375
v 0.0375 -0.0842 2.6379
v 0.0345 -0.0854 2.6384
v 0.0315 -0.0866 2.6388
v 0.0285 -0.0877 2.6393
v 0.0254 -0.0885 2.6358
v 0.0223 -0.0893 2.6362
v 0.0191 -0.0901 2.6365
v 0.0160 -0.0907 2.6367
v 0.0128 -0.0912 2.6361
v 0.0096 -0.0915 2.6354
v 0.0064 -0.0918 2.6346
v 0.0032 -0.0919 2.6340
v 0.0000 -0.0920 2.6332
v -0.0032 -0.0919 2.6324
v -0.0064 -0.0917 2.6321
v -0.0096 -0.0914 2.6318
v -0.0128 -0.0910 2.6315
v -0.0160 -0.0905 2.6312
v -0.0191 -0.0899 2.6308
v -0.0222 -0.0891 2.6306
v -0.0253 -0.0883 2.6302
v -0.0284 -0.0873 2.6298
v -0.0314 -0.0863 2.6299
v -0.0344 -0.0852 2.6300
v -0.0374 -0.0839 2.6300
v -0.0403 -0.0825 2.6301
v -0.0431 -0.0811 2.6302
v -0.0459 -0.0795 2.6303
v -0.0487 -0.0779 2.6294
v -0.0513 -0.0761 2.6286
v -0.0539 -0.0742 2.6277
v -0.0565 -0.0723 2.6268
v -0.0589 -0.0702 2.6259
v -0.0613 -0.0681 2.6250
v -0.0637 -0.0659 2.6240
v -0.0659 -0.0636 2.6233
v -0.0681 -0.0613 2.6224
v -0.0701 -0.0588 2.6214
v -0.0721 -0.0563 2.6205
v -0.0740 -0.0538 2.6196
v -0.0758 -0.0511 2.6188
v -0.0775 -0.0484 2.6179
v -0.0793 -0.0458 2.6233
v -0.0809 -0.0430 2.6230
v -0.0823 -0.0401 2.6224
v -0.0836 -0.0372 2.6220
v -0.0849 -0.0343 2.6216
v -0.0860 -0.0313 2.6211
v -0.0870 -0.0283 2.6207
v -0.0880 -0.0252 2.6203
v -0.0888 -0.0221 2.6199
v -0.0895 -0.0190 2.6195
v -0.0901 -0.0159 2.6191
v -0.0906 -0.0127 2.6187
v -0.0909 -0.0096 2.6183
v -0.0912 -0.0064 2.6180
v -0.0914 -0.0032 2.6176
v -0.0914 -0.0000 2.6172
v -0.0913 0.0032 2.6169
v -0.0911 0.0064 2.6164
v -0.0909 0.0095 2.6161
v -0.0905 0.0127 2.6157
v -0.0899 0.0159 2.6154
v -0.0893 0.0190 2.6152
v -0.0886 0.0221 2.6149
v -0.0878 0.0252 2.6146
v -0.0868 0.0282 2.6144
v -0.0858 0.0312 2.6142
v -0.0846 0.0342 2.6140
v -0.0834 0.0371 2.6138
v -0.0820 0.0400 2.6136
v -0.0806 0.0428 2.6134
v -0.0792 0.0457 2.6174
v -0.0775 0.0484 2.6174
v -0.0758 0.0511 2.6172
v -0.0739 0.0537 2.6171
v -0.0720 0.0563 2.6169
v -0.0700 0.0587 2.6167
v -0.0679 0.0611 2.6164
v -0.0657 0.0635 2.6163
v -0.0635 0.0657 2.6162
v -0.0611 0.0679 2.6161
v -0.0587 0.0700 2.6160
v -0.0562 0.0720 2.6160
v -0.0537 0.0739 2.6158
v -0.0511 0.0757 2.6158
v -0.0484 0.0775 2.6158
v -0.0457 0.0791 2.6158
v -0.0429 0.0807 2.6158
v -0.0400 0.0821 2.6158
v -0.0372 0.0834 2.6158
v -0.0342 0.0847 2.6159
v -0.0312 0.0858 2.6159
v -0.0282 0.0869 2.6160
v -0.0252 0.0878 2.6161
v -0.0221 0.0886 2.6162
v -0.0190 0.0894 2.6163
v -0.0159 0.0900 2.6164
v -0.0127 0.0905 2.6165
v -0.0096 0.0909 2.6166
v -0.0064 0.0912 2.6168
v -0.0032 0.0913 2.6170
v -0.0000 0.0914 2.6171
v 0.0032 0.0913 2.6173
v 0.0064 0.0912 2.6175
v 0.0096 0.0909 2.6176
v 0.0127 0.0905 2.6181
v 0.0159 0.0900 2.6183
v 0.0190 0.0894 2.6185
v 0.0221 0.0887 2.6188
v 0.0252 0.0879 2.6190
v 0.0283 0.0870 2.6193
v 0.0313 0.0860 2.6196
v 0.0343 0.0848 2.6198
v 0.0372 0.0836 2.6201
v 0.0401 0.0822 2.6204
v 0.0430 0.0808 2.6208
v 0.0458 0.0793 2.6211
v 0.0485 0.0776 2.6215
v 0.0512 0.0759 2.6218
v 0.0538 0.0741 2.6223
v 0.0564 0.0722 2.6227
v 0.0589 0.0702 2.6231
v 0.0613 0.0681 2.6235
v 0.0637 0.0659 2.6239
v 0.0659 0.0637 2.6243
v 0.0680 0.0613 2.6216
v 0.0701 0.0589 2.6219
v 0.0722 0.0564 2.6224
v 0.0741 0.0538 2.6228
v 0.0759 0.0512 2.6231
v 0.0777 0.0485 2.6235
v 0.0794 0.0458 2.6239
v 0.0809 0.0430 2.6243
v 0.0824 0.0402 2.6246
v 0.0837 0.0373 2.6251
v 0.0850 0.0343 2.6254
v 0.0862 0.0314 2.6258
v 0.0872 0.0283 2.6261
v 0.0882 0.0253 2.6266
v 0.0890 0.0222 2.6269
v 0.0897 0.0191 2.6273
v 0.0904 0.0159 2.6277
v 0.0909 0.0128 2.6281
v 0.0913 0.0096 2.6284
v 0.0916 0.0064 2.6287
v 0.0918 0.0032 2.6291
v 0.0918 0.0000 2.6294
v 0.0000 0.0000 2.6303
f 1 181 2
f 2 181 361
f 2 361 182
f 182 361 541
f 182 541 362
f 362 541 721
f 362 721 542
f 542 721 901
f 542 901 722
f 722 901 1081
f 722 1081 902
f 902 1081 1261
f 902 1261 1082
f 1082 1261 1441
f 1082 1441 1262
f 1262 1441 1621
f 1262 1621 1442
f 1442 1621 1801
f 1442 1801 1622
f 1622 1801 1981
f 1622 1981 1802
f 1802 1981 2161
f 1802 2161 1982
f 1982 2161 2341
f 1982 2341 2162
f 2162 2341 2521
f 2162 2521 2342
f 2342 2521 2701
f 2342 2701 2522
f 2522 2701 2881
f 2522 2881 2702
f 2702 2881 3061
f 2702 3061 2882
f 2882 3061 3241
f 2882 3241 3062
f 3062 3241 3421
f 3062 3421 3242
f 3242 3421 3601
f 3242 3601 3422
f 3422 3601 3781
f 3422 3781 3602
f 3602 3781 3961
f 3602 3961 3782
f 3782 3961 4141
f 3782 4141 3962
f 3962 4141 4321
f 3962 4321 4142
f 4142 4321 4501
f 4142 4501 4322
f 4322 4501 4681
f 4322 4681 4502
f 4502 4681 4861
f 4502 4861 4682
f 4682 4861 5041
f 4682 5041 4862
f 4862 5041 5221
f 4862 5221 5042
f 5042 5221 5401
f 5042 5401 5222
f 5222 5401 5581
f 5222 5581 5402
f 5402 5581 5761
f 5402 5761 5582
f 5582 5761 5941
f 5582 5941 5762
f 5762 5941 6121
f 5762 6121 5942
f 5942 6121 6301
f 5942 6301 6122
f 6122 6301 6481
f 6122 6481 6302
f 6302 6481 6661
f 6302 6661 6482
f 6482 6661 6841
f 6482 6841 6662
f 6662 6841 6842
f 6842 6841 7021
f 6842 7021 7022
f 7022 7021 7201
f 7022 7201 7202
f 7202 7201 7381
f 7202 7381 7382
f 7382 7381 7561
f 7382 7561 7562
f 7562 7561 7741
f 7562 7741 7742
f 7742 7741 7921
f 7742 7921 7922
f 7922 7921 8101
f 7922 8101 8102
f 8102 8101 8281
f 8102 8281 8282
f 8282 8281 8461
f 8282 8461 8462
f 8462 8461 8641
f 8462 8641 8642
f 8642 8641 8821
f 8642 8821 8822
f 8822 8821 9001
f 8822 9001 9002
f 9002 9001 9181
f 9002 9181 9182
f 9182 9181 9361
f 9182 9361 9362
f 9362 9361 9541
f 9362 9541 9542
f 9542 9541 9721
f 9542 9721 9722
f 9722 9721 9901
f 9722 9901 9902
f 9902 9901 10081
f 9902 10081 10082
f 10082 10081 10261
f 10082 10261 10262
f 10262 10261 10441
f 10262 10441 10442
f 10442 10441 10621
f 10442 10621 10622
f 10622 10621 10801
f 10622 10801 10802
f 10802 10801 10981
f 10802 10981 10982
f 10982 10981 11161
f 10982 11161 11162
f 11162 11161 11341
f 11162 11341 11342
f 11342 11341 11521
f 11342 11521 11522
f 11522 11521 11701
f 11522 11701 11702
f 11702 11701 11881
f 11702 11881 11882
f 11882 11881 12061
f 11882 12061 12062
f 12062 12061 12241
f 12062 12241 12242
f 12242 12241 12421
f 12242 12421 12422
f 12422 12421 12601
f 12422 12601 12602
f 12602 12601 12781
f 12602 12781 12782
f 12782 12781 12961
f 12782 12961 12962
f 12962 12961 13141
f 12962 13141 13142
f 13142 13141 13321
f 13142 13321 13322
f 13322 13321 13501
f 13322 13501 13502
f 13502 13501 13681
f 13502 13681 13682
f 13682 13681 13861
f 13682 13861 13862
f 13862 13861 14041
f 13862 14041 14042
f 14042 14041 14221
f 14042 14221 14222
f 14222 14221 14401
f 14222 14401 14402
f 14402 14401 14581
f 14402 14581 14582
f 14582 14581 14761
f 14582 14761 14762
f 14762 14761 14941
f 14762 14941 14942
f 14942 14941 15121
f 14942 15121 15122
f 15122 15121 15301
f 15122 15301 15302
f 15302 15301 15481
f 15302 15481 15482
f 15482 15481 15661
f 15482 15661 15662
f 15662 15661 15841
f 15662 15841 15842
f 15842 15841 16021
f 15842 16021 16022
f 181 1 180
f 181 180 361
f 361 180 360
f 361 360 541
f 541 360 540
f 541 540 721
f 721 540 720
f 721 720 901
f 901 720 900
f 901 900 1081
f 1081 900 1080
f 1081 1080 1261
f 1261 1080 1260
f 1261 1260 1441
f 1441 1260 1440
f 1441 1440 1621
f 1621 1440 1620
f 1621 1620 1801
f 1801 1620 1800
f 1801 1800 1981
f 1981 1800 1980
f 1981 1980 2161
f 2161 1980 2160
f 2161 2160 2341
f 2341 2160 2340
f 2341 2340 2521
f 2521 2340 2520
f 2521 2520 2701
f 2701 2520 2700
f 2701 2700 2881
f 2881 2700 2880
f 2881 2880 3061
f 3061 2880 3060
f 3061 3060 3241
f 3241 3060 3240
f 3241 3240 3421
f 3421 3240 3420
f 3421 3420 3601
f 3601 3420 3600
f 3601 3600 3781
f 3781 3600 3780
f 3781 3780 3961
f 3961 3780 3960
f 3961 3960 4141
f 4141 3960 4140
f 4141 4140 4321
f 4321 4140 4320
f 4321 4320 4501
f 4501 4320 4500
f 4501 4500 4681
f 4681 4500 4680
f 4681 4680 4861
f 4861 4680 4860
f 4861 4860 5041
f 5041 4860 5040
f 5041 5040 5221
f 5221 5040 5220
f 5221 5220 5401
f 5401 5220 5400
f 5401 5400 5581
f 5581 5400 5580
f 5581 5580 5761
f 5761 5580 5760
f 5761 5760 5941
f 5941 5760 5940
f 5941 5940 6121
f 6121 5940 6120
f 6121 6120 6301
f 6301 6120 6300
f 6301 6300 6481
f 6481 6300 6480
f 6481 6480 6661
f 6661 6480 6660
f 6661 6660 6840
f 6661 6840 6841
f 6841 6840 7020
f 6841 7020 7021
f 7021 7020 7200
f 7021 7200 7201
f 7201 7200 7380
f 7201 7380 7381
f 7381 7380 7560
f 7381 7560 7561
f 7561 7560 7740
f 7561 7740 7741
f 7741 7740 7920
f 7741 7920 7921
f 7921 7920 8100
f 7921 8100 8101
f 8101 8100 8280
f 8101 8280 8281
f 8281 8280 8460
f 8281 8460 8461
f 8461 8460 8640
f 8461 8640 8641
f 8641 8640 8820
f 8641 8820 8821
f 8821 8820 9000
f 8821 9000 9001
f 9001 9000 9180
f 9001 9180 9181
f 9181 9180 9360
f 9181 9360 9361
f 9361 9360 9540
f 9361 9540 9541
f 9541 9540 9720
f 9541 9720 9721
f 9721 9720 9900
f 9721 9900 9901
f 9901 9900 10080
f 9901 10080 10081
f 10081 10080 10260
f 10081 10260 10261
f 10261 10260 10440
f 10261 10440 10441
f 10441 10440 10620
f 10441 10620 10621
f 10621 10620 10800
f 10621 10800 10801
f 10801 10800 10980
f 10801 10980 10981
f 10981 10980 11160
f 10981 11160 11161
f 11161 11160 11340
f 11161 11340 11341
f 11341 11340 11520
f 11341 11520 11521
f 11521 11520 11700
f 11521 11700 11701
f 11701 11700 11880
f 11701 11880 11881
f 11881 11880 12060
f 11881 12060 12061
f 12061 12060 12240
f 12061 12240 12241
f 12241 12240 12420
f 12241 12420 12421
f 12421 12420 12600
f 12421 12600 12601
f 12601 12600 12780
f 12601 12780 12781
f 12781 12780 12960
f 12781 12960 12961
f 12961 12960 13140
f 12961 13140 13141
f 13141 13140 13320
f 13141 13320 13321
f 13321 13320 13500
f 13321 13500 13501
f 13501 13500 13680
f 13501 13680 13681
f 13681 13680 13861
f 13861 13680 13860
f 13861 13860 14041
f 14041 13860 14040
f 14041 14040 14221
f 14221 14040 14220
f 14221 14220 14401
f 14401 14220 14400
f 14401 14400 14581
f 14581 14400 14580
f 14581 14580 14761
f 14761 14580 14760
f 14761 14760 14941
f 14941 14760 14940
f 14941 14940 15121
f 15121 14940 15120
f 15121 15120 15301
f 15301 15120 15300
f 15301 15300 15481
f 15481 15300 15480
f 15481 15480 15661
f 15661 15480 15660
f 15661 15660 15841
f 15841 15660 15840
f 15841 15840 16021
f 16021 15840 16020
f 16021 16020 16022
f 180 1 179
f 180 179 360
f 360 179 359
f 360 359 540
f 540 359 539
f 540 539 720
f 720 539 719
f 720 719 900
f 900 719 899
f 900 899 1080
f 1080 899 1079
f 1080 1079 1260
f 1260 1079 1259
f 1260 1259 1440
f 1440 1259 1439
f 1440 1439 1620
f 1620 1439 1619
f 1620 1619 1800
f 1800 1619 1799
f 1800 1799 1980
f 1980 1799 1979
f 1980 1979 2160
f 2160 1979 2159
f 2160 2159 2340
f 2340 2159 2339
f 2340 2339 2520
f 2520 2339 2519
f 2520 2519 2700
f 2700 2519 2699
f 2700 2699 2880
f 2880 2699 2879
f 2880 2879 3060
f 3060 2879 3059
f 3060 3059 3240
f 3240 3059 3239
f 3240 3239 3420
f 3420 3239 3419
f 3420 3419 3600
f 3600 3419 3599
f 3600 3599 3780
f 3780 3599 3779
f 3780 3779 3960
f 3960 3779 3959
f 3960 3959 4140
f 4140 3959 4139
f 4140 4139 4320
f 4320 4139 4319
f 4320 4319 4500
f 4500 4319 4499
f 4500 4499 4680
f 4680 4499 4679
f 4680 4679 4860
f 4860 4679 4859
f 4860 4859 5040
f 5040 4859 5039
f 5040 5039 5220
f 5220 5039 5219
f 5220 5219 5400
f 5400 5219 5399
f 5400 5399 5580
f 5580 5399 5579
f 5580 5579 5760
f 5760 5579 5759
f 5760 5759 5940
f 5940 5759 5939
f 5940 5939 6120
f 6120 5939 6119
f 6120 6119 6300
f 6300 6119 6299
f 6300 6299 6480
f 6480 6299 6479
f 6480 6479 6660
f 6660 6479 6659
f 6660 6659 6840
f 6840 6659 6839
f 6840 6839 7020
f 7020 6839 7019
f 7020 7019 7200
f 7200 7019 7199
f 7200 7199 7380
f 7380 7199 7379
f 7380 7379 7560
f 7560 7379 7559
f 7560 7559 7740
f 7740 7559 7739
f 7740 7739 7920
f 7920 7739 7919
f 7920 7919 8100
f 8100 7919 8099
f 8100 8099 8280
f 8280 8099 8279
f 8280 8279 8460
f 8460 8279 8459
f 8460 8459 8640
f 8640 8459 8639
f 8640 8639 8820
f 8820 8639 8819
f 8820 8819 9000
f 9000 8819 8999
f 9000 8999 9180
f 9180 8999 9179
f 9180 9179 9360
f 9360 9179 9359
f 9360 9359 9540
f 9540 9359 9539
f 9540 9539 9720
f 9720 9539 9719
f 9720 9719 9900
f 9900 9719 9899
f 9900 9899 10080
f 10080 9899 10079
f 10080 10079 10260
f 10260 10079 10259
f 10260 10259 10440
f 10440 10259 10439
f 10440 10439 10620
f 10620 10439 10619
f 10620 10619 10800
f 10800 10619 10799
f 10800 10799 10980
f 10980 10799 10979
f 10980 10979 11160
f 11160 10979 11159
f 11160 11159 11340
f 11340 11159 11339
f 11340 11339 11520
f 11520 11339 11519
f 11520 11519 11700
f 11700 11519 11699
f 11700 11699 11880
f 11880 11699 11879
f 11880 11879 12060
f 12060 11879 12059
f 12060 12059 12240
f 12240 12059 12239
f 12240 12239 12420
f 12420 12239 12419
f 12420 12419 12600
f 12600 12419 12599
f 12600 12599 12780
f 12780 12599 12779
f 12780 12779 12960
f 12960 12779 12959
f 12960 12959 13140
f 13140 12959 13139
f 13140 13139 13320
f 13320 13139 13319
f 13320 13319 13500
f 13500 13319 13499
f 13500 13499 13679
f 13500 13679 13680
f 13680 13679 13860
f 13860 13679 13859
f 13860 13859 14040
f 14040 13859 14039
f 14040 14039 14220
f 14220 14039 14219
f 14220 14219 14400
f 14400 14219 14399
f 14400 14399 14580
f 14580 14399 14579
f 14580 14579 14760
f 14760 14579 14759
f 14760 14759 14940
f 14940 14759 14939
f 14940 14939 15120
f 15120 14939 15119
f 15120 15119 15300
f 15300 15119 15299
f 15300 15299 15480
f 15480 15299 15479
f 15480 15479 15660
f 15660 15479 15659
f 15660 15659 15840
f 15840 15659 15839
f 15840 15839 16020
f 16020 15839 16019
f 16020 16019 16022
f 179 1 178
f 179 178 359
f 359 178 358
f 359 358 539
f 539 358 538
f 539 538 719
f 719 538 718
f 719 718 899
f 899 718 898
f 899 898 1079
f 1079 898 1078
f 1079 1078 1259
f 1259 1078 1258
f 1259 1258 1439
f 1439 1258 1438
f 1439 1438 1619
f 1619 1438 1618
f 1619 1618 1799
f 1799 1618 1798
f 1799 1798 1979
f 1979 1798 1978
f 1979 1978 2159
f 2159 1978 2158
f 2159 2158 2339
f 2339 2158 2338
f 2339 2338 2519
f 2519 2338 2518
f 2519 2518 2699
f 2699 2518 2698
f 2699 2698 2879
f 2879 2698 2878
f 2879 2878 3059
f 3059 2878 3058
f 3059 3058 3239
f 3239 3058 3238
f 3239 3238 3419
f 3419 3238 3418
f 3419 3418 3599
f 3599 3418 3598
f 3599 3598 3779
f 3779 3598 3778
f 3779 3778 3959
f 3959 3778 3958
f 3959 3958 4138
f 3959 4138 4139
f 4139 4138 4319
f 4319 4138 4318
f 4319 4318 4499
f 4499 4318 4498
f 4499 4498 4679
f 4679 4498 4678
f 4679 4678 4859
f 4859 4678 4858
f 4859 4858 5039
f 5039 4858 5038
f 5039 5038 5219
f 5219 5038 5218
f 5219 5218 5399
f 5399 5218 5398
f 5399 5398 5579
f 5579 5398 5578
f 5579 5578 5759
f 5759 5578 5758
f 5759 5758 5939
f 5939 5758 5938
f 5939 5938 6119
f 6119 5938 6118
f 6119 6118 6299
f 6299 6118 6298
f 6299 6298 6479
f 6479 6298 6478
f 6479 6478 6659
f 6659 6478 6658
f 6659 6658 6839
f 6839 6658 6838
f 6839 6838 7019
f 7019 6838 7018
f 7019 7018 7199
f 7199 7018 7198
f 7199 7198 7379
f 7379 7198 7378
f 7379 7378 7559
f 7559 7378 7558
f 7559 7558 7739
f 7739 7558 7738
f 7739 7738 7919
f 7919 7738 7918
f 7919 7918 8099
f 8099 7918 8098
f 8099 8098 8279
f 8279 8098 8278
f 8279 8278 8459
f 8459 8278 8458
f 8459 8458 8639
f 8639 8458 8638
f 8639 8638 8819
f 8819 8638 8818
f 8819 8818 8999
f 8999 8818 8998
f 8999 8998 9179
f 9179 8998 9178
f 9179 9178 9359
f 9359 9178 9358
f 9359 9358 9539
f 9539 9358 9538
f 9539 9538 9719
f 9719 9538 9718
f 9719 9718 9899
f 9899 9718 9898
f 9899 9898 10079
f 10079 9898 10078
f 10079 10078 10259
f 10259 10078 10258
f 10259 10258 10439
f 10439 10258 10438
f 10439 10438 10619
f 10619 10438 10618
f 10619 10618 10799
f 10799 10618 10798
f 10799 10798 10979
f 10979 10798 10978
f 10979 10978 11159
f 11159 10978 11158
f 11159 11158 11339
f 11339 11158 11338
f 11339 11338 11519
f 11519 11338 11518
f 11519 11518 11699
f 11699 11518 11698
f 11699 11698 11879
f 11879 11698 11878
f 11879 11878 12059
f 12059 11878 12058
f 12059 12058 12239
f 12239 12058 12238
f 12239 12238 12419
f 12419 12238 12418
f 12419 12418 12599
f 12599 12418 12598
f 12599 12598 12779
f 12779 12598 12778
f 12779 12778 12959
f 12959 12778 12958
f 12959 12958 13139
f 13139 12958 13138
f 13139 13138 13319
f 13319 13138 13318
f 13319 13318 13499
f 13499 13318 13498
f 13499 13498 13679
f 13679 13498 13678
f 13679 13678 13859
f 13859 13678 13858
f 13859 13858 14039
f 14039 13858 14038
f 14039 14038 14219
f 14219 14038 14218
f 14219 14218 14399
f 14399 14218 14398
f 14399 14398 14579
f 14579 14398 14578
f 14579 14578 14759
f 14759 14578 14758
f 14759 14758 14939
f 14939 14758 14938
f 14939 14938 15119
f 15119 14938 15118
f 15119 15118 15299
f 15299 15118 15298
f 15299 15298 15479
f 15479 15298 15478
f 15479 15478 15659
f 15659 15478 15658
f 15659 15658 15839
f 15839 15658 15838
f 15839 15838 16019
f 16019 15838 16018
f 16019 16018 16022
f 178 1 177
f 178 177 358
f 358 177 357
f 358 357 538
f 538 357 537
f 538 537 718
f 718 537 717
f 718 717 898
f 898 717 897
f 898 897 1078
f 1078 897 1077
f 1078 1077 1258
f 1258 1077 1257
f 1258 1257 1438
f 1438 1257 1437
f 1438 1437 1618
f 1618 1437 1617
f 1618 1617 1798
f 1798 1617 1797
f 1798 1797 1978
f 1978 1797 1977
f 1978 1977 2158
f 2158 1977 2157
f 2158 2157 2338
f 2338 2157 2337
f 2338 2337 2518
f 2518 2337 2517
f 2518 2517 2698
f 2698 2517 2697
f 2698 2697 2878
f 2878 2697 2877
f 2878 2877 3058
f 3058 2877 3057
f 3058 3057 3238
f 3238 3057 3237
f 3238 3237 3418
f 3418 3237 3417
f 3418 3417 3598
f 3598 3417 3597
f 3598 3597 3778
f 3778 3597 3777
f 3778 3777 3958
f 3958 3777 3957
f 3958 3957 4137
f 3958 4137 4138
f 4138 4137 4317
f 4138 4317 4318
f 4318 4317 4497
f 4318 4497 4498
f 4498 4497 4677
f 4498 4677 4678
f 4678 4677 4857
f 4678 4857 4858
f 4858 4857 5037
f 4858 5037 5038
f 5038 5037 5217
f 5038 5217 5218
f 5218 5217 5397
f 5218 5397 5398
f 5398 5397 5577
f 5398 5577 5578
f 5578 5577 5757
f 5578 5757 5758
f 5758 5757 5937
f 5758 5937 5938
f 5938 5937 6117
f 5938 6117 6118
f 6118 6117 6297
f 6118 6297 6298
f 6298 6297 6477
f 6298 6477 6478
f 6478 6477 6657
f 6478 6657 6658
f 6658 6657 6837
f 6658 6837 6838
f 6838 6837 7017
f 6838 7017 7018
f 7018 7017 7197
f 7018 7197 7198
f 7198 7197 7377
f 7198 7377 7378
f 7378 7377 7557
f 7378 7557 7558
f 7558 7557 7737
f 7558 7737 7738
f 7738 7737 7917
f 7738 7917 7918
f 7918 7917 8097
f 7918 8097 8098
f 8098 8097 8277
f 8098 8277 8278
f 8278 8277 8457
f 8278 8457 8458
f 8458 8457 8637
f 8458 8637 8638
f 8638 8637 8817
f 8638 8817 8818
f 8818 8817 8997
f 8818 8997 8998
f 8998 8997 9177
f 8998 9177 9178
f 9178 9177 9357
f 9178 9357 9358
f 9358 9357 9537
f 9358 9537 9538
f 9538 9537 9717
f 9538 9717 9718
f 9718 9717 9897
f 9718 9897 9898
f 9898 9897 10077
f 9898 10077 10078
f 10078 10077 10257
f 10078 10257 10258
f 10258 10257 10437
f 10258 10437 10438
f 10438 10437 10617
f 10438 10617 10618
f 10618 10617 10797
f 10618 10797 10798
f 10798 10797 10978
f 10978 10797 10977
f 10978 10977 11158
f 11158 10977 11157
f 11158 11157 11338
f 11338 11157 11337
f 11338 11337 11518
f 11518 11337 11517
f 11518 11517 11698
f 11698 11517 11697
f 11698 11697 11878
f 11878 11697 11877
f 11878 11877 12058
f 12058 11877 12057
f 12058 12057 12238
f 12238 12057 12237
f 12238 12237 12418
f 12418 12237 12417
f 12418 12417 12598
f 12598 12417 12597
f 12598 12597 12778
f 12778 12597 12777
f 12778 12777 12958
f 12958 12777 12957
f 12958 12957 13138
f 13138 12957 13137
f 13138 13137 13318
f 13318 13137 13317
f 13318 13317 13498
f 13498 13317 13497
f 13498 13497 13678
f 13678 13497 13677
f 13678 13677 13858
f 13858 13677 13857
f 13858 13857 14038
f 14038 13857 14037
f 14038 14037 14218
f 14218 14037 14217
f 14218 14217 14398
f 14398 14217 14397
f 14398 14397 14578
f 14578 14397 14577
f 14578 14577 14758
f 14758 14577 14757
f 14758 14757 14938
f 14938 14757 14937
f 14938 14937 15118
f 15118 14937 15117
f 15118 15117 15298
f 15298 15117 15297
f 15298 15297 15478
f 15478 15297 15477
f 15478 15477 15658
f 15658 15477 15657
f 15658 15657 15838
f 15838 15657 15837
f 15838 15837 16018
f 16018 15837 16017
f 16018 16017 16022
f 177 1 176
f 177 176 357
f 357 176 356
f 357 356 537
f 537 356 536
f 537 536 717
f 717 536 716
f 717 716 897
f 897 716 896
f 897 896 1077
f 1077 896 1076
f 1077 1076 1257
f 1257 1076 1256
f 1257 1256 1437
f 1437 1256 1436
f 1437 1436 1617
f 1617 1436 1616
f 1617 1616 1797
f 1797 1616 1796
f 1797 1796 1977
f 1977 1796 1976
f 1977 1976 2157
f 2157 1976 2156
f 2157 2156 2337
f 2337 2156 2336
f 2337 2336 2517
f 2517 2336 2516
f 2517 2516 2697
f 2697 2516 2696
f 2697 2696 2877
f 2877 2696 2876
f 2877 2876 3057
f 3057 2876 3056
f 3057 3056 3237
f 3237 3056 3236
f 3237 3236 3417
f 3417 3236 3416
f 3417 3416 3597
f 3597 3416 3596
f 3597 3596 3777
f 3777 3596 3776
f 3777 3776 3957
f 3957 3776 3956
f 3957 3956 4137
f 4137 3956 4136
f 4137 4136 4317
f 4317 4136 4316
f 4317 4316 4497
f 4497 4316 4496
f 4497 4496 4677
f 4677 4496 4676
f 4677 4676 4857
f 4857 4676 4856
f 4857 4856 5037
f 5037 4856 5036
f 5037 5036 5217
f 5217 5036 5216
f 5217 5216 5397
f 5397 5216 5396
f 5397 5396 5577
f 5577 5396 5576
f 5577 5576 5757
f 5757 5576 5756
f 5757 5756 5937
f 5937 5756 5936
f 5937 5936 6117
f 6117 5936 6116
f 6117 6116 6297
f 6297 6116 6296
f 6297 6296 6477
f 6477 6296 6476
f 6477 6476 6657
f 6657 6476 6656
f 6657 6656 6837
f 6837 6656 6836
f 6837 6836 7017
f 7017 6836 7016
f 7017 7016 7197
f 7197 7016 7196
f 7197 7196 7377
f 7377 7196 7376
f 7377 7376 7557
f 7557 7376 7556
f 7557 7556 7737
f 7737 7556 7736
f 7737 7736 7917
f 7917 7736 7916
f 7917 7916 8097
f 8097 7916 8096
f 8097 8096 8277
f 8277 8096 8276
f 8277 8276 8457
f 8457 8276 8456
f 8457 8456 8637
f 8637 8456 8636
f 8637 8636 8817
f 8817 8636 8816
f 8817 8816 8997
f 8997 8816 8996
f 8997 8996 9177
f 9177 8996 9176
f 9177 9176 9357
f 9357 9176 9356
f 9357 9356 9537
f 9537 9356 9536
f 9537 9536 9717
f 9717 9536 9716
f 9717 9716 9897
f 9897 9716 9896
f 9897 9896 10077
f 10077 9896 10076
f 10077 10076 10257
f 10257 10076 10256
f 10257 10256 10437
f 10437 10256 10436
f 10437 10436 10617
f 10617 10436 10616
f 10617 10616 10796
f 10617 10796 10797
f 10797 10796 10977
f 10977 10796 10976
f 10977 10976 11157
f 11157 10976 11156
f 11157 11156 11337
f 11337 11156 11336
f 11337 11336 11517
f 11517 11336 11516
f 11517 11516 11697
f 11697 11516 11696
f 11697 11696 11877
f 11877 11696 11876
f 11877 11876 12057
f 12057 11876 12056
f 12057 12056 12237
f 12237 12056 12236
f 12237 12236 12417
f 12417 12236 12416
f 12417 12416 12597
f 12597 12416 12596
f 12597 12596 12777
f 12777 12596 12776
f 12777 12776 12957
f 12957 12776 12956
f 12957 12956 13137
f 13137 12956 13136
f 13137 13136 13317
f 13317 13136 13316
f 13317 13316 13497
f 13497 13316 13496
f 13497 13496 13677
f 13677 13496 13676
f 13677 13676 13857
f 13857 13676 13856
f 13857 13856 14037
f 14037 13856 14036
f 14037 14036 14217
f 14217 14036 14216
f 14217 14216 14397
f 14397 14216 14396
f 14397 14396 14577
f 14577 14396 14576
f 14577 14576 14757
f 14757 14576 14756
f 14757 14756 14937
f 14937 14756 14936
f 14937 14936 15117
f 15117 14936 15116
f 15117 15116 15297
f 15297 15116 15296
f 15297 15296 15477
f 15477 15296 15476
f 15477 15476 15657
f 15657 15476 15656
f 15657 15656 15837
f 15837 15656 15836
f 15837 15836 16017
f 16017 15836 16016
f 16017 16016 16022
f 176 1 175
f 176 175 356
f 356 175 355
f 356 355 536
f 536 355 535
f 536 535 716
f 716 535 715
f 716 715 896
f 896 715 895
f 896 895 1076
f 1076 895 1075
f 1076 1075 1255
f 1076 1255 1256
f 1256 1255 1436
f 1436 1255 1435
f 1436 1435 1616
f 1616 1435 1615
f 1616 1615 1796
f 1796 1615 1795
f 1796 1795 1976
f 1976 1795 1975
f 1976 1975 2156
f 2156 1975 2155
f 2156 2155 2336
f 2336 2155 2335
f 2336 2335 2516
f 2516 2335 2515
f 2516 2515 2696
f 2696 2515 2695
f 2696 2695 2876
f 2876 2695 2875
f 2876 2875 3056
f 3056 2875 3055
f 3056 3055 3236
f 3236 3055 3235
f 3236 3235 3416
f 3416 3235 3415
f 3416 3415 3596
f 3596 3415 3595
f 3596 3595 3776
f 3776 3595 3775
f 3776 3775 3956
f 3956 3775 3955
f 3956 3955 4136
f 4136 3955 4135
f 4136 4135 4316
f 4316 4135 4315
f 4316 4315 4496
f 4496 4315 4495
f 4496 4495 4676
f 4676 4495 4675
f 4676 4675 4856
f 4856 4675 4855
f 4856 4855 5036
f 5036 4855 5035
f 5036 5035 5216
f 5216 5035 5215
f 5216 5215 5396
f 5396 5215 5395
f 5396 5395 5576
f 5576 5395 5575
f 5576 5575 5756
f 5756 5575 5755
f 5756 5755 5936
f 5936 5755 5935
f 5936 5935 6116
f 6116 5935 6115
f 6116 6115 6296
f 6296 6115 6295
f 6296 6295 6476
f 6476 6295 6475
f 6476 6475 6656
f 6656 6475 6655
f 6656 6655 6836
f 6836 6655 6835
f 6836 6835 7016
f 7016 6835 7015
f 7016 7015 7196
f 7196 7015 7195
f 7196 7195 7376
f 7376 7195 7375
f 7376 7375 7556
f 7556 7375 7555
f 7556 7555 7736
f 7736 7555 7735
f 7736 7735 7916
f 7916 7735 7915
f 7916 7915 8096
f 8096 7915 8095
f 8096 8095 8276
f 8276 8095 8275
f 8276 8275 8456
f 8456 8275 8455
f 8456 8455 8636
f 8636 8455 8635
f 8636 8635 8816
f 8816 8635 8815
f 8816 8815 8996
f 8996 8815 8995
f 8996 8995 9176
f 9176 8995 9175
f 9176 9175 9356
f 9356 9175 9355
f 9356 9355 9536
f 9536 9355 9535
f 9536 9535 9716
f 9716 9535 9715
f 9716 9715 9896
f 9896 9715 9895
f 9896 9895 10076
f 10076 9895 10075
f 10076 10075 10256
f 10256 10075 10255
f 10256 10255 10436
f 10436 10255 10435
f 10436 10435 10616
f 10616 10435 10615
f 10616 10615 10796
f 10796 10615 10795
f 10796 10795 10976
f 10976 10795 10975
f 10976 10975 11156
f 11156 10975 11155
f 11156 11155 11336
f 11336 11155 11335
f 11336 11335 11516
f 11516 11335 11515
f 11516 11515 11696
f 11696 11515 11695
f 11696 11695 11876
f 11876 11695 11875
f 11876 11875 12056
f 12056 11875 12055
f 12056 12055 12236
f 12236 12055 12235
f 12236 12235 12416
f 12416 12235 12415
f 12416 12415 12596
f 12596 12415 12595
f 12596 12595 12776
f 12776 12595 12775
f 12776 12775 12956
f 12956 12775 12955
f 12956 12955 13136
f 13136 12955 13135
f 13136 13135 13316
f 13316 13135 13315
f 13316 13315 13496
f 13496 13315 13495
f 13496 13495 13676
f 13676 13495 13675
f 13676 13675 13856
f 13856 13675 13855
f 13856 13855 14036
f 14036 13855 14035
f 14036 14035 14216
f 14216 14035 14215
f 14216 14215 14396
f 14396 14215 14395
f 14396 14395 14576
f 14576 14395 14575
f 14576 14575 14756
f 14756 14575 14755
f 14756 14755 14936
f 14936 14755 14935
f 14936 14935 15116
f 15116 14935 15115
f 15116 15115 15296
f 15296 15115 15295
f 15296 15295 15476
f 15476 15295 15475
f 15476 15475 15656
f 15656 15475 15655
f 15656 15655 15836
f 15836 15655 15835
f 15836 15835 16016
f 16016 15835 16015
f 16016 16015 16022
f 175 1 174
f 175 174 355
f 355 174 354
f 355 354 535
f 535 354 534
f 535 534 715
f 715 534 714
f 715 714 895
f 895 714 894
f 895 894 1075
f 1075 894 1074
f 1075 1074 1254
f 1075 1254 1255
f 1255 1254 1434
f 1255 1434 1435
f 1435 1434 1614
f 1435 1614 1615
f 1615 1614 1794
f 1615 1794 1795
f 1795 1794 1974
f 1795 1974 1975
f 1975 1974 2154
f 1975 2154 2155
f 2155 2154 2334
f 2155 2334 2335
f 2335 2334 2514
f 2335 2514 2515
f 2515 2514 2694
f 2515 2694 2695
f 2695 2694 2874
f 2695 2874 2875
f 2875 2874 3054
f 2875 3054 3055
f 3055 3054 3234
f 3055 3234 3235
f 3235 3234 3414
f 3235 3414 3415
f 3415 3414 3594
f 3415 3594 3595
f 3595 3594 3774
f 3595 3774 3775
f 3775 3774 3954
f 3775 3954 3955
f 3955 3954 4134
f 3955 4134 4135
f 4135 4134 4314
f 4135 4314 4315
f 4315 4314 4494
f 4315 4494 4495
f 4495 4494 4674
f 4495 4674 4675
f 4675 4674 4854
f 4675 4854 4855
f 4855 4854 5034
f 4855 5034 5035
f 5035 5034 5214
f 5035 5214 5215
f 5215 5214 5394
f 5215 5394 5395
f 5395 5394 5574
f 5395 5574 5575
f 5575 5574 5754
f 5575 5754 5755
f 5755 5754 5934
f 5755 5934 5935
f 5935 5934 6114
f 5935 6114 6115
f 6115 6114 6294
f 6115 6294 6295
f 6295 6294 6474
f 6295 6474 6475
f 6475 6474 6654
f 6475 6654 6655
f 6655 6654 6834
f 6655 6834 6835
f 6835 6834 7014
f 6835 7014 7015
f 7015 7014 7194
f 7015 7194 7195
f 7195 7194 7374
f 7195 7374 7375
f 7375 7374 7554
f 7375 7554 7555
f 7555 7554 7734
f 7555 7734 7735
f 7735 7734 7914
f 7735 7914 7915
f 7915 7914 8094
f 7915 8094 8095
f 8095 8094 8275
f 8275 8094 8274
f 8275 8274 8455
f 8455 8274 8454
f 8455 8454 8635
f 8635 8454 8634
f 8635 8634 8815
f 8815 8634 8814
f 8815 8814 8995
f 8995 8814 8994
f 8995 8994 9175
f 9175 8994 9174
f 9175 9174 9355
f 9355 9174 9354
f 9355 9354 9535
f 9535 9354 9534
f 9535 9534 9715
f 9715 9534 9714
f 9715 9714 9895
f 9895 9714 9894
f 9895 9894 10075
f 10075 9894 10074
f 10075 10074 10255
f 10255 10074 10254
f 10255 10254 10435
f 10435 10254 10434
f 10435 10434 10615
f 10615 10434 10614
f 10615 10614 10795
f 10795 10614 10794
f 10795 10794 10975
f 10975 10794 10974
f 10975 10974 11155
f 11155 10974 11154
f 11155 11154 11335
f 11335 11154 11334
f 11335 11334 11515
f 11515 11334 11514
f 11515 11514 11695
f 11695 11514 11694
f 11695 11694 11875
f 11875 11694 11874
f 11875 11874 12055
f 12055 11874 12054
f 12055 12054 12235
f 12235 12054 12234
f 12235 12234 12415
f 12415 12234 12414
f 12415 12414 12595
f 12595 12414 12594
f 12595 12594 12775
f 12775 12594 12774
f 12775 12774 12955
f 12955 12774 12954
f 12955 12954 13135
f 13135 12954 13134
f 13135 13134 13315
f 13315 13134 13314
f 13315 13314 13495
f 13495 13314 13494
f 13495 13494 13675
f 13675 13494 13674
f 13675 13674 13855
f 13855 13674 13854
f 13855 13854 14035
f 14035 13854 14034
f 14035 14034 14215
f 14215 14034 14214
f 14215 14214 14395
f 14395 14214 14394
f 14395 14394 14575
f 14575 14394 14574
f 14575 14574 14755
f 14755 14574 14754
f 14755 14754 14935
f 14935 14754 14934
f 14935 14934 15115
f 15115 14934 15114
f 15115 15114 15295
f 15295 15114 15294
f 15295 15294 15475
f 15475 15294 15474
f 15475 15474 15655
f 15655 15474 15654
f 15655 15654 15835
f 15835 15654 15834
f 15835 15834 16015
f 16015 15834 16014
f 16015 16014 16022
f 174 1 173
f 174 173 354
f 354 173 353
f 354 353 534
f 534 353 533
f 534 533 714
f 714 533 713
f 714 713 894
f 894 713 893
f 894 893 1074
f 1074 893 1073
f 1074 1073 1254
f 1254 1073 1253
f 1254 1253 1434
f 1434 1253 1433
f 1434 1433 1614
f 1614 1433 1613
f 1614 1613 1794
f 1794 1613 1793
f 1794 1793 1974
f 1974 1793 1973
f 1974 1973 2154
f 2154 1973 2153
f 2154 2153 2334
f 2334 2153 2333
f 2334 2333 2514
f 2514 2333 2513
f 2514 2513 2694
f 2694 2513 2693
f 2694 2693 2874
f 2874 2693 2873
f 2874 2873 3054
f 3054 2873 3053
f 3054 3053 3234
f 3234 3053 3233
f 3234 3233 3414
f 3414 3233 3413
f 3414 3413 3594
f 3594 3413 3593
f 3594 3593 3774
f 3774 3593 3773
f 3774 3773 3954
f 3954 3773 3953
f 3954 3953 4134
f 4134 3953 4133
f 4134 4133 4314
f 4314 4133 4313
f 4314 4313 4494
f 4494 4313 4493
f 4494 4493 4674
f 4674 4493 4673
f 4674 4673 4854
f 4854 4673 4853
f 4854 4853 5034
f 5034 4853 5033
f 5034 5033 5214
f 5214 5033 5213
f 5214 5213 5394
f 5394 5213 5393
f 5394 5393 5574
f 5574 5393 5573
f 5574 5573 5754
f 5754 5573 5753
f 5754 5753 5934
f 5934 5753 5933
f 5934 5933 6114
f 6114 5933 6113
f 6114 6113 6294
f 6294 6113 6293
f 6294 6293 6474
f 6474 6293 6473
f 6474 6473 6654
f 6654 6473 6653
f 6654 6653 6834
f 6834 6653 6833
f 6834 6833 7014
f 7014 6833 7013
f 7014 7013 7194
f 7194 7013 7193
f 7194 7193 7374
f 7374 7193 7373
f 7374 7373 7554
f 7554 7373 7553
f 7554 7553 7734
f 7734 7553 7733
f 7734 7733 7914
f 7914 7733 7913
f 7914 7913 8093
f 7914 8093 8094
f 8094 8093 8273
f 8094 8273 8274
f 8274 8273 8453
f 8274 8453 8454
f 8454 8453 8633
f 8454 8633 8634
f 8634 8633 8813
f 8634 8813 8814
f 8814 8813 8993
f 8814 8993 8994
f 8994 8993 9173
f 8994 9173 9174
f 9174 9173 9353
f 9174 9353 9354
f 9354 9353 9533
f 9354 9533 9534
f 9534 9533 9713
f 9534 9713 9714
f 9714 9713 9893
f 9714 9893 9894
f 9894 9893 10073
f 9894 10073 10074
f 10074 10073 10253
f 10074 10253 10254
f 10254 10253 10433
f 10254 10433 10434
f 10434 10433 10613
f 10434 10613 10614
f 10614 10613 10793
f 10614 10793 10794
f 10794 10793 10973
f 10794 10973 10974
f 10974 10973 11153
f 10974 11153 11154
f 11154 11153 11333
f 11154 11333 11334
f 11334 11333 11513
f 11334 11513 11514
f 11514 11513 11693
f 11514 11693 11694
f 11694 11693 11873
f 11694 11873 11874
f 11874 11873 12053
f 11874 12053 12054
f 12054 12053 12233
f 12054 12233 12234
f 12234 12233 12413
f 12234 12413 12414
f 12414 12413 12593
f 12414 12593 12594
f 12594 12593 12773
f 12594 12773 12774
f 12774 12773 12953
f 12774 12953 12954
f 12954 12953 13133
f 12954 13133 13134
f 13134 13133 13313
f 13134 13313 13314
f 13314 13313 13493
f 13314 13493 13494
f 13494 13493 13673
f 13494 13673 13674
f 13674 13673 13853
f 13674 13853 13854
f 13854 13853 14033
f 13854 14033 14034
f 14034 14033 14213
f 14034 14213 14214
f 14214 14213 14393
f 14214 14393 14394
f 14394 14393 14573
f 14394 14573 14574
f 14574 14573 14753
f 14574 14753 14754
f 14754 14753 14933
f 14754 14933 14934
f 14934 14933 15114
f 15114 14933 15113
f 15114 15113 15294
f 15294 15113 15293
f 15294 15293 15474
f 15474 15293 15473
f 15474 15473 15654
f 15654 15473 15653
f 15654 15653 15834
f 15834 15653 15833
f 15834 15833 16014
f 16014 15833 16013
f 16014 16013 16022
f 173 1 172
f 173 172 353
f 353 172 352
f 353 352 533
f 533 352 532
f 533 532 713
f 713 532 712
f 713 712 893
f 893 712 892
f 893 892 1073
f 1073 892 1072
f 1073 1072 1253
f 1253 1072 1252
f 1253 1252 1433
f 1433 1252 1432
f 1433 1432 1613
f 1613 1432 1612
f 1613 1612 1793
f 1793 1612 1792
f 1793 1792 1973
f 1973 1792 1972
f 1973 1972 2153
f 2153 1972 2152
f 2153 2152 2333
f 2333 2152 2332
f 2333 2332 2513
f 2513 2332 2512
f 2513 2512 2693
f 2693 2512 2692
f 2693 2692 2873
f 2873 2692 2872
f 2873 2872 3053
f 3053 2872 3052
f 3053 3052 3233
f 3233 3052 3232
f 3233 3232 3413
f 3413 3232 3412
f 3413 3412 3593
f 3593 3412 3592
f 3593 3592 3773
f 3773 3592 3772
f 3773 3772 3953
f 3953 3772 3952
f 3953 3952 4133
f 4133 3952 4132
f 4133 4132 4313
f 4313 4132 4312
f 4313 4312 4493
f 4493 4312 4492
f 4493 4492 4673
f 4673 4492 4672
f 4673 4672 4853
f 4853 4672 4852
f 4853 4852 5033
f 5033 4852 5032
f 5033 5032 5213
f 5213 5032 5212
f 5213 5212 5393
f 5393 5212 5392
f 5393 5392 5573
f 5573 5392 5572
f 5573 5572 5753
f 5753 5572 5752
f 5753 5752 5933
f 5933 5752 5932
f 5933 5932 6113
f 6113 5932 6112
f 6113 6112 6293
f 6293 6112 6292
f 6293 6292 6473
f 6473 6292 6472
f 6473 6472 6653
f 6653 6472 6652
f 6653 6652 6833
f 6833 6652 6832
f 6833 6832 7013
f 7013 6832 7012
f 7013 7012 7193
f 7193 7012 7192
f 7193 7192 7373
f 7373 7192 7372
f 7373 7372 7553
f 7553 7372 7552
f 7553 7552 7733
f 7733 7552 7732
f 7733 7732 7913
f 7913 7732 7912
f 7913 7912 8093
f 8093 7912 8092
f 8093 8092 8273
f 8273 8092 8272
f 8273 8272 8453
f 8453 8272 8452
f 8453 8452 8633
f 8633 8452 8632
f 8633 8632 8813
f 8813 8632 8812
f 8813 8812 8993
f 8993 8812 8992
f 8993 8992 9173
f 9173 8992 9172
f 9173 9172 9353
f 9353 9172 9352
f 9353 9352 9533
f 9533 9352 9532
f 9533 9532 9713
f 9713 9532 9712
f 9713 9712 9893
f 9893 9712 9892
f 9893 9892 10073
f 10073 9892 10072
f 10073 10072 10253
f 10253 10072 10252
f 10253 10252 10433
f 10433 10252 10432
f 10433 10432 10613
f 10613 10432 10612
f 10613 10612 10793
f 10793 10612 10792
f 10793 10792 10973
f 10973 10792 10972
f 10973 10972 11153
f 11153 10972 11152
f 11153 11152 11333
f 11333 11152 11332
f 11333 11332 11513
f 11513 11332 11512
f 11513 11512 11693
f 11693 11512 11692
f 11693 11692 11873
f 11873 11692 11872
f 11873 11872 12053
f 12053 11872 12052
f 12053 12052 12233
f 12233 12052 12232
f 12233 12232 12413
f 12413 12232 12412
f 12413 12412 12593
f 12593 12412 12592
f 12593 12592 12773
f 12773 12592 12772
f 12773 12772 12953
f 12953 12772 12952
f 12953 12952 13133
f 13133 12952 13132
f 13133 13132 13313
f 13313 13132 13312
f 13313 13312 13493
f 13493 13312 13492
f 13493 13492 13673
f 13673 13492 13672
f 13673 13672 13853
f 13853 13672 13852
f 13853 13852 14033
f 14033 13852 14032
f 14033 14032 14213
f 14213 14032 14212
f 14213 14212 14393
f 14393 14212 14392
f 14393 14392 14573
f 14573 14392 14572
f 14573 14572 14753
f 14753 14572 14752
f 14753 14752 14932
f 14753 14932 14933
f 14933 14932 15113
f 15113 14932 15112
f 15113 15112 15293
f 15293 15112 15292
f 15293 15292 15473
f 15473 15292 15472
f 15473 15472 15653
f 15653 15472 15652
f 15653 15652 15833
f 15833 15652 15832
f 15833 15832 16013
f 16013 15832 16012
f 16013 16012 16022
f 172 1 171
f 172 171 352
f 352 171 351
f 352 351 532
f 532 351 531
f 532 531 712
f 712 531 711
f 712 711 892
f 892 711 891
f 892 891 1072
f 1072 891 1071
f 1072 1071 1252
f 1252 1071 1251
f 1252 1251 1432
f 1432 1251 1431
f 1432 1431 1612
f 1612 1431 1611
f 1612 1611 1792
f 1792 1611 1791
f 1792 1791 1972
f 1972 1791 1971
f 1972 1971 2152
f 2152 1971 2151
f 2152 2151 2332
f 2332 2151 2331
f 2332 2331 2512
f 2512 2331 2511
f 2512 2511 2692
f 2692 2511 2691
f 2692 2691 2872
f 2872 2691 2871
f 2872 2871 3052
f 3052 2871 3051
f 3052 3051 3232
f 3232 3051 3231
f 3232 3231 3412
f 3412 3231 3411
f 3412 3411 3592
f 3592 3411 3591
f 3592 3591 3772
f 3772 3591 3771
f 3772 3771 3952
f 3952 3771 3951
f 3952 3951 4132
f 4132 3951 4131
f 4132 4131 4312
f 4312 4131 4311
f 4312 4311 4492
f 4492 4311 4491
f 4492 4491 4672
f 4672 4491 4671
f 4672 4671 4852
f 4852 4671 4851
f 4852 4851 5032
f 5032 4851 5031
f 5032 5031 5211
f 5032 5211 5212
f 5212 5211 5392
f 5392 5211 5391
f 5392 5391 5572
f 5572 5391 5571
f 5572 5571 5752
f 5752 5571 5751
f 5752 5751 5932
f 5932 5751 5931
f 5932 5931 6112
f 6112 5931 6111
f 6112 6111 6292
f 6292 6111 6291
f 6292 6291 6472
f 6472 6291 6471
f 6472 6471 6652
f 6652 6471 6651
f 6652 6651 6832
f 6832 6651 6831
f 6832 6831 7012
f 7012 6831 7011
f 7012 7011 7192
f 7192 7011 7191
f 7192 7191 7372
f 7372 7191 7371
f 7372 7371 7552
f 7552 7371 7551
f 7552 7551 7732
f 7732 7551 7731
f 7732 7731 7912
f 7912 7731 7911
f 7912 7911 8092
f 8092 7911 8091
f 8092 8091 8272
f 8272 8091 8271
f 8272 8271 8452
f 8452 8271 8451
f 8452 8451 8632
f 8632 8451 8631
f 8632 8631 8812
f 8812 8631 8811
f 8812 8811 8992
f 8992 8811 8991
f 8992 8991 9172
f 9172 8991 9171
f 9172 9171 9352
f 9352 9171 9351
f 9352 9351 9532
f 9532 9351 9531
f 9532 9531 9712
f 9712 9531 9711
f 9712 9711 9892
f 9892 9711 9891
f 9892 9891 10072
f 10072 9891 10071
f 10072 10071 10252
f 10252 10071 10251
f 10252 10251 10432
f 10432 10251 10431
f 10432 10431 10612
f 10612 10431 10611
f 10612 10611 10792
f 10792 10611 10791
f 10792 10791 10972
f 10972 10791 10971
f 10972 10971 11152
f 11152 10971 11151
f 11152 11151 11332
f 11332 11151 11331
f 11332 11331 11512
f 11512 11331 11511
f 11512 11511 11692
f 11692 11511 11691
f 11692 11691 11872
f 11872 11691 11871
f 11872 11871 12052
f 12052 11871 12051
f 12052 12051 12232
f 12232 12051 12231
f 12232 12231 12412
f 12412 12231 12411
f 12412 12411 12592
f 12592 12411 12591
f 12592 12591 12772
f 12772 12591 12771
f 12772 12771 12952
f 12952 12771 12951
f 12952 12951 13132
f 13132 12951 13131
f 13132 13131 13312
f 13312 13131 13311
f 13312 13311 13492
f 13492 13311 13491
f 13492 13491 13672
f 13672 13491 13671
f 13672 13671 13852
f 13852 13671 13851
f 13852 13851 14032
f 14032 13851 14031
f 14032 14031 14212
f 14212 14031 14211
f 14212 14211 14392
f 14392 14211 14391
f 14392 14391 14572
f 14572 14391 14571
f 14572 14571 14752
f 14752 14571 14751
f 14752 14751 14932
f 14932 14751 14931
f 14932 14931 15112
f 15112 14931 15111
f 15112 15111 15292
f 15292 15111 15291
f 15292 15291 15472
f 15472 15291 15471
f 15472 15471 15652
f 15652 15471 15651
f 15652 15651 15832
f 15832 15651 15831
f 15832 15831 16012
f 16012 15831 16011
f 16012 16011 16022
f 171 1 170
f 171 170 351
f 351 170 350
f 351 350 531
f 531 350 530
f 531 530 711
f 711 530 710
f 711 710 891
f 891 710 890
f 891 890 1071
f 1071 890 1070
f 1071 1070 1251
f 1251 1070 1250
f 1251 1250 1431
f 1431 1250 1430
f 1431 1430 1611
f 1611 1430 1610
f 1611 1610 1791
f 1791 1610 1790
f 1791 1790 1971
f 1971 1790 1970
f 1971 1970 2151
f 2151 1970 2150
f 2151 2150 2331
f 2331 2150 2330
f 2331 2330 2511
f 2511 2330 2510
f 2511 2510 2691
f 2691 2510 2690
f 2691 2690 2871
f 2871 2690 2870
f 2871 2870 3051
f 3051 2870 3050
f 3051 3050 3231
f 3231 3050 3230
f 3231 3230 3411
f 3411 3230 3410
f 3411 3410 3591
f 3591 3410 3590
f 3591 3590 3771
f 3771 3590 3770
f 3771 3770 3951
f 3951 3770 3950
f 3951 3950 4131
f 4131 3950 4130
f 4131 4130 4311
f 4311 4130 4310
f 4311 4310 4491
f 4491 4310 4490
f 4491 4490 4671
f 4671 4490 4670
f 4671 4670 4851
f 4851 4670 4850
f 4851 4850 5031
f 5031 4850 5030
f 5031 5030 5210
f 5031 5210 5211
f 5211 5210 5390
f 5211 5390 5391
f 5391 5390 5570
f 5391 5570 5571
f 5571 5570 5750
f 5571 5750 5751
f 5751 5750 5930
f 5751 5930 5931
f 5931 5930 6110
f 5931 6110 6111
f 6111 6110 6290
f 6111 6290 6291
f 6291 6290 6470
f 6291 6470 6471
f 6471 6470 6650
f 6471 6650 6651
f 6651 6650 6830
f 6651 6830 6831
f 6831 6830 7010
f 6831 7010 7011
f 7011 7010 7190
f 7011 7190 7191
f 7191 7190 7370
f 7191 7370 7371
f 7371 7370 7550
f 7371 7550 7551
f 7551 7550 7730
f 7551 7730 7731
f 7731 7730 7910
f 7731 7910 7911
f 7911 7910 8090
f 7911 8090 8091
f 8091 8090 8270
f 8091 8270 8271
f 8271 8270 8450
f 8271 8450 8451
f 8451 8450 8630
f 8451 8630 8631
f 8631 8630 8810
f 8631 8810 8811
f 8811 8810 8990
f 8811 8990 8991
f 8991 8990 9170
f 8991 9170 9171
f 9171 9170 9350
f 9171 9350 9351
f 9351 9350 9530
f 9351 9530 9531
f 9531 9530 9710
f 9531 9710 9711
f 9711 9710 9890
f 9711 9890 9891
f 9891 9890 10070
f 9891 10070 10071
f 10071 10070 10250
f 10071 10250 10251
f 10251 10250 10430
f 10251 10430 10431
f 10431 10430 10610
f 10431 10610 10611
f 10611 10610 10790
f 10611 10790 10791
f 10791 10790 10970
f 10791 10970 10971
f 10971 10970 11150
f 10971 11150 11151
f 11151 11150 11330
f 11151 11330 11331
f 11331 11330 11510
f 11331 11510 11511
f 11511 11510 11690
f 11511 11690 11691
f 11691 11690 11870
f 11691 11870 11871
f 11871 11870 12050
f 11871 12050 12051
f 12051 12050 12231
f 12231 12050 12230
f 12231 12230 12411
f 12411 12230 12410
f 12411 12410 12591
f 12591 12410 12590
f 12591 12590 12771
f 12771 12590 12770
f 12771 12770 12951
f 12951 12770 12950
f 12951 12950 13131
f 13131 12950 13130
f 13131 13130 13311
f 13311 13130 13310
f 13311 13310 13491
f 13491 13310 13490
f 13491 13490 13671
f 13671 13490 13670
f 13671 13670 13851
f 13851 13670 13850
f 13851 13850 14031
f 14031 13850 14030
f 14031 14030 14211
f 14211 14030 14210
f 14211 14210 14391
f 14391 14210 14390
f 14391 14390 14571
f 14571 14390 14570
f 14571 14570 14751
f 14751 14570 14750
f 14751 14750 14931
f 14931 14750 14930
f 14931 14930 15111
f 15111 14930 15110
f 15111 15110 15291
f 15291 15110 15290
f 15291 15290 15471
f 15471 15290 15470
f 15471 15470 15651
f 15651 15470 15650
f 15651 15650 15831
f 15831 15650 15830
f 15831 15830 16011
f 16011 15830 16010
f 16011 16010 16022
f 170 1 169
f 170 169 350
f 350 169 349
f 350 349 530
f 530 349 529
f 530 529 710
f 710 529 709
f 710 709 890
f 890 709 889
f 890 889 1070
f 1070 889 1069
f 1070 1069 1250
f 1250 1069 1249
f 1250 1249 1430
f 1430 1249 1429
f 1430 1429 1610
f 1610 1429 1609
f 1610 1609 1790
f 1790 1609 1789
f 1790 1789 1970
f 1970 1789 1969
f 1970 1969 2150
f 2150 1969 2149
f 2150 2149 2330
f 2330 2149 2329
f 2330 2329 2510
f 2510 2329 2509
f 2510 2509 2690
f 2690 2509 2689
f 2690 2689 2870
f 2870 2689 2869
f 2870 2869 3050
f 3050 2869 3049
f 3050 3049 3230
f 3230 3049 3229
f 3230 3229 3410
f 3410 3229 3409
f 3410 3409 3590
f 3590 3409 3589
f 3590 3589 3770
f 3770 3589 3769
f 3770 3769 3950
f 3950 3769 3949
f 3950 3949 4130
f 4130 3949 4129
f 4130 4129 4310
f 4310 4129 4309
f 4310 4309 4490
f 4490 4309 4489
f 4490 4489 4670
f 4670 4489 4669
f 4670 4669 4850
f 4850 4669 4849
f 4850 4849 5030
f 5030 4849 5029
f 5030 5029 5210
f 5210 5029 5209
f 5210 5209 5390
f 5390 5209 5389
f 5390 5389 5570
f 5570 5389 5569
f 5570 5569 5750
f 5750 5569 5749
f 5750 5749 5930
f 5930 5749 5929
f 5930 5929 6110
f 6110 5929 6109
f 6110 6109 6290
f 6290 6109 6289
f 6290 6289 6470
f 6470 6289 6469
f 6470 6469 6650
f 6650 6469 6649
f 6650 6649 6830
f 6830 6649 6829
f 6830 6829 7010
f 7010 6829 7009
f 7010 7009 7190
f 7190 7009 7189
f 7190 7189 7370
f 7370 7189 7369
f 7370 7369 7550
f 7550 7369 7549
f 7550 7549 7730
f 7730 7549 7729
f 7730 7729 7910
f 7910 7729 7909
f 7910 7909 8090
f 8090 7909 8089
f 8090 8089 8270
f 8270 8089 8269
f 8270 8269 8450
f 8450 8269 8449
f 8450 8449 8630
f 8630 8449 8629
f 8630 8629 8810
f 8810 8629 8809
f 8810 8809 8990
f 8990 8809 8989
f 8990 8989 9170
f 9170 8989 9169
f 9170 9169 9350
f 9350 9169 9349
f 9350 9349 9530
f 9530 9349 9529
f 9530 9529 9710
f 9710 9529 9709
f 9710 9709 9890
f 9890 9709 9889
f 9890 9889 10070
f 10070 9889 10069
f 10070 10069 10250
f 10250 10069 10249
f 10250 10249 10430
f 10430 10249 10429
f 10430 10429 10610
f 10610 10429 10609
f 10610 10609 10790
f 10790 10609 10789
f 10790 10789 10970
f 10970 10789 10969
f 10970 10969 11150
f 11150 10969 11149
f 11150 11149 11330
f 11330 11149 11329
f 11330 11329 11510
f 11510 11329 11509
f 11510 11509 11690
f 11690 11509 11689
f 11690 11689 11870
f 11870 11689 11869
f 11870 11869 12049
f 11870 12049 12050
f 12050 12049 12230
f 12230 12049 12229
f 12230 12229 12410
f 12410 12229 12409
f 12410 12409 12590
f 12590 12409 12589
f 12590 12589 12770
f 12770 12589 12769
f 12770 12769 12950
f 12950 12769 12949
f 12950 12949 13130
f 13130 12949 13129
f 13130 13129 13310
f 13310 13129 13309
f 13310 13309 13490
f 13490 13309 13489
f 13490 13489 13670
f 13670 13489 13669
f 13670 13669 13850
f 13850 13669 13849
f 13850 13849 14030
f 14030 13849 14029
f 14030 14029 14210
f 14210 14029 14209
f 14210 14209 14390
f 14390 14209 14389
f 14390 14389 14570
f 14570 14389 14569
f 14570 14569 14750
f 14750 14569 14749
f 14750 14749 14930
f 14930 14749 14929
f 14930 14929 15110
f 15110 14929 15109
f 15110 15109 15290
f 15290 15109 15289
f 15290 15289 15470
f 15470 15289 15469
f 15470 15469 15650
f 15650 15469 15649
f 15650 15649 15830
f 15830 15649 15829
f 15830 15829 16010
f 16010 15829 16009
f 16010 16009 16022
f 169 1 168
f 169 168 349
f 349 168 348
f 349 348 529
f 529 348 528
f 529 528 709
f 709 528 708
f 709 708 889
f 889 708 888
f 889 888 1069
f 1069 888 1068
f 1069 1068 1249
f 1249 1068 1248
f 1249 1248 1429
f 1429 1248 1428
f 1429 1428 1609
f 1609 1428 1608
f 1609 1608 1789
f 1789 1608 1788
f 1789 1788 1969
f 1969 1788 1968
f 1969 1968 2149
f 2149 1968 2148
f 2149 2148 2329
f 2329 2148 2328
f 2329 2328 2508
f 2329 2508 2509
f 2509 2508 2689
f 2689 2508 2688
f 2689 2688 2869
f 2869 2688 2868
f 2869 2868 3049
f 3049 2868 3048
f 3049 3048 3229
f 3229 3048 3228
f 3229 3228 3409
f 3409 3228 3408
f 3409 3408 3589
f 3589 3408 3588
f 3589 3588 3769
f 3769 3588 3768
f 3769 3768 3949
f 3949 3768 3948
f 3949 3948 4129
f 4129 3948 4128
f 4129 4128 4309
f 4309 4128 4308
f 4309 4308 4489
f 4489 4308 4488
f 4489 4488 4669
f 4669 4488 4668
f 4669 4668 4849
f 4849 4668 4848
f 4849 4848 5029
f 5029 4848 5028
f 5029 5028 5209
f 5209 5028 5208
f 5209 5208 5389
f 5389 5208 5388
f 5389 5388 5569
f 5569 5388 5568
f 5569 5568 5749
f 5749 5568 5748
f 5749 5748 5929
f 5929 5748 5928
f 5929 5928 6109
f 6109 5928 6108
f 6109 6108 6289
f 6289 6108 6288
f 6289 6288 6469
f 6469 6288 6468
f 6469 6468 6649
f 6649 6468 6648
f 6649 6648 6829
f 6829 6648 6828
f 6829 6828 7009
f 7009 6828 7008
f 7009 7008 7189
f 7189 7008 7188
f 7189 7188 7369
f 7369 7188 7368
f 7369 7368 7549
f 7549 7368 7548
f 7549 7548 7729
f 7729 7548 7728
f 7729 7728 7909
f 7909 7728 7908
f 7909 7908 8089
f 8089 7908 8088
f 8089 8088 8269
f 8269 8088 8268
f 8269 8268 8449
f 8449 8268 8448
f 8449 8448 8629
f 8629 8448 8628
f 8629 8628 8809
f 8809 8628 8808
f 8809 8808 8989
f 8989 8808 8988
f 8989 8988 9169
f 9169 8988 9168
f 9169 9168 9349
f 9349 9168 9348
f 9349 9348 9529
f 9529 9348 9528
f 9529 9528 9709
f 9709 9528 9708
f 9709 9708 9889
f 9889 9708 9888
f 9889 9888 10069
f 10069 9888 10068
f 10069 10068 10249
f 10249 10068 10248
f 10249 10248 10429
f 10429 10248 10428
f 10429 10428 10609
f 10609 10428 10608
f 10609 10608 10789
f 10789 10608 10788
f 10789 10788 10969
f 10969 10788 10968
f 10969 10968 11149
f 11149 10968 11148
f 11149 11148 11329
f 11329 11148 11328
f 11329 11328 11509
f 11509 11328 11508
f 11509 11508 11689
f 11689 11508 11688
f 11689 11688 11869
f 11869 11688 11868
f 11869 11868 12049
f 12049 11868 12048
f 12049 12048 12229
f 12229 12048 12228
f 12229 12228 12409
f 12409 12228 12408
f 12409 12408 12589
f 12589 12408 12588
f 12589 12588 12769
f 12769 12588 12768
f 12769 12768 12949
f 12949 12768 12948
f 12949 12948 13129
f 13129 12948 13128
f 13129 13128 13309
f 13309 13128 13308
f 13309 13308 13489
f 13489 13308 13488
f 13489 13488 13669
f 13669 13488 13668
f 13669 13668 13849
f 13849 13668 13848
f 13849 13848 14029
f 14029 13848 14028
f 14029 14028 14209
f 14209 14028 14208
f 14209 14208 14389
f 14389 14208 14388
f 14389 14388 14569
f 14569 14388 14568
f 14569 14568 14749
f 14749 14568 14748
f 14749 14748 14929
f 14929 14748 14928
f 14929 14928 15109
f 15109 14928 15108
f 15109 15108 15289
f 15289 15108 15288
f 15289 15288 15469
f 15469 15288 15468
f 15469 15468 15649
f 15649 15468 15648
f 15649 15648 15829
f 15829 15648 15828
f 15829 15828 16009
f 16009 15828 16008
f 16009 16008 16022
f 168 1 167
f 168 167 348
f 348 167 347
f 348 347 528
f 528 347 527
f 528 527 708
f 708 527 707
f 708 707 888
f 888 707 887
f 888 887 1068
f 1068 887 1067
f 1068 1067 1248
f 1248 1067 1247
f 1248 1247 1428
f 1428 1247 1427
f 1428 1427 1608
f 1608 1427 1607
f 1608 1607 1788
f 1788 1607 1787
f 1788 1787 1968
f 1968 1787 1967
f 1968 1967 2148
f 2148 1967 2147
f 2148 2147 2328
f 2328 2147 2327
f 2328 2327 2507
f 2328 2507 2508
f 2508 2507 2687
f 2508 2687 2688
f 2688 2687 2867
f 2688 2867 2868
f 2868 2867 3047
f 2868 3047 3048
f 3048 3047 3227
f 3048 3227 3228
f 3228 3227 3407
f 3228 3407 3408
f 3408 3407 3587
f 3408 3587 3588
f 3588 3587 3767
f 3588 3767 3768
f 3768 3767 3947
f 3768 3947 3948
f 3948 3947 4127
f 3948 4127 4128
f 4128 4127 4307
f 4128 4307 4308
f 4308 4307 4487
f 4308 4487 4488
f 4488 4487 4667
f 4488 4667 4668
f 4668 4667 4847
f 4668 4847 4848
f 4848 4847 5027
f 4848 5027 5028
f 5028 5027 5207
f 5028 5207 5208
f 5208 5207 5387
f 5208 5387 5388
f 5388 5387 5567
f 5388 5567 5568
f 5568 5567 5747
f 5568 5747 5748
f 5748 5747 5927
f 5748 5927 5928
f 5928 5927 6107
f 5928 6107 6108
f 6108 6107 6287
f 6108 6287 6288
f 6288 6287 6467
f 6288 6467 6468
f 6468 6467 6647
f 6468 6647 6648
f 6648 6647 6827
f 6648 6827 6828
f 6828 6827 7007
f 6828 7007 7008
f 7008 7007 7187
f 7008 7187 7188
f 7188 7187 7367
f 7188 7367 7368
f 7368 7367 7547
f 7368 7547 7548
f 7548 7547 7727
f 7548 7727 7728
f 7728 7727 7907
f 7728 7907 7908
f 7908 7907 8087
f 7908 8087 8088
f 8088 8087 8267
f 8088 8267 8268
f 8268 8267 8447
f 8268 8447 8448
f 8448 8447 8627
f 8448 8627 8628
f 8628 8627 8807
f 8628 8807 8808
f 8808 8807 8987
f 8808 8987 8988
f 8988 8987 9167
f 8988 9167 9168
f 9168 9167 9347
f 9168 9347 9348
f 9348 9347 9528
f 9528 9347 9527
f 9528 9527 9708
f 9708 9527 9707
f 9708 9707 9888
f 9888 9707 9887
f 9888 9887 10068
f 10068 9887 10067
f 10068 10067 10248
f 10248 10067 10247
f 10248 10247 10428
f 10428 10247 10427
f 10428 10427 10608
f 10608 10427 10607
f 10608 10607 10788
f 10788 10607 10787
f 10788 10787 10968
f 10968 10787 10967
f 10968 10967 11148
f 11148 10967 11147
f 11148 11147 11328
f 11328 11147 11327
f 11328 11327 11508
f 11508 11327 11507
f 11508 11507 11688
f 11688 11507 11687
f 11688 11687 11868
f 11868 11687 11867
f 11868 11867 12048
f 12048 11867 12047
f 12048 12047 12228
f 12228 12047 12227
f 12228 12227 12408
f 12408 12227 12407
f 12408 12407 12588
f 12588 12407 12587
f 12588 12587 12768
f 12768 12587 12767
f 12768 12767 12948
f 12948 12767 12947
f 12948 12947 13128
f 13128 12947 13127
f 13128 13127 13308
f 13308 13127 13307
f 13308 13307 13488
f 13488 13307 13487
f 13488 13487 13668
f 13668 13487 13667
f 13668 13667 13848
f 13848 13667 13847
f 13848 13847 14028
f 14028 13847 14027
f 14028 14027 14208
f 14208 14027 14207
f 14208 14207 14388
f 14388 14207 14387
f 14388 14387 14568
f 14568 14387 14567
f 14568 14567 14748
f 14748 14567 14747
f 14748 14747 14928
f 14928 14747 14927
f 14928 14927 15108
f 15108 14927 15107
f 15108 15107 15288
f 15288 15107 15287
f 15288 15287 15468
f 15468 15287 15467
f 15468 15467 15648
f 15648 15467 15647
f 15648 15647 15828
f 15828 15647 15827
f 15828 15827 16008
f 16008 15827 16007
f 16008 16007 16022
f 167 1 166
f 167 166 347
f 347 166 346
f 347 346 527
f 527 346 526
f 527 526 707
f 707 526 706
f 707 706 887
f 887 706 886
f 887 886 1067
f 1067 886 1066
f 1067 1066 1247
f 1247 1066 1246
f 1247 1246 1427
f 1427 1246 1426
f 1427 1426 1607
f 1607 1426 1606
f 1607 1606 1787
f 1787 1606 1786
f 1787 1786 1967
f 1967 1786 1966
f 1967 1966 2147
f 2147 1966 2146
f 2147 2146 2327
f 2327 2146 2326
f 2327 2326 2507
f 2507 2326 2506
f 2507 2506 2687
f 2687 2506 2686
f 2687 2686 2867
f 2867 2686 2866
f 2867 2866 3047
f 3047 2866 3046
f 3047 3046 3227
f 3227 3046 3226
f 3227 3226 3407
f 3407 3226 3406
f 3407 3406 3587
f 3587 3406 3586
f 3587 3586 3767
f 3767 3586 3766
f 3767 3766 3947
f 3947 3766 3946
f 3947 3946 4127
f 4127 3946 4126
f 4127 4126 4307
f 4307 4126 4306
f 4307 4306 4487
f 4487 4306 4486
f 4487 4486 4667
f 4667 4486 4666
f 4667 4666 4847
f 4847 4666 4846
f 4847 4846 5027
f 5027 4846 5026
f 5027 5026 5207
f 5207 5026 5206
f 5207 5206 5387
f 5387 5206 5386
f 5387 5386 5567
f 5567 5386 5566
f 5567 5566 5747
f 5747 5566 5746
f 5747 5746 5927
f 5927 5746 5926
f 5927 5926 6107
f 6107 5926 6106
f 6107 6106 6287
f 6287 6106 6286
f 6287 6286 6467
f 6467 6286 6466
f 6467 6466 6647
f 6647 6466 6646
f 6647 6646 6827
f 6827 6646 6826
f 6827 6826 7007
f 7007 6826 7006
f 7007 7006 7187
f 7187 7006 7186
f 7187 7186 7367
f 7367 7186 7366
f 7367 7366 7547
f 7547 7366 7546
f 7547 7546 7727
f 7727 7546 7726
f 7727 7726 7907
f 7907 7726 7906
f 7907 7906 8087
f 8087 7906 8086
f 8087 8086 8267
f 8267 8086 8266
f 8267 8266 8447
f 8447 8266 8446
f 8447 8446 8627
f 8627 8446 8626
f 8627 8626 8807
f 8807 8626 8806
f 8807 8806 8987
f 8987 8806 8986
f 8987 8986 9167
f 9167 8986 9166
f 9167 9166 9346
f 9167 9346 9347
f 9347 9346 9526
f 9347 9526 9527
f 9527 9526 9706
f 9527 9706 9707
f 9707 9706 9886
f 9707 9886 9887
f 9887 9886 10066
f 9887 10066 10067
f 10067 10066 10246
f 10067 10246 10247
f 10247 10246 10426
f 10247 10426 10427
f 10427 10426 10606
f 10427 10606 10607
f 10607 10606 10786
f 10607 10786 10787
f 10787 10786 10966
f 10787 10966 10967
f 10967 10966 11146
f 10967 11146 11147
f 11147 11146 11326
f 11147 11326 11327
f 11327 11326 11506
f 11327 11506 11507
f 11507 11506 11686
f 11507 11686 11687
f 11687 11686 11866
f 11687 11866 11867
f 11867 11866 12046
f 11867 12046 12047
f 12047 12046 12226
f 12047 12226 12227
f 12227 12226 12406
f 12227 12406 12407
f 12407 12406 12586
f 12407 12586 12587
f 12587 12586 12766
f 12587 12766 12767
f 12767 12766 12946
f 12767 12946 12947
f 12947 12946 13126
f 12947 13126 13127
f 13127 13126 13306
f 13127 13306 13307
f 13307 13306 13486
f 13307 13486 13487
f 13487 13486 13666
f 13487 13666 13667
f 13667 13666 13846
f 13667 13846 13847
f 13847 13846 14026
f 13847 14026 14027
f 14027 14026 14206
f 14027 14206 14207
f 14207 14206 14386
f 14207 14386 14387
f 14387 14386 14566
f 14387 14566 14567
f 14567 14566 14746
f 14567 14746 14747
f 14747 14746 14926
f 14747 14926 14927
f 14927 14926 15106
f 14927 15106 15107
f 15107 15106 15286
f 15107 15286 15287
f 15287 15286 15466
f 15287 15466 15467
f 15467 15466 15646
f 15467 15646 15647
f 15647 15646 15826
f 15647 15826 15827
f 15827 15826 16006
f 15827 16006 16007
f 16007 16006 16022
f 166 1 165
f 166 165 346
f 346 165 345
f 346 345 526
f 526 345 525
f 526 525 706
f 706 525 705
f 706 705 886
f 886 705 885
f 886 885 1066
f 1066 885 1065
f 1066 1065 1246
f 1246 1065 1245
f 1246 1245 1426
f 1426 1245 1425
f 1426 1425 1606
f 1606 1425 1605
f 1606 1605 1786
f 1786 1605 1785
f 1786 1785 1966
f 1966 1785 1965
f 1966 1965 2146
f 2146 1965 2145
f 2146 2145 2326
f 2326 2145 2325
f 2326 2325 2506
f 2506 2325 2505
f 2506 2505 2686
f 2686 2505 2685
f 2686 2685 2866
f 2866 2685 2865
f 2866 2865 3046
f 3046 2865 3045
f 3046 3045 3226
f 3226 3045 3225
f 3226 3225 3406
f 3406 3225 3405
f 3406 3405 3586
f 3586 3405 3585
f 3586 3585 3766
f 3766 3585 3765
f 3766 3765 3946
f 3946 3765 3945
f 3946 3945 4126
f 4126 3945 4125
f 4126 4125 4306
f 4306 4125 4305
f 4306 4305 4486
f 4486 4305 4485
f 4486 4485 4666
f 4666 4485 4665
f 4666 4665 4846
f 4846 4665 4845
f 4846 4845 5026
f 5026 4845 5025
f 5026 5025 5206
f 5206 5025 5205
f 5206 5205 5386
f 5386 5205 5385
f 5386 5385 5566
f 5566 5385 5565
f 5566 5565 5746
f 5746 5565 5745
f 5746 5745 5926
f 5926 5745 5925
f 5926 5925 6106
f 6106 5925 6105
f 6106 6105 6286
f 6286 6105 6285
f 6286 6285 6466
f 6466 6285 6465
f 6466 6465 6646
f 6646 6465 6645
f 6646 6645 6826
f 6826 6645 6825
f 6826 6825 7006
f 7006 6825 7005
f 7006 7005 7186
f 7186 7005 7185
f 7186 7185 7366
f 7366 7185 7365
f 7366 7365 7546
f 7546 7365 7545
f 7546 7545 7726
f 7726 7545 7725
f 7726 7725 7906
f 7906 7725 7905
f 7906 7905 8086
f 8086 7905 8085
f 8086 8085 8266
f 8266 8085 8265
f 8266 8265 8446
f 8446 8265 8445
f 8446 8445 8626
f 8626 8445 8625
f 8626 8625 8806
f 8806 8625 8805
f 8806 8805 8986
f 8986 8805 8985
f 8986 8985 9166
f 9166 8985 9165
f 9166 9165 9346
f 9346 9165 9345
f 9346 9345 9526
f 9526 9345 9525
f 9526 9525 9706
f 9706 9525 9705
f 9706 9705 9886
f 9886 9705 9885
f 9886 9885 10066
f 10066 9885 10065
f 10066 10065 10246
f 10246 10065 10245
f 10246 10245 10426
f 10426 10245 10425
f 10426 10425 10606
f 10606 10425 10605
f 10606 10605 10786
f 10786 10605 10785
f 10786 10785 10966
f 10966 10785 10965
f 10966 10965 11146
f 11146 10965 11145
f 11146 11145 11326
f 11326 11145 11325
f 11326 11325 11506
f 11506 11325 11505
f 11506 11505 11686
f 11686 11505 11685
f 11686 11685 11866
f 11866 11685 11865
f 11866 11865 12046
f 12046 11865 12045
f 12046 12045 12226
f 12226 12045 12225
f 12226 12225 12406
f 12406 12225 12405
f 12406 12405 12586
f 12586 12405 12585
f 12586 12585 12766
f 12766 12585 12765
f 12766 12765 12946
f 12946 12765 12945
f 12946 12945 13126
f 13126 12945 13125
f 13126 13125 13306
f 13306 13125 13305
f 13306 13305 13486
f 13486 13305 13485
f 13486 13485 13666
f 13666 13485 13665
f 13666 13665 13846
f 13846 13665 13845
f 13846 13845 14026
f 14026 13845 14025
f 14026 14025 14206
f 14206 14025 14205
f 14206 14205 14386
f 14386 14205 14385
f 14386 14385 14566
f 14566 14385 14565
f 14566 14565 14746
f 14746 14565 14745
f 14746 14745 14926
f 14926 14745 14925
f 14926 14925 15106
f 15106 14925 15105
f 15106 15105 15286
f 15286 15105 15285
f 15286 15285 15466
f 15466 15285 15465
f 15466 15465 15646
f 15646 15465 15645
f 15646 15645 15826
f 15826 15645 15825
f 15826 15825 16005
f 15826 16005 16006
f 16006 16005 16022
f 165 1 164
f 165 164 345
f 345 164 344
f 345 344 525
f 525 344 524
f 525 524 705
f 705 524 704
f 705 704 885
f 885 704 884
f 885 884 1065
f 1065 884 1064
f 1065 1064 1245
f 1245 1064 1244
f 1245 1244 1425
f 1425 1244 1424
f 1425 1424 1605
f 1605 1424 1604
f 1605 1604 1785
f 1785 1604 1784
f 1785 1784 1965
f 1965 1784 1964
f 1965 1964 2145
f 2145 1964 2144
f 2145 2144 2325
f 2325 2144 2324
f 2325 2324 2505
f 2505 2324 2504
f 2505 2504 2685
f 2685 2504 2684
f 2685 2684 2865
f 2865 2684 2864
f 2865 2864 3045
f 3045 2864 3044
f 3045 3044 3225
f 3225 3044 3224
f 3225 3224 3405
f 3405 3224 3404
f 3405 3404 3585
f 3585 3404 3584
f 3585 3584 3765
f 3765 3584 3764
f 3765 3764 3945
f 3945 3764 3944
f 3945 3944 4125
f 4125 3944 4124
f 4125 4124 4305
f 4305 4124 4304
f 4305 4304 4485
f 4485 4304 4484
f 4485 4484 4665
f 4665 4484 4664
f 4665 4664 4845
f 4845 4664 4844
f 4845 4844 5025
f 5025 4844 5024
f 5025 5024 5205
f 5205 5024 5204
f 5205 5204 5385
f 5385 5204 5384
f 5385 5384 5565
f 5565 5384 5564
f 5565 5564 5745
f 5745 5564 5744
f 5745 5744 5925
f 5925 5744 5924
f 5925 5924 6105
f 6105 5924 6104
f 6105 6104 6285
f 6285 6104 6284
f 6285 6284 6464
f 6285 6464 6465
f 6465 6464 6645
f 6645 6464 6644
f 6645 6644 6825
f 6825 6644 6824
f 6825 6824 7005
f 7005 6824 7004
f 7005 7004 7185
f 7185 7004 7184
f 7185 7184 7365
f 7365 7184 7364
f 7365 7364 7545
f 7545 7364 7544
f 7545 7544 7725
f 7725 7544 7724
f 7725 7724 7905
f 7905 7724 7904
f 7905 7904 8085
f 8085 7904 8084
f 8085 8084 8265
f 8265 8084 8264
f 8265 8264 8445
f 8445 8264 8444
f 8445 8444 8625
f 8625 8444 8624
f 8625 8624 8805
f 8805 8624 8804
f 8805 8804 8985
f 8985 8804 8984
f 8985 8984 9165
f 9165 8984 9164
f 9165 9164 9345
f 9345 9164 9344
f 9345 9344 9525
f 9525 9344 9524
f 9525 9524 9705
f 9705 9524 9704
f 9705 9704 9885
f 9885 9704 9884
f 9885 9884 10065
f 10065 9884 10064
f 10065 10064 10245
f 10245 10064 10244
f 10245 10244 10425
f 10425 10244 10424
f 10425 10424 10605
f 10605 10424 10604
f 10605 10604 10785
f 10785 10604 10784
f 10785 10784 10965
f 10965 10784 10964
f 10965 10964 11145
f 11145 10964 11144
f 11145 11144 11325
f 11325 11144 11324
f 11325 11324 11505
f 11505 11324 11504
f 11505 11504 11685
f 11685 11504 11684
f 11685 11684 11865
f 11865 11684 11864
f 11865 11864 12045
f 12045 11864 12044
f 12045 12044 12225
f 12225 12044 12224
f 12225 12224 12405
f 12405 12224 12404
f 12405 12404 12585
f 12585 12404 12584
f 12585 12584 12765
f 12765 12584 12764
f 12765 12764 12945
f 12945 12764 12944
f 12945 12944 13125
f 13125 12944 13124
f 13125 13124 13305
f 13305 13124 13304
f 13305 13304 13485
f 13485 13304 13484
f 13485 13484 13665
f 13665 13484 13664
f 13665 13664 13845
f 13845 13664 13844
f 13845 13844 14025
f 14025 13844 14024
f 14025 14024 14205
f 14205 14024 14204
f 14205 14204 14385
f 14385 14204 14384
f 14385 14384 14565
f 14565 14384 14564
f 14565 14564 14745
f 14745 14564 14744
f 14745 14744 14925
f 14925 14744 14924
f 14925 14924 15105
f 15105 14924 15104
f 15105 15104 15285
f 15285 15104 15284
f 15285 15284 15465
f 15465 15284 15464
f 15465 15464 15645
f 15645 15464 15644
f 15645 15644 15825
f 15825 15644 15824
f 15825 15824 16005
f 16005 15824 16004
f 16005 16004 16022
f 164 1 163
f 164 163 344
f 344 163 343
f 344 343 524
f 524 343 523
f 524 523 704
f 704 523 703
f 704 703 884
f 884 703 883
f 884 883 1064
f 1064 883 1063
f 1064 1063 1244
f 1244 1063 1243
f 1244 1243 1424
f 1424 1243 1423
f 1424 1423 1604
f 1604 1423 1603
f 1604 1603 1784
f 1784 1603 1783
f 1784 1783 1964
f 1964 1783 1963
f 1964 1963 2144
f 2144 1963 2143
f 2144 2143 2324
f 2324 2143 2323
f 2324 2323 2504
f 2504 2323 2503
f 2504 2503 2684
f 2684 2503 2683
f 2684 2683 2864
f 2864 2683 2863
f 2864 2863 3044
f 3044 2863 3043
f 3044 3043 3224
f 3224 3043 3223
f 3224 3223 3404
f 3404 3223 3403
f 3404 3403 3584
f 3584 3403 3583
f 3584 3583 3764
f 3764 3583 3763
f 3764 3763 3944
f 3944 3763 3943
f 3944 3943 4124
f 4124 3943 4123
f 4124 4123 4304
f 4304 4123 4303
f 4304 4303 4484
f 4484 4303 4483
f 4484 4483 4664
f 4664 4483 4663
f 4664 4663 4844
f 4844 4663 4843
f 4844 4843 5024
f 5024 4843 5023
f 5024 5023 5204
f 5204 5023 5203
f 5204 5203 5384
f 5384 5203 5383
f 5384 5383 5564
f 5564 5383 5563
f 5564 5563 5744
f 5744 5563 5743
f 5744 5743 5924
f 5924 5743 5923
f 5924 5923 6104
f 6104 5923 6103
f 6104 6103 6284
f 6284 6103 6283
f 6284 6283 6463
f 6284 6463 6464
f 6464 6463 6643
f 6464 6643 6644
f 6644 6643 6823
f 6644 6823 6824
f 6824 6823 7003
f 6824 7003 7004
f 7004 7003 7183
f 7004 7183 7184
f 7184 7183 7363
f 7184 7363 7364
f 7364 7363 7543
f 7364 7543 7544
f 7544 7543 7723
f 7544 7723 7724
f 7724 7723 7903
f 7724 7903 7904
f 7904 7903 8083
f 7904 8083 8084
f 8084 8083 8263
f 8084 8263 8264
f 8264 8263 8443
f 8264 8443 8444
f 8444 8443 8623
f 8444 8623 8624
f 8624 8623 8803
f 8624 8803 8804
f 8804 8803 8983
f 8804 8983 8984
f 8984 8983 9163
f 8984 9163 9164
f 9164 9163 9343
f 9164 9343 9344
f 9344 9343 9523
f 9344 9523 9524
f 9524 9523 9703
f 9524 9703 9704
f 9704 9703 9883
f 9704 9883 9884
f 9884 9883 10063
f 9884 10063 10064
f 10064 10063 10243
f 10064 10243 10244
f 10244 10243 10423
f 10244 10423 10424
f 10424 10423 10603
f 10424 10603 10604
f 10604 10603 10783
f 10604 10783 10784
f 10784 10783 10963
f 10784 10963 10964
f 10964 10963 11143
f 10964 11143 11144
f 11144 11143 11323
f 11144 11323 11324
f 11324 11323 11503
f 11324 11503 11504
f 11504 11503 11683
f 11504 11683 11684
f 11684 11683 11863
f 11684 11863 11864
f 11864 11863 12043
f 11864 12043 12044
f 12044 12043 12223
f 12044 12223 12224
f 12224 12223 12403
f 12224 12403 12404
f 12404 12403 12583
f 12404 12583 12584
f 12584 12583 12763
f 12584 12763 12764
f 12764 12763 12943
f 12764 12943 12944
f 12944 12943 13123
f 12944 13123 13124
f 13124 13123 13304
f 13304 13123 13303
f 13304 13303 13484
f 13484 13303 13483
f 13484 13483 13664
f 13664 13483 13663
f 13664 13663 13844
f 13844 13663 13843
f 13844 13843 14024
f 14024 13843 14023
f 14024 14023 14204
f 14204 14023 14203
f 14204 14203 14384
f 14384 14203 14383
f 14384 14383 14564
f 14564 14383 14563
f 14564 14563 14744
f 14744 14563 14743
f 14744 14743 14924
f 14924 14743 14923
f 14924 14923 15104
f 15104 14923 15103
f 15104 15103 15284
f 15284 15103 15283
f 15284 15283 15464
f 15464 15283 15463
f 15464 15463 15644
f 15644 15463 15643
f 15644 15643 15824
f 15824 15643 15823
f 15824 15823 16004
f 16004 15823 16003
f 16004 16003 16022
f 163 1 162
f 163 162 343
f 343 162 342
f 343 342 523
f 523 342 522
f 523 522 703
f 703 522 702
f 703 702 883
f 883 702 882
f 883 882 1063
f 1063 882 1062
f 1063 1062 1243
f 1243 1062 1242
f 1243 1242 1423
f 1423 1242 1422
f 1423 1422 1603
f 1603 1422 1602
f 1603 1602 1783
f 1783 1602 1782
f 1783 1782 1963
f 1963 1782 1962
f 1963 1962 2143
f 2143 1962 2142
f 2143 2142 2323
f 2323 2142 2322
f 2323 2322 2503
f 2503 2322 2502
f 2503 2502 2683
f 2683 2502 2682
f 2683 2682 2863
f 2863 2682 2862
f 2863 2862 3043
f 3043 2862 3042
f 3043 3042 3223
f 3223 3042 3222
f 3223 3222 3403
f 3403 3222 3402
f 3403 3402 3583
f 3583 3402 3582
f 3583 3582 3763
f 3763 3582 3762
f 3763 3762 3943
f 3943 3762 3942
f 3943 3942 4123
f 4123 3942 4122
f 4123 4122 4303
f 4303 4122 4302
f 4303 4302 4483
f 4483 4302 4482
f 4483 4482 4663
f 4663 4482 4662
f 4663 4662 4843
f 4843 4662 4842
f 4843 4842 5023
f 5023 4842 5022
f 5023 5022 5203
f 5203 5022 5202
f 5203 5202 5383
f 5383 5202 5382
f 5383 5382 5563
f 5563 5382 5562
f 5563 5562 5743
f 5743 5562 5742
f 5743 5742 5923
f 5923 5742 5922
f 5923 5922 6103
f 6103 5922 6102
f 6103 6102 6283
f 6283 6102 6282
f 6283 6282 6463
f 6463 6282 6462
f 6463 6462 6643
f 6643 6462 6642
f 6643 6642 6823
f 6823 6642 6822
f 6823 6822 7003
f 7003 6822 7002
f 7003 7002 7183
f 7183 7002 7182
f 7183 7182 7363
f 7363 7182 7362
f 7363 7362 7543
f 7543 7362 7542
f 7543 7542 7723
f 7723 7542 7722
f 7723 7722 7903
f 7903 7722 7902
f 7903 7902 8083
f 8083 7902 8082
f 8083 8082 8263
f 8263 8082 8262
f 8263 8262 8443
f 8443 8262 8442
f 8443 8442 8623
f 8623 8442 8622
f 8623 8622 8803
f 8803 8622 8802
f 8803 8802 8983
f 8983 8802 8982
f 8983 8982 9163
f 9163 8982 9162
f 9163 9162 9343
f 9343 9162 9342
f 9343 9342 9523
f 9523 9342 9522
f 9523 9522 9703
f 9703 9522 9702
f 9703 9702 9883
f 9883 9702 9882
f 9883 9882 10063
f 10063 9882 10062
f 10063 10062 10243
f 10243 10062 10242
f 10243 10242 10423
f 10423 10242 10422
f 10423 10422 10603
f 10603 10422 10602
f 10603 10602 10783
f 10783 10602 10782
f 10783 10782 10963
f 10963 10782 10962
f 10963 10962 11143
f 11143 10962 11142
f 11143 11142 11323
f 11323 11142 11322
f 11323 11322 11503
f 11503 11322 11502
f 11503 11502 11683
f 11683 11502 11682
f 11683 11682 11863
f 11863 11682 11862
f 11863 11862 12043
f 12043 11862 12042
f 12043 12042 12223
f 12223 12042 12222
f 12223 12222 12403
f 12403 12222 12402
f 12403 12402 12583
f 12583 12402 12582
f 12583 12582 12763
f 12763 12582 12762
f 12763 12762 12943
f 12943 12762 12942
f 12943 12942 13122
f 12943 13122 13123
f 13123 13122 13303
f 13303 13122 13302
f 13303 13302 13483
f 13483 13302 13482
f 13483 13482 13663
f 13663 13482 13662
f 13663 13662 13843
f 13843 13662 13842
f 13843 13842 14023
f 14023 13842 14022
f 14023 14022 14203
f 14203 14022 14202
f 14203 14202 14383
f 14383 14202 14382
f 14383 14382 14563
f 14563 14382 14562
f 14563 14562 14743
f 14743 14562 14742
f 14743 14742 14923
f 14923 14742 14922
f 14923 14922 15103
f 15103 14922 15102
f 15103 15102 15283
f 15283 15102 15282
f 15283 15282 15463
f 15463 15282 15462
f 15463 15462 15643
f 15643 15462 15642
f 15643 15642 15823
f 15823 15642 15822
f 15823 15822 16003
f 16003 15822 16002
f 16003 16002 16022
f 162 1 161
f 162 161 342
f 342 161 341
f 342 341 522
f 522 341 521
f 522 521 702
f 702 521 701
f 702 701 882
f 882 701 881
f 882 881 1062
f 1062 881 1061
f 1062 1061 1242
f 1242 1061 1241
f 1242 1241 1422
f 1422 1241 1421
f 1422 1421 1602
f 1602 1421 1601
f 1602 1601 1782
f 1782 1601 1781
f 1782 1781 1962
f 1962 1781 1961
f 1962 1961 2142
f 2142 1961 2141
f 2142 2141 2322
f 2322 2141 2321
f 2322 2321 2502
f 2502 2321 2501
f 2502 2501 2682
f 2682 2501 2681
f 2682 2681 2862
f 2862 2681 2861
f 2862 2861 3042
f 3042 2861 3041
f 3042 3041 3222
f 3222 3041 3221
f 3222 3221 3402
f 3402 3221 3401
f 3402 3401 3581
f 3402 3581 3582
f 3582 3581 3762
f 3762 3581 3761
f 3762 3761 3942
f 3942 3761 3941
f 3942 3941 4122
f 4122 3941 4121
f 4122 4121 4302
f 4302 4121 4301
f 4302 4301 4482
f 4482 4301 4481
f 4482 4481 4662
f 4662 4481 4661
f 4662 4661 4842
f 4842 4661 4841
f 4842 4841 5022
f 5022 4841 5021
f 5022 5021 5202
f 5202 5021 5201
f 5202 5201 5382
f 5382 5201 5381
f 5382 5381 5562
f 5562 5381 5561
f 5562 5561 5742
f 5742 5561 5741
f 5742 5741 5922
f 5922 5741 5921
f 5922 5921 6102
f 6102 5921 6101
f 6102 6101 6282
f 6282 6101 6281
f 6282 6281 6462
f 6462 6281 6461
f 6462 6461 6642
f 6642 6461 6641
f 6642 6641 6822
f 6822 6641 6821
f 6822 6821 7002
f 7002 6821 7001
f 7002 7001 7182
f 7182 7001 7181
f 7182 7181 7362
f 7362 7181 7361
f 7362 7361 7542
f 7542 7361 7541
f 7542 7541 7722
f 7722 7541 7721
f 7722 7721 7902
f 7902 7721 7901
f 7902 7901 8082
f 8082 7901 8081
f 8082 8081 8262
f 8262 8081 8261
f 8262 8261 8442
f 8442 8261 8441
f 8442 8441 8622
f 8622 8441 8621
f 8622 8621 8802
f 8802 8621 8801
f 8802 8801 8982
f 8982 8801 8981
f 8982 8981 9162
f 9162 8981 9161
f 9162 9161 9342
f 9342 9161 9341
f 9342 9341 9522
f 9522 9341 9521
f 9522 9521 9702
f 9702 9521 9701
f 9702 9701 9882
f 9882 9701 9881
f 9882 9881 10062
f 10062 9881 10061
f 10062 10061 10242
f 10242 10061 10241
f 10242 10241 10422
f 10422 10241 10421
f 10422 10421 10602
f 10602 10421 10601
f 10602 10601 10782
f 10782 10601 10781
f 10782 10781 10962
f 10962 10781 10961
f 10962 10961 11142
f 11142 10961 11141
f 11142 11141 11322
f 11322 11141 11321
f 11322 11321 11502
f 11502 11321 11501
f 11502 11501 11682
f 11682 11501 11681
f 11682 11681 11862
f 11862 11681 11861
f 11862 11861 12042
f 12042 11861 12041
f 12042 12041 12222
f 12222 12041 12221
f 12222 12221 12402
f 12402 12221 12401
f 12402 12401 12582
f 12582 12401 12581
f 12582 12581 12762
f 12762 12581 12761
f 12762 12761 12942
f 12942 12761 12941
f 12942 12941 13122
f 13122 12941 13121
f 13122 13121 13302
f 13302 13121 13301
f 13302 13301 13482
f 13482 13301 13481
f 13482 13481 13662
f 13662 13481 13661
f 13662 13661 13842
f 13842 13661 13841
f 13842 13841 14022
f 14022 13841 14021
f 14022 14021 14202
f 14202 14021 14201
f 14202 14201 14382
f 14382 14201 14381
f 14382 14381 14562
f 14562 14381 14561
f 14562 14561 14742
f 14742 14561 14741
f 14742 14741 14922
f 14922 14741 14921
f 14922 14921 15102
f 15102 14921 15101
f 15102 15101 15282
f 15282 15101 15281
f 15282 15281 15462
f 15462 15281 15461
f 15462 15461 15642
f 15642 15461 15641
f 15642 15641 15822
f 15822 15641 15821
f 15822 15821 16002
f 16002 15821 16001
f 16002 16001 16022
f 161 1 160
f 161 160 341
f 341 160 340
f 341 340 521
f 521 340 520
f 521 520 701
f 701 520 700
f 701 700 881
f 881 700 880
f 881 880 1061
f 1061 880 1060
f 1061 1060 1241
f 1241 1060 1240
f 1241 1240 1421
f 1421 1240 1420
f 1421 1420 1601
f 1601 1420 1600
f 1601 1600 1781
f 1781 1600 1780
f 1781 1780 1961
f 1961 1780 1960
f 1961 1960 2141
f 2141 1960 2140
f 2141 2140 2321
f 2321 2140 2320
f 2321 2320 2501
f 2501 2320 2500
f 2501 2500 2681
f 2681 2500 2680
f 2681 2680 2861
f 2861 2680 2860
f 2861 2860 3041
f 3041 2860 3040
f 3041 3040 3221
f 3221 3040 3220
f 3221 3220 3401
f 3401 3220 3400
f 3401 3400 3580
f 3401 3580 3581
f 3581 3580 3760
f 3581 3760 3761
f 3761 3760 3940
f 3761 3940 3941
f 3941 3940 4120
f 3941 4120 4121
f 4121 4120 4300
f 4121 4300 4301
f 4301 4300 4480
f 4301 4480 4481
f 4481 4480 4660
f 4481 4660 4661
f 4661 4660 4840
f 4661 4840 4841
f 4841 4840 5020
f 4841 5020 5021
f 5021 5020 5200
f 5021 5200 5201
f 5201 5200 5380
f 5201 5380 5381
f 5381 5380 5560
f 5381 5560 5561
f 5561 5560 5740
f 5561 5740 5741
f 5741 5740 5920
f 5741 5920 5921
f 5921 5920 6100
f 5921 6100 6101
f 6101 6100 6280
f 6101 6280 6281
f 6281 6280 6460
f 6281 6460 6461
f 6461 6460 6640
f 6461 6640 6641
f 6641 6640 6820
f 6641 6820 6821
f 6821 6820 7000
f 6821 7000 7001
f 7001 7000 7180
f 7001 7180 7181
f 7181 7180 7360
f 7181 7360 7361
f 7361 7360 7540
f 7361 7540 7541
f 7541 7540 7720
f 7541 7720 7721
f 7721 7720 7900
f 7721 7900 7901
f 7901 7900 8080
f 7901 8080 8081
f 8081 8080 8260
f 8081 8260 8261
f 8261 8260 8440
f 8261 8440 8441
f 8441 8440 8620
f 8441 8620 8621
f 8621 8620 8800
f 8621 8800 8801
f 8801 8800 8980
f 8801 8980 8981
f 8981 8980 9160
f 8981 9160 9161
f 9161 9160 9340
f 9161 9340 9341
f 9341 9340 9520
f 9341 9520 9521
f 9521 9520 9700
f 9521 9700 9701
f 9701 9700 9880
f 9701 9880 9881
f 9881 9880 10060
f 9881 10060 10061
f 10061 10060 10240
f 10061 10240 10241
f 10241 10240 10421
f 10421 10240 10420
f 10421 10420 10601
f 10601 10420 10600
f 10601 10600 10781
f 10781 10600 10780
f 10781 10780 10961
f 10961 10780 10960
f 10961 10960 11141
f 11141 10960 11140
f 11141 11140 11321
f 11321 11140 11320
f 11321 11320 11501
f 11501 11320 11500
f 11501 11500 11681
f 11681 11500 11680
f 11681 11680 11861
f 11861 11680 11860
f 11861 11860 12041
f 12041 11860 12040
f 12041 12040 12221
f 12221 12040 12220
f 12221 12220 12401
f 12401 12220 12400
f 12401 12400 12581
f 12581 12400 12580
f 12581 12580 12761
f 12761 12580 12760
f 12761 12760 12941
f 12941 12760 12940
f 12941 12940 13121
f 13121 12940 13120
f 13121 13120 13301
f 13301 13120 13300
f 13301 13300 13481
f 13481 13300 13480
f 13481 13480 13661
f 13661 13480 13660
f 13661 13660 13841
f 13841 13660 13840
f 13841 13840 14021
f 14021 13840 14020
f 14021 14020 14201
f 14201 14020 14200
f 14201 14200 14381
f 14381 14200 14380
f 14381 14380 14561
f 14561 14380 14560
f 14561 14560 14741
f 14741 14560 14740
f 14741 14740 14921
f 14921 14740 14920
f 14921 14920 15101
f 15101 14920 15100
f 15101 15100 15281
f 15281 15100 15280
f 15281 15280 15461
f 15461 15280 15460
f 15461 15460 15641
f 15641 15460 15640
f 15641 15640 15821
f 15821 15640 15820
f 15821 15820 16001
f 16001 15820 16000
f 16001 16000 16022
f 160 1 159
f 160 159 340
f 340 159 339
f 340 339 520
f 520 339 519
f 520 519 700
f 700 519 699
f 700 699 880
f 880 699 879
f 880 879 1060
f 1060 879 1059
f 1060 1059 1240
f 1240 1059 1239
f 1240 1239 1420
f 1420 1239 1419
f 1420 1419 1600
f 1600 1419 1599
f 1600 1599 1780
f 1780 1599 1779
f 1780 1779 1960
f 1960 1779 1959
f 1960 1959 2140
f 2140 1959 2139
f 2140 2139 2320
f 2320 2139 2319
f 2320 2319 2500
f 2500 2319 2499
f 2500 2499 2680
f 2680 2499 2679
f 2680 2679 2860
f 2860 2679 2859
f 2860 2859 3040
f 3040 2859 3039
f 3040 3039 3220
f 3220 3039 3219
f 3220 3219 3400
f 3400 3219 3399
f 3400 3399 3580
f 3580 3399 3579
f 3580 3579 3760
f 3760 3579 3759
f 3760 3759 3940
f 3940 3759 3939
f 3940 3939 4120
f 4120 3939 4119
f 4120 4119 4300
f 4300 4119 4299
f 4300 4299 4480
f 4480 4299 4479
f 4480 4479 4660
f 4660 4479 4659
f 4660 4659 4840
f 4840 4659 4839
f 4840 4839 5020
f 5020 4839 5019
f 5020 5019 5200
f 5200 5019 5199
f 5200 5199 5380
f 5380 5199 5379
f 5380 5379 5560
f 5560 5379 5559
f 5560 5559 5740
f 5740 5559 5739
f 5740 5739 5920
f 5920 5739 5919
f 5920 5919 6100
f 6100 5919 6099
f 6100 6099 6280
f 6280 6099 6279
f 6280 6279 6460
f 6460 6279 6459
f 6460 6459 6640
f 6640 6459 6639
f 6640 6639 6820
f 6820 6639 6819
f 6820 6819 7000
f 7000 6819 6999
f 7000 6999 7180
f 7180 6999 7179
f 7180 7179 7360
f 7360 7179 7359
f 7360 7359 7540
f 7540 7359 7539
f 7540 7539 7720
f 7720 7539 7719
f 7720 7719 7900
f 7900 7719 7899
f 7900 7899 8080
f 8080 7899 8079
f 8080 8079 8260
f 8260 8079 8259
f 8260 8259 8440
f 8440 8259 8439
f 8440 8439 8620
f 8620 8439 8619
f 8620 8619 8800
f 8800 8619 8799
f 8800 8799 8980
f 8980 8799 8979
f 8980 8979 9160
f 9160 8979 9159
f 9160 9159 9340
f 9340 9159 9339
f 9340 9339 9520
f 9520 9339 9519
f 9520 9519 9700
f 9700 9519 9699
f 9700 9699 9880
f 9880 9699 9879
f 9880 9879 10060
f 10060 9879 10059
f 10060 10059 10239
f 10060 10239 10240
f 10240 10239 10420
f 10420 10239 10419
f 10420 10419 10600
f 10600 10419 10599
f 10600 10599 10780
f 10780 10599 10779
f 10780 10779 10960
f 10960 10779 10959
f 10960 10959 11140
f 11140 10959 11139
f 11140 11139 11320
f 11320 11139 11319
f 11320 11319 11500
f 11500 11319 11499
f 11500 11499 11680
f 11680 11499 11679
f 11680 11679 11860
f 11860 11679 11859
f 11860 11859 12040
f 12040 11859 12039
f 12040 12039 12220
f 12220 12039 12219
f 12220 12219 12400
f 12400 12219 12399
f 12400 12399 12580
f 12580 12399 12579
f 12580 12579 12760
f 12760 12579 12759
f 12760 12759 12940
f 12940 12759 12939
f 12940 12939 13120
f 13120 12939 13119
f 13120 13119 13300
f 13300 13119 13299
f 13300 13299 13480
f 13480 13299 13479
f 13480 13479 13660
f 13660 13479 13659
f 13660 13659 13840
f 13840 13659 13839
f 13840 13839 14020
f 14020 13839 14019
f 14020 14019 14200
f 14200 14019 14199
f 14200 14199 14380
f 14380 14199 14379
f 14380 14379 14560
f 14560 14379 14559
f 14560 14559 14740
f 14740 14559 14739
f 14740 14739 14920
f 14920 14739 14919
f 14920 14919 15100
f 15100 14919 15099
f 15100 15099 15280
f 15280 15099 15279
f 15280 15279 15460
f 15460 15279 15459
f 15460 15459 15640
f 15640 15459 15639
f 15640 15639 15820
f 15820 15639 15819
f 15820 15819 16000
f 16000 15819 15999
f 16000 15999 16022
f 159 1 158
f 159 158 339
f 339 158 338
f 339 338 519
f 519 338 518
f 519 518 698
f 519 698 699
f 699 698 879
f 879 698 878
f 879 878 1059
f 1059 878 1058
f 1059 1058 1239
f 1239 1058 1238
f 1239 1238 1419
f 1419 1238 1418
f 1419 1418 1599
f 1599 1418 1598
f 1599 1598 1779
f 1779 1598 1778
f 1779 1778 1959
f 1959 1778 1958
f 1959 1958 2139
f 2139 1958 2138
f 2139 2138 2319
f 2319 2138 2318
f 2319 2318 2499
f 2499 2318 2498
f 2499 2498 2679
f 2679 2498 2678
f 2679 2678 2859
f 2859 2678 2858
f 2859 2858 3039
f 3039 2858 3038
f 3039 3038 3219
f 3219 3038 3218
f 3219 3218 3399
f 3399 3218 3398
f 3399 3398 3579
f 3579 3398 3578
f 3579 3578 3759
f 3759 3578 3758
f 3759 3758 3939
f 3939 3758 3938
f 3939 3938 4119
f 4119 3938 4118
f 4119 4118 4299
f 4299 4118 4298
f 4299 4298 4479
f 4479 4298 4478
f 4479 4478 4659
f 4659 4478 4658
f 4659 4658 4839
f 4839 4658 4838
f 4839 4838 5019
f 5019 4838 5018
f 5019 5018 5199
f 5199 5018 5198
f 5199 5198 5379
f 5379 5198 5378
f 5379 5378 5559
f 5559 5378 5558
f 5559 5558 5739
f 5739 5558 5738
f 5739 5738 5919
f 5919 5738 5918
f 5919 5918 6099
f 6099 5918 6098
f 6099 6098 6279
f 6279 6098 6278
f 6279 6278 6459
f 6459 6278 6458
f 6459 6458 6639
f 6639 6458 6638
f 6639 6638 6819
f 6819 6638 6818
f 6819 6818 6999
f 6999 6818 6998
f 6999 6998 7179
f 7179 6998 7178
f 7179 7178 7359
f 7359 7178 7358
f 7359 7358 7539
f 7539 7358 7538
f 7539 7538 7719
f 7719 7538 7718
f 7719 7718 7899
f 7899 7718 7898
f 7899 7898 8079
f 8079 7898 8078
f 8079 8078 8259
f 8259 8078 8258
f 8259 8258 8439
f 8439 8258 8438
f 8439 8438 8619
f 8619 8438 8618
f 8619 8618 8799
f 8799 8618 8798
f 8799 8798 8979
f 8979 8798 8978
f 8979 8978 9159
f 9159 8978 9158
f 9159 9158 9339
f 9339 9158 9338
f 9339 9338 9519
f 9519 9338 9518
f 9519 9518 9699
f 9699 9518 9698
f 9699 9698 9879
f 9879 9698 9878
f 9879 9878 10059
f 10059 9878 10058
f 10059 10058 10239
f 10239 10058 10238
f 10239 10238 10419
f 10419 10238 10418
f 10419 10418 10599
f 10599 10418 10598
f 10599 10598 10779
f 10779 10598 10778
f 10779 10778 10959
f 10959 10778 10958
f 10959 10958 11139
f 11139 10958 11138
f 11139 11138 11319
f 11319 11138 11318
f 11319 11318 11499
f 11499 11318 11498
f 11499 11498 11679
f 11679 11498 11678
f 11679 11678 11859
f 11859 11678 11858
f 11859 11858 12039
f 12039 11858 12038
f 12039 12038 12219
f 12219 12038 12218
f 12219 12218 12399
f 12399 12218 12398
f 12399 12398 12579
f 12579 12398 12578
f 12579 12578 12759
f 12759 12578 12758
f 12759 12758 12939
f 12939 12758 12938
f 12939 12938 13119
f 13119 12938 13118
f 13119 13118 13299
f 13299 13118 13298
f 13299 13298 13479
f 13479 13298 13478
f 13479 13478 13659
f 13659 13478 13658
f 13659 13658 13839
f 13839 13658 13838
f 13839 13838 14019
f 14019 13838 14018
f 14019 14018 14199
f 14199 14018 14198
f 14199 14198 14379
f 14379 14198 14378
f 14379 14378 14559
f 14559 14378 14558
f 14559 14558 14739
f 14739 14558 14738
f 14739 14738 14919
f 14919 14738 14918
f 14919 14918 15099
f 15099 14918 15098
f 15099 15098 15279
f 15279 15098 15278
f 15279 15278 15459
f 15459 15278 15458
f 15459 15458 15639
f 15639 15458 15638
f 15639 15638 15819
f 15819 15638 15818
f 15819 15818 15999
f 15999 15818 15998
f 15999 15998 16022
f 158 1 157
f 158 157 338
f 338 157 337
f 338 337 518
f 518 337 517
f 518 517 697
f 518 697 698
f 698 697 877
f 698 877 878
f 878 877 1057
f 878 1057 1058
f 1058 1057 1237
f 1058 1237 1238
f 1238 1237 1417
f 1238 1417 1418
f 1418 1417 1597
f 1418 1597 1598
f 1598 1597 1777
f 1598 1777 1778
f 1778 1777 1957
f 1778 1957 1958
f 1958 1957 2137
f 1958 2137 2138
f 2138 2137 2317
f 2138 2317 2318
f 2318 2317 2497
f 2318 2497 2498
f 2498 2497 2677
f 2498 2677 2678
f 2678 2677 2857
f 2678 2857 2858
f 2858 2857 3037
f 2858 3037 3038
f 3038 3037 3217
f 3038 3217 3218
f 3218 3217 3397
f 3218 3397 3398
f 3398 3397 3577
f 3398 3577 3578
f 3578 3577 3757
f 3578 3757 3758
f 3758 3757 3937
f 3758 3937 3938
f 3938 3937 4117
f 3938 4117 4118
f 4118 4117 4297
f 4118 4297 4298
f 4298 4297 4477
f 4298 4477 4478
f 4478 4477 4657
f 4478 4657 4658
f 4658 4657 4837
f 4658 4837 4838
f 4838 4837 5017
f 4838 5017 5018
f 5018 5017 5197
f 5018 5197 5198
f 5198 5197 5377
f 5198 5377 5378
f 5378 5377 5557
f 5378 5557 5558
f 5558 5557 5737
f 5558 5737 5738
f 5738 5737 5917
f 5738 5917 5918
f 5918 5917 6097
f 5918 6097 6098
f 6098 6097 6277
f 6098 6277 6278
f 6278 6277 6457
f 6278 6457 6458
f 6458 6457 6637
f 6458 6637 6638
f 6638 6637 6817
f 6638 6817 6818
f 6818 6817 6997
f 6818 6997 6998
f 6998 6997 7177
f 6998 7177 7178
f 7178 7177 7357
f 7178 7357 7358
f 7358 7357 7537
f 7358 7537 7538
f 7538 7537 7718
f 7718 7537 7717
f 7718 7717 7898
f 7898 7717 7897
f 7898 7897 8078
f 8078 7897 8077
f 8078 8077 8258
f 8258 8077 8257
f 8258 8257 8438
f 8438 8257 8437
f 8438 8437 8618
f 8618 8437 8617
f 8618 8617 8798
f 8798 8617 8797
f 8798 8797 8978
f 8978 8797 8977
f 8978 8977 9158
f 9158 8977 9157
f 9158 9157 9338
f 9338 9157 9337
f 9338 9337 9518
f 9518 9337 9517
f 9518 9517 9698
f 9698 9517 9697
f 9698 9697 9878
f 9878 9697 9877
f 9878 9877 10058
f 10058 9877 10057
f 10058 10057 10238
f 10238 10057 10237
f 10238 10237 10418
f 10418 10237 10417
f 10418 10417 10598
f 10598 10417 10597
f 10598 10597 10778
f 10778 10597 10777
f 10778 10777 10958
f 10958 10777 10957
f 10958 10957 11138
f 11138 10957 11137
f 11138 11137 11318
f 11318 11137 11317
f 11318 11317 11498
f 11498 11317 11497
f 11498 11497 11678
f 11678 11497 11677
f 11678 11677 11858
f 11858 11677 11857
f 11858 11857 12038
f 12038 11857 12037
f 12038 12037 12218
f 12218 12037 12217
f 12218 12217 12398
f 12398 12217 12397
f 12398 12397 12578
f 12578 12397 12577
f 12578 12577 12758
f 12758 12577 12757
f 12758 12757 12938
f 12938 12757 12937
f 12938 12937 13118
f 13118 12937 13117
f 13118 13117 13298
f 13298 13117 13297
f 13298 13297 13478
f 13478 13297 13477
f 13478 13477 13658
f 13658 13477 13657
f 13658 13657 13838
f 13838 13657 13837
f 13838 13837 14018
f 14018 13837 14017
f 14018 14017 14198
f 14198 14017 14197
f 14198 14197 14378
f 14378 14197 14377
f 14378 14377 14558
f 14558 14377 14557
f 14558 14557 14738
f 14738 14557 14737
f 14738 14737 14918
f 14918 14737 14917
f 14918 14917 15098
f 15098 14917 15097
f 15098 15097 15278
f 15278 15097 15277
f 15278 15277 15458
f 15458 15277 15457
f 15458 15457 15638
f 15638 15457 15637
f 15638 15637 15818
f 15818 15637 15817
f 15818 15817 15998
f 15998 15817 15997
f 15998 15997 16022
f 157 1 156
f 157 156 337
f 337 156 336
f 337 336 517
f 517 336 516
f 517 516 697
f 697 516 696
f 697 696 877
f 877 696 876
f 877 876 1057
f 1057 876 1056
f 1057 1056 1237
f 1237 1056 1236
f 1237 1236 1417
f 1417 1236 1416
f 1417 1416 1597
f 1597 1416 1596
f 1597 1596 1777
f 1777 1596 1776
f 1777 1776 1957
f 1957 1776 1956
f 1957 1956 2137
f 2137 1956 2136
f 2137 2136 2317
f 2317 2136 2316
f 2317 2316 2497
f 2497 2316 2496
f 2497 2496 2677
f 2677 2496 2676
f 2677 2676 2857
f 2857 2676 2856
f 2857 2856 3037
f 3037 2856 3036
f 3037 3036 3217
f 3217 3036 3216
f 3217 3216 3397
f 3397 3216 3396
f 3397 3396 3577
f 3577 3396 3576
f 3577 3576 3757
f 3757 3576 3756
f 3757 3756 3937
f 3937 3756 3936
f 3937 3936 4117
f 4117 3936 4116
f 4117 4116 4297
f 4297 4116 4296
f 4297 4296 4477
f 4477 4296 4476
f 4477 4476 4657
f 4657 4476 4656
f 4657 4656 4837
f 4837 4656 4836
f 4837 4836 5017
f 5017 4836 5016
f 5017 5016 5197
f 5197 5016 5196
f 5197 5196 5377
f 5377 5196 5376
f 5377 5376 5557
f 5557 5376 5556
f 5557 5556 5737
f 5737 5556 5736
f 5737 5736 5917
f 5917 5736 5916
f 5917 5916 6097
f 6097 5916 6096
f 6097 6096 6277
f 6277 6096 6276
f 6277 6276 6457
f 6457 6276 6456
f 6457 6456 6637
f 6637 6456 6636
f 6637 6636 6817
f 6817 6636 6816
f 6817 6816 6997
f 6997 6816 6996
f 6997 6996 7177
f 7177 6996 7176
f 7177 7176 7357
f 7357 7176 7356
f 7357 7356 7536
f 7357 7536 7537
f 7537 7536 7716
f 7537 7716 7717
f 7717 7716 7896
f 7717 7896 7897
f 7897 7896 8076
f 7897 8076 8077
f 8077 8076 8256
f 8077 8256 8257
f 8257 8256 8436
f 8257 8436 8437
f 8437 8436 8616
f 8437 8616 8617
f 8617 8616 8796
f 8617 8796 8797
f 8797 8796 8976
f 8797 8976 8977
f 8977 8976 9156
f 8977 9156 9157
f 9157 9156 9336
f 9157 9336 9337
f 9337 9336 9516
f 9337 9516 9517
f 9517 9516 9696
f 9517 9696 9697
f 9697 9696 9876
f 9697 9876 9877
f 9877 9876 10056
f 9877 10056 10057
f 10057 10056 10236
f 10057 10236 10237
f 10237 10236 10416
f 10237 10416 10417
f 10417 10416 10596
f 10417 10596 10597
f 10597 10596 10776
f 10597 10776 10777
f 10777 10776 10956
f 10777 10956 10957
f 10957 10956 11136
f 10957 11136 11137
f 11137 11136 11316
f 11137 11316 11317
f 11317 11316 11496
f 11317 11496 11497
f 11497 11496 11676
f 11497 11676 11677
f 11677 11676 11856
f 11677 11856 11857
f 11857 11856 12036
f 11857 12036 12037
f 12037 12036 12216
f 12037 12216 12217
f 12217 12216 12396
f 12217 12396 12397
f 12397 12396 12576
f 12397 12576 12577
f 12577 12576 12756
f 12577 12756 12757
f 12757 12756 12936
f 12757 12936 12937
f 12937 12936 13116
f 12937 13116 13117
f 13117 13116 13296
f 13117 13296 13297
f 13297 13296 13476
f 13297 13476 13477
f 13477 13476 13656
f 13477 13656 13657
f 13657 13656 13836
f 13657 13836 13837
f 13837 13836 14016
f 13837 14016 14017
f 14017 14016 14196
f 14017 14196 14197
f 14197 14196 14376
f 14197 14376 14377
f 14377 14376 14557
f 14557 14376 14556
f 14557 14556 14737
f 14737 14556 14736
f 14737 14736 14917
f 14917 14736 14916
f 14917 14916 15097
f 15097 14916 15096
f 15097 15096 15277
f 15277 15096 15276
f 15277 15276 15457
f 15457 15276 15456
f 15457 15456 15637
f 15637 15456 15636
f 15637 15636 15817
f 15817 15636 15816
f 15817 15816 15997
f 15997 15816 15996
f 15997 15996 16022
f 156 1 155
f 156 155 336
f 336 155 335
f 336 335 516
f 516 335 515
f 516 515 696
f 696 515 695
f 696 695 876
f 876 695 875
f 876 875 1056
f 1056 875 1055
f 1056 1055 1236
f 1236 1055 1235
f 1236 1235 1416
f 1416 1235 1415
f 1416 1415 1596
f 1596 1415 1595
f 1596 1595 1776
f 1776 1595 1775
f 1776 1775 1956
f 1956 1775 1955
f 1956 1955 2136
f 2136 1955 2135
f 2136 2135 2316
f 2316 2135 2315
f 2316 2315 2496
f 2496 2315 2495
f 2496 2495 2676
f 2676 2495 2675
f 2676 2675 2856
f 2856 2675 2855
f 2856 2855 3036
f 3036 2855 3035
f 3036 3035 3216
f 3216 3035 3215
f 3216 3215 3396
f 3396 3215 3395
f 3396 3395 3576
f 3576 3395 3575
f 3576 3575 3756
f 3756 3575 3755
f 3756 3755 3936
f 3936 3755 3935
f 3936 3935 4116
f 4116 3935 4115
f 4116 4115 4296
f 4296 4115 4295
f 4296 4295 4476
f 4476 4295 4475
f 4476 4475 4656
f 4656 4475 4655
f 4656 4655 4836
f 4836 4655 4835
f 4836 4835 5016
f 5016 4835 5015
f 5016 5015 5196
f 5196 5015 5195
f 5196 5195 5376
f 5376 5195 5375
f 5376 5375 5556
f 5556 5375 5555
f 5556 5555 5736
f 5736 5555 5735
f 5736 5735 5916
f 5916 5735 5915
f 5916 5915 6096
f 6096 5915 6095
f 6096 6095 6276
f 6276 6095 6275
f 6276 6275 6456
f 6456 6275 6455
f 6456 6455 6636
f 6636 6455 6635
f 6636 6635 6816
f 6816 6635 6815
f 6816 6815 6996
f 6996 6815 6995
f 6996 6995 7176
f 7176 6995 7175
f 7176 7175 7356
f 7356 7175 7355
f 7356 7355 7536
f 7536 7355 7535
f 7536 7535 7716
f 7716 7535 7715
f 7716 7715 7896
f 7896 7715 7895
f 7896 7895 8076
f 8076 7895 8075
f 8076 8075 8256
f 8256 8075 8255
f 8256 8255 8436
f 8436 8255 8435
f 8436 8435 8616
f 8616 8435 8615
f 8616 8615 8796
f 8796 8615 8795
f 8796 8795 8976
f 8976 8795 8975
f 8976 8975 9156
f 9156 8975 9155
f 9156 9155 9336
f 9336 9155 9335
f 9336 9335 9516
f 9516 9335 9515
f 9516 9515 9696
f 9696 9515 9695
f 9696 9695 9876
f 9876 9695 9875
f 9876 9875 10056
f 10056 9875 10055
f 10056 10055 10236
f 10236 10055 10235
f 10236 10235 10416
f 10416 10235 10415
f 10416 10415 10596
f 10596 10415 10595
f 10596 10595 10776
f 10776 10595 10775
f 10776 10775 10956
f 10956 10775 10955
f 10956 10955 11136
f 11136 10955 11135
f 11136 11135 11316
f 11316 11135 11315
f 11316 11315 11496
f 11496 11315 11495
f 11496 11495 11676
f 11676 11495 11675
f 11676 11675 11856
f 11856 11675 11855
f 11856 11855 12036
f 12036 11855 12035
f 12036 12035 12216
f 12216 12035 12215
f 12216 12215 12396
f 12396 12215 12395
f 12396 12395 12576
f 12576 12395 12575
f 12576 12575 12756
f 12756 12575 12755
f 12756 12755 12936
f 12936 12755 12935
f 12936 12935 13116
f 13116 12935 13115
f 13116 13115 13296
f 13296 13115 13295
f 13296 13295 13476
f 13476 13295 13475
f 13476 13475 13656
f 13656 13475 13655
f 13656 13655 13836
f 13836 13655 13835
f 13836 13835 14016
f 14016 13835 14015
f 14016 14015 14196
f 14196 14015 14195
f 14196 14195 14375
f 14196 14375 14376
f 14376 14375 14556
f 14556 14375 14555
f 14556 14555 14736
f 14736 14555 14735
f 14736 14735 14916
f 14916 14735 14915
f 14916 14915 15096
f 15096 14915 15095
f 15096 15095 15276
f 15276 15095 15275
f 15276 15275 15456
f 15456 15275 15455
f 15456 15455 15636
f 15636 15455 15635
f 15636 15635 15816
f 15816 15635 15815
f 15816 15815 15996
f 15996 15815 15995
f 15996 15995 16022
f 155 1 154
f 155 154 335
f 335 154 334
f 335 334 515
f 515 334 514
f 515 514 695
f 695 514 694
f 695 694 875
f 875 694 874
f 875 874 1055
f 1055 874 1054
f 1055 1054 1235
f 1235 1054 1234
f 1235 1234 1415
f 1415 1234 1414
f 1415 1414 1595
f 1595 1414 1594
f 1595 1594 1775
f 1775 1594 1774
f 1775 1774 1955
f 1955 1774 1954
f 1955 1954 2135
f 2135 1954 2134
f 2135 2134 2315
f 2315 2134 2314
f 2315 2314 2495
f 2495 2314 2494
f 2495 2494 2675
f 2675 2494 2674
f 2675 2674 2855
f 2855 2674 2854
f 2855 2854 3035
f 3035 2854 3034
f 3035 3034 3215
f 3215 3034 3214
f 3215 3214 3395
f 3395 3214 3394
f 3395 3394 3575
f 3575 3394 3574
f 3575 3574 3755
f 3755 3574 3754
f 3755 3754 3935
f 3935 3754 3934
f 3935 3934 4115
f 4115 3934 4114
f 4115 4114 4295
f 4295 4114 4294
f 4295 4294 4475
f 4475 4294 4474
f 4475 4474 4654
f 4475 4654 4655
f 4655 4654 4835
f 4835 4654 4834
f 4835 4834 5015
f 5015 4834 5014
f 5015 5014 5195
f 5195 5014 5194
f 5195 5194 5375
f 5375 5194 5374
f 5375 5374 5555
f 5555 5374 5554
f 5555 5554 5735
f 5735 5554 5734
f 5735 5734 5915
f 5915 5734 5914
f 5915 5914 6095
f 6095 5914 6094
f 6095 6094 6275
f 6275 6094 6274
f 6275 6274 6455
f 6455 6274 6454
f 6455 6454 6635
f 6635 6454 6634
f 6635 6634 6815
f 6815 6634 6814
f 6815 6814 6995
f 6995 6814 6994
f 6995 6994 7175
f 7175 6994 7174
f 7175 7174 7355
f 7355 7174 7354
f 7355 7354 7535
f 7535 7354 7534
f 7535 7534 7715
f 7715 7534 7714
f 7715 7714 7895
f 7895 7714 7894
f 7895 7894 8075
f 8075 7894 8074
f 8075 8074 8255
f 8255 8074 8254
f 8255 8254 8435
f 8435 8254 8434
f 8435 8434 8615
f 8615 8434 8614
f 8615 8614 8795
f 8795 8614 8794
f 8795 8794 8975
f 8975 8794 8974
f 8975 8974 9155
f 9155 8974 9154
f 9155 9154 9335
f 9335 9154 9334
f 9335 9334 9515
f 9515 9334 9514
f 9515 9514 9695
f 9695 9514 9694
f 9695 9694 9875
f 9875 9694 9874
f 9875 9874 10055
f 10055 9874 10054
f 10055 10054 10235
f 10235 10054 10234
f 10235 10234 10415
f 10415 10234 10414
f 10415 10414 10595
f 10595 10414 10594
f 10595 10594 10775
f 10775 10594 10774
f 10775 10774 10955
f 10955 10774 10954
f 10955 10954 11135
f 11135 10954 11134
f 11135 11134 11315
f 11315 11134 11314
f 11315 11314 11495
f 11495 11314 11494
f 11495 11494 11675
f 11675 11494 11674
f 11675 11674 11855
f 11855 11674 11854
f 11855 11854 12035
f 12035 11854 12034
f 12035 12034 12215
f 12215 12034 12214
f 12215 12214 12395
f 12395 12214 12394
f 12395 12394 12575
f 12575 12394 12574
f 12575 12574 12755
f 12755 12574 12754
f 12755 12754 12935
f 12935 12754 12934
f 12935 12934 13115
f 13115 12934 13114
f 13115 13114 13295
f 13295 13114 13294
f 13295 13294 13475
f 13475 13294 13474
f 13475 13474 13655
f 13655 13474 13654
f 13655 13654 13835
f 13835 13654 13834
f 13835 13834 14015
f 14015 13834 14014
f 14015 14014 14195
f 14195 14014 14194
f 14195 14194 14375
f 14375 14194 14374
f 14375 14374 14555
f 14555 14374 14554
f 14555 14554 14735
f 14735 14554 14734
f 14735 14734 14915
f 14915 14734 14914
f 14915 14914 15095
f 15095 14914 15094
f 15095 15094 15275
f 15275 15094 15274
f 15275 15274 15455
f 15455 15274 15454
f 15455 15454 15635
f 15635 15454 15634
f 15635 15634 15815
f 15815 15634 15814
f 15815 15814 15995
f 15995 15814 15994
f 15995 15994 16022
f 154 1 153
f 154 153 334
f 334 153 333
f 334 333 514
f 514 333 513
f 514 513 694
f 694 513 693
f 694 693 874
f 874 693 873
f 874 873 1054
f 1054 873 1053
f 1054 1053 1234
f 1234 1053 1233
f 1234 1233 1414
f 1414 1233 1413
f 1414 1413 1594
f 1594 1413 1593
f 1594 1593 1774
f 1774 1593 1773
f 1774 1773 1954
f 1954 1773 1953
f 1954 1953 2134
f 2134 1953 2133
f 2134 2133 2314
f 2314 2133 2313
f 2314 2313 2494
f 2494 2313 2493
f 2494 2493 2674
f 2674 2493 2673
f 2674 2673 2854
f 2854 2673 2853
f 2854 2853 3034
f 3034 2853 3033
f 3034 3033 3214
f 3214 3033 3213
f 3214 3213 3394
f 3394 3213 3393
f 3394 3393 3574
f 3574 3393 3573
f 3574 3573 3754
f 3754 3573 3753
f 3754 3753 3934
f 3934 3753 3933
f 3934 3933 4114
f 4114 3933 4113
f 4114 4113 4294
f 4294 4113 4293
f 4294 4293 4474
f 4474 4293 4473
f 4474 4473 4653
f 4474 4653 4654
f 4654 4653 4833
f 4654 4833 4834
f 4834 4833 5013
f 4834 5013 5014
f 5014 5013 5193
f 5014 5193 5194
f 5194 5193 5373
f 5194 5373 5374
f 5374 5373 5553
f 5374 5553 5554
f 5554 5553 5733
f 5554 5733 5734
f 5734 5733 5913
f 5734 5913 5914
f 5914 5913 6093
f 5914 6093 6094
f 6094 6093 6273
f 6094 6273 6274
f 6274 6273 6453
f 6274 6453 6454
f 6454 6453 6633
f 6454 6633 6634
f 6634 6633 6813
f 6634 6813 6814
f 6814 6813 6993
f 6814 6993 6994
f 6994 6993 7173
f 6994 7173 7174
f 7174 7173 7353
f 7174 7353 7354
f 7354 7353 7533
f 7354 7533 7534
f 7534 7533 7713
f 7534 7713 7714
f 7714 7713 7893
f 7714 7893 7894
f 7894 7893 8073
f 7894 8073 8074
f 8074 8073 8253
f 8074 8253 8254
f 8254 8253 8433
f 8254 8433 8434
f 8434 8433 8613
f 8434 8613 8614
f 8614 8613 8793
f 8614 8793 8794
f 8794 8793 8973
f 8794 8973 8974
f 8974 8973 9153
f 8974 9153 9154
f 9154 9153 9333
f 9154 9333 9334
f 9334 9333 9513
f 9334 9513 9514
f 9514 9513 9693
f 9514 9693 9694
f 9694 9693 9873
f 9694 9873 9874
f 9874 9873 10053
f 9874 10053 10054
f 10054 10053 10233
f 10054 10233 10234
f 10234 10233 10413
f 10234 10413 10414
f 10414 10413 10593
f 10414 10593 10594
f 10594 10593 10773
f 10594 10773 10774
f 10774 10773 10953
f 10774 10953 10954
f 10954 10953 11133
f 10954 11133 11134
f 11134 11133 11313
f 11134 11313 11314
f 11314 11313 11493
f 11314 11493 11494
f 11494 11493 11674
f 11674 11493 11673
f 11674 11673 11854
f 11854 11673 11853
f 11854 11853 12034
f 12034 11853 12033
f 12034 12033 12214
f 12214 12033 12213
f 12214 12213 12394
f 12394 12213 12393
f 12394 12393 12574
f 12574 12393 12573
f 12574 12573 12754
f 12754 12573 12753
f 12754 12753 12934
f 12934 12753 12933
f 12934 12933 13114
f 13114 12933 13113
f 13114 13113 13294
f 13294 13113 13293
f 13294 13293 13474
f 13474 13293 13473
f 13474 13473 13654
f 13654 13473 13653
f 13654 13653 13834
f 13834 13653 13833
f 13834 13833 14014
f 14014 13833 14013
f 14014 14013 14194
f 14194 14013 14193
f 14194 14193 14374
f 14374 14193 14373
f 14374 14373 14554
f 14554 14373 14553
f 14554 14553 14734
f 14734 14553 14733
f 14734 14733 14914
f 14914 14733 14913
f 14914 14913 15094
f 15094 14913 15093
f 15094 15093 15274
f 15274 15093 15273
f 15274 15273 15454
f 15454 15273 15453
f 15454 15453 15634
f 15634 15453 15633
f 15634 15633 15814
f 15814 15633 15813
f 15814 15813 15994
f 15994 15813 15993
f 15994 15993 16022
f 153 1 152
f 153 152 333
f 333 152 332
f 333 332 513
f 513 332 512
f 513 512 693
f 693 512 692
f 693 692 873
f 873 692 872
f 873 872 1053
f 1053 872 1052
f 1053 1052 1233
f 1233 1052 1232
f 1233 1232 1413
f 1413 1232 1412
f 1413 1412 1593
f 1593 1412 1592
f 1593 1592 1773
f 1773 1592 1772
f 1773 1772 1953
f 1953 1772 1952
f 1953 1952 2133
f 2133 1952 2132
f 2133 2132 2313
f 2313 2132 2312
f 2313 2312 2493
f 2493 2312 2492
f 2493 2492 2673
f 2673 2492 2672
f 2673 2672 2853
f 2853 2672 2852
f 2853 2852 3033
f 3033 2852 3032
f 3033 3032 3213
f 3213 3032 3212
f 3213 3212 3393
f 3393 3212 3392
f 3393 3392 3573
f 3573 3392 3572
f 3573 3572 3753
f 3753 3572 3752
f 3753 3752 3933
f 3933 3752 3932
f 3933 3932 4113
f 4113 3932 4112
f 4113 4112 4293
f 4293 4112 4292
f 4293 4292 4473
f 4473 4292 4472
f 4473 4472 4653
f 4653 4472 4652
f 4653 4652 4833
f 4833 4652 4832
f 4833 4832 5013
f 5013 4832 5012
f 5013 5012 5193
f 5193 5012 5192
f 5193 5192 5373
f 5373 5192 5372
f 5373 5372 5553
f 5553 5372 5552
f 5553 5552 5733
f 5733 5552 5732
f 5733 5732 5913
f 5913 5732 5912
f 5913 5912 6093
f 6093 5912 6092
f 6093 6092 6273
f 6273 6092 6272
f 6273 6272 6453
f 6453 6272 6452
f 6453 6452 6633
f 6633 6452 6632
f 6633 6632 6813
f 6813 6632 6812
f 6813 6812 6993
f 6993 6812 6992
f 6993 6992 7173
f 7173 6992 7172
f 7173 7172 7353
f 7353 7172 7352
f 7353 7352 7533
f 7533 7352 7532
f 7533 7532 7713
f 7713 7532 7712
f 7713 7712 7893
f 7893 7712 7892
f 7893 7892 8073
f 8073 7892 8072
f 8073 8072 8253
f 8253 8072 8252
f 8253 8252 8433
f 8433 8252 8432
f 8433 8432 8613
f 8613 8432 8612
f 8613 8612 8793
f 8793 8612 8792
f 8793 8792 8973
f 8973 8792 8972
f 8973 8972 9153
f 9153 8972 9152
f 9153 9152 9333
f 9333 9152 9332
f 9333 9332 9513
f 9513 9332 9512
f 9513 9512 9693
f 9693 9512 9692
f 9693 9692 9873
f 9873 9692 9872
f 9873 9872 10053
f 10053 9872 10052
f 10053 10052 10233
f 10233 10052 10232
f 10233 10232 10413
f 10413 10232 10412
f 10413 10412 10593
f 10593 10412 10592
f 10593 10592 10773
f 10773 10592 10772
f 10773 10772 10953
f 10953 10772 10952
f 10953 10952 11133
f 11133 10952 11132
f 11133 11132 11313
f 11313 11132 11312
f 11313 11312 11492
f 11313 11492 11493
f 11493 11492 11673
f 11673 11492 11672
f 11673 11672 11853
f 11853 11672 11852
f 11853 11852 12033
f 12033 11852 12032
f 12033 12032 12213
f 12213 12032 12212
f 12213 12212 12393
f 12393 12212 12392
f 12393 12392 12573
f 12573 12392 12572
f 12573 12572 12753
f 12753 12572 12752
f 12753 12752 12933
f 12933 12752 12932
f 12933 12932 13113
f 13113 12932 13112
f 13113 13112 13293
f 13293 13112 13292
f 13293 13292 13473
f 13473 13292 13472
f 13473 13472 13653
f 13653 13472 13652
f 13653 13652 13833
f 13833 13652 13832
f 13833 13832 14013
f 14013 13832 14012
f 14013 14012 14193
f 14193 14012 14192
f 14193 14192 14373
f 14373 14192 14372
f 14373 14372 14553
f 14553 14372 14552
f 14553 14552 14733
f 14733 14552 14732
f 14733 14732 14913
f 14913 14732 14912
f 14913 14912 15093
f 15093 14912 15092
f 15093 15092 15273
f 15273 15092 15272
f 15273 15272 15453
f 15453 15272 15452
f 15453 15452 15633
f 15633 15452 15632
f 15633 15632 15813
f 15813 15632 15812
f 15813 15812 15993
f 15993 15812 15992
f 15993 15992 16022
f 152 1 151
f 152 151 332
f 332 151 331
f 332 331 512
f 512 331 511
f 512 511 692
f 692 511 691
f 692 691 872
f 872 691 871
f 872 871 1052
f 1052 871 1051
f 1052 1051 1232
f 1232 1051 1231
f 1232 1231 1412
f 1412 1231 1411
f 1412 1411 1592
f 1592 1411 1591
f 1592 1591 1772
f 1772 1591 1771
f 1772 1771 1951
f 1772 1951 1952
f 1952 1951 2132
f 2132 1951 2131
f 2132 2131 2312
f 2312 2131 2311
f 2312 2311 2492
f 2492 2311 2491
f 2492 2491 2672
f 2672 2491 2671
f 2672 2671 2852
f 2852 2671 2851
f 2852 2851 3032
f 3032 2851 3031
f 3032 3031 3212
f 3212 3031 3211
f 3212 3211 3392
f 3392 3211 3391
f 3392 3391 3572
f 3572 3391 3571
f 3572 3571 3752
f 3752 3571 3751
f 3752 3751 3932
f 3932 3751 3931
f 3932 3931 4112
f 4112 3931 4111
f 4112 4111 4292
f 4292 4111 4291
f 4292 4291 4472
f 4472 4291 4471
f 4472 4471 4652
f 4652 4471 4651
f 4652 4651 4832
f 4832 4651 4831
f 4832 4831 5012
f 5012 4831 5011
f 5012 5011 5192
f 5192 5011 5191
f 5192 5191 5372
f 5372 5191 5371
f 5372 5371 5552
f 5552 5371 5551
f 5552 5551 5732
f 5732 5551 5731
f 5732 5731 5912
f 5912 5731 5911
f 5912 5911 6092
f 6092 5911 6091
f 6092 6091 6272
f 6272 6091 6271
f 6272 6271 6452
f 6452 6271 6451
f 6452 6451 6632
f 6632 6451 6631
f 6632 6631 6812
f 6812 6631 6811
f 6812 6811 6992
f 6992 6811 6991
f 6992 6991 7172
f 7172 6991 7171
f 7172 7171 7352
f 7352 7171 7351
f 7352 7351 7532
f 7532 7351 7531
f 7532 7531 7712
f 7712 7531 7711
f 7712 7711 7892
f 7892 7711 7891
f 7892 7891 8072
f 8072 7891 8071
f 8072 8071 8252
f 8252 8071 8251
f 8252 8251 8432
f 8432 8251 8431
f 8432 8431 8612
f 8612 8431 8611
f 8612 8611 8792
f 8792 8611 8791
f 8792 8791 8972
f 8972 8791 8971
f 8972 8971 9152
f 9152 8971 9151
f 9152 9151 9332
f 9332 9151 9331
f 9332 9331 9512
f 9512 9331 9511
f 9512 9511 9692
f 9692 9511 9691
f 9692 9691 9872
f 9872 9691 9871
f 9872 9871 10052
f 10052 9871 10051
f 10052 10051 10232
f 10232 10051 10231
f 10232 10231 10412
f 10412 10231 10411
f 10412 10411 10592
f 10592 10411 10591
f 10592 10591 10772
f 10772 10591 10771
f 10772 10771 10952
f 10952 10771 10951
f 10952 10951 11132
f 11132 10951 11131
f 11132 11131 11312
f 11312 11131 11311
f 11312 11311 11492
f 11492 11311 11491
f 11492 11491 11672
f 11672 11491 11671
f 11672 11671 11852
f 11852 11671 11851
f 11852 11851 12032
f 12032 11851 12031
f 12032 12031 12212
f 12212 12031 12211
f 12212 12211 12392
f 12392 12211 12391
f 12392 12391 12572
f 12572 12391 12571
f 12572 12571 12752
f 12752 12571 12751
f 12752 12751 12932
f 12932 12751 12931
f 12932 12931 13112
f 13112 12931 13111
f 13112 13111 13292
f 13292 13111 13291
f 13292 13291 13472
f 13472 13291 13471
f 13472 13471 13652
f 13652 13471 13651
f 13652 13651 13832
f 13832 13651 13831
f 13832 13831 14012
f 14012 13831 14011
f 14012 14011 14192
f 14192 14011 14191
f 14192 14191 14372
f 14372 14191 14371
f 14372 14371 14552
f 14552 14371 14551
f 14552 14551 14732
f 14732 14551 14731
f 14732 14731 14912
f 14912 14731 14911
f 14912 14911 15092
f 15092 14911 15091
f 15092 15091 15272
f 15272 15091 15271
f 15272 15271 15452
f 15452 15271 15451
f 15452 15451 15632
f 15632 15451 15631
f 15632 15631 15812
f 15812 15631 15811
f 15812 15811 15992
f 15992 15811 15991
f 15992 15991 16022
f 151 1 150
f 151 150 331
f 331 150 330
f 331 330 511
f 511 330 510
f 511 510 691
f 691 510 690
f 691 690 871
f 871 690 870
f 871 870 1051
f 1051 870 1050
f 1051 1050 1231
f 1231 1050 1230
f 1231 1230 1411
f 1411 1230 1410
f 1411 1410 1591
f 1591 1410 1590
f 1591 1590 1771
f 1771 1590 1770
f 1771 1770 1950
f 1771 1950 1951
f 1951 1950 2130
f 1951 2130 2131
f 2131 2130 2310
f 2131 2310 2311
f 2311 2310 2490
f 2311 2490 2491
f 2491 2490 2670
f 2491 2670 2671
f 2671 2670 2850
f 2671 2850 2851
f 2851 2850 3030
f 2851 3030 3031
f 3031 3030 3210
f 3031 3210 3211
f 3211 3210 3390
f 3211 3390 3391
f 3391 3390 3570
f 3391 3570 3571
f 3571 3570 3750
f 3571 3750 3751
f 3751 3750 3930
f 3751 3930 3931
f 3931 3930 4110
f 3931 4110 4111
f 4111 4110 4290
f 4111 4290 4291
f 4291 4290 4470
f 4291 4470 4471
f 4471 4470 4650
f 4471 4650 4651
f 4651 4650 4830
f 4651 4830 4831
f 4831 4830 5010
f 4831 5010 5011
f 5011 5010 5190
f 5011 5190 5191
f 5191 5190 5370
f 5191 5370 5371
f 5371 5370 5550
f 5371 5550 5551
f 5551 5550 5730
f 5551 5730 5731
f 5731 5730 5910
f 5731 5910 5911
f 5911 5910 6090
f 5911 6090 6091
f 6091 6090 6270
f 6091 6270 6271
f 6271 6270 6450
f 6271 6450 6451
f 6451 6450 6630
f 6451 6630 6631
f 6631 6630 6810
f 6631 6810 6811
f 6811 6810 6990
f 6811 6990 6991
f 6991 6990 7170
f 6991 7170 7171
f 7171 7170 7350
f 7171 7350 7351
f 7351 7350 7530
f 7351 7530 7531
f 7531 7530 7710
f 7531 7710 7711
f 7711 7710 7890
f 7711 7890 7891
f 7891 7890 8070
f 7891 8070 8071
f 8071 8070 8250
f 8071 8250 8251
f 8251 8250 8430
f 8251 8430 8431
f 8431 8430 8610
f 8431 8610 8611
f 8611 8610 8790
f 8611 8790 8791
f 8791 8790 8971
f 8971 8790 8970
f 8971 8970 9151
f 9151 8970 9150
f 9151 9150 9331
f 9331 9150 9330
f 9331 9330 9511
f 9511 9330 9510
f 9511 9510 9691
f 9691 9510 9690
f 9691 9690 9871
f 9871 9690 9870
f 9871 9870 10051
f 10051 9870 10050
f 10051 10050 10231
f 10231 10050 10230
f 10231 10230 10411
f 10411 10230 10410
f 10411 10410 10591
f 10591 10410 10590
f 10591 10590 10771
f 10771 10590 10770
f 10771 10770 10951
f 10951 10770 10950
f 10951 10950 11131
f 11131 10950 11130
f 11131 11130 11311
f 11311 11130 11310
f 11311 11310 11491
f 11491 11310 11490
f 11491 11490 11671
f 11671 11490 11670
f 11671 11670 11851
f 11851 11670 11850
f 11851 11850 12031
f 12031 11850 12030
f 12031 12030 12211
f 12211 12030 12210
f 12211 12210 12391
f 12391 12210 12390
f 12391 12390 12571
f 12571 12390 12570
f 12571 12570 12751
f 12751 12570 12750
f 12751 12750 12931
f 12931 12750 12930
f 12931 12930 13111
f 13111 12930 13110
f 13111 13110 13291
f 13291 13110 13290
f 13291 13290 13471
f 13471 13290 13470
f 13471 13470 13651
f 13651 13470 13650
f 13651 13650 13831
f 13831 13650 13830
f 13831 13830 14011
f 14011 13830 14010
f 14011 14010 14191
f 14191 14010 14190
f 14191 14190 14371
f 14371 14190 14370
f 14371 14370 14551
f 14551 14370 14550
f 14551 14550 14731
f 14731 14550 14730
f 14731 14730 14911
f 14911 14730 14910
f 14911 14910 15091
f 15091 14910 15090
f 15091 15090 15271
f 15271 15090 15270
f 15271 15270 15451
f 15451 15270 15450
f 15451 15450 15631
f 15631 15450 15630
f 15631 15630 15811
f 15811 15630 15810
f 15811 15810 15991
f 15991 15810 15990
f 15991 15990 16022
f 150 1 149
f 150 149 330
f 330 149 329
f 330 329 510
f 510 329 509
f 510 509 690
f 690 509 689
f 690 689 870
f 870 689 869
f 870 869 1050
f 1050 869 1049
f 1050 1049 1230
f 1230 1049 1229
f 1230 1229 1410
f 1410 1229 1409
f 1410 1409 1590
f 1590 1409 1589
f 1590 1589 1770
f 1770 1589 1769
f 1770 1769 1950
f 1950 1769 1949
f 1950 1949 2130
f 2130 1949 2129
f 2130 2129 2310
f 2310 2129 2309
f 2310 2309 2490
f 2490 2309 2489
f 2490 2489 2670
f 2670 2489 2669
f 2670 2669 2850
f 2850 2669 2849
f 2850 2849 3030
f 3030 2849 3029
f 3030 3029 3210
f 3210 3029 3209
f 3210 3209 3390
f 3390 3209 3389
f 3390 3389 3570
f 3570 3389 3569
f 3570 3569 3750
f 3750 3569 3749
f 3750 3749 3930
f 3930 3749 3929
f 3930 3929 4110
f 4110 3929 4109
f 4110 4109 4290
f 4290 4109 4289
f 4290 4289 4470
f 4470 4289 4469
f 4470 4469 4650
f 4650 4469 4649
f 4650 4649 4830
f 4830 4649 4829
f 4830 4829 5010
f 5010 4829 5009
f 5010 5009 5190
f 5190 5009 5189
f 5190 5189 5370
f 5370 5189 5369
f 5370 5369 5550
f 5550 5369 5549
f 5550 5549 5730
f 5730 5549 5729
f 5730 5729 5910
f 5910 5729 5909
f 5910 5909 6090
f 6090 5909 6089
f 6090 6089 6270
f 6270 6089 6269
f 6270 6269 6450
f 6450 6269 6449
f 6450 6449 6630
f 6630 6449 6629
f 6630 6629 6810
f 6810 6629 6809
f 6810 6809 6990
f 6990 6809 6989
f 6990 6989 7170
f 7170 6989 7169
f 7170 7169 7350
f 7350 7169 7349
f 7350 7349 7530
f 7530 7349 7529
f 7530 7529 7710
f 7710 7529 7709
f 7710 7709 7890
f 7890 7709 7889
f 7890 7889 8070
f 8070 7889 8069
f 8070 8069 8250
f 8250 8069 8249
f 8250 8249 8430
f 8430 8249 8429
f 8430 8429 8610
f 8610 8429 8609
f 8610 8609 8789
f 8610 8789 8790
f 8790 8789 8969
f 8790 8969 8970
f 8970 8969 9149
f 8970 9149 9150
f 9150 9149 9329
f 9150 9329 9330
f 9330 9329 9509
f 9330 9509 9510
f 9510 9509 9689
f 9510 9689 9690
f 9690 9689 9869
f 9690 9869 9870
f 9870 9869 10049
f 9870 10049 10050
f 10050 10049 10229
f 10050 10229 10230
f 10230 10229 10409
f 10230 10409 10410
f 10410 10409 10589
f 10410 10589 10590
f 10590 10589 10769
f 10590 10769 10770
f 10770 10769 10949
f 10770 10949 10950
f 10950 10949 11129
f 10950 11129 11130
f 11130 11129 11309
f 11130 11309 11310
f 11310 11309 11489
f 11310 11489 11490
f 11490 11489 11669
f 11490 11669 11670
f 11670 11669 11849
f 11670 11849 11850
f 11850 11849 12029
f 11850 12029 12030
f 12030 12029 12209
f 12030 12209 12210
f 12210 12209 12389
f 12210 12389 12390
f 12390 12389 12569
f 12390 12569 12570
f 12570 12569 12749
f 12570 12749 12750
f 12750 12749 12929
f 12750 12929 12930
f 12930 12929 13109
f 12930 13109 13110
f 13110 13109 13289
f 13110 13289 13290
f 13290 13289 13469
f 13290 13469 13470
f 13470 13469 13649
f 13470 13649 13650
f 13650 13649 13829
f 13650 13829 13830
f 13830 13829 14009
f 13830 14009 14010
f 14010 14009 14189
f 14010 14189 14190
f 14190 14189 14369
f 14190 14369 14370
f 14370 14369 14549
f 14370 14549 14550
f 14550 14549 14729
f 14550 14729 14730
f 14730 14729 14909
f 14730 14909 14910
f 14910 14909 15089
f 14910 15089 15090
f 15090 15089 15269
f 15090 15269 15270
f 15270 15269 15449
f 15270 15449 15450
f 15450 15449 15630
f 15630 15449 15629
f 15630 15629 15810
f 15810 15629 15809
f 15810 15809 15990
f 15990 15809 15989
f 15990 15989 16022
f 149 1 148
f 149 148 329
f 329 148 328
f 329 328 509
f 509 328 508
f 509 508 689
f 689 508 688
f 689 688 869
f 869 688 868
f 869 868 1049
f 1049 868 1048
f 1049 1048 1229
f 1229 1048 1228
f 1229 1228 1409
f 1409 1228 1408
f 1409 1408 1589
f 1589 1408 1588
f 1589 1588 1769
f 1769 1588 1768
f 1769 1768 1949
f 1949 1768 1948
f 1949 1948 2129
f 2129 1948 2128
f 2129 2128 2309
f 2309 2128 2308
f 2309 2308 2489
f 2489 2308 2488
f 2489 2488 2669
f 2669 2488 2668
f 2669 2668 2849
f 2849 2668 2848
f 2849 2848 3029
f 3029 2848 3028
f 3029 3028 3209
f 3209 3028 3208
f 3209 3208 3389
f 3389 3208 3388
f 3389 3388 3569
f 3569 3388 3568
f 3569 3568 3749
f 3749 3568 3748
f 3749 3748 3929
f 3929 3748 3928
f 3929 3928 4109
f 4109 3928 4108
f 4109 4108 4289
f 4289 4108 4288
f 4289 4288 4469
f 4469 4288 4468
f 4469 4468 4649
f 4649 4468 4648
f 4649 4648 4829
f 4829 4648 4828
f 4829 4828 5009
f 5009 4828 5008
f 5009 5008 5189
f 5189 5008 5188
f 5189 5188 5369
f 5369 5188 5368
f 5369 5368 5549
f 5549 5368 5548
f 5549 5548 5729
f 5729 5548 5728
f 5729 5728 5909
f 5909 5728 5908
f 5909 5908 6089
f 6089 5908 6088
f 6089 6088 6269
f 6269 6088 6268
f 6269 6268 6449
f 6449 6268 6448
f 6449 6448 6629
f 6629 6448 6628
f 6629 6628 6809
f 6809 6628 6808
f 6809 6808 6989
f 6989 6808 6988
f 6989 6988 7169
f 7169 6988 7168
f 7169 7168 7349
f 7349 7168 7348
f 7349 7348 7529
f 7529 7348 7528
f 7529 7528 7709
f 7709 7528 7708
f 7709 7708 7889
f 7889 7708 7888
f 7889 7888 8069
f 8069 7888 8068
f 8069 8068 8249
f 8249 8068 8248
f 8249 8248 8429
f 8429 8248 8428
f 8429 8428 8609
f 8609 8428 8608
f 8609 8608 8789
f 8789 8608 8788
f 8789 8788 8969
f 8969 8788 8968
f 8969 8968 9149
f 9149 8968 9148
f 9149 9148 9329
f 9329 9148 9328
f 9329 9328 9509
f 9509 9328 9508
f 9509 9508 9689
f 9689 9508 9688
f 9689 9688 9869
f 9869 9688 9868
f 9869 9868 10049
f 10049 9868 10048
f 10049 10048 10229
f 10229 10048 10228
f 10229 10228 10409
f 10409 10228 10408
f 10409 10408 10589
f 10589 10408 10588
f 10589 10588 10769
f 10769 10588 10768
f 10769 10768 10949
f 10949 10768 10948
f 10949 10948 11129
f 11129 10948 11128
f 11129 11128 11309
f 11309 11128 11308
f 11309 11308 11489
f 11489 11308 11488
f 11489 11488 11669
f 11669 11488 11668
f 11669 11668 11849
f 11849 11668 11848
f 11849 11848 12029
f 12029 11848 12028
f 12029 12028 12209
f 12209 12028 12208
f 12209 12208 12389
f 12389 12208 12388
f 12389 12388 12569
f 12569 12388 12568
f 12569 12568 12749
f 12749 12568 12748
f 12749 12748 12929
f 12929 12748 12928
f 12929 12928 13109
f 13109 12928 13108
f 13109 13108 13289
f 13289 13108 13288
f 13289 13288 13469
f 13469 13288 13468
f 13469 13468 13649
f 13649 13468 13648
f 13649 13648 13829
f 13829 13648 13828
f 13829 13828 14009
f 14009 13828 14008
f 14009 14008 14189
f 14189 14008 14188
f 14189 14188 14369
f 14369 14188 14368
f 14369 14368 14549
f 14549 14368 14548
f 14549 14548 14729
f 14729 14548 14728
f 14729 14728 14909
f 14909 14728 14908
f 14909 14908 15089
f 15089 14908 15088
f 15089 15088 15269
f 15269 15088 15268
f 15269 15268 15448
f 15269 15448 15449
f 15449 15448 15629
f 15629 15448 15628
f 15629 15628 15809
f 15809 15628 15808
f 15809 15808 15989
f 15989 15808 15988
f 15989 15988 16022
f 148 1 147
f 148 147 328
f 328 147 327
f 328 327 508
f 508 327 507
f 508 507 688
f 688 507 687
f 688 687 868
f 868 687 867
f 868 867 1048
f 1048 867 1047
f 1048 1047 1228
f 1228 1047 1227
f 1228 1227 1408
f 1408 1227 1407
f 1408 1407 1588
f 1588 1407 1587
f 1588 1587 1768
f 1768 1587 1767
f 1768 1767 1948
f 1948 1767 1947
f 1948 1947 2128
f 2128 1947 2127
f 2128 2127 2308
f 2308 2127 2307
f 2308 2307 2488
f 2488 2307 2487
f 2488 2487 2668
f 2668 2487 2667
f 2668 2667 2848
f 2848 2667 2847
f 2848 2847 3028
f 3028 2847 3027
f 3028 3027 3208
f 3208 3027 3207
f 3208 3207 3388
f 3388 3207 3387
f 3388 3387 3568
f 3568 3387 3567
f 3568 3567 3748
f 3748 3567 3747
f 3748 3747 3928
f 3928 3747 3927
f 3928 3927 4108
f 4108 3927 4107
f 4108 4107 4288
f 4288 4107 4287
f 4288 4287 4468
f 4468 4287 4467
f 4468 4467 4648
f 4648 4467 4647
f 4648 4647 4828
f 4828 4647 4827
f 4828 4827 5008
f 5008 4827 5007
f 5008 5007 5188
f 5188 5007 5187
f 5188 5187 5368
f 5368 5187 5367
f 5368 5367 5548
f 5548 5367 5547
f 5548 5547 5728
f 5728 5547 5727
f 5728 5727 5907
f 5728 5907 5908
f 5908 5907 6088
f 6088 5907 6087
f 6088 6087 6268
f 6268 6087 6267
f 6268 6267 6448
f 6448 6267 6447
f 6448 6447 6628
f 6628 6447 6627
f 6628 6627 6808
f 6808 6627 6807
f 6808 6807 6988
f 6988 6807 6987
f 6988 6987 7168
f 7168 6987 7167
f 7168 7167 7348
f 7348 7167 7347
f 7348 7347 7528
f 7528 7347 7527
f 7528 7527 7708
f 7708 7527 7707
f 7708 7707 7888
f 7888 7707 7887
f 7888 7887 8068
f 8068 7887 8067
f 8068 8067 8248
f 8248 8067 8247
f 8248 8247 8428
f 8428 8247 8427
f 8428 8427 8608
f 8608 8427 8607
f 8608 8607 8788
f 8788 8607 8787
f 8788 8787 8968
f 8968 8787 8967
f 8968 8967 9148
f 9148 8967 9147
f 9148 9147 9328
f 9328 9147 9327
f 9328 9327 9508
f 9508 9327 9507
f 9508 9507 9688
f 9688 9507 9687
f 9688 9687 9868
f 9868 9687 9867
f 9868 9867 10048
f 10048 9867 10047
f 10048 10047 10228
f 10228 10047 10227
f 10228 10227 10408
f 10408 10227 10407
f 10408 10407 10588
f 10588 10407 10587
f 10588 10587 10768
f 10768 10587 10767
f 10768 10767 10948
f 10948 10767 10947
f 10948 10947 11128
f 11128 10947 11127
f 11128 11127 11308
f 11308 11127 11307
f 11308 11307 11488
f 11488 11307 11487
f 11488 11487 11668
f 11668 11487 11667
f 11668 11667 11848
f 11848 11667 11847
f 11848 11847 12028
f 12028 11847 12027
f 12028 12027 12208
f 12208 12027 12207
f 12208 12207 12388
f 12388 12207 12387
f 12388 12387 12568
f 12568 12387 12567
f 12568 12567 12748
f 12748 12567 12747
f 12748 12747 12928
f 12928 12747 12927
f 12928 12927 13108
f 13108 12927 13107
f 13108 13107 13288
f 13288 13107 13287
f 13288 13287 13468
f 13468 13287 13467
f 13468 13467 13648
f 13648 13467 13647
f 13648 13647 13828
f 13828 13647 13827
f 13828 13827 14008
f 14008 13827 14007
f 14008 14007 14188
f 14188 14007 14187
f 14188 14187 14368
f 14368 14187 14367
f 14368 14367 14548
f 14548 14367 14547
f 14548 14547 14728
f 14728 14547 14727
f 14728 14727 14908
f 14908 14727 14907
f 14908 14907 15088
f 15088 14907 15087
f 15088 15087 15268
f 15268 15087 15267
f 15268 15267 15448
f 15448 15267 15447
f 15448 15447 15628
f 15628 15447 15627
f 15628 15627 15808
f 15808 15627 15807
f 15808 15807 15988
f 15988 15807 15987
f 15988 15987 16022
f 147 1 146
f 147 146 327
f 327 146 326
f 327 326 507
f 507 326 506
f 507 506 687
f 687 506 686
f 687 686 867
f 867 686 866
f 867 866 1047
f 1047 866 1046
f 1047 1046 1227
f 1227 1046 1226
f 1227 1226 1407
f 1407 1226 1406
f 1407 1406 1587
f 1587 1406 1586
f 1587 1586 1767
f 1767 1586 1766
f 1767 1766 1947
f 1947 1766 1946
f 1947 1946 2127
f 2127 1946 2126
f 2127 2126 2307
f 2307 2126 2306
f 2307 2306 2487
f 2487 2306 2486
f 2487 2486 2667
f 2667 2486 2666
f 2667 2666 2847
f 2847 2666 2846
f 2847 2846 3027
f 3027 2846 3026
f 3027 3026 3207
f 3207 3026 3206
f 3207 3206 3387
f 3387 3206 3386
f 3387 3386 3567
f 3567 3386 3566
f 3567 3566 3747
f 3747 3566 3746
f 3747 3746 3927
f 3927 3746 3926
f 3927 3926 4107
f 4107 3926 4106
f 4107 4106 4287
f 4287 4106 4286
f 4287 4286 4467
f 4467 4286 4466
f 4467 4466 4647
f 4647 4466 4646
f 4647 4646 4827
f 4827 4646 4826
f 4827 4826 5007
f 5007 4826 5006
f 5007 5006 5187
f 5187 5006 5186
f 5187 5186 5367
f 5367 5186 5366
f 5367 5366 5547
f 5547 5366 5546
f 5547 5546 5727
f 5727 5546 5726
f 5727 5726 5906
f 5727 5906 5907
f 5907 5906 6086
f 5907 6086 6087
f 6087 6086 6266
f 6087 6266 6267
f 6267 6266 6446
f 6267 6446 6447
f 6447 6446 6626
f 6447 6626 6627
f 6627 6626 6806
f 6627 6806 6807
f 6807 6806 6986
f 6807 6986 6987
f 6987 6986 7166
f 6987 7166 7167
f 7167 7166 7346
f 7167 7346 7347
f 7347 7346 7526
f 7347 7526 7527
f 7527 7526 7706
f 7527 7706 7707
f 7707 7706 7886
f 7707 7886 7887
f 7887 7886 8066
f 7887 8066 8067
f 8067 8066 8246
f 8067 8246 8247
f 8247 8246 8426
f 8247 8426 8427
f 8427 8426 8606
f 8427 8606 8607
f 8607 8606 8786
f 8607 8786 8787
f 8787 8786 8966
f 8787 8966 8967
f 8967 8966 9146
f 8967 9146 9147
f 9147 9146 9326
f 9147 9326 9327
f 9327 9326 9506
f 9327 9506 9507
f 9507 9506 9686
f 9507 9686 9687
f 9687 9686 9866
f 9687 9866 9867
f 9867 9866 10046
f 9867 10046 10047
f 10047 10046 10226
f 10047 10226 10227
f 10227 10226 10406
f 10227 10406 10407
f 10407 10406 10586
f 10407 10586 10587
f 10587 10586 10766
f 10587 10766 10767
f 10767 10766 10946
f 10767 10946 10947
f 10947 10946 11126
f 10947 11126 11127
f 11127 11126 11306
f 11127 11306 11307
f 11307 11306 11486
f 11307 11486 11487
f 11487 11486 11666
f 11487 11666 11667
f 11667 11666 11846
f 11667 11846 11847
f 11847 11846 12026
f 11847 12026 12027
f 12027 12026 12206
f 12027 12206 12207
f 12207 12206 12386
f 12207 12386 12387
f 12387 12386 12566
f 12387 12566 12567
f 12567 12566 12746
f 12567 12746 12747
f 12747 12746 12927
f 12927 12746 12926
f 12927 12926 13107
f 13107 12926 13106
f 13107 13106 13287
f 13287 13106 13286
f 13287 13286 13467
f 13467 13286 13466
f 13467 13466 13647
f 13647 13466 13646
f 13647 13646 13827
f 13827 13646 13826
f 13827 13826 14007
f 14007 13826 14006
f 14007 14006 14187
f 14187 14006 14186
f 14187 14186 14367
f 14367 14186 14366
f 14367 14366 14547
f 14547 14366 14546
f 14547 14546 14727
f 14727 14546 14726
f 14727 14726 14907
f 14907 14726 14906
f 14907 14906 15087
f 15087 14906 15086
f 15087 15086 15267
f 15267 15086 15266
f 15267 15266 15447
f 15447 15266 15446
f 15447 15446 15627
f 15627 15446 15626
f 15627 15626 15807
f 15807 15626 15806
f 15807 15806 15987
f 15987 15806 15986
f 15987 15986 16022
f 146 1 145
f 146 145 326
f 326 145 325
f 326 325 506
f 506 325 505
f 506 505 686
f 686 505 685
f 686 685 866
f 866 685 865
f 866 865 1046
f 1046 865 1045
f 1046 1045 1226
f 1226 1045 1225
f 1226 1225 1406
f 1406 1225 1405
f 1406 1405 1586
f 1586 1405 1585
f 1586 1585 1766
f 1766 1585 1765
f 1766 1765 1946
f 1946 1765 1945
f 1946 1945 2126
f 2126 1945 2125
f 2126 2125 2306
f 2306 2125 2305
f 2306 2305 2486
f 2486 2305 2485
f 2486 2485 2666
f 2666 2485 2665
f 2666 2665 2846
f 2846 2665 2845
f 2846 2845 3026
f 3026 2845 3025
f 3026 3025 3206
f 3206 3025 3205
f 3206 3205 3386
f 3386 3205 3385
f 3386 3385 3566
f 3566 3385 3565
f 3566 3565 3746
f 3746 3565 3745
f 3746 3745 3926
f 3926 3745 3925
f 3926 3925 4106
f 4106 3925 4105
f 4106 4105 4286
f 4286 4105 4285
f 4286 4285 4466
f 4466 4285 4465
f 4466 4465 4646
f 4646 4465 4645
f 4646 4645 4826
f 4826 4645 4825
f 4826 4825 5006
f 5006 4825 5005
f 5006 5005 5186
f 5186 5005 5185
f 5186 5185 5366
f 5366 5185 5365
f 5366 5365 5546
f 5546 5365 5545
f 5546 5545 5726
f 5726 5545 5725
f 5726 5725 5906
f 5906 5725 5905
f 5906 5905 6086
f 6086 5905 6085
f 6086 6085 6266
f 6266 6085 6265
f 6266 6265 6446
f 6446 6265 6445
f 6446 6445 6626
f 6626 6445 6625
f 6626 6625 6806
f 6806 6625 6805
f 6806 6805 6986
f 6986 6805 6985
f 6986 6985 7166
f 7166 6985 7165
f 7166 7165 7346
f 7346 7165 7345
f 7346 7345 7526
f 7526 7345 7525
f 7526 7525 7706
f 7706 7525 7705
f 7706 7705 7886
f 7886 7705 7885
f 7886 7885 8066
f 8066 7885 8065
f 8066 8065 8246
f 8246 8065 8245
f 8246 8245 8426
f 8426 8245 8425
f 8426 8425 8606
f 8606 8425 8605
f 8606 8605 8786
f 8786 8605 8785
f 8786 8785 8966
f 8966 8785 8965
f 8966 8965 9146
f 9146 8965 9145
f 9146 9145 9326
f 9326 9145 9325
f 9326 9325 9506
f 9506 9325 9505
f 9506 9505 9686
f 9686 9505 9685
f 9686 9685 9866
f 9866 9685 9865
f 9866 9865 10046
f 10046 9865 10045
f 10046 10045 10226
f 10226 10045 10225
f 10226 10225 10406
f 10406 10225 10405
f 10406 10405 10586
f 10586 10405 10585
f 10586 10585 10766
f 10766 10585 10765
f 10766 10765 10946
f 10946 10765 10945
f 10946 10945 11126
f 11126 10945 11125
f 11126 11125 11306
f 11306 11125 11305
f 11306 11305 11486
f 11486 11305 11485
f 11486 11485 11666
f 11666 11485 11665
f 11666 11665 11846
f 11846 11665 11845
f 11846 11845 12026
f 12026 11845 12025
f 12026 12025 12206
f 12206 12025 12205
f 12206 12205 12386
f 12386 12205 12385
f 12386 12385 12566
f 12566 12385 12565
f 12566 12565 12745
f 12566 12745 12746
f 12746 12745 12926
f 12926 12745 12925
f 12926 12925 13106
f 13106 12925 13105
f 13106 13105 13286
f 13286 13105 13285
f 13286 13285 13466
f 13466 13285 13465
f 13466 13465 13646
f 13646 13465 13645
f 13646 13645 13826
f 13826 13645 13825
f 13826 13825 14006
f 14006 13825 14005
f 14006 14005 14186
f 14186 14005 14185
f 14186 14185 14366
f 14366 14185 14365
f 14366 14365 14546
f 14546 14365 14545
f 14546 14545 14726
f 14726 14545 14725
f 14726 14725 14906
f 14906 14725 14905
f 14906 14905 15086
f 15086 14905 15085
f 15086 15085 15266
f 15266 15085 15265
f 15266 15265 15446
f 15446 15265 15445
f 15446 15445 15626
f 15626 15445 15625
f 15626 15625 15806
f 15806 15625 15805
f 15806 15805 15986
f 15986 15805 15985
f 15986 15985 16022
f 145 1 144
f 145 144 325
f 325 144 324
f 325 324 505
f 505 324 504
f 505 504 685
f 685 504 684
f 685 684 865
f 865 684 864
f 865 864 1045
f 1045 864 1044
f 1045 1044 1225
f 1225 1044 1224
f 1225 1224 1405
f 1405 1224 1404
f 1405 1404 1585
f 1585 1404 1584
f 1585 1584 1765
f 1765 1584 1764
f 1765 1764 1945
f 1945 1764 1944
f 1945 1944 2125
f 2125 1944 2124
f 2125 2124 2305
f 2305 2124 2304
f 2305 2304 2485
f 2485 2304 2484
f 2485 2484 2665
f 2665 2484 2664
f 2665 2664 2845
f 2845 2664 2844
f 2845 2844 3025
f 3025 2844 3024
f 3025 3024 3204
f 3025 3204 3205
f 3205 3204 3385
f 3385 3204 3384
f 3385 3384 3565
f 3565 3384 3564
f 3565 3564 3745
f 3745 3564 3744
f 3745 3744 3925
f 3925 3744 3924
f 3925 3924 4105
f 4105 3924 4104
f 4105 4104 4285
f 4285 4104 4284
f 4285 4284 4465
f 4465 4284 4464
f 4465 4464 4645
f 4645 4464 4644
f 4645 4644 4825
f 4825 4644 4824
f 4825 4824 5005
f 5005 4824 5004
f 5005 5004 5185
f 5185 5004 5184
f 5185 5184 5365
f 5365 5184 5364
f 5365 5364 5545
f 5545 5364 5544
f 5545 5544 5725
f 5725 5544 5724
f 5725 5724 5905
f 5905 5724 5904
f 5905 5904 6085
f 6085 5904 6084
f 6085 6084 6265
f 6265 6084 6264
f 6265 6264 6445
f 6445 6264 6444
f 6445 6444 6625
f 6625 6444 6624
f 6625 6624 6805
f 6805 6624 6804
f 6805 6804 6985
f 6985 6804 6984
f 6985 6984 7165
f 7165 6984 7164
f 7165 7164 7345
f 7345 7164 7344
f 7345 7344 7525
f 7525 7344 7524
f 7525 7524 7705
f 7705 7524 7704
f 7705 7704 7885
f 7885 7704 7884
f 7885 7884 8065
f 8065 7884 8064
f 8065 8064 8245
f 8245 8064 8244
f 8245 8244 8425
f 8425 8244 8424
f 8425 8424 8605
f 8605 8424 8604
f 8605 8604 8785
f 8785 8604 8784
f 8785 8784 8965
f 8965 8784 8964
f 8965 8964 9145
f 9145 8964 9144
f 9145 9144 9325
f 9325 9144 9324
f 9325 9324 9505
f 9505 9324 9504
f 9505 9504 9685
f 9685 9504 9684
f 9685 9684 9865
f 9865 9684 9864
f 9865 9864 10045
f 10045 9864 10044
f 10045 10044 10225
f 10225 10044 10224
f 10225 10224 10405
f 10405 10224 10404
f 10405 10404 10585
f 10585 10404 10584
f 10585 10584 10765
f 10765 10584 10764
f 10765 10764 10945
f 10945 10764 10944
f 10945 10944 11125
f 11125 10944 11124
f 11125 11124 11305
f 11305 11124 11304
f 11305 11304 11485
f 11485 11304 11484
f 11485 11484 11665
f 11665 11484 11664
f 11665 11664 11845
f 11845 11664 11844
f 11845 11844 12025
f 12025 11844 12024
f 12025 12024 12205
f 12205 12024 12204
f 12205 12204 12385
f 12385 12204 12384
f 12385 12384 12565
f 12565 12384 12564
f 12565 12564 12745
f 12745 12564 12744
f 12745 12744 12925
f 12925 12744 12924
f 12925 12924 13105
f 13105 12924 13104
f 13105 13104 13285
f 13285 13104 13284
f 13285 13284 13465
f 13465 13284 13464
f 13465 13464 13645
f 13645 13464 13644
f 13645 13644 13825
f 13825 13644 13824
f 13825 13824 14005
f 14005 13824 14004
f 14005 14004 14185
f 14185 14004 14184
f 14185 14184 14365
f 14365 14184 14364
f 14365 14364 14545
f 14545 14364 14544
f 14545 14544 14725
f 14725 14544 14724
f 14725 14724 14905
f 14905 14724 14904
f 14905 14904 15085
f 15085 14904 15084
f 15085 15084 15265
f 15265 15084 15264
f 15265 15264 15445
f 15445 15264 15444
f 15445 15444 15625
f 15625 15444 15624
f 15625 15624 15805
f 15805 15624 15804
f 15805 15804 15985
f 15985 15804 15984
f 15985 15984 16022
f 144 1 143
f 144 143 324
f 324 143 323
f 324 323 504
f 504 323 503
f 504 503 684
f 684 503 683
f 684 683 864
f 864 683 863
f 864 863 1044
f 1044 863 1043
f 1044 1043 1224
f 1224 1043 1223
f 1224 1223 1404
f 1404 1223 1403
f 1404 1403 1584
f 1584 1403 1583
f 1584 1583 1764
f 1764 1583 1763
f 1764 1763 1944
f 1944 1763 1943
f 1944 1943 2124
f 2124 1943 2123
f 2124 2123 2304
f 2304 2123 2303
f 2304 2303 2484
f 2484 2303 2483
f 2484 2483 2664
f 2664 2483 2663
f 2664 2663 2844
f 2844 2663 2843
f 2844 2843 3024
f 3024 2843 3023
f 3024 3023 3203
f 3024 3203 3204
f 3204 3203 3383
f 3204 3383 3384
f 3384 3383 3563
f 3384 3563 3564
f 3564 3563 3743
f 3564 3743 3744
f 3744 3743 3923
f 3744 3923 3924
f 3924 3923 4103
f 3924 4103 4104
f 4104 4103 4283
f 4104 4283 4284
f 4284 4283 4463
f 4284 4463 4464
f 4464 4463 4643
f 4464 4643 4644
f 4644 4643 4823
f 4644 4823 4824
f 4824 4823 5003
f 4824 5003 5004
f 5004 5003 5183
f 5004 5183 5184
f 5184 5183 5363
f 5184 5363 5364
f 5364 5363 5543
f 5364 5543 5544
f 5544 5543 5723
f 5544 5723 5724
f 5724 5723 5903
f 5724 5903 5904
f 5904 5903 6083
f 5904 6083 6084
f 6084 6083 6263
f 6084 6263 6264
f 6264 6263 6443
f 6264 6443 6444
f 6444 6443 6623
f 6444 6623 6624
f 6624 6623 6803
f 6624 6803 6804
f 6804 6803 6983
f 6804 6983 6984
f 6984 6983 7163
f 6984 7163 7164
f 7164 7163 7343
f 7164 7343 7344
f 7344 7343 7523
f 7344 7523 7524
f 7524 7523 7703
f 7524 7703 7704
f 7704 7703 7883
f 7704 7883 7884
f 7884 7883 8063
f 7884 8063 8064
f 8064 8063 8243
f 8064 8243 8244
f 8244 8243 8423
f 8244 8423 8424
f 8424 8423 8603
f 8424 8603 8604
f 8604 8603 8783
f 8604 8783 8784
f 8784 8783 8963
f 8784 8963 8964
f 8964 8963 9143
f 8964 9143 9144
f 9144 9143 9323
f 9144 9323 9324
f 9324 9323 9503
f 9324 9503 9504
f 9504 9503 9683
f 9504 9683 9684
f 9684 9683 9863
f 9684 9863 9864
f 9864 9863 10044
f 10044 9863 10043
f 10044 10043 10224
f 10224 10043 10223
f 10224 10223 10404
f 10404 10223 10403
f 10404 10403 10584
f 10584 10403 10583
f 10584 10583 10764
f 10764 10583 10763
f 10764 10763 10944
f 10944 10763 10943
f 10944 10943 11124
f 11124 10943 11123
f 11124 11123 11304
f 11304 11123 11303
f 11304 11303 11484
f 11484 11303 11483
f 11484 11483 11664
f 11664 11483 11663
f 11664 11663 11844
f 11844 11663 11843
f 11844 11843 12024
f 12024 11843 12023
f 12024 12023 12204
f 12204 12023 12203
f 12204 12203 12384
f 12384 12203 12383
f 12384 12383 12564
f 12564 12383 12563
f 12564 12563 12744
f 12744 12563 12743
f 12744 12743 12924
f 12924 12743 12923
f 12924 12923 13104
f 13104 12923 13103
f 13104 13103 13284
f 13284 13103 13283
f 13284 13283 13464
f 13464 13283 13463
f 13464 13463 13644
f 13644 13463 13643
f 13644 13643 13824
f 13824 13643 13823
f 13824 13823 14004
f 14004 13823 14003
f 14004 14003 14184
f 14184 14003 14183
f 14184 14183 14364
f 14364 14183 14363
f 14364 14363 14544
f 14544 14363 14543
f 14544 14543 14724
f 14724 14543 14723
f 14724 14723 14904
f 14904 14723 14903
f 14904 14903 15084
f 15084 14903 15083
f 15084 15083 15264
f 15264 15083 15263
f 15264 15263 15444
f 15444 15263 15443
f 15444 15443 15624
f 15624 15443 15623
f 15624 15623 15804
f 15804 15623 15803
f 15804 15803 15984
f 15984 15803 15983
f 15984 15983 16022
f 143 1 142
f 143 142 323
f 323 142 322
f 323 322 503
f 503 322 502
f 503 502 683
f 683 502 682
f 683 682 863
f 863 682 862
f 863 862 1043
f 1043 862 1042
f 1043 1042 1223
f 1223 1042 1222
f 1223 1222 1403
f 1403 1222 1402
f 1403 1402 1583
f 1583 1402 1582
f 1583 1582 1763
f 1763 1582 1762
f 1763 1762 1943
f 1943 1762 1942
f 1943 1942 2123
f 2123 1942 2122
f 2123 2122 2303
f 2303 2122 2302
f 2303 2302 2483
f 2483 2302 2482
f 2483 2482 2663
f 2663 2482 2662
f 2663 2662 2843
f 2843 2662 2842
f 2843 2842 3023
f 3023 2842 3022
f 3023 3022 3203
f 3203 3022 3202
f 3203 3202 3383
f 3383 3202 3382
f 3383 3382 3563
f 3563 3382 3562
f 3563 3562 3743
f 3743 3562 3742
f 3743 3742 3923
f 3923 3742 3922
f 3923 3922 4103
f 4103 3922 4102
f 4103 4102 4283
f 4283 4102 4282
f 4283 4282 4463
f 4463 4282 4462
f 4463 4462 4643
f 4643 4462 4642
f 4643 4642 4823
f 4823 4642 4822
f 4823 4822 5003
f 5003 4822 5002
f 5003 5002 5183
f 5183 5002 5182
f 5183 5182 5363
f 5363 5182 5362
f 5363 5362 5543
f 5543 5362 5542
f 5543 5542 5723
f 5723 5542 5722
f 5723 5722 5903
f 5903 5722 5902
f 5903 5902 6083
f 6083 5902 6082
f 6083 6082 6263
f 6263 6082 6262
f 6263 6262 6443
f 6443 6262 6442
f 6443 6442 6623
f 6623 6442 6622
f 6623 6622 6803
f 6803 6622 6802
f 6803 6802 6983
f 6983 6802 6982
f 6983 6982 7163
f 7163 6982 7162
f 7163 7162 7343
f 7343 7162 7342
f 7343 7342 7523
f 7523 7342 7522
f 7523 7522 7703
f 7703 7522 7702
f 7703 7702 7883
f 7883 7702 7882
f 7883 7882 8063
f 8063 7882 8062
f 8063 8062 8243
f 8243 8062 8242
f 8243 8242 8423
f 8423 8242 8422
f 8423 8422 8603
f 8603 8422 8602
f 8603 8602 8783
f 8783 8602 8782
f 8783 8782 8963
f 8963 8782 8962
f 8963 8962 9143
f 9143 8962 9142
f 9143 9142 9323
f 9323 9142 9322
f 9323 9322 9503
f 9503 9322 9502
f 9503 9502 9683
f 9683 9502 9682
f 9683 9682 9862
f 9683 9862 9863
f 9863 9862 10043
f 10043 9862 10042
f 10043 10042 10223
f 10223 10042 10222
f 10223 10222 10403
f 10403 10222 10402
f 10403 10402 10583
f 10583 10402 10582
f 10583 10582 10763
f 10763 10582 10762
f 10763 10762 10943
f 10943 10762 10942
f 10943 10942 11123
f 11123 10942 11122
f 11123 11122 11303
f 11303 11122 11302
f 11303 11302 11483
f 11483 11302 11482
f 11483 11482 11663
f 11663 11482 11662
f 11663 11662 11843
f 11843 11662 11842
f 11843 11842 12023
f 12023 11842 12022
f 12023 12022 12203
f 12203 12022 12202
f 12203 12202 12383
f 12383 12202 12382
f 12383 12382 12563
f 12563 12382 12562
f 12563 12562 12743
f 12743 12562 12742
f 12743 12742 12923
f 12923 12742 12922
f 12923 12922 13103
f 13103 12922 13102
f 13103 13102 13283
f 13283 13102 13282
f 13283 13282 13463
f 13463 13282 13462
f 13463 13462 13643
f 13643 13462 13642
f 13643 13642 13823
f 13823 13642 13822
f 13823 13822 14003
f 14003 13822 14002
f 14003 14002 14183
f 14183 14002 14182
f 14183 14182 14363
f 14363 14182 14362
f 14363 14362 14543
f 14543 14362 14542
f 14543 14542 14723
f 14723 14542 14722
f 14723 14722 14903
f 14903 14722 14902
f 14903 14902 15083
f 15083 14902 15082
f 15083 15082 15263
f 15263 15082 15262
f 15263 15262 15443
f 15443 15262 15442
f 15443 15442 15623
f 15623 15442 15622
f 15623 15622 15803
f 15803 15622 15802
f 15803 15802 15983
f 15983 15802 15982
f 15983 15982 16022
f 142 1 141
f 142 141 321
f 142 321 322
f 322 321 502
f 502 321 501
f 502 501 682
f 682 501 681
f 682 681 862
f 862 681 861
f 862 861 1042
f 1042 861 1041
f 1042 1041 1222
f 1222 1041 1221
f 1222 1221 1402
f 1402 1221 1401
f 1402 1401 1582
f 1582 1401 1581
f 1582 1581 1762
f 1762 1581 1761
f 1762 1761 1942
f 1942 1761 1941
f 1942 1941 2122
f 2122 1941 2121
f 2122 2121 2302
f 2302 2121 2301
f 2302 2301 2482
f 2482 2301 2481
f 2482 2481 2662
f 2662 2481 2661
f 2662 2661 2842
f 2842 2661 2841
f 2842 2841 3022
f 3022 2841 3021
f 3022 3021 3202
f 3202 3021 3201
f 3202 3201 3382
f 3382 3201 3381
f 3382 3381 3562
f 3562 3381 3561
f 3562 3561 3742
f 3742 3561 3741
f 3742 3741 3922
f 3922 3741 3921
f 3922 3921 4102
f 4102 3921 4101
f 4102 4101 4282
f 4282 4101 4281
f 4282 4281 4462
f 4462 4281 4461
f 4462 4461 4642
f 4642 4461 4641
f 4642 4641 4822
f 4822 4641 4821
f 4822 4821 5002
f 5002 4821 5001
f 5002 5001 5182
f 5182 5001 5181
f 5182 5181 5362
f 5362 5181 5361
f 5362 5361 5542
f 5542 5361 5541
f 5542 5541 5722
f 5722 5541 5721
f 5722 5721 5902
f 5902 5721 5901
f 5902 5901 6082
f 6082 5901 6081
f 6082 6081 6262
f 6262 6081 6261
f 6262 6261 6442
f 6442 6261 6441
f 6442 6441 6622
f 6622 6441 6621
f 6622 6621 6802
f 6802 6621 6801
f 6802 6801 6982
f 6982 6801 6981
f 6982 6981 7162
f 7162 6981 7161
f 7162 7161 7342
f 7342 7161 7341
f 7342 7341 7522
f 7522 7341 7521
f 7522 7521 7702
f 7702 7521 7701
f 7702 7701 7882
f 7882 7701 7881
f 7882 7881 8062
f 8062 7881 8061
f 8062 8061 8242
f 8242 8061 8241
f 8242 8241 8422
f 8422 8241 8421
f 8422 8421 8602
f 8602 8421 8601
f 8602 8601 8782
f 8782 8601 8781
f 8782 8781 8962
f 8962 8781 8961
f 8962 8961 9142
f 9142 8961 9141
f 9142 9141 9322
f 9322 9141 9321
f 9322 9321 9502
f 9502 9321 9501
f 9502 9501 9682
f 9682 9501 9681
f 9682 9681 9862
f 9862 9681 9861
f 9862 9861 10042
f 10042 9861 10041
f 10042 10041 10222
f 10222 10041 10221
f 10222 10221 10402
f 10402 10221 10401
f 10402 10401 10582
f 10582 10401 10581
f 10582 10581 10762
f 10762 10581 10761
f 10762 10761 10942
f 10942 10761 10941
f 10942 10941 11122
f 11122 10941 11121
f 11122 11121 11302
f 11302 11121 11301
f 11302 11301 11482
f 11482 11301 11481
f 11482 11481 11662
f 11662 11481 11661
f 11662 11661 11842
f 11842 11661 11841
f 11842 11841 12022
f 12022 11841 12021
f 12022 12021 12202
f 12202 12021 12201
f 12202 12201 12382
f 12382 12201 12381
f 12382 12381 12562
f 12562 12381 12561
f 12562 12561 12742
f 12742 12561 12741
f 12742 12741 12922
f 12922 12741 12921
f 12922 12921 13102
f 13102 12921 13101
f 13102 13101 13282
f 13282 13101 13281
f 13282 13281 13462
f 13462 13281 13461
f 13462 13461 13642
f 13642 13461 13641
f 13642 13641 13822
f 13822 13641 13821
f 13822 13821 14002
f 14002 13821 14001
f 14002 14001 14182
f 14182 14001 14181
f 14182 14181 14362
f 14362 14181 14361
f 14362 14361 14542
f 14542 14361 14541
f 14542 14541 14722
f 14722 14541 14721
f 14722 14721 14902
f 14902 14721 14901
f 14902 14901 15082
f 15082 14901 15081
f 15082 15081 15262
f 15262 15081 15261
f 15262 15261 15442
f 15442 15261 15441
f 15442 15441 15622
f 15622 15441 15621
f 15622 15621 15802
f 15802 15621 15801
f 15802 15801 15982
f 15982 15801 15981
f 15982 15981 16022
f 141 1 140
f 141 140 320
f 141 320 321
f 321 320 500
f 321 500 501
f 501 500 680
f 501 680 681
f 681 680 860
f 681 860 861
f 861 860 1040
f 861 1040 1041
f 1041 1040 1220
f 1041 1220 1221
f 1221 1220 1400
f 1221 1400 1401
f 1401 1400 1580
f 1401 1580 1581
f 1581 1580 1760
f 1581 1760 1761
f 1761 1760 1940
f 1761 1940 1941
f 1941 1940 2120
f 1941 2120 2121
f 2121 2120 2300
f 2121 2300 2301
f 2301 2300 2480
f 2301 2480 2481
f 2481 2480 2660
f 2481 2660 2661
f 2661 2660 2840
f 2661 2840 2841
f 2841 2840 3020
f 2841 3020 3021
f 3021 3020 3200
f 3021 3200 3201
f 3201 3200 3380
f 3201 3380 3381
f 3381 3380 3560
f 3381 3560 3561
f 3561 3560 3740
f 3561 3740 3741
f 3741 3740 3920
f 3741 3920 3921
f 3921 3920 4100
f 3921 4100 4101
f 4101 4100 4280
f 4101 4280 4281
f 4281 4280 4460
f 4281 4460 4461
f 4461 4460 4640
f 4461 4640 4641
f 4641 4640 4820
f 4641 4820 4821
f 4821 4820 5000
f 4821 5000 5001
f 5001 5000 5180
f 5001 5180 5181
f 5181 5180 5360
f 5181 5360 5361
f 5361 5360 5540
f 5361 5540 5541
f 5541 5540 5720
f 5541 5720 5721
f 5721 5720 5900
f 5721 5900 5901
f 5901 5900 6080
f 5901 6080 6081
f 6081 6080 6260
f 6081 6260 6261
f 6261 6260 6440
f 6261 6440 6441
f 6441 6440 6620
f 6441 6620 6621
f 6621 6620 6800
f 6621 6800 6801
f 6801 6800 6980
f 6801 6980 6981
f 6981 6980 7161
f 7161 6980 7160
f 7161 7160 7341
f 7341 7160 7340
f 7341 7340 7521
f 7521 7340 7520
f 7521 7520 7701
f 7701 7520 7700
f 7701 7700 7881
f 7881 7700 7880
f 7881 7880 8061
f 8061 7880 8060
f 8061 8060 8241
f 8241 8060 8240
f 8241 8240 8421
f 8421 8240 8420
f 8421 8420 8601
f 8601 8420 8600
f 8601 8600 8781
f 8781 8600 8780
f 8781 8780 8961
f 8961 8780 8960
f 8961 8960 9141
f 9141 8960 9140
f 9141 9140 9321
f 9321 9140 9320
f 9321 9320 9501
f 9501 9320 9500
f 9501 9500 9681
f 9681 9500 9680
f 9681 9680 9861
f 9861 9680 9860
f 9861 9860 10041
f 10041 9860 10040
f 10041 10040 10221
f 10221 10040 10220
f 10221 10220 10401
f 10401 10220 10400
f 10401 10400 10581
f 10581 10400 10580
f 10581 10580 10761
f 10761 10580 10760
f 10761 10760 10941
f 10941 10760 10940
f 10941 10940 11121
f 11121 10940 11120
f 11121 11120 11301
f 11301 11120 11300
f 11301 11300 11481
f 11481 11300 11480
f 11481 11480 11661
f 11661 11480 11660
f 11661 11660 11841
f 11841 11660 11840
f 11841 11840 12021
f 12021 11840 12020
f 12021 12020 12201
f 12201 12020 12200
f 12201 12200 12381
f 12381 12200 12380
f 12381 12380 12561
f 12561 12380 12560
f 12561 12560 12741
f 12741 12560 12740
f 12741 12740 12921
f 12921 12740 12920
f 12921 12920 13101
f 13101 12920 13100
f 13101 13100 13281
f 13281 13100 13280
f 13281 13280 13461
f 13461 13280 13460
f 13461 13460 13641
f 13641 13460 13640
f 13641 13640 13821
f 13821 13640 13820
f 13821 13820 14001
f 14001 13820 14000
f 14001 14000 14181
f 14181 14000 14180
f 14181 14180 14361
f 14361 14180 14360
f 14361 14360 14541
f 14541 14360 14540
f 14541 14540 14721
f 14721 14540 14720
f 14721 14720 14901
f 14901 14720 14900
f 14901 14900 15081
f 15081 14900 15080
f 15081 15080 15261
f 15261 15080 15260
f 15261 15260 15441
f 15441 15260 15440
f 15441 15440 15621
f 15621 15440 15620
f 15621 15620 15801
f 15801 15620 15800
f 15801 15800 15981
f 15981 15800 15980
f 15981 15980 16022
f 140 1 139
f 140 139 320
f 320 139 319
f 320 319 500
f 500 319 499
f 500 499 680
f 680 499 679
f 680 679 860
f 860 679 859
f 860 859 1040
f 1040 859 1039
f 1040 1039 1220
f 1220 1039 1219
f 1220 1219 1400
f 1400 1219 1399
f 1400 1399 1580
f 1580 1399 1579
f 1580 1579 1760
f 1760 1579 1759
f 1760 1759 1940
f 1940 1759 1939
f 1940 1939 2120
f 2120 1939 2119
f 2120 2119 2300
f 2300 2119 2299
f 2300 2299 2480
f 2480 2299 2479
f 2480 2479 2660
f 2660 2479 2659
f 2660 2659 2840
f 2840 2659 2839
f 2840 2839 3020
f 3020 2839 3019
f 3020 3019 3200
f 3200 3019 3199
f 3200 3199 3380
f 3380 3199 3379
f 3380 3379 3560
f 3560 3379 3559
f 3560 3559 3740
f 3740 3559 3739
f 3740 3739 3920
f 3920 3739 3919
f 3920 3919 4100
f 4100 3919 4099
f 4100 4099 4280
f 4280 4099 4279
f 4280 4279 4460
f 4460 4279 4459
f 4460 4459 4640
f 4640 4459 4639
f 4640 4639 4820
f 4820 4639 4819
f 4820 4819 5000
f 5000 4819 4999
f 5000 4999 5180
f 5180 4999 5179
f 5180 5179 5360
f 5360 5179 5359
f 5360 5359 5540
f 5540 5359 5539
f 5540 5539 5720
f 5720 5539 5719
f 5720 5719 5900
f 5900 5719 5899
f 5900 5899 6080
f 6080 5899 6079
f 6080 6079 6260
f 6260 6079 6259
f 6260 6259 6440
f 6440 6259 6439
f 6440 6439 6620
f 6620 6439 6619
f 6620 6619 6800
f 6800 6619 6799
f 6800 6799 6979
f 6800 6979 6980
f 6980 6979 7159
f 6980 7159 7160
f 7160 7159 7339
f 7160 7339 7340
f 7340 7339 7519
f 7340 7519 7520
f 7520 7519 7699
f 7520 7699 7700
f 7700 7699 7879
f 7700 7879 7880
f 7880 7879 8059
f 7880 8059 8060
f 8060 8059 8239
f 8060 8239 8240
f 8240 8239 8419
f 8240 8419 8420
f 8420 8419 8599
f 8420 8599 8600
f 8600 8599 8779
f 8600 8779 8780
f 8780 8779 8959
f 8780 8959 8960
f 8960 8959 9139
f 8960 9139 9140
f 9140 9139 9319
f 9140 9319 9320
f 9320 9319 9499
f 9320 9499 9500
f 9500 9499 9679
f 9500 9679 9680
f 9680 9679 9859
f 9680 9859 9860
f 9860 9859 10039
f 9860 10039 10040
f 10040 10039 10219
f 10040 10219 10220
f 10220 10219 10399
f 10220 10399 10400
f 10400 10399 10579
f 10400 10579 10580
f 10580 10579 10759
f 10580 10759 10760
f 10760 10759 10939
f 10760 10939 10940
f 10940 10939 11119
f 10940 11119 11120
f 11120 11119 11299
f 11120 11299 11300
f 11300 11299 11479
f 11300 11479 11480
f 11480 11479 11659
f 11480 11659 11660
f 11660 11659 11839
f 11660 11839 11840
f 11840 11839 12019
f 11840 12019 12020
f 12020 12019 12199
f 12020 12199 12200
f 12200 12199 12379
f 12200 12379 12380
f 12380 12379 12559
f 12380 12559 12560
f 12560 12559 12739
f 12560 12739 12740
f 12740 12739 12919
f 12740 12919 12920
f 12920 12919 13099
f 12920 13099 13100
f 13100 13099 13279
f 13100 13279 13280
f 13280 13279 13459
f 13280 13459 13460
f 13460 13459 13639
f 13460 13639 13640
f 13640 13639 13819
f 13640 13819 13820
f 13820 13819 14000
f 14000 13819 13999
f 14000 13999 14180
f 14180 13999 14179
f 14180 14179 14360
f 14360 14179 14359
f 14360 14359 14540
f 14540 14359 14539
f 14540 14539 14720
f 14720 14539 14719
f 14720 14719 14900
f 14900 14719 14899
f 14900 14899 15080
f 15080 14899 15079
f 15080 15079 15260
f 15260 15079 15259
f 15260 15259 15440
f 15440 15259 15439
f 15440 15439 15620
f 15620 15439 15619
f 15620 15619 15800
f 15800 15619 15799
f 15800 15799 15980
f 15980 15799 15979
f 15980 15979 16022
f 139 1 138
f 139 138 319
f 319 138 318
f 319 318 499
f 499 318 498
f 499 498 679
f 679 498 678
f 679 678 859
f 859 678 858
f 859 858 1039
f 1039 858 1038
f 1039 1038 1219
f 1219 1038 1218
f 1219 1218 1399
f 1399 1218 1398
f 1399 1398 1579
f 1579 1398 1578
f 1579 1578 1759
f 1759 1578 1758
f 1759 1758 1939
f 1939 1758 1938
f 1939 1938 2119
f 2119 1938 2118
f 2119 2118 2299
f 2299 2118 2298
f 2299 2298 2479
f 2479 2298 2478
f 2479 2478 2659
f 2659 2478 2658
f 2659 2658 2839
f 2839 2658 2838
f 2839 2838 3019
f 3019 2838 3018
f 3019 3018 3199
f 3199 3018 3198
f 3199 3198 3379
f 3379 3198 3378
f 3379 3378 3559
f 3559 3378 3558
f 3559 3558 3739
f 3739 3558 3738
f 3739 3738 3919
f 3919 3738 3918
f 3919 3918 4099
f 4099 3918 4098
f 4099 4098 4279
f 4279 4098 4278
f 4279 4278 4459
f 4459 4278 4458
f 4459 4458 4639
f 4639 4458 4638
f 4639 4638 4819
f 4819 4638 4818
f 4819 4818 4999
f 4999 4818 4998
f 4999 4998 5179
f 5179 4998 5178
f 5179 5178 5359
f 5359 5178 5358
f 5359 5358 5539
f 5539 5358 5538
f 5539 5538 5719
f 5719 5538 5718
f 5719 5718 5899
f 5899 5718 5898
f 5899 5898 6079
f 6079 5898 6078
f 6079 6078 6259
f 6259 6078 6258
f 6259 6258 6439
f 6439 6258 6438
f 6439 6438 6619
f 6619 6438 6618
f 6619 6618 6799
f 6799 6618 6798
f 6799 6798 6979
f 6979 6798 6978
f 6979 6978 7159
f 7159 6978 7158
f 7159 7158 7339
f 7339 7158 7338
f 7339 7338 7519
f 7519 7338 7518
f 7519 7518 7699
f 7699 7518 7698
f 7699 7698 7879
f 7879 7698 7878
f 7879 7878 8059
f 8059 7878 8058
f 8059 8058 8239
f 8239 8058 8238
f 8239 8238 8419
f 8419 8238 8418
f 8419 8418 8599
f 8599 8418 8598
f 8599 8598 8779
f 8779 8598 8778
f 8779 8778 8959
f 8959 8778 8958
f 8959 8958 9139
f 9139 8958 9138
f 9139 9138 9319
f 9319 9138 9318
f 9319 9318 9499
f 9499 9318 9498
f 9499 9498 9679
f 9679 9498 9678
f 9679 9678 9859
f 9859 9678 9858
f 9859 9858 10039
f 10039 9858 10038
f 10039 10038 10219
f 10219 10038 10218
f 10219 10218 10399
f 10399 10218 10398
f 10399 10398 10579
f 10579 10398 10578
f 10579 10578 10759
f 10759 10578 10758
f 10759 10758 10939
f 10939 10758 10938
f 10939 10938 11119
f 11119 10938 11118
f 11119 11118 11299
f 11299 11118 11298
f 11299 11298 11479
f 11479 11298 11478
f 11479 11478 11659
f 11659 11478 11658
f 11659 11658 11839
f 11839 11658 11838
f 11839 11838 12019
f 12019 11838 12018
f 12019 12018 12199
f 12199 12018 12198
f 12199 12198 12379
f 12379 12198 12378
f 12379 12378 12559
f 12559 12378 12558
f 12559 12558 12739
f 12739 12558 12738
f 12739 12738 12919
f 12919 12738 12918
f 12919 12918 13099
f 13099 12918 13098
f 13099 13098 13279
f 13279 13098 13278
f 13279 13278 13459
f 13459 13278 13458
f 13459 13458 13639
f 13639 13458 13638
f 13639 13638 13818
f 13639 13818 13819
f 13819 13818 13999
f 13999 13818 13998
f 13999 13998 14179
f 14179 13998 14178
f 14179 14178 14359
f 14359 14178 14358
f 14359 14358 14539
f 14539 14358 14538
f 14539 14538 14719
f 14719 14538 14718
f 14719 14718 14899
f 14899 14718 14898
f 14899 14898 15079
f 15079 14898 15078
f 15079 15078 15259
f 15259 15078 15258
f 15259 15258 15439
f 15439 15258 15438
f 15439 15438 15619
f 15619 15438 15618
f 15619 15618 15799
f 15799 15618 15798
f 15799 15798 15979
f 15979 15798 15978
f 15979 15978 16022
f 138 1 137
f 138 137 318
f 318 137 317
f 318 317 498
f 498 317 497
f 498 497 678
f 678 497 677
f 678 677 858
f 858 677 857
f 858 857 1038
f 1038 857 1037
f 1038 1037 1218
f 1218 1037 1217
f 1218 1217 1398
f 1398 1217 1397
f 1398 1397 1578
f 1578 1397 1577
f 1578 1577 1758
f 1758 1577 1757
f 1758 1757 1938
f 1938 1757 1937
f 1938 1937 2118
f 2118 1937 2117
f 2118 2117 2298
f 2298 2117 2297
f 2298 2297 2478
f 2478 2297 2477
f 2478 2477 2658
f 2658 2477 2657
f 2658 2657 2838
f 2838 2657 2837
f 2838 2837 3018
f 3018 2837 3017
f 3018 3017 3198
f 3198 3017 3197
f 3198 3197 3378
f 3378 3197 3377
f 3378 3377 3558
f 3558 3377 3557
f 3558 3557 3738
f 3738 3557 3737
f 3738 3737 3918
f 3918 3737 3917
f 3918 3917 4097
f 3918 4097 4098
f 4098 4097 4278
f 4278 4097 4277
f 4278 4277 4458
f 4458 4277 4457
f 4458 4457 4638
f 4638 4457 4637
f 4638 4637 4818
f 4818 4637 4817
f 4818 4817 4998
f 4998 4817 4997
f 4998 4997 5178
f 5178 4997 5177
f 5178 5177 5358
f 5358 5177 5357
f 5358 5357 5538
f 5538 5357 5537
f 5538 5537 5718
f 5718 5537 5717
f 5718 5717 5898
f 5898 5717 5897
f 5898 5897 6078
f 6078 5897 6077
f 6078 6077 6258
f 6258 6077 6257
f 6258 6257 6438
f 6438 6257 6437
f 6438 6437 6618
f 6618 6437 6617
f 6618 6617 6798
f 6798 6617 6797
f 6798 6797 6978
f 6978 6797 6977
f 6978 6977 7158
f 7158 6977 7157
f 7158 7157 7338
f 7338 7157 7337
f 7338 7337 7518
f 7518 7337 7517
f 7518 7517 7698
f 7698 7517 7697
f 7698 7697 7878
f 7878 7697 7877
f 7878 7877 8058
f 8058 7877 8057
f 8058 8057 8238
f 8238 8057 8237
f 8238 8237 8418
f 8418 8237 8417
f 8418 8417 8598
f 8598 8417 8597
f 8598 8597 8778
f 8778 8597 8777
f 8778 8777 8958
f 8958 8777 8957
f 8958 8957 9138
f 9138 8957 9137
f 9138 9137 9318
f 9318 9137 9317
f 9318 9317 9498
f 9498 9317 9497
f 9498 9497 9678
f 9678 9497 9677
f 9678 9677 9858
f 9858 9677 9857
f 9858 9857 10038
f 10038 9857 10037
f 10038 10037 10218
f 10218 10037 10217
f 10218 10217 10398
f 10398 10217 10397
f 10398 10397 10578
f 10578 10397 10577
f 10578 10577 10758
f 10758 10577 10757
f 10758 10757 10938
f 10938 10757 10937
f 10938 10937 11118
f 11118 10937 11117
f 11118 11117 11298
f 11298 11117 11297
f 11298 11297 11478
f 11478 11297 11477
f 11478 11477 11658
f 11658 11477 11657
f 11658 11657 11838
f 11838 11657 11837
f 11838 11837 12018
f 12018 11837 12017
f 12018 12017 12198
f 12198 12017 12197
f 12198 12197 12378
f 12378 12197 12377
f 12378 12377 12558
f 12558 12377 12557
f 12558 12557 12738
f 12738 12557 12737
f 12738 12737 12918
f 12918 12737 12917
f 12918 12917 13098
f 13098 12917 13097
f 13098 13097 13278
f 13278 13097 13277
f 13278 13277 13458
f 13458 13277 13457
f 13458 13457 13638
f 13638 13457 13637
f 13638 13637 13818
f 13818 13637 13817
f 13818 13817 13998
f 13998 13817 13997
f 13998 13997 14178
f 14178 13997 14177
f 14178 14177 14358
f 14358 14177 14357
f 14358 14357 14538
f 14538 14357 14537
f 14538 14537 14718
f 14718 14537 14717
f 14718 14717 14898
f 14898 14717 14897
f 14898 14897 15078
f 15078 14897 15077
f 15078 15077 15258
f 15258 15077 15257
f 15258 15257 15438
f 15438 15257 15437
f 15438 15437 15618
f 15618 15437 15617
f 15618 15617 15798
f 15798 15617 15797
f 15798 15797 15978
f 15978 15797 15977
f 15978 15977 16022
f 137 1 136
f 137 136 317
f 317 136 316
f 317 316 497
f 497 316 496
f 497 496 677
f 677 496 676
f 677 676 857
f 857 676 856
f 857 856 1037
f 1037 856 1036
f 1037 1036 1217
f 1217 1036 1216
f 1217 1216 1397
f 1397 1216 1396
f 1397 1396 1577
f 1577 1396 1576
f 1577 1576 1757
f 1757 1576 1756
f 1757 1756 1937
f 1937 1756 1936
f 1937 1936 2117
f 2117 1936 2116
f 2117 2116 2297
f 2297 2116 2296
f 2297 2296 2477
f 2477 2296 2476
f 2477 2476 2657
f 2657 2476 2656
f 2657 2656 2837
f 2837 2656 2836
f 2837 2836 3017
f 3017 2836 3016
f 3017 3016 3197
f 3197 3016 3196
f 3197 3196 3377
f 3377 3196 3376
f 3377 3376 3557
f 3557 3376 3556
f 3557 3556 3737
f 3737 3556 3736
f 3737 3736 3917
f 3917 3736 3916
f 3917 3916 4096
f 3917 4096 4097
f 4097 4096 4276
f 4097 4276 4277
f 4277 4276 4456
f 4277 4456 4457
f 4457 4456 4636
f 4457 4636 4637
f 4637 4636 4816
f 4637 4816 4817
f 4817 4816 4996
f 4817 4996 4997
f 4997 4996 5176
f 4997 5176 5177
f 5177 5176 5356
f 5177 5356 5357
f 5357 5356 5536
f 5357 5536 5537
f 5537 5536 5716
f 5537 5716 5717
f 5717 5716 5896
f 5717 5896 5897
f 5897 5896 6076
f 5897 6076 6077
f 6077 6076 6256
f 6077 6256 6257
f 6257 6256 6436
f 6257 6436 6437
f 6437 6436 6616
f 6437 6616 6617
f 6617 6616 6796
f 6617 6796 6797
f 6797 6796 6976
f 6797 6976 6977
f 6977 6976 7156
f 6977 7156 7157
f 7157 7156 7336
f 7157 7336 7337
f 7337 7336 7516
f 7337 7516 7517
f 7517 7516 7696
f 7517 7696 7697
f 7697 7696 7876
f 7697 7876 7877
f 7877 7876 8056
f 7877 8056 8057
f 8057 8056 8236
f 8057 8236 8237
f 8237 8236 8416
f 8237 8416 8417
f 8417 8416 8596
f 8417 8596 8597
f 8597 8596 8776
f 8597 8776 8777
f 8777 8776 8956
f 8777 8956 8957
f 8957 8956 9136
f 8957 9136 9137
f 9137 9136 9316
f 9137 9316 9317
f 9317 9316 9496
f 9317 9496 9497
f 9497 9496 9676
f 9497 9676 9677
f 9677 9676 9856
f 9677 9856 9857
f 9857 9856 10036
f 9857 10036 10037
f 10037 10036 10216
f 10037 10216 10217
f 10217 10216 10396
f 10217 10396 10397
f 10397 10396 10576
f 10397 10576 10577
f 10577 10576 10756
f 10577 10756 10757
f 10757 10756 10936
f 10757 10936 10937
f 10937 10936 11117
f 11117 10936 11116
f 11117 11116 11297
f 11297 11116 11296
f 11297 11296 11477
f 11477 11296 11476
f 11477 11476 11657
f 11657 11476 11656
f 11657 11656 11837
f 11837 11656 11836
f 11837 11836 12017
f 12017 11836 12016
f 12017 12016 12197
f 12197 12016 12196
f 12197 12196 12377
f 12377 12196 12376
f 12377 12376 12557
f 12557 12376 12556
f 12557 12556 12737
f 12737 12556 12736
f 12737 12736 12917
f 12917 12736 12916
f 12917 12916 13097
f 13097 12916 13096
f 13097 13096 13277
f 13277 13096 13276
f 13277 13276 13457
f 13457 13276 13456
f 13457 13456 13637
f 13637 13456 13636
f 13637 13636 13817
f 13817 13636 13816
f 13817 13816 13997
f 13997 13816 13996
f 13997 13996 14177
f 14177 13996 14176
f 14177 14176 14357
f 14357 14176 14356
f 14357 14356 14537
f 14537 14356 14536
f 14537 14536 14717
f 14717 14536 14716
f 14717 14716 14897
f 14897 14716 14896
f 14897 14896 15077
f 15077 14896 15076
f 15077 15076 15257
f 15257 15076 15256
f 15257 15256 15437
f 15437 15256 15436
f 15437 15436 15617
f 15617 15436 15616
f 15617 15616 15797
f 15797 15616 15796
f 15797 15796 15977
f 15977 15796 15976
f 15977 15976 16022
f 136 1 135
f 136 135 316
f 316 135 315
f 316 315 496
f 496 315 495
f 496 495 676
f 676 495 675
f 676 675 856
f 856 675 855
f 856 855 1036
f 1036 855 1035
f 1036 1035 1216
f 1216 1035 1215
f 1216 1215 1396
f 1396 1215 1395
f 1396 1395 1576
f 1576 1395 1575
f 1576 1575 1756
f 1756 1575 1755
f 1756 1755 1936
f 1936 1755 1935
f 1936 1935 2116
f 2116 1935 2115
f 2116 2115 2296
f 2296 2115 2295
f 2296 2295 2476
f 2476 2295 2475
f 2476 2475 2656
f 2656 2475 2655
f 2656 2655 2836
f 2836 2655 2835
f 2836 2835 3016
f 3016 2835 3015
f 3016 3015 3196
f 3196 3015 3195
f 3196 3195 3376
f 3376 3195 3375
f 3376 3375 3556
f 3556 3375 3555
f 3556 3555 3736
f 3736 3555 3735
f 3736 3735 3916
f 3916 3735 3915
f 3916 3915 4096
f 4096 3915 4095
f 4096 4095 4276
f 4276 4095 4275
f 4276 4275 4456
f 4456 4275 4455
f 4456 4455 4636
f 4636 4455 4635
f 4636 4635 4816
f 4816 4635 4815
f 4816 4815 4996
f 4996 4815 4995
f 4996 4995 5176
f 5176 4995 5175
f 5176 5175 5356
f 5356 5175 5355
f 5356 5355 5536
f 5536 5355 5535
f 5536 5535 5716
f 5716 5535 5715
f 5716 5715 5896
f 5896 5715 5895
f 5896 5895 6076
f 6076 5895 6075
f 6076 6075 6256
f 6256 6075 6255
f 6256 6255 6436
f 6436 6255 6435
f 6436 6435 6616
f 6616 6435 6615
f 6616 6615 6796
f 6796 6615 6795
f 6796 6795 6976
f 6976 6795 6975
f 6976 6975 7156
f 7156 6975 7155
f 7156 7155 7336
f 7336 7155 7335
f 7336 7335 7516
f 7516 7335 7515
f 7516 7515 7696
f 7696 7515 7695
f 7696 7695 7876
f 7876 7695 7875
f 7876 7875 8056
f 8056 7875 8055
f 8056 8055 8236
f 8236 8055 8235
f 8236 8235 8416
f 8416 8235 8415
f 8416 8415 8596
f 8596 8415 8595
f 8596 8595 8776
f 8776 8595 8775
f 8776 8775 8956
f 8956 8775 8955
f 8956 8955 9136
f 9136 8955 9135
f 9136 9135 9316
f 9316 9135 9315
f 9316 9315 9496
f 9496 9315 9495
f 9496 9495 9676
f 9676 9495 9675
f 9676 9675 9856
f 9856 9675 9855
f 9856 9855 10036
f 10036 9855 10035
f 10036 10035 10216
f 10216 10035 10215
f 10216 10215 10396
f 10396 10215 10395
f 10396 10395 10576
f 10576 10395 10575
f 10576 10575 10756
f 10756 10575 10755
f 10756 10755 10935
f 10756 10935 10936
f 10936 10935 11116
f 11116 10935 11115
f 11116 11115 11296
f 11296 11115 11295
f 11296 11295 11476
f 11476 11295 11475
f 11476 11475 11656
f 11656 11475 11655
f 11656 11655 11836
f 11836 11655 11835
f 11836 11835 12016
f 12016 11835 12015
f 12016 12015 12196
f 12196 12015 12195
f 12196 12195 12376
f 12376 12195 12375
f 12376 12375 12556
f 12556 12375 12555
f 12556 12555 12736
f 12736 12555 12735
f 12736 12735 12916
f 12916 12735 12915
f 12916 12915 13096
f 13096 12915 13095
f 13096 13095 13276
f 13276 13095 13275
f 13276 13275 13456
f 13456 13275 13455
f 13456 13455 13636
f 13636 13455 13635
f 13636 13635 13816
f 13816 13635 13815
f 13816 13815 13996
f 13996 13815 13995
f 13996 13995 14176
f 14176 13995 14175
f 14176 14175 14356
f 14356 14175 14355
f 14356 14355 14536
f 14536 14355 14535
f 14536 14535 14716
f 14716 14535 14715
f 14716 14715 14896
f 14896 14715 14895
f 14896 14895 15076
f 15076 14895 15075
f 15076 15075 15256
f 15256 15075 15255
f 15256 15255 15436
f 15436 15255 15435
f 15436 15435 15616
f 15616 15435 15615
f 15616 15615 15796
f 15796 15615 15795
f 15796 15795 15976
f 15976 15795 15975
f 15976 15975 16022
f 135 1 134
f 135 134 315
f 315 134 314
f 315 314 495
f 495 314 494
f 495 494 675
f 675 494 674
f 675 674 855
f 855 674 854
f 855 854 1035
f 1035 854 1034
f 1035 1034 1215
f 1215 1034 1214
f 1215 1214 1394
f 1215 1394 1395
f 1395 1394 1575
f 1575 1394 1574
f 1575 1574 1755
f 1755 1574 1754
f 1755 1754 1935
f 1935 1754 1934
f 1935 1934 2115
f 2115 1934 2114
f 2115 2114 2295
f 2295 2114 2294
f 2295 2294 2475
f 2475 2294 2474
f 2475 2474 2655
f 2655 2474 2654
f 2655 2654 2835
f 2835 2654 2834
f 2835 2834 3015
f 3015 2834 3014
f 3015 3014 3195
f 3195 3014 3194
f 3195 3194 3375
f 3375 3194 3374
f 3375 3374 3555
f 3555 3374 3554
f 3555 3554 3735
f 3735 3554 3734
f 3735 3734 3915
f 3915 3734 3914
f 3915 3914 4095
f 4095 3914 4094
f 4095 4094 4275
f 4275 4094 4274
f 4275 4274 4455
f 4455 4274 4454
f 4455 4454 4635
f 4635 4454 4634
f 4635 4634 4815
f 4815 4634 4814
f 4815 4814 4995
f 4995 4814 4994
f 4995 4994 5175
f 5175 4994 5174
f 5175 5174 5355
f 5355 5174 5354
f 5355 5354 5535
f 5535 5354 5534
f 5535 5534 5715
f 5715 5534 5714
f 5715 5714 5895
f 5895 5714 5894
f 5895 5894 6075
f 6075 5894 6074
f 6075 6074 6255
f 6255 6074 6254
f 6255 6254 6435
f 6435 6254 6434
f 6435 6434 6615
f 6615 6434 6614
f 6615 6614 6795
f 6795 6614 6794
f 6795 6794 6975
f 6975 6794 6974
f 6975 6974 7155
f 7155 6974 7154
f 7155 7154 7335
f 7335 7154 7334
f 7335 7334 7515
f 7515 7334 7514
f 7515 7514 7695
f 7695 7514 7694
f 7695 7694 7875
f 7875 7694 7874
f 7875 7874 8055
f 8055 7874 8054
f 8055 8054 8235
f 8235 8054 8234
f 8235 8234 8415
f 8415 8234 8414
f 8415 8414 8595
f 8595 8414 8594
f 8595 8594 8775
f 8775 8594 8774
f 8775 8774 8955
f 8955 8774 8954
f 8955 8954 9135
f 9135 8954 9134
f 9135 9134 9315
f 9315 9134 9314
f 9315 9314 9495
f 9495 9314 9494
f 9495 9494 9675
f 9675 9494 9674
f 9675 9674 9855
f 9855 9674 9854
f 9855 9854 10035
f 10035 9854 10034
f 10035 10034 10215
f 10215 10034 10214
f 10215 10214 10395
f 10395 10214 10394
f 10395 10394 10575
f 10575 10394 10574
f 10575 10574 10755
f 10755 10574 10754
f 10755 10754 10935
f 10935 10754 10934
f 10935 10934 11115
f 11115 10934 11114
f 11115 11114 11295
f 11295 11114 11294
f 11295 11294 11475
f 11475 11294 11474
f 11475 11474 11655
f 11655 11474 11654
f 11655 11654 11835
f 11835 11654 11834
f 11835 11834 12015
f 12015 11834 12014
f 12015 12014 12195
f 12195 12014 12194
f 12195 12194 12375
f 12375 12194 12374
f 12375 12374 12555
f 12555 12374 12554
f 12555 12554 12735
f 12735 12554 12734
f 12735 12734 12915
f 12915 12734 12914
f 12915 12914 13095
f 13095 12914 13094
f 13095 13094 13275
f 13275 13094 13274
f 13275 13274 13455
f 13455 13274 13454
f 13455 13454 13635
f 13635 13454 13634
f 13635 13634 13815
f 13815 13634 13814
f 13815 13814 13995
f 13995 13814 13994
f 13995 13994 14175
f 14175 13994 14174
f 14175 14174 14355
f 14355 14174 14354
f 14355 14354 14535
f 14535 14354 14534
f 14535 14534 14715
f 14715 14534 14714
f 14715 14714 14895
f 14895 14714 14894
f 14895 14894 15075
f 15075 14894 15074
f 15075 15074 15255
f 15255 15074 15254
f 15255 15254 15435
f 15435 15254 15434
f 15435 15434 15615
f 15615 15434 15614
f 15615 15614 15795
f 15795 15614 15794
f 15795 15794 15975
f 15975 15794 15974
f 15975 15974 16022
f 134 1 133
f 134 133 314
f 314 133 313
f 314 313 494
f 494 313 493
f 494 493 674
f 674 493 673
f 674 673 854
f 854 673 853
f 854 853 1034
f 1034 853 1033
f 1034 1033 1214
f 1214 1033 1213
f 1214 1213 1393
f 1214 1393 1394
f 1394 1393 1573
f 1394 1573 1574
f 1574 1573 1753
f 1574 1753 1754
f 1754 1753 1933
f 1754 1933 1934
f 1934 1933 2113
f 1934 2113 2114
f 2114 2113 2293
f 2114 2293 2294
f 2294 2293 2473
f 2294 2473 2474
f 2474 2473 2653
f 2474 2653 2654
f 2654 2653 2833
f 2654 2833 2834
f 2834 2833 3013
f 2834 3013 3014
f 3014 3013 3193
f 3014 3193 3194
f 3194 3193 3373
f 3194 3373 3374
f 3374 3373 3553
f 3374 3553 3554
f 3554 3553 3733
f 3554 3733 3734
f 3734 3733 3913
f 3734 3913 3914
f 3914 3913 4093
f 3914 4093 4094
f 4094 4093 4273
f 4094 4273 4274
f 4274 4273 4453
f 4274 4453 4454
f 4454 4453 4633
f 4454 4633 4634
f 4634 4633 4813
f 4634 4813 4814
f 4814 4813 4993
f 4814 4993 4994
f 4994 4993 5173
f 4994 5173 5174
f 5174 5173 5353
f 5174 5353 5354
f 5354 5353 5533
f 5354 5533 5534
f 5534 5533 5713
f 5534 5713 5714
f 5714 5713 5893
f 5714 5893 5894
f 5894 5893 6073
f 5894 6073 6074
f 6074 6073 6253
f 6074 6253 6254
f 6254 6253 6433
f 6254 6433 6434
f 6434 6433 6613
f 6434 6613 6614
f 6614 6613 6793
f 6614 6793 6794
f 6794 6793 6973
f 6794 6973 6974
f 6974 6973 7153
f 6974 7153 7154
f 7154 7153 7333
f 7154 7333 7334
f 7334 7333 7513
f 7334 7513 7514
f 7514 7513 7693
f 7514 7693 7694
f 7694 7693 7873
f 7694 7873 7874
f 7874 7873 8053
f 7874 8053 8054
f 8054 8053 8233
f 8054 8233 8234
f 8234 8233 8414
f 8414 8233 8413
f 8414 8413 8594
f 8594 8413 8593
f 8594 8593 8774
f 8774 8593 8773
f 8774 8773 8954
f 8954 8773 8953
f 8954 8953 9134
f 9134 8953 9133
f 9134 9133 9314
f 9314 9133 9313
f 9314 9313 9494
f 9494 9313 9493
f 9494 9493 9674
f 9674 9493 9673
f 9674 9673 9854
f 9854 9673 9853
f 9854 9853 10034
f 10034 9853 10033
f 10034 10033 10214
f 10214 10033 10213
f 10214 10213 10394
f 10394 10213 10393
f 10394 10393 10574
f 10574 10393 10573
f 10574 10573 10754
f 10754 10573 10753
f 10754 10753 10934
f 10934 10753 10933
f 10934 10933 11114
f 11114 10933 11113
f 11114 11113 11294
f 11294 11113 11293
f 11294 11293 11474
f 11474 11293 11473
f 11474 11473 11654
f 11654 11473 11653
f 11654 11653 11834
f 11834 11653 11833
f 11834 11833 12014
f 12014 11833 12013
f 12014 12013 12194
f 12194 12013 12193
f 12194 12193 12374
f 12374 12193 12373
f 12374 12373 12554
f 12554 12373 12553
f 12554 12553 12734
f 12734 12553 12733
f 12734 12733 12914
f 12914 12733 12913
f 12914 12913 13094
f 13094 12913 13093
f 13094 13093 13274
f 13274 13093 13273
f 13274 13273 13454
f 13454 13273 13453
f 13454 13453 13634
f 13634 13453 13633
f 13634 13633 13814
f 13814 13633 13813
f 13814 13813 13994
f 13994 13813 13993
f 13994 13993 14174
f 14174 13993 14173
f 14174 14173 14354
f 14354 14173 14353
f 14354 14353 14534
f 14534 14353 14533
f 14534 14533 14714
f 14714 14533 14713
f 14714 14713 14894
f 14894 14713 14893
f 14894 14893 15074
f 15074 14893 15073
f 15074 15073 15254
f 15254 15073 15253
f 15254 15253 15434
f 15434 15253 15433
f 15434 15433 15614
f 15614 15433 15613
f 15614 15613 15794
f 15794 15613 15793
f 15794 15793 15974
f 15974 15793 15973
f 15974 15973 16022
f 133 1 132
f 133 132 313
f 313 132 312
f 313 312 493
f 493 312 492
f 493 492 673
f 673 492 672
f 673 672 853
f 853 672 852
f 853 852 1033
f 1033 852 1032
f 1033 1032 1213
f 1213 1032 1212
f 1213 1212 1393
f 1393 1212 1392
f 1393 1392 1573
f 1573 1392 1572
f 1573 1572 1753
f 1753 1572 1752
f 1753 1752 1933
f 1933 1752 1932
f 1933 1932 2113
f 2113 1932 2112
f 2113 2112 2293
f 2293 2112 2292
f 2293 2292 2473
f 2473 2292 2472
f 2473 2472 2653
f 2653 2472 2652
f 2653 2652 2833
f 2833 2652 2832
f 2833 2832 3013
f 3013 2832 3012
f 3013 3012 3193
f 3193 3012 3192
f 3193 3192 3373
f 3373 3192 3372
f 3373 3372 3553
f 3553 3372 3552
f 3553 3552 3733
f 3733 3552 3732
f 3733 3732 3913
f 3913 3732 3912
f 3913 3912 4093
f 4093 3912 4092
f 4093 4092 4273
f 4273 4092 4272
f 4273 4272 4453
f 4453 4272 4452
f 4453 4452 4633
f 4633 4452 4632
f 4633 4632 4813
f 4813 4632 4812
f 4813 4812 4993
f 4993 4812 4992
f 4993 4992 5173
f 5173 4992 5172
f 5173 5172 5353
f 5353 5172 5352
f 5353 5352 5533
f 5533 5352 5532
f 5533 5532 5713
f 5713 5532 5712
f 5713 5712 5893
f 5893 5712 5892
f 5893 5892 6073
f 6073 5892 6072
f 6073 6072 6253
f 6253 6072 6252
f 6253 6252 6433
f 6433 6252 6432
f 6433 6432 6613
f 6613 6432 6612
f 6613 6612 6793
f 6793 6612 6792
f 6793 6792 6973
f 6973 6792 6972
f 6973 6972 7153
f 7153 6972 7152
f 7153 7152 7333
f 7333 7152 7332
f 7333 7332 7513
f 7513 7332 7512
f 7513 7512 7693
f 7693 7512 7692
f 7693 7692 7873
f 7873 7692 7872
f 7873 7872 8053
f 8053 7872 8052
f 8053 8052 8232
f 8053 8232 8233
f 8233 8232 8412
f 8233 8412 8413
f 8413 8412 8592
f 8413 8592 8593
f 8593 8592 8772
f 8593 8772 8773
f 8773 8772 8952
f 8773 8952 8953
f 8953 8952 9132
f 8953 9132 9133
f 9133 9132 9312
f 9133 9312 9313
f 9313 9312 9492
f 9313 9492 9493
f 9493 9492 9672
f 9493 9672 9673
f 9673 9672 9852
f 9673 9852 9853
f 9853 9852 10032
f 9853 10032 10033
f 10033 10032 10212
f 10033 10212 10213
f 10213 10212 10392
f 10213 10392 10393
f 10393 10392 10572
f 10393 10572 10573
f 10573 10572 10752
f 10573 10752 10753
f 10753 10752 10932
f 10753 10932 10933
f 10933 10932 11112
f 10933 11112 11113
f 11113 11112 11292
f 11113 11292 11293
f 11293 11292 11472
f 11293 11472 11473
f 11473 11472 11652
f 11473 11652 11653
f 11653 11652 11832
f 11653 11832 11833
f 11833 11832 12012
f 11833 12012 12013
f 12013 12012 12192
f 12013 12192 12193
f 12193 12192 12372
f 12193 12372 12373
f 12373 12372 12552
f 12373 12552 12553
f 12553 12552 12732
f 12553 12732 12733
f 12733 12732 12912
f 12733 12912 12913
f 12913 12912 13092
f 12913 13092 13093
f 13093 13092 13272
f 13093 13272 13273
f 13273 13272 13452
f 13273 13452 13453
f 13453 13452 13632
f 13453 13632 13633
f 13633 13632 13812
f 13633 13812 13813
f 13813 13812 13992
f 13813 13992 13993
f 13993 13992 14172
f 13993 14172 14173
f 14173 14172 14352
f 14173 14352 14353
f 14353 14352 14532
f 14353 14532 14533
f 14533 14532 14712
f 14533 14712 14713
f 14713 14712 14892
f 14713 14892 14893
f 14893 14892 15073
f 15073 14892 15072
f 15073 15072 15253
f 15253 15072 15252
f 15253 15252 15433
f 15433 15252 15432
f 15433 15432 15613
f 15613 15432 15612
f 15613 15612 15793
f 15793 15612 15792
f 15793 15792 15973
f 15973 15792 15972
f 15973 15972 16022
f 132 1 131
f 132 131 312
f 312 131 311
f 312 311 492
f 492 311 491
f 492 491 672
f 672 491 671
f 672 671 852
f 852 671 851
f 852 851 1032
f 1032 851 1031
f 1032 1031 1212
f 1212 1031 1211
f 1212 1211 1392
f 1392 1211 1391
f 1392 1391 1572
f 1572 1391 1571
f 1572 1571 1752
f 1752 1571 1751
f 1752 1751 1932
f 1932 1751 1931
f 1932 1931 2112
f 2112 1931 2111
f 2112 2111 2292
f 2292 2111 2291
f 2292 2291 2472
f 2472 2291 2471
f 2472 2471 2652
f 2652 2471 2651
f 2652 2651 2832
f 2832 2651 2831
f 2832 2831 3012
f 3012 2831 3011
f 3012 3011 3192
f 3192 3011 3191
f 3192 3191 3372
f 3372 3191 3371
f 3372 3371 3552
f 3552 3371 3551
f 3552 3551 3732
f 3732 3551 3731
f 3732 3731 3912
f 3912 3731 3911
f 3912 3911 4092
f 4092 3911 4091
f 4092 4091 4272
f 4272 4091 4271
f 4272 4271 4452
f 4452 4271 4451
f 4452 4451 4632
f 4632 4451 4631
f 4632 4631 4812
f 4812 4631 4811
f 4812 4811 4992
f 4992 4811 4991
f 4992 4991 5172
f 5172 4991 5171
f 5172 5171 5352
f 5352 5171 5351
f 5352 5351 5532
f 5532 5351 5531
f 5532 5531 5712
f 5712 5531 5711
f 5712 5711 5892
f 5892 5711 5891
f 5892 5891 6072
f 6072 5891 6071
f 6072 6071 6252
f 6252 6071 6251
f 6252 6251 6432
f 6432 6251 6431
f 6432 6431 6612
f 6612 6431 6611
f 6612 6611 6792
f 6792 6611 6791
f 6792 6791 6972
f 6972 6791 6971
f 6972 6971 7152
f 7152 6971 7151
f 7152 7151 7332
f 7332 7151 7331
f 7332 7331 7512
f 7512 7331 7511
f 7512 7511 7692
f 7692 7511 7691
f 7692 7691 7872
f 7872 7691 7871
f 7872 7871 8052
f 8052 7871 8051
f 8052 8051 8232
f 8232 8051 8231
f 8232 8231 8412
f 8412 8231 8411
f 8412 8411 8592
f 8592 8411 8591
f 8592 8591 8772
f 8772 8591 8771
f 8772 8771 8952
f 8952 8771 8951
f 8952 8951 9132
f 9132 8951 9131
f 9132 9131 9312
f 9312 9131 9311
f 9312 9311 9492
f 9492 9311 9491
f 9492 9491 9672
f 9672 9491 9671
f 9672 9671 9852
f 9852 9671 9851
f 9852 9851 10032
f 10032 9851 10031
f 10032 10031 10212
f 10212 10031 10211
f 10212 10211 10392
f 10392 10211 10391
f 10392 10391 10572
f 10572 10391 10571
f 10572 10571 10752
f 10752 10571 10751
f 10752 10751 10932
f 10932 10751 10931
f 10932 10931 11112
f 11112 10931 11111
f 11112 11111 11292
f 11292 11111 11291
f 11292 11291 11472
f 11472 11291 11471
f 11472 11471 11652
f 11652 11471 11651
f 11652 11651 11832
f 11832 11651 11831
f 11832 11831 12012
f 12012 11831 12011
f 12012 12011 12192
f 12192 12011 12191
f 12192 12191 12372
f 12372 12191 12371
f 12372 12371 12552
f 12552 12371 12551
f 12552 12551 12732
f 12732 12551 12731
f 12732 12731 12912
f 12912 12731 12911
f 12912 12911 13092
f 13092 12911 13091
f 13092 13091 13272
f 13272 13091 13271
f 13272 13271 13452
f 13452 13271 13451
f 13452 13451 13632
f 13632 13451 13631
f 13632 13631 13812
f 13812 13631 13811
f 13812 13811 13992
f 13992 13811 13991
f 13992 13991 14172
f 14172 13991 14171
f 14172 14171 14352
f 14352 14171 14351
f 14352 14351 14532
f 14532 14351 14531
f 14532 14531 14712
f 14712 14531 14711
f 14712 14711 14891
f 14712 14891 14892
f 14892 14891 15072
f 15072 14891 15071
f 15072 15071 15252
f 15252 15071 15251
f 15252 15251 15432
f 15432 15251 15431
f 15432 15431 15612
f 15612 15431 15611
f 15612 15611 15792
f 15792 15611 15791
f 15792 15791 15972
f 15972 15791 15971
f 15972 15971 16022
f 131 1 130
f 131 130 311
f 311 130 310
f 311 310 491
f 491 310 490
f 491 490 671
f 671 490 670
f 671 670 851
f 851 670 850
f 851 850 1031
f 1031 850 1030
f 1031 1030 1211
f 1211 1030 1210
f 1211 1210 1391
f 1391 1210 1390
f 1391 1390 1571
f 1571 1390 1570
f 1571 1570 1751
f 1751 1570 1750
f 1751 1750 1931
f 1931 1750 1930
f 1931 1930 2111
f 2111 1930 2110
f 2111 2110 2291
f 2291 2110 2290
f 2291 2290 2471
f 2471 2290 2470
f 2471 2470 2651
f 2651 2470 2650
f 2651 2650 2831
f 2831 2650 2830
f 2831 2830 3011
f 3011 2830 3010
f 3011 3010 3191
f 3191 3010 3190
f 3191 3190 3371
f 3371 3190 3370
f 3371 3370 3551
f 3551 3370 3550
f 3551 3550 3731
f 3731 3550 3730
f 3731 3730 3911
f 3911 3730 3910
f 3911 3910 4091
f 4091 3910 4090
f 4091 4090 4271
f 4271 4090 4270
f 4271 4270 4451
f 4451 4270 4450
f 4451 4450 4631
f 4631 4450 4630
f 4631 4630 4811
f 4811 4630 4810
f 4811 4810 4991
f 4991 4810 4990
f 4991 4990 5171
f 5171 4990 5170
f 5171 5170 5350
f 5171 5350 5351
f 5351 5350 5531
f 5531 5350 5530
f 5531 5530 5711
f 5711 5530 5710
f 5711 5710 5891
f 5891 5710 5890
f 5891 5890 6071
f 6071 5890 6070
f 6071 6070 6251
f 6251 6070 6250
f 6251 6250 6431
f 6431 6250 6430
f 6431 6430 6611
f 6611 6430 6610
f 6611 6610 6791
f 6791 6610 6790
f 6791 6790 6971
f 6971 6790 6970
f 6971 6970 7151
f 7151 6970 7150
f 7151 7150 7331
f 7331 7150 7330
f 7331 7330 7511
f 7511 7330 7510
f 7511 7510 7691
f 7691 7510 7690
f 7691 7690 7871
f 7871 7690 7870
f 7871 7870 8051
f 8051 7870 8050
f 8051 8050 8231
f 8231 8050 8230
f 8231 8230 8411
f 8411 8230 8410
f 8411 8410 8591
f 8591 8410 8590
f 8591 8590 8771
f 8771 8590 8770
f 8771 8770 8951
f 8951 8770 8950
f 8951 8950 9131
f 9131 8950 9130
f 9131 9130 9311
f 9311 9130 9310
f 9311 9310 9491
f 9491 9310 9490
f 9491 9490 9671
f 9671 9490 9670
f 9671 9670 9851
f 9851 9670 9850
f 9851 9850 10031
f 10031 9850 10030
f 10031 10030 10211
f 10211 10030 10210
f 10211 10210 10391
f 10391 10210 10390
f 10391 10390 10571
f 10571 10390 10570
f 10571 10570 10751
f 10751 10570 10750
f 10751 10750 10931
f 10931 10750 10930
f 10931 10930 11111
f 11111 10930 11110
f 11111 11110 11291
f 11291 11110 11290
f 11291 11290 11471
f 11471 11290 11470
f 11471 11470 11651
f 11651 11470 11650
f 11651 11650 11831
f 11831 11650 11830
f 11831 11830 12011
f 12011 11830 12010
f 12011 12010 12191
f 12191 12010 12190
f 12191 12190 12371
f 12371 12190 12370
f 12371 12370 12551
f 12551 12370 12550
f 12551 12550 12731
f 12731 12550 12730
f 12731 12730 12911
f 12911 12730 12910
f 12911 12910 13091
f 13091 12910 13090
f 13091 13090 13271
f 13271 13090 13270
f 13271 13270 13451
f 13451 13270 13450
f 13451 13450 13631
f 13631 13450 13630
f 13631 13630 13811
f 13811 13630 13810
f 13811 13810 13991
f 13991 13810 13990
f 13991 13990 14171
f 14171 13990 14170
f 14171 14170 14351
f 14351 14170 14350
f 14351 14350 14531
f 14531 14350 14530
f 14531 14530 14711
f 14711 14530 14710
f 14711 14710 14891
f 14891 14710 14890
f 14891 14890 15071
f 15071 14890 15070
f 15071 15070 15251
f 15251 15070 15250
f 15251 15250 15431
f 15431 15250 15430
f 15431 15430 15611
f 15611 15430 15610
f 15611 15610 15791
f 15791 15610 15790
f 15791 15790 15971
f 15971 15790 15970
f 15971 15970 16022
f 130 1 129
f 130 129 310
f 310 129 309
f 310 309 490
f 490 309 489
f 490 489 670
f 670 489 669
f 670 669 850
f 850 669 849
f 850 849 1030
f 1030 849 1029
f 1030 1029 1210
f 1210 1029 1209
f 1210 1209 1390
f 1390 1209 1389
f 1390 1389 1570
f 1570 1389 1569
f 1570 1569 1750
f 1750 1569 1749
f 1750 1749 1930
f 1930 1749 1929
f 1930 1929 2110
f 2110 1929 2109
f 2110 2109 2290
f 2290 2109 2289
f 2290 2289 2470
f 2470 2289 2469
f 2470 2469 2650
f 2650 2469 2649
f 2650 2649 2830
f 2830 2649 2829
f 2830 2829 3010
f 3010 2829 3009
f 3010 3009 3190
f 3190 3009 3189
f 3190 3189 3370
f 3370 3189 3369
f 3370 3369 3550
f 3550 3369 3549
f 3550 3549 3730
f 3730 3549 3729
f 3730 3729 3910
f 3910 3729 3909
f 3910 3909 4090
f 4090 3909 4089
f 4090 4089 4270
f 4270 4089 4269
f 4270 4269 4450
f 4450 4269 4449
f 4450 4449 4630
f 4630 4449 4629
f 4630 4629 4810
f 4810 4629 4809
f 4810 4809 4990
f 4990 4809 4989
f 4990 4989 5170
f 5170 4989 5169
f 5170 5169 5349
f 5170 5349 5350
f 5350 5349 5529
f 5350 5529 5530
f 5530 5529 5709
f 5530 5709 5710
f 5710 5709 5889
f 5710 5889 5890
f 5890 5889 6069
f 5890 6069 6070
f 6070 6069 6249
f 6070 6249 6250
f 6250 6249 6429
f 6250 6429 6430
f 6430 6429 6609
f 6430 6609 6610
f 6610 6609 6789
f 6610 6789 6790
f 6790 6789 6969
f 6790 6969 6970
f 6970 6969 7149
f 6970 7149 7150
f 7150 7149 7329
f 7150 7329 7330
f 7330 7329 7509
f 7330 7509 7510
f 7510 7509 7689
f 7510 7689 7690
f 7690 7689 7869
f 7690 7869 7870
f 7870 7869 8049
f 7870 8049 8050
f 8050 8049 8229
f 8050 8229 8230
f 8230 8229 8409
f 8230 8409 8410
f 8410 8409 8589
f 8410 8589 8590
f 8590 8589 8769
f 8590 8769 8770
f 8770 8769 8949
f 8770 8949 8950
f 8950 8949 9129
f 8950 9129 9130
f 9130 9129 9309
f 9130 9309 9310
f 9310 9309 9489
f 9310 9489 9490
f 9490 9489 9669
f 9490 9669 9670
f 9670 9669 9849
f 9670 9849 9850
f 9850 9849 10029
f 9850 10029 10030
f 10030 10029 10209
f 10030 10209 10210
f 10210 10209 10389
f 10210 10389 10390
f 10390 10389 10569
f 10390 10569 10570
f 10570 10569 10749
f 10570 10749 10750
f 10750 10749 10929
f 10750 10929 10930
f 10930 10929 11109
f 10930 11109 11110
f 11110 11109 11289
f 11110 11289 11290
f 11290 11289 11469
f 11290 11469 11470
f 11470 11469 11649
f 11470 11649 11650
f 11650 11649 11829
f 11650 11829 11830
f 11830 11829 12009
f 11830 12009 12010
f 12010 12009 12189
f 12010 12189 12190
f 12190 12189 12370
f 12370 12189 12369
f 12370 12369 12550
f 12550 12369 12549
f 12550 12549 12730
f 12730 12549 12729
f 12730 12729 12910
f 12910 12729 12909
f 12910 12909 13090
f 13090 12909 13089
f 13090 13089 13270
f 13270 13089 13269
f 13270 13269 13450
f 13450 13269 13449
f 13450 13449 13630
f 13630 13449 13629
f 13630 13629 13810
f 13810 13629 13809
f 13810 13809 13990
f 13990 13809 13989
f 13990 13989 14170
f 14170 13989 14169
f 14170 14169 14350
f 14350 14169 14349
f 14350 14349 14530
f 14530 14349 14529
f 14530 14529 14710
f 14710 14529 14709
f 14710 14709 14890
f 14890 14709 14889
f 14890 14889 15070
f 15070 14889 15069
f 15070 15069 15250
f 15250 15069 15249
f 15250 15249 15430
f 15430 15249 15429
f 15430 15429 15610
f 15610 15429 15609
f 15610 15609 15790
f 15790 15609 15789
f 15790 15789 15970
f 15970 15789 15969
f 15970 15969 16022
f 129 1 128
f 129 128 309
f 309 128 308
f 309 308 489
f 489 308 488
f 489 488 669
f 669 488 668
f 669 668 849
f 849 668 848
f 849 848 1029
f 1029 848 1028
f 1029 1028 1209
f 1209 1028 1208
f 1209 1208 1389
f 1389 1208 1388
f 1389 1388 1569
f 1569 1388 1568
f 1569 1568 1749
f 1749 1568 1748
f 1749 1748 1929
f 1929 1748 1928
f 1929 1928 2109
f 2109 1928 2108
f 2109 2108 2289
f 2289 2108 2288
f 2289 2288 2469
f 2469 2288 2468
f 2469 2468 2649
f 2649 2468 2648
f 2649 2648 2829
f 2829 2648 2828
f 2829 2828 3009
f 3009 2828 3008
f 3009 3008 3189
f 3189 3008 3188
f 3189 3188 3369
f 3369 3188 3368
f 3369 3368 3549
f 3549 3368 3548
f 3549 3548 3729
f 3729 3548 3728
f 3729 3728 3909
f 3909 3728 3908
f 3909 3908 4089
f 4089 3908 4088
f 4089 4088 4269
f 4269 4088 4268
f 4269 4268 4449
f 4449 4268 4448
f 4449 4448 4629
f 4629 4448 4628
f 4629 4628 4809
f 4809 4628 4808
f 4809 4808 4989
f 4989 4808 4988
f 4989 4988 5169
f 5169 4988 5168
f 5169 5168 5349
f 5349 5168 5348
f 5349 5348 5529
f 5529 5348 5528
f 5529 5528 5709
f 5709 5528 5708
f 5709 5708 5889
f 5889 5708 5888
f 5889 5888 6069
f 6069 5888 6068
f 6069 6068 6249
f 6249 6068 6248
f 6249 6248 6429
f 6429 6248 6428
f 6429 6428 6609
f 6609 6428 6608
f 6609 6608 6789
f 6789 6608 6788
f 6789 6788 6969
f 6969 6788 6968
f 6969 6968 7149
f 7149 6968 7148
f 7149 7148 7329
f 7329 7148 7328
f 7329 7328 7509
f 7509 7328 7508
f 7509 7508 7689
f 7689 7508 7688
f 7689 7688 7869
f 7869 7688 7868
f 7869 7868 8049
f 8049 7868 8048
f 8049 8048 8229
f 8229 8048 8228
f 8229 8228 8409
f 8409 8228 8408
f 8409 8408 8589
f 8589 8408 8588
f 8589 8588 8769
f 8769 8588 8768
f 8769 8768 8949
f 8949 8768 8948
f 8949 8948 9129
f 9129 8948 9128
f 9129 9128 9309
f 9309 9128 9308
f 9309 9308 9489
f 9489 9308 9488
f 9489 9488 9669
f 9669 9488 9668
f 9669 9668 9849
f 9849 9668 9848
f 9849 9848 10029
f 10029 9848 10028
f 10029 10028 10209
f 10209 10028 10208
f 10209 10208 10389
f 10389 10208 10388
f 10389 10388 10569
f 10569 10388 10568
f 10569 10568 10749
f 10749 10568 10748
f 10749 10748 10929
f 10929 10748 10928
f 10929 10928 11109
f 11109 10928 11108
f 11109 11108 11289
f 11289 11108 11288
f 11289 11288 11469
f 11469 11288 11468
f 11469 11468 11649
f 11649 11468 11648
f 11649 11648 11829
f 11829 11648 11828
f 11829 11828 12009
f 12009 11828 12008
f 12009 12008 12188
f 12009 12188 12189
f 12189 12188 12369
f 12369 12188 12368
f 12369 12368 12549
f 12549 12368 12548
f 12549 12548 12729
f 12729 12548 12728
f 12729 12728 12909
f 12909 12728 12908
f 12909 12908 13089
f 13089 12908 13088
f 13089 13088 13269
f 13269 13088 13268
f 13269 13268 13449
f 13449 13268 13448
f 13449 13448 13629
f 13629 13448 13628
f 13629 13628 13809
f 13809 13628 13808
f 13809 13808 13989
f 13989 13808 13988
f 13989 13988 14169
f 14169 13988 14168
f 14169 14168 14349
f 14349 14168 14348
f 14349 14348 14529
f 14529 14348 14528
f 14529 14528 14709
f 14709 14528 14708
f 14709 14708 14889
f 14889 14708 14888
f 14889 14888 15069
f 15069 14888 15068
f 15069 15068 15249
f 15249 15068 15248
f 15249 15248 15429
f 15429 15248 15428
f 15429 15428 15609
f 15609 15428 15608
f 15609 15608 15789
f 15789 15608 15788
f 15789 15788 15969
f 15969 15788 15968
f 15969 15968 16022
f 128 1 127
f 128 127 308
f 308 127 307
f 308 307 488
f 488 307 487
f 488 487 668
f 668 487 667
f 668 667 848
f 848 667 847
f 848 847 1028
f 1028 847 1027
f 1028 1027 1208
f 1208 1027 1207
f 1208 1207 1388
f 1388 1207 1387
f 1388 1387 1568
f 1568 1387 1567
f 1568 1567 1748
f 1748 1567 1747
f 1748 1747 1928
f 1928 1747 1927
f 1928 1927 2108
f 2108 1927 2107
f 2108 2107 2288
f 2288 2107 2287
f 2288 2287 2468
f 2468 2287 2467
f 2468 2467 2647
f 2468 2647 2648
f 2648 2647 2828
f 2828 2647 2827
f 2828 2827 3008
f 3008 2827 3007
f 3008 3007 3188
f 3188 3007 3187
f 3188 3187 3368
f 3368 3187 3367
f 3368 3367 3548
f 3548 3367 3547
f 3548 3547 3728
f 3728 3547 3727
f 3728 3727 3908
f 3908 3727 3907
f 3908 3907 4088
f 4088 3907 4087
f 4088 4087 4268
f 4268 4087 4267
f 4268 4267 4448
f 4448 4267 4447
f 4448 4447 4628
f 4628 4447 4627
f 4628 4627 4808
f 4808 4627 4807
f 4808 4807 4988
f 4988 4807 4987
f 4988 4987 5168
f 5168 4987 5167
f 5168 5167 5348
f 5348 5167 5347
f 5348 5347 5528
f 5528 5347 5527
f 5528 5527 5708
f 5708 5527 5707
f 5708 5707 5888
f 5888 5707 5887
f 5888 5887 6068
f 6068 5887 6067
f 6068 6067 6248
f 6248 6067 6247
f 6248 6247 6428
f 6428 6247 6427
f 6428 6427 6608
f 6608 6427 6607
f 6608 6607 6788
f 6788 6607 6787
f 6788 6787 6968
f 6968 6787 6967
f 6968 6967 7148
f 7148 6967 7147
f 7148 7147 7328
f 7328 7147 7327
f 7328 7327 7508
f 7508 7327 7507
f 7508 7507 7688
f 7688 7507 7687
f 7688 7687 7868
f 7868 7687 7867
f 7868 7867 8048
f 8048 7867 8047
f 8048 8047 8228
f 8228 8047 8227
f 8228 8227 8408
f 8408 8227 8407
f 8408 8407 8588
f 8588 8407 8587
f 8588 8587 8768
f 8768 8587 8767
f 8768 8767 8948
f 8948 8767 8947
f 8948 8947 9128
f 9128 8947 9127
f 9128 9127 9308
f 9308 9127 9307
f 9308 9307 9488
f 9488 9307 9487
f 9488 9487 9668
f 9668 9487 9667
f 9668 9667 9848
f 9848 9667 9847
f 9848 9847 10028
f 10028 9847 10027
f 10028 10027 10208
f 10208 10027 10207
f 10208 10207 10388
f 10388 10207 10387
f 10388 10387 10568
f 10568 10387 10567
f 10568 10567 10748
f 10748 10567 10747
f 10748 10747 10928
f 10928 10747 10927
f 10928 10927 11108
f 11108 10927 11107
f 11108 11107 11288
f 11288 11107 11287
f 11288 11287 11468
f 11468 11287 11467
f 11468 11467 11648
f 11648 11467 11647
f 11648 11647 11828
f 11828 11647 11827
f 11828 11827 12008
f 12008 11827 12007
f 12008 12007 12188
f 12188 12007 12187
f 12188 12187 12368
f 12368 12187 12367
f 12368 12367 12548
f 12548 12367 12547
f 12548 12547 12728
f 12728 12547 12727
f 12728 12727 12908
f 12908 12727 12907
f 12908 12907 13088
f 13088 12907 13087
f 13088 13087 13268
f 13268 13087 13267
f 13268 13267 13448
f 13448 13267 13447
f 13448 13447 13628
f 13628 13447 13627
f 13628 13627 13808
f 13808 13627 13807
f 13808 13807 13988
f 13988 13807 13987
f 13988 13987 14168
f 14168 13987 14167
f 14168 14167 14348
f 14348 14167 14347
f 14348 14347 14528
f 14528 14347 14527
f 14528 14527 14708
f 14708 14527 14707
f 14708 14707 14888
f 14888 14707 14887
f 14888 14887 15068
f 15068 14887 15067
f 15068 15067 15248
f 15248 15067 15247
f 15248 15247 15428
f 15428 15247 15427
f 15428 15427 15608
f 15608 15427 15607
f 15608 15607 15788
f 15788 15607 15787
f 15788 15787 15968
f 15968 15787 15967
f 15968 15967 16022
f 127 1 126
f 127 126 307
f 307 126 306
f 307 306 487
f 487 306 486
f 487 486 667
f 667 486 666
f 667 666 847
f 847 666 846
f 847 846 1027
f 1027 846 1026
f 1027 1026 1207
f 1207 1026 1206
f 1207 1206 1387
f 1387 1206 1386
f 1387 1386 1567
f 1567 1386 1566
f 1567 1566 1747
f 1747 1566 1746
f 1747 1746 1927
f 1927 1746 1926
f 1927 1926 2107
f 2107 1926 2106
f 2107 2106 2287
f 2287 2106 2286
f 2287 2286 2467
f 2467 2286 2466
f 2467 2466 2646
f 2467 2646 2647
f 2647 2646 2826
f 2647 2826 2827
f 2827 2826 3006
f 2827 3006 3007
f 3007 3006 3186
f 3007 3186 3187
f 3187 3186 3366
f 3187 3366 3367
f 3367 3366 3546
f 3367 3546 3547
f 3547 3546 3726
f 3547 3726 3727
f 3727 3726 3906
f 3727 3906 3907
f 3907 3906 4086
f 3907 4086 4087
f 4087 4086 4266
f 4087 4266 4267
f 4267 4266 4446
f 4267 4446 4447
f 4447 4446 4626
f 4447 4626 4627
f 4627 4626 4806
f 4627 4806 4807
f 4807 4806 4986
f 4807 4986 4987
f 4987 4986 5166
f 4987 5166 5167
f 5167 5166 5346
f 5167 5346 5347
f 5347 5346 5526
f 5347 5526 5527
f 5527 5526 5706
f 5527 5706 5707
f 5707 5706 5886
f 5707 5886 5887
f 5887 5886 6066
f 5887 6066 6067
f 6067 6066 6246
f 6067 6246 6247
f 6247 6246 6426
f 6247 6426 6427
f 6427 6426 6606
f 6427 6606 6607
f 6607 6606 6786
f 6607 6786 6787
f 6787 6786 6966
f 6787 6966 6967
f 6967 6966 7146
f 6967 7146 7147
f 7147 7146 7326
f 7147 7326 7327
f 7327 7326 7506
f 7327 7506 7507
f 7507 7506 7686
f 7507 7686 7687
f 7687 7686 7866
f 7687 7866 7867
f 7867 7866 8046
f 7867 8046 8047
f 8047 8046 8226
f 8047 8226 8227
f 8227 8226 8406
f 8227 8406 8407
f 8407 8406 8586
f 8407 8586 8587
f 8587 8586 8766
f 8587 8766 8767
f 8767 8766 8946
f 8767 8946 8947
f 8947 8946 9126
f 8947 9126 9127
f 9127 9126 9306
f 9127 9306 9307
f 9307 9306 9487
f 9487 9306 9486
f 9487 9486 9667
f 9667 9486 9666
f 9667 9666 9847
f 9847 9666 9846
f 9847 9846 10027
f 10027 9846 10026
f 10027 10026 10207
f 10207 10026 10206
f 10207 10206 10387
f 10387 10206 10386
f 10387 10386 10567
f 10567 10386 10566
f 10567 10566 10747
f 10747 10566 10746
f 10747 10746 10927
f 10927 10746 10926
f 10927 10926 11107
f 11107 10926 11106
f 11107 11106 11287
f 11287 11106 11286
f 11287 11286 11467
f 11467 11286 11466
f 11467 11466 11647
f 11647 11466 11646
f 11647 11646 11827
f 11827 11646 11826
f 11827 11826 12007
f 12007 11826 12006
f 12007 12006 12187
f 12187 12006 12186
f 12187 12186 12367
f 12367 12186 12366
f 12367 12366 12547
f 12547 12366 12546
f 12547 12546 12727
f 12727 12546 12726
f 12727 12726 12907
f 12907 12726 12906
f 12907 12906 13087
f 13087 12906 13086
f 13087 13086 13267
f 13267 13086 13266
f 13267 13266 13447
f 13447 13266 13446
f 13447 13446 13627
f 13627 13446 13626
f 13627 13626 13807
f 13807 13626 13806
f 13807 13806 13987
f 13987 13806 13986
f 13987 13986 14167
f 14167 13986 14166
f 14167 14166 14347
f 14347 14166 14346
f 14347 14346 14527
f 14527 14346 14526
f 14527 14526 14707
f 14707 14526 14706
f 14707 14706 14887
f 14887 14706 14886
f 14887 14886 15067
f 15067 14886 15066
f 15067 15066 15247
f 15247 15066 15246
f 15247 15246 15427
f 15427 15246 15426
f 15427 15426 15607
f 15607 15426 15606
f 15607 15606 15787
f 15787 15606 15786
f 15787 15786 15967
f 15967 15786 15966
f 15967 15966 16022
f 126 1 125
f 126 125 306
f 306 125 305
f 306 305 486
f 486 305 485
f 486 485 666
f 666 485 665
f 666 665 846
f 846 665 845
f 846 845 1026
f 1026 845 1025
f 1026 1025 1206
f 1206 1025 1205
f 1206 1205 1386
f 1386 1205 1385
f 1386 1385 1566
f 1566 1385 1565
f 1566 1565 1746
f 1746 1565 1745
f 1746 1745 1926
f 1926 1745 1925
f 1926 1925 2106
f 2106 1925 2105
f 2106 2105 2286
f 2286 2105 2285
f 2286 2285 2466
f 2466 2285 2465
f 2466 2465 2646
f 2646 2465 2645
f 2646 2645 2826
f 2826 2645 2825
f 2826 2825 3006
f 3006 2825 3005
f 3006 3005 3186
f 3186 3005 3185
f 3186 3185 3366
f 3366 3185 3365
f 3366 3365 3546
f 3546 3365 3545
f 3546 3545 3726
f 3726 3545 3725
f 3726 3725 3906
f 3906 3725 3905
f 3906 3905 4086
f 4086 3905 4085
f 4086 4085 4266
f 4266 4085 4265
f 4266 4265 4446
f 4446 4265 4445
f 4446 4445 4626
f 4626 4445 4625
f 4626 4625 4806
f 4806 4625 4805
f 4806 4805 4986
f 4986 4805 4985
f 4986 4985 5166
f 5166 4985 5165
f 5166 5165 5346
f 5346 5165 5345
f 5346 5345 5526
f 5526 5345 5525
f 5526 5525 5706
f 5706 5525 5705
f 5706 5705 5886
f 5886 5705 5885
f 5886 5885 6066
f 6066 5885 6065
f 6066 6065 6246
f 6246 6065 6245
f 6246 6245 6426
f 6426 6245 6425
f 6426 6425 6606
f 6606 6425 6605
f 6606 6605 6786
f 6786 6605 6785
f 6786 6785 6966
f 6966 6785 6965
f 6966 6965 7146
f 7146 6965 7145
f 7146 7145 7326
f 7326 7145 7325
f 7326 7325 7506
f 7506 7325 7505
f 7506 7505 7686
f 7686 7505 7685
f 7686 7685 7866
f 7866 7685 7865
f 7866 7865 8046
f 8046 7865 8045
f 8046 8045 8226
f 8226 8045 8225
f 8226 8225 8406
f 8406 8225 8405
f 8406 8405 8586
f 8586 8405 8585
f 8586 8585 8766
f 8766 8585 8765
f 8766 8765 8946
f 8946 8765 8945
f 8946 8945 9126
f 9126 8945 9125
f 9126 9125 9305
f 9126 9305 9306
f 9306 9305 9485
f 9306 9485 9486
f 9486 9485 9665
f 9486 9665 9666
f 9666 9665 9845
f 9666 9845 9846
f 9846 9845 10025
f 9846 10025 10026
f 10026 10025 10205
f 10026 10205 10206
f 10206 10205 10385
f 10206 10385 10386
f 10386 10385 10565
f 10386 10565 10566
f 10566 10565 10745
f 10566 10745 10746
f 10746 10745 10925
f 10746 10925 10926
f 10926 10925 11105
f 10926 11105 11106
f 11106 11105 11285
f 11106 11285 11286
f 11286 11285 11465
f 11286 11465 11466
f 11466 11465 11645
f 11466 11645 11646
f 11646 11645 11825
f 11646 11825 11826
f 11826 11825 12005
f 11826 12005 12006
f 12006 12005 12185
f 12006 12185 12186
f 12186 12185 12365
f 12186 12365 12366
f 12366 12365 12545
f 12366 12545 12546
f 12546 12545 12725
f 12546 12725 12726
f 12726 12725 12905
f 12726 12905 12906
f 12906 12905 13085
f 12906 13085 13086
f 13086 13085 13265
f 13086 13265 13266
f 13266 13265 13445
f 13266 13445 13446
f 13446 13445 13625
f 13446 13625 13626
f 13626 13625 13805
f 13626 13805 13806
f 13806 13805 13985
f 13806 13985 13986
f 13986 13985 14165
f 13986 14165 14166
f 14166 14165 14345
f 14166 14345 14346
f 14346 14345 14525
f 14346 14525 14526
f 14526 14525 14705
f 14526 14705 14706
f 14706 14705 14885
f 14706 14885 14886
f 14886 14885 15065
f 14886 15065 15066
f 15066 15065 15245
f 15066 15245 15246
f 15246 15245 15425
f 15246 15425 15426
f 15426 15425 15605
f 15426 15605 15606
f 15606 15605 15785
f 15606 15785 15786
f 15786 15785 15965
f 15786 15965 15966
f 15966 15965 16022
f 125 1 124
f 125 124 305
f 305 124 304
f 305 304 485
f 485 304 484
f 485 484 665
f 665 484 664
f 665 664 845
f 845 664 844
f 845 844 1025
f 1025 844 1024
f 1025 1024 1205
f 1205 1024 1204
f 1205 1204 1385
f 1385 1204 1384
f 1385 1384 1565
f 1565 1384 1564
f 1565 1564 1745
f 1745 1564 1744
f 1745 1744 1925
f 1925 1744 1924
f 1925 1924 2105
f 2105 1924 2104
f 2105 2104 2285
f 2285 2104 2284
f 2285 2284 2465
f 2465 2284 2464
f 2465 2464 2645
f 2645 2464 2644
f 2645 2644 2825
f 2825 2644 2824
f 2825 2824 3005
f 3005 2824 3004
f 3005 3004 3185
f 3185 3004 3184
f 3185 3184 3365
f 3365 3184 3364
f 3365 3364 3545
f 3545 3364 3544
f 3545 3544 3725
f 3725 3544 3724
f 3725 3724 3905
f 3905 3724 3904
f 3905 3904 4085
f 4085 3904 4084
f 4085 4084 4265
f 4265 4084 4264
f 4265 4264 4445
f 4445 4264 4444
f 4445 4444 4625
f 4625 4444 4624
f 4625 4624 4805
f 4805 4624 4804
f 4805 4804 4985
f 4985 4804 4984
f 4985 4984 5165
f 5165 4984 5164
f 5165 5164 5345
f 5345 5164 5344
f 5345 5344 5525
f 5525 5344 5524
f 5525 5524 5705
f 5705 5524 5704
f 5705 5704 5885
f 5885 5704 5884
f 5885 5884 6065
f 6065 5884 6064
f 6065 6064 6245
f 6245 6064 6244
f 6245 6244 6425
f 6425 6244 6424
f 6425 6424 6605
f 6605 6424 6604
f 6605 6604 6785
f 6785 6604 6784
f 6785 6784 6965
f 6965 6784 6964
f 6965 6964 7145
f 7145 6964 7144
f 7145 7144 7325
f 7325 7144 7324
f 7325 7324 7505
f 7505 7324 7504
f 7505 7504 7685
f 7685 7504 7684
f 7685 7684 7865
f 7865 7684 7864
f 7865 7864 8045
f 8045 7864 8044
f 8045 8044 8225
f 8225 8044 8224
f 8225 8224 8405
f 8405 8224 8404
f 8405 8404 8585
f 8585 8404 8584
f 8585 8584 8765
f 8765 8584 8764
f 8765 8764 8945
f 8945 8764 8944
f 8945 8944 9125
f 9125 8944 9124
f 9125 9124 9305
f 9305 9124 9304
f 9305 9304 9485
f 9485 9304 9484
f 9485 9484 9665
f 9665 9484 9664
f 9665 9664 9845
f 9845 9664 9844
f 9845 9844 10025
f 10025 9844 10024
f 10025 10024 10205
f 10205 10024 10204
f 10205 10204 10385
f 10385 10204 10384
f 10385 10384 10565
f 10565 10384 10564
f 10565 10564 10745
f 10745 10564 10744
f 10745 10744 10925
f 10925 10744 10924
f 10925 10924 11105
f 11105 10924 11104
f 11105 11104 11285
f 11285 11104 11284
f 11285 11284 11465
f 11465 11284 11464
f 11465 11464 11645
f 11645 11464 11644
f 11645 11644 11825
f 11825 11644 11824
f 11825 11824 12005
f 12005 11824 12004
f 12005 12004 12185
f 12185 12004 12184
f 12185 12184 12365
f 12365 12184 12364
f 12365 12364 12545
f 12545 12364 12544
f 12545 12544 12725
f 12725 12544 12724
f 12725 12724 12905
f 12905 12724 12904
f 12905 12904 13085
f 13085 12904 13084
f 13085 13084 13265
f 13265 13084 13264
f 13265 13264 13445
f 13445 13264 13444
f 13445 13444 13625
f 13625 13444 13624
f 13625 13624 13805
f 13805 13624 13804
f 13805 13804 13985
f 13985 13804 13984
f 13985 13984 14165
f 14165 13984 14164
f 14165 14164 14345
f 14345 14164 14344
f 14345 14344 14525
f 14525 14344 14524
f 14525 14524 14705
f 14705 14524 14704
f 14705 14704 14885
f 14885 14704 14884
f 14885 14884 15065
f 15065 14884 15064
f 15065 15064 15245
f 15245 15064 15244
f 15245 15244 15425
f 15425 15244 15424
f 15425 15424 15605
f 15605 15424 15604
f 15605 15604 15785
f 15785 15604 15784
f 15785 15784 15965
f 15965 15784 15964
f 15965 15964 16022
f 124 1 123
f 124 123 304
f 304 123 303
f 304 303 484
f 484 303 483
f 484 483 664
f 664 483 663
f 664 663 844
f 844 663 843
f 844 843 1024
f 1024 843 1023
f 1024 1023 1204
f 1204 1023 1203
f 1204 1203 1384
f 1384 1203 1383
f 1384 1383 1564
f 1564 1383 1563
f 1564 1563 1744
f 1744 1563 1743
f 1744 1743 1924
f 1924 1743 1923
f 1924 1923 2104
f 2104 1923 2103
f 2104 2103 2284
f 2284 2103 2283
f 2284 2283 2464
f 2464 2283 2463
f 2464 2463 2644
f 2644 2463 2643
f 2644 2643 2824
f 2824 2643 2823
f 2824 2823 3004
f 3004 2823 3003
f 3004 3003 3184
f 3184 3003 3183
f 3184 3183 3364
f 3364 3183 3363
f 3364 3363 3544
f 3544 3363 3543
f 3544 3543 3724
f 3724 3543 3723
f 3724 3723 3904
f 3904 3723 3903
f 3904 3903 4084
f 4084 3903 4083
f 4084 4083 4264
f 4264 4083 4263
f 4264 4263 4444
f 4444 4263 4443
f 4444 4443 4624
f 4624 4443 4623
f 4624 4623 4804
f 4804 4623 4803
f 4804 4803 4984
f 4984 4803 4983
f 4984 4983 5164
f 5164 4983 5163
f 5164 5163 5344
f 5344 5163 5343
f 5344 5343 5524
f 5524 5343 5523
f 5524 5523 5704
f 5704 5523 5703
f 5704 5703 5884
f 5884 5703 5883
f 5884 5883 6064
f 6064 5883 6063
f 6064 6063 6244
f 6244 6063 6243
f 6244 6243 6424
f 6424 6243 6423
f 6424 6423 6603
f 6424 6603 6604
f 6604 6603 6784
f 6784 6603 6783
f 6784 6783 6964
f 6964 6783 6963
f 6964 6963 7144
f 7144 6963 7143
f 7144 7143 7324
f 7324 7143 7323
f 7324 7323 7504
f 7504 7323 7503
f 7504 7503 7684
f 7684 7503 7683
f 7684 7683 7864
f 7864 7683 7863
f 7864 7863 8044
f 8044 7863 8043
f 8044 8043 8224
f 8224 8043 8223
f 8224 8223 8404
f 8404 8223 8403
f 8404 8403 8584
f 8584 8403 8583
f 8584 8583 8764
f 8764 8583 8763
f 8764 8763 8944
f 8944 8763 8943
f 8944 8943 9124
f 9124 8943 9123
f 9124 9123 9304
f 9304 9123 9303
f 9304 9303 9484
f 9484 9303 9483
f 9484 9483 9664
f 9664 9483 9663
f 9664 9663 9844
f 9844 9663 9843
f 9844 9843 10024
f 10024 9843 10023
f 10024 10023 10204
f 10204 10023 10203
f 10204 10203 10384
f 10384 10203 10383
f 10384 10383 10564
f 10564 10383 10563
f 10564 10563 10744
f 10744 10563 10743
f 10744 10743 10924
f 10924 10743 10923
f 10924 10923 11104
f 11104 10923 11103
f 11104 11103 11284
f 11284 11103 11283
f 11284 11283 11464
f 11464 11283 11463
f 11464 11463 11644
f 11644 11463 11643
f 11644 11643 11824
f 11824 11643 11823
f 11824 11823 12004
f 12004 11823 12003
f 12004 12003 12184
f 12184 12003 12183
f 12184 12183 12364
f 12364 12183 12363
f 12364 12363 12544
f 12544 12363 12543
f 12544 12543 12724
f 12724 12543 12723
f 12724 12723 12904
f 12904 12723 12903
f 12904 12903 13084
f 13084 12903 13083
f 13084 13083 13264
f 13264 13083 13263
f 13264 13263 13444
f 13444 13263 13443
f 13444 13443 13624
f 13624 13443 13623
f 13624 13623 13804
f 13804 13623 13803
f 13804 13803 13984
f 13984 13803 13983
f 13984 13983 14164
f 14164 13983 14163
f 14164 14163 14344
f 14344 14163 14343
f 14344 14343 14524
f 14524 14343 14523
f 14524 14523 14704
f 14704 14523 14703
f 14704 14703 14884
f 14884 14703 14883
f 14884 14883 15064
f 15064 14883 15063
f 15064 15063 15244
f 15244 15063 15243
f 15244 15243 15424
f 15424 15243 15423
f 15424 15423 15604
f 15604 15423 15603
f 15604 15603 15784
f 15784 15603 15783
f 15784 15783 15964
f 15964 15783 15963
f 15964 15963 16022
f 123 1 122
f 123 122 303
f 303 122 302
f 303 302 483
f 483 302 482
f 483 482 663
f 663 482 662
f 663 662 843
f 843 662 842
f 843 842 1023
f 1023 842 1022
f 1023 1022 1203
f 1203 1022 1202
f 1203 1202 1383
f 1383 1202 1382
f 1383 1382 1563
f 1563 1382 1562
f 1563 1562 1743
f 1743 1562 1742
f 1743 1742 1923
f 1923 1742 1922
f 1923 1922 2103
f 2103 1922 2102
f 2103 2102 2283
f 2283 2102 2282
f 2283 2282 2463
f 2463 2282 2462
f 2463 2462 2643
f 2643 2462 2642
f 2643 2642 2823
f 2823 2642 2822
f 2823 2822 3003
f 3003 2822 3002
f 3003 3002 3183
f 3183 3002 3182
f 3183 3182 3363
f 3363 3182 3362
f 3363 3362 3543
f 3543 3362 3542
f 3543 3542 3723
f 3723 3542 3722
f 3723 3722 3903
f 3903 3722 3902
f 3903 3902 4083
f 4083 3902 4082
f 4083 4082 4263
f 4263 4082 4262
f 4263 4262 4443
f 4443 4262 4442
f 4443 4442 4623
f 4623 4442 4622
f 4623 4622 4803
f 4803 4622 4802
f 4803 4802 4983
f 4983 4802 4982
f 4983 4982 5163
f 5163 4982 5162
f 5163 5162 5343
f 5343 5162 5342
f 5343 5342 5523
f 5523 5342 5522
f 5523 5522 5703
f 5703 5522 5702
f 5703 5702 5883
f 5883 5702 5882
f 5883 5882 6063
f 6063 5882 6062
f 6063 6062 6243
f 6243 6062 6242
f 6243 6242 6423
f 6423 6242 6422
f 6423 6422 6602
f 6423 6602 6603
f 6603 6602 6782
f 6603 6782 6783
f 6783 6782 6962
f 6783 6962 6963
f 6963 6962 7142
f 6963 7142 7143
f 7143 7142 7322
f 7143 7322 7323
f 7323 7322 7502
f 7323 7502 7503
f 7503 7502 7682
f 7503 7682 7683
f 7683 7682 7862
f 7683 7862 7863
f 7863 7862 8042
f 7863 8042 8043
f 8043 8042 8222
f 8043 8222 8223
f 8223 8222 8402
f 8223 8402 8403
f 8403 8402 8582
f 8403 8582 8583
f 8583 8582 8762
f 8583 8762 8763
f 8763 8762 8942
f 8763 8942 8943
f 8943 8942 9122
f 8943 9122 9123
f 9123 9122 9302
f 9123 9302 9303
f 9303 9302 9482
f 9303 9482 9483
f 9483 9482 9662
f 9483 9662 9663
f 9663 9662 9842
f 9663 9842 9843
f 9843 9842 10022
f 9843 10022 10023
f 10023 10022 10202
f 10023 10202 10203
f 10203 10202 10382
f 10203 10382 10383
f 10383 10382 10562
f 10383 10562 10563
f 10563 10562 10742
f 10563 10742 10743
f 10743 10742 10922
f 10743 10922 10923
f 10923 10922 11102
f 10923 11102 11103
f 11103 11102 11282
f 11103 11282 11283
f 11283 11282 11462
f 11283 11462 11463
f 11463 11462 11642
f 11463 11642 11643
f 11643 11642 11822
f 11643 11822 11823
f 11823 11822 12002
f 11823 12002 12003
f 12003 12002 12182
f 12003 12182 12183
f 12183 12182 12362
f 12183 12362 12363
f 12363 12362 12542
f 12363 12542 12543
f 12543 12542 12722
f 12543 12722 12723
f 12723 12722 12902
f 12723 12902 12903
f 12903 12902 13082
f 12903 13082 13083
f 13083 13082 13262
f 13083 13262 13263
f 13263 13262 13442
f 13263 13442 13443
f 13443 13442 13623
f 13623 13442 13622
f 13623 13622 13803
f 13803 13622 13802
f 13803 13802 13983
f 13983 13802 13982
f 13983 13982 14163
f 14163 13982 14162
f 14163 14162 14343
f 14343 14162 14342
f 14343 14342 14523
f 14523 14342 14522
f 14523 14522 14703
f 14703 14522 14702
f 14703 14702 14883
f 14883 14702 14882
f 14883 14882 15063
f 15063 14882 15062
f 15063 15062 15243
f 15243 15062 15242
f 15243 15242 15423
f 15423 15242 15422
f 15423 15422 15603
f 15603 15422 15602
f 15603 15602 15783
f 15783 15602 15782
f 15783 15782 15963
f 15963 15782 15962
f 15963 15962 16022
f 122 1 121
f 122 121 302
f 302 121 301
f 302 301 482
f 482 301 481
f 482 481 662
f 662 481 661
f 662 661 842
f 842 661 841
f 842 841 1022
f 1022 841 1021
f 1022 1021 1202
f 1202 1021 1201
f 1202 1201 1382
f 1382 1201 1381
f 1382 1381 1562
f 1562 1381 1561
f 1562 1561 1742
f 1742 1561 1741
f 1742 1741 1922
f 1922 1741 1921
f 1922 1921 2102
f 2102 1921 2101
f 2102 2101 2282
f 2282 2101 2281
f 2282 2281 2462
f 2462 2281 2461
f 2462 2461 2642
f 2642 2461 2641
f 2642 2641 2822
f 2822 2641 2821
f 2822 2821 3002
f 3002 2821 3001
f 3002 3001 3182
f 3182 3001 3181
f 3182 3181 3362
f 3362 3181 3361
f 3362 3361 3542
f 3542 3361 3541
f 3542 3541 3722
f 3722 3541 3721
f 3722 3721 3902
f 3902 3721 3901
f 3902 3901 4082
f 4082 3901 4081
f 4082 4081 4262
f 4262 4081 4261
f 4262 4261 4442
f 4442 4261 4441
f 4442 4441 4622
f 4622 4441 4621
f 4622 4621 4802
f 4802 4621 4801
f 4802 4801 4982
f 4982 4801 4981
f 4982 4981 5162
f 5162 4981 5161
f 5162 5161 5342
f 5342 5161 5341
f 5342 5341 5522
f 5522 5341 5521
f 5522 5521 5702
f 5702 5521 5701
f 5702 5701 5882
f 5882 5701 5881
f 5882 5881 6062
f 6062 5881 6061
f 6062 6061 6242
f 6242 6061 6241
f 6242 6241 6422
f 6422 6241 6421
f 6422 6421 6602
f 6602 6421 6601
f 6602 6601 6782
f 6782 6601 6781
f 6782 6781 6962
f 6962 6781 6961
f 6962 6961 7142
f 7142 6961 7141
f 7142 7141 7322
f 7322 7141 7321
f 7322 7321 7502
f 7502 7321 7501
f 7502 7501 7682
f 7682 7501 7681
f 7682 7681 7862
f 7862 7681 7861
f 7862 7861 8042
f 8042 7861 8041
f 8042 8041 8222
f 8222 8041 8221
f 8222 8221 8402
f 8402 8221 8401
f 8402 8401 8582
f 8582 8401 8581
f 8582 8581 8762
f 8762 8581 8761
f 8762 8761 8942
f 8942 8761 8941
f 8942 8941 9122
f 9122 8941 9121
f 9122 9121 9302
f 9302 9121 9301
f 9302 9301 9482
f 9482 9301 9481
f 9482 9481 9662
f 9662 9481 9661
f 9662 9661 9842
f 9842 9661 9841
f 9842 9841 10022
f 10022 9841 10021
f 10022 10021 10202
f 10202 10021 10201
f 10202 10201 10382
f 10382 10201 10381
f 10382 10381 10562
f 10562 10381 10561
f 10562 10561 10742
f 10742 10561 10741
f 10742 10741 10922
f 10922 10741 10921
f 10922 10921 11102
f 11102 10921 11101
f 11102 11101 11282
f 11282 11101 11281
f 11282 11281 11462
f 11462 11281 11461
f 11462 11461 11642
f 11642 11461 11641
f 11642 11641 11822
f 11822 11641 11821
f 11822 11821 12002
f 12002 11821 12001
f 12002 12001 12182
f 12182 12001 12181
f 12182 12181 12362
f 12362 12181 12361
f 12362 12361 12542
f 12542 12361 12541
f 12542 12541 12722
f 12722 12541 12721
f 12722 12721 12902
f 12902 12721 12901
f 12902 12901 13082
f 13082 12901 13081
f 13082 13081 13262
f 13262 13081 13261
f 13262 13261 13441
f 13262 13441 13442
f 13442 13441 13622
f 13622 13441 13621
f 13622 13621 13802
f 13802 13621 13801
f 13802 13801 13982
f 13982 13801 13981
f 13982 13981 14162
f 14162 13981 14161
f 14162 14161 14342
f 14342 14161 14341
f 14342 14341 14522
f 14522 14341 14521
f 14522 14521 14702
f 14702 14521 14701
f 14702 14701 14882
f 14882 14701 14881
f 14882 14881 15062
f 15062 14881 15061
f 15062 15061 15242
f 15242 15061 15241
f 15242 15241 15422
f 15422 15241 15421
f 15422 15421 15602
f 15602 15421 15601
f 15602 15601 15782
f 15782 15601 15781
f 15782 15781 15962
f 15962 15781 15961
f 15962 15961 16022
f 121 1 120
f 121 120 301
f 301 120 300
f 301 300 481
f 481 300 480
f 481 480 661
f 661 480 660
f 661 660 841
f 841 660 840
f 841 840 1021
f 1021 840 1020
f 1021 1020 1201
f 1201 1020 1200
f 1201 1200 1381
f 1381 1200 1380
f 1381 1380 1561
f 1561 1380 1560
f 1561 1560 1741
f 1741 1560 1740
f 1741 1740 1921
f 1921 1740 1920
f 1921 1920 2101
f 2101 1920 2100
f 2101 2100 2281
f 2281 2100 2280
f 2281 2280 2461
f 2461 2280 2460
f 2461 2460 2641
f 2641 2460 2640
f 2641 2640 2821
f 2821 2640 2820
f 2821 2820 3001
f 3001 2820 3000
f 3001 3000 3181
f 3181 3000 3180
f 3181 3180 3361
f 3361 3180 3360
f 3361 3360 3541
f 3541 3360 3540
f 3541 3540 3720
f 3541 3720 3721
f 3721 3720 3901
f 3901 3720 3900
f 3901 3900 4081
f 4081 3900 4080
f 4081 4080 4261
f 4261 4080 4260
f 4261 4260 4441
f 4441 4260 4440
f 4441 4440 4621
f 4621 4440 4620
f 4621 4620 4801
f 4801 4620 4800
f 4801 4800 4981
f 4981 4800 4980
f 4981 4980 5161
f 5161 4980 5160
f 5161 5160 5341
f 5341 5160 5340
f 5341 5340 5521
f 5521 5340 5520
f 5521 5520 5701
f 5701 5520 5700
f 5701 5700 5881
f 5881 5700 5880
f 5881 5880 6061
f 6061 5880 6060
f 6061 6060 6241
f 6241 6060 6240
f 6241 6240 6421
f 6421 6240 6420
f 6421 6420 6601
f 6601 6420 6600
f 6601 6600 6781
f 6781 6600 6780
f 6781 6780 6961
f 6961 6780 6960
f 6961 6960 7141
f 7141 6960 7140
f 7141 7140 7321
f 7321 7140 7320
f 7321 7320 7501
f 7501 7320 7500
f 7501 7500 7681
f 7681 7500 7680
f 7681 7680 7861
f 7861 7680 7860
f 7861 7860 8041
f 8041 7860 8040
f 8041 8040 8221
f 8221 8040 8220
f 8221 8220 8401
f 8401 8220 8400
f 8401 8400 8581
f 8581 8400 8580
f 8581 8580 8761
f 8761 8580 8760
f 8761 8760 8941
f 8941 8760 8940
f 8941 8940 9121
f 9121 8940 9120
f 9121 9120 9301
f 9301 9120 9300
f 9301 9300 9481
f 9481 9300 9480
f 9481 9480 9661
f 9661 9480 9660
f 9661 9660 9841
f 9841 9660 9840
f 9841 9840 10021
f 10021 9840 10020
f 10021 10020 10201
f 10201 10020 10200
f 10201 10200 10381
f 10381 10200 10380
f 10381 10380 10561
f 10561 10380 10560
f 10561 10560 10741
f 10741 10560 10740
f 10741 10740 10921
f 10921 10740 10920
f 10921 10920 11101
f 11101 10920 11100
f 11101 11100 11281
f 11281 11100 11280
f 11281 11280 11461
f 11461 11280 11460
f 11461 11460 11641
f 11641 11460 11640
f 11641 11640 11821
f 11821 11640 11820
f 11821 11820 12001
f 12001 11820 12000
f 12001 12000 12181
f 12181 12000 12180
f 12181 12180 12361
f 12361 12180 12360
f 12361 12360 12541
f 12541 12360 12540
f 12541 12540 12721
f 12721 12540 12720
f 12721 12720 12901
f 12901 12720 12900
f 12901 12900 13081
f 13081 12900 13080
f 13081 13080 13261
f 13261 13080 13260
f 13261 13260 13441
f 13441 13260 13440
f 13441 13440 13621
f 13621 13440 13620
f 13621 13620 13801
f 13801 13620 13800
f 13801 13800 13981
f 13981 13800 13980
f 13981 13980 14161
f 14161 13980 14160
f 14161 14160 14341
f 14341 14160 14340
f 14341 14340 14521
f 14521 14340 14520
f 14521 14520 14701
f 14701 14520 14700
f 14701 14700 14881
f 14881 14700 14880
f 14881 14880 15061
f 15061 14880 15060
f 15061 15060 15241
f 15241 15060 15240
f 15241 15240 15421
f 15421 15240 15420
f 15421 15420 15601
f 15601 15420 15600
f 15601 15600 15781
f 15781 15600 15780
f 15781 15780 15961
f 15961 15780 15960
f 15961 15960 16022
f 120 1 119
f 120 119 300
f 300 119 299
f 300 299 480
f 480 299 479
f 480 479 660
f 660 479 659
f 660 659 840
f 840 659 839
f 840 839 1020
f 1020 839 1019
f 1020 1019 1200
f 1200 1019 1199
f 1200 1199 1380
f 1380 1199 1379
f 1380 1379 1560
f 1560 1379 1559
f 1560 1559 1740
f 1740 1559 1739
f 1740 1739 1920
f 1920 1739 1919
f 1920 1919 2100
f 2100 1919 2099
f 2100 2099 2280
f 2280 2099 2279
f 2280 2279 2460
f 2460 2279 2459
f 2460 2459 2640
f 2640 2459 2639
f 2640 2639 2820
f 2820 2639 2819
f 2820 2819 3000
f 3000 2819 2999
f 3000 2999 3180
f 3180 2999 3179
f 3180 3179 3360
f 3360 3179 3359
f 3360 3359 3540
f 3540 3359 3539
f 3540 3539 3719
f 3540 3719 3720
f 3720 3719 3899
f 3720 3899 3900
f 3900 3899 4079
f 3900 4079 4080
f 4080 4079 4259
f 4080 4259 4260
f 4260 4259 4439
f 4260 4439 4440
f 4440 4439 4619
f 4440 4619 4620
f 4620 4619 4799
f 4620 4799 4800
f 4800 4799 4979
f 4800 4979 4980
f 4980 4979 5159
f 4980 5159 5160
f 5160 5159 5339
f 5160 5339 5340
f 5340 5339 5519
f 5340 5519 5520
f 5520 5519 5699
f 5520 5699 5700
f 5700 5699 5879
f 5700 5879 5880
f 5880 5879 6059
f 5880 6059 6060
f 6060 6059 6239
f 6060 6239 6240
f 6240 6239 6419
f 6240 6419 6420
f 6420 6419 6599
f 6420 6599 6600
f 6600 6599 6779
f 6600 6779 6780
f 6780 6779 6959
f 6780 6959 6960
f 6960 6959 7139
f 6960 7139 7140
f 7140 7139 7319
f 7140 7319 7320
f 7320 7319 7499
f 7320 7499 7500
f 7500 7499 7679
f 7500 7679 7680
f 7680 7679 7859
f 7680 7859 7860
f 7860 7859 8039
f 7860 8039 8040
f 8040 8039 8219
f 8040 8219 8220
f 8220 8219 8399
f 8220 8399 8400
f 8400 8399 8579
f 8400 8579 8580
f 8580 8579 8759
f 8580 8759 8760
f 8760 8759 8939
f 8760 8939 8940
f 8940 8939 9119
f 8940 9119 9120
f 9120 9119 9299
f 9120 9299 9300
f 9300 9299 9479
f 9300 9479 9480
f 9480 9479 9659
f 9480 9659 9660
f 9660 9659 9839
f 9660 9839 9840
f 9840 9839 10019
f 9840 10019 10020
f 10020 10019 10199
f 10020 10199 10200
f 10200 10199 10379
f 10200 10379 10380
f 10380 10379 10559
f 10380 10559 10560
f 10560 10559 10740
f 10740 10559 10739
f 10740 10739 10920
f 10920 10739 10919
f 10920 10919 11100
f 11100 10919 11099
f 11100 11099 11280
f 11280 11099 11279
f 11280 11279 11460
f 11460 11279 11459
f 11460 11459 11640
f 11640 11459 11639
f 11640 11639 11820
f 11820 11639 11819
f 11820 11819 12000
f 12000 11819 11999
f 12000 11999 12180
f 12180 11999 12179
f 12180 12179 12360
f 12360 12179 12359
f 12360 12359 12540
f 12540 12359 12539
f 12540 12539 12720
f 12720 12539 12719
f 12720 12719 12900
f 12900 12719 12899
f 12900 12899 13080
f 13080 12899 13079
f 13080 13079 13260
f 13260 13079 13259
f 13260 13259 13440
f 13440 13259 13439
f 13440 13439 13620
f 13620 13439 13619
f 13620 13619 13800
f 13800 13619 13799
f 13800 13799 13980
f 13980 13799 13979
f 13980 13979 14160
f 14160 13979 14159
f 14160 14159 14340
f 14340 14159 14339
f 14340 14339 14520
f 14520 14339 14519
f 14520 14519 14700
f 14700 14519 14699
f 14700 14699 14880
f 14880 14699 14879
f 14880 14879 15060
f 15060 14879 15059
f 15060 15059 15240
f 15240 15059 15239
f 15240 15239 15420
f 15420 15239 15419
f 15420 15419 15600
f 15600 15419 15599
f 15600 15599 15780
f 15780 15599 15779
f 15780 15779 15960
f 15960 15779 15959
f 15960 15959 16022
f 119 1 118
f 119 118 299
f 299 118 298
f 299 298 479
f 479 298 478
f 479 478 659
f 659 478 658
f 659 658 839
f 839 658 838
f 839 838 1019
f 1019 838 1018
f 1019 1018 1199
f 1199 1018 1198
f 1199 1198 1379
f 1379 1198 1378
f 1379 1378 1559
f 1559 1378 1558
f 1559 1558 1739
f 1739 1558 1738
f 1739 1738 1919
f 1919 1738 1918
f 1919 1918 2099
f 2099 1918 2098
f 2099 2098 2279
f 2279 2098 2278
f 2279 2278 2459
f 2459 2278 2458
f 2459 2458 2639
f 2639 2458 2638
f 2639 2638 2819
f 2819 2638 2818
f 2819 2818 2999
f 2999 2818 2998
f 2999 2998 3179
f 3179 2998 3178
f 3179 3178 3359
f 3359 3178 3358
f 3359 3358 3539
f 3539 3358 3538
f 3539 3538 3719
f 3719 3538 3718
f 3719 3718 3899
f 3899 3718 3898
f 3899 3898 4079
f 4079 3898 4078
f 4079 4078 4259
f 4259 4078 4258
f 4259 4258 4439
f 4439 4258 4438
f 4439 4438 4619
f 4619 4438 4618
f 4619 4618 4799
f 4799 4618 4798
f 4799 4798 4979
f 4979 4798 4978
f 4979 4978 5159
f 5159 4978 5158
f 5159 5158 5339
f 5339 5158 5338
f 5339 5338 5519
f 5519 5338 5518
f 5519 5518 5699
f 5699 5518 5698
f 5699 5698 5879
f 5879 5698 5878
f 5879 5878 6059
f 6059 5878 6058
f 6059 6058 6239
f 6239 6058 6238
f 6239 6238 6419
f 6419 6238 6418
f 6419 6418 6599
f 6599 6418 6598
f 6599 6598 6779
f 6779 6598 6778
f 6779 6778 6959
f 6959 6778 6958
f 6959 6958 7139
f 7139 6958 7138
f 7139 7138 7319
f 7319 7138 7318
f 7319 7318 7499
f 7499 7318 7498
f 7499 7498 7679
f 7679 7498 7678
f 7679 7678 7859
f 7859 7678 7858
f 7859 7858 8039
f 8039 7858 8038
f 8039 8038 8219
f 8219 8038 8218
f 8219 8218 8399
f 8399 8218 8398
f 8399 8398 8579
f 8579 8398 8578
f 8579 8578 8759
f 8759 8578 8758
f 8759 8758 8939
f 8939 8758 8938
f 8939 8938 9119
f 9119 8938 9118
f 9119 9118 9299
f 9299 9118 9298
f 9299 9298 9479
f 9479 9298 9478
f 9479 9478 9659
f 9659 9478 9658
f 9659 9658 9839
f 9839 9658 9838
f 9839 9838 10019
f 10019 9838 10018
f 10019 10018 10199
f 10199 10018 10198
f 10199 10198 10379
f 10379 10198 10378
f 10379 10378 10558
f 10379 10558 10559
f 10559 10558 10739
f 10739 10558 10738
f 10739 10738 10919
f 10919 10738 10918
f 10919 10918 11099
f 11099 10918 11098
f 11099 11098 11279
f 11279 11098 11278
f 11279 11278 11459
f 11459 11278 11458
f 11459 11458 11639
f 11639 11458 11638
f 11639 11638 11819
f 11819 11638 11818
f 11819 11818 11999
f 11999 11818 11998
f 11999 11998 12179
f 12179 11998 12178
f 12179 12178 12359
f 12359 12178 12358
f 12359 12358 12539
f 12539 12358 12538
f 12539 12538 12719
f 12719 12538 12718
f 12719 12718 12899
f 12899 12718 12898
f 12899 12898 13079
f 13079 12898 13078
f 13079 13078 13259
f 13259 13078 13258
f 13259 13258 13439
f 13439 13258 13438
f 13439 13438 13619
f 13619 13438 13618
f 13619 13618 13799
f 13799 13618 13798
f 13799 13798 13979
f 13979 13798 13978
f 13979 13978 14159
f 14159 13978 14158
f 14159 14158 14339
f 14339 14158 14338
f 14339 14338 14519
f 14519 14338 14518
f 14519 14518 14699
f 14699 14518 14698
f 14699 14698 14879
f 14879 14698 14878
f 14879 14878 15059
f 15059 14878 15058
f 15059 15058 15239
f 15239 15058 15238
f 15239 15238 15419
f 15419 15238 15418
f 15419 15418 15599
f 15599 15418 15598
f 15599 15598 15779
f 15779 15598 15778
f 15779 15778 15959
f 15959 15778 15958
f 15959 15958 16022
f 118 1 117
f 118 117 298
f 298 117 297
f 298 297 478
f 478 297 477
f 478 477 658
f 658 477 657
f 658 657 837
f 658 837 838
f 838 837 1018
f 1018 837 1017
f 1018 1017 1198
f 1198 1017 1197
f 1198 1197 1378
f 1378 1197 1377
f 1378 1377 1558
f 1558 1377 1557
f 1558 1557 1738
f 1738 1557 1737
f 1738 1737 1918
f 1918 1737 1917
f 1918 1917 2098
f 2098 1917 2097
f 2098 2097 2278
f 2278 2097 2277
f 2278 2277 2458
f 2458 2277 2457
f 2458 2457 2638
f 2638 2457 2637
f 2638 2637 2818
f 2818 2637 2817
f 2818 2817 2998
f 2998 2817 2997
f 2998 2997 3178
f 3178 2997 3177
f 3178 3177 3358
f 3358 3177 3357
f 3358 3357 3538
f 3538 3357 3537
f 3538 3537 3718
f 3718 3537 3717
f 3718 3717 3898
f 3898 3717 3897
f 3898 3897 4078
f 4078 3897 4077
f 4078 4077 4258
f 4258 4077 4257
f 4258 4257 4438
f 4438 4257 4437
f 4438 4437 4618
f 4618 4437 4617
f 4618 4617 4798
f 4798 4617 4797
f 4798 4797 4978
f 4978 4797 4977
f 4978 4977 5158
f 5158 4977 5157
f 5158 5157 5338
f 5338 5157 5337
f 5338 5337 5518
f 5518 5337 5517
f 5518 5517 5698
f 5698 5517 5697
f 5698 5697 5878
f 5878 5697 5877
f 5878 5877 6058
f 6058 5877 6057
f 6058 6057 6238
f 6238 6057 6237
f 6238 6237 6418
f 6418 6237 6417
f 6418 6417 6598
f 6598 6417 6597
f 6598 6597 6778
f 6778 6597 6777
f 6778 6777 6958
f 6958 6777 6957
f 6958 6957 7138
f 7138 6957 7137
f 7138 7137 7318
f 7318 7137 7317
f 7318 7317 7498
f 7498 7317 7497
f 7498 7497 7678
f 7678 7497 7677
f 7678 7677 7858
f 7858 7677 7857
f 7858 7857 8038
f 8038 7857 8037
f 8038 8037 8218
f 8218 8037 8217
f 8218 8217 8398
f 8398 8217 8397
f 8398 8397 8578
f 8578 8397 8577
f 8578 8577 8758
f 8758 8577 8757
f 8758 8757 8938
f 8938 8757 8937
f 8938 8937 9118
f 9118 8937 9117
f 9118 9117 9298
f 9298 9117 9297
f 9298 9297 9478
f 9478 9297 9477
f 9478 9477 9658
f 9658 9477 9657
f 9658 9657 9838
f 9838 9657 9837
f 9838 9837 10018
f 10018 9837 10017
f 10018 10017 10198
f 10198 10017 10197
f 10198 10197 10378
f 10378 10197 10377
f 10378 10377 10558
f 10558 10377 10557
f 10558 10557 10738
f 10738 10557 10737
f 10738 10737 10918
f 10918 10737 10917
f 10918 10917 11098
f 11098 10917 11097
f 11098 11097 11278
f 11278 11097 11277
f 11278 11277 11458
f 11458 11277 11457
f 11458 11457 11638
f 11638 11457 11637
f 11638 11637 11818
f 11818 11637 11817
f 11818 11817 11998
f 11998 11817 11997
f 11998 11997 12178
f 12178 11997 12177
f 12178 12177 12358
f 12358 12177 12357
f 12358 12357 12538
f 12538 12357 12537
f 12538 12537 12718
f 12718 12537 12717
f 12718 12717 12898
f 12898 12717 12897
f 12898 12897 13078
f 13078 12897 13077
f 13078 13077 13258
f 13258 13077 13257
f 13258 13257 13438
f 13438 13257 13437
f 13438 13437 13618
f 13618 13437 13617
f 13618 13617 13798
f 13798 13617 13797
f 13798 13797 13978
f 13978 13797 13977
f 13978 13977 14158
f 14158 13977 14157
f 14158 14157 14338
f 14338 14157 14337
f 14338 14337 14518
f 14518 14337 14517
f 14518 14517 14698
f 14698 14517 14697
f 14698 14697 14878
f 14878 14697 14877
f 14878 14877 15058
f 15058 14877 15057
f 15058 15057 15238
f 15238 15057 15237
f 15238 15237 15418
f 15418 15237 15417
f 15418 15417 15598
f 15598 15417 15597
f 15598 15597 15778
f 15778 15597 15777
f 15778 15777 15958
f 15958 15777 15957
f 15958 15957 16022
f 117 1 116
f 117 116 297
f 297 116 296
f 297 296 477
f 477 296 476
f 477 476 657
f 657 476 656
f 657 656 836
f 657 836 837
f 837 836 1016
f 837 1016 1017
f 1017 1016 1196
f 1017 1196 1197
f 1197 1196 1376
f 1197 1376 1377
f 1377 1376 1556
f 1377 1556 1557
f 1557 1556 1736
f 1557 1736 1737
f 1737 1736 1916
f 1737 1916 1917
f 1917 1916 2096
f 1917 2096 2097
f 2097 2096 2276
f 2097 2276 2277
f 2277 2276 2456
f 2277 2456 2457
f 2457 2456 2636
f 2457 2636 2637
f 2637 2636 2816
f 2637 2816 2817
f 2817 2816 2996
f 2817 2996 2997
f 2997 2996 3176
f 2997 3176 3177
f 3177 3176 3356
f 3177 3356 3357
f 3357 3356 3536
f 3357 3536 3537
f 3537 3536 3716
f 3537 3716 3717
f 3717 3716 3896
f 3717 3896 3897
f 3897 3896 4076
f 3897 4076 4077
f 4077 4076 4256
f 4077 4256 4257
f 4257 4256 4436
f 4257 4436 4437
f 4437 4436 4616
f 4437 4616 4617
f 4617 4616 4796
f 4617 4796 4797
f 4797 4796 4976
f 4797 4976 4977
f 4977 4976 5156
f 4977 5156 5157
f 5157 5156 5336
f 5157 5336 5337
f 5337 5336 5516
f 5337 5516 5517
f 5517 5516 5696
f 5517 5696 5697
f 5697 5696 5876
f 5697 5876 5877
f 5877 5876 6056
f 5877 6056 6057
f 6057 6056 6236
f 6057 6236 6237
f 6237 6236 6416
f 6237 6416 6417
f 6417 6416 6596
f 6417 6596 6597
f 6597 6596 6776
f 6597 6776 6777
f 6777 6776 6956
f 6777 6956 6957
f 6957 6956 7136
f 6957 7136 7137
f 7137 7136 7316
f 7137 7316 7317
f 7317 7316 7496
f 7317 7496 7497
f 7497 7496 7676
f 7497 7676 7677
f 7677 7676 7857
f 7857 7676 7856
f 7857 7856 8037
f 8037 7856 8036
f 8037 8036 8217
f 8217 8036 8216
f 8217 8216 8397
f 8397 8216 8396
f 8397 8396 8577
f 8577 8396 8576
f 8577 8576 8757
f 8757 8576 8756
f 8757 8756 8937
f 8937 8756 8936
f 8937 8936 9117
f 9117 8936 9116
f 9117 9116 9297
f 9297 9116 9296
f 9297 9296 9477
f 9477 9296 9476
f 9477 9476 9657
f 9657 9476 9656
f 9657 9656 9837
f 9837 9656 9836
f 9837 9836 10017
f 10017 9836 10016
f 10017 10016 10197
f 10197 10016 10196
f 10197 10196 10377
f 10377 10196 10376
f 10377 10376 10557
f 10557 10376 10556
f 10557 10556 10737
f 10737 10556 10736
f 10737 10736 10917
f 10917 10736 10916
f 10917 10916 11097
f 11097 10916 11096
f 11097 11096 11277
f 11277 11096 11276
f 11277 11276 11457
f 11457 11276 11456
f 11457 11456 11637
f 11637 11456 11636
f 11637 11636 11817
f 11817 11636 11816
f 11817 11816 11997
f 11997 11816 11996
f 11997 11996 12177
f 12177 11996 12176
f 12177 12176 12357
f 12357 12176 12356
f 12357 12356 12537
f 12537 12356 12536
f 12537 12536 12717
f 12717 12536 12716
f 12717 12716 12897
f 12897 12716 12896
f 12897 12896 13077
f 13077 12896 13076
f 13077 13076 13257
f 13257 13076 13256
f 13257 13256 13437
f 13437 13256 13436
f 13437 13436 13617
f 13617 13436 13616
f 13617 13616 13797
f 13797 13616 13796
f 13797 13796 13977
f 13977 13796 13976
f 13977 13976 14157
f 14157 13976 14156
f 14157 14156 14337
f 14337 14156 14336
f 14337 14336 14517
f 14517 14336 14516
f 14517 14516 14697
f 14697 14516 14696
f 14697 14696 14877
f 14877 14696 14876
f 14877 14876 15057
f 15057 14876 15056
f 15057 15056 15237
f 15237 15056 15236
f 15237 15236 15417
f 15417 15236 15416
f 15417 15416 15597
f 15597 15416 15596
f 15597 15596 15777
f 15777 15596 15776
f 15777 15776 15957
f 15957 15776 15956
f 15957 15956 16022
f 116 1 115
f 116 115 296
f 296 115 295
f 296 295 476
f 476 295 475
f 476 475 656
f 656 475 655
f 656 655 836
f 836 655 835
f 836 835 1016
f 1016 835 1015
f 1016 1015 1196
f 1196 1015 1195
f 1196 1195 1376
f 1376 1195 1375
f 1376 1375 1556
f 1556 1375 1555
f 1556 1555 1736
f 1736 1555 1735
f 1736 1735 1916
f 1916 1735 1915
f 1916 1915 2096
f 2096 1915 2095
f 2096 2095 2276
f 2276 2095 2275
f 2276 2275 2456
f 2456 2275 2455
f 2456 2455 2636
f 2636 2455 2635
f 2636 2635 2816
f 2816 2635 2815
f 2816 2815 2996
f 2996 2815 2995
f 2996 2995 3176
f 3176 2995 3175
f 3176 3175 3356
f 3356 3175 3355
f 3356 3355 3536
f 3536 3355 3535
f 3536 3535 3716
f 3716 3535 3715
f 3716 3715 3896
f 3896 3715 3895
f 3896 3895 4076
f 4076 3895 4075
f 4076 4075 4256
f 4256 4075 4255
f 4256 4255 4436
f 4436 4255 4435
f 4436 4435 4616
f 4616 4435 4615
f 4616 4615 4796
f 4796 4615 4795
f 4796 4795 4976
f 4976 4795 4975
f 4976 4975 5156
f 5156 4975 5155
f 5156 5155 5336
f 5336 5155 5335
f 5336 5335 5516
f 5516 5335 5515
f 5516 5515 5696
f 5696 5515 5695
f 5696 5695 5876
f 5876 5695 5875
f 5876 5875 6056
f 6056 5875 6055
f 6056 6055 6236
f 6236 6055 6235
f 6236 6235 6416
f 6416 6235 6415
f 6416 6415 6596
f 6596 6415 6595
f 6596 6595 6776
f 6776 6595 6775
f 6776 6775 6956
f 6956 6775 6955
f 6956 6955 7136
f 7136 6955 7135
f 7136 7135 7316
f 7316 7135 7315
f 7316 7315 7496
f 7496 7315 7495
f 7496 7495 7675
f 7496 7675 7676
f 7676 7675 7855
f 7676 7855 7856
f 7856 7855 8035
f 7856 8035 8036
f 8036 8035 8215
f 8036 8215 8216
f 8216 8215 8395
f 8216 8395 8396
f 8396 8395 8575
f 8396 8575 8576
f 8576 8575 8755
f 8576 8755 8756
f 8756 8755 8935
f 8756 8935 8936
f 8936 8935 9115
f 8936 9115 9116
f 9116 9115 9295
f 9116 9295 9296
f 9296 9295 9475
f 9296 9475 9476
f 9476 9475 9655
f 9476 9655 9656
f 9656 9655 9835
f 9656 9835 9836
f 9836 9835 10015
f 9836 10015 10016
f 10016 10015 10195
f 10016 10195 10196
f 10196 10195 10375
f 10196 10375 10376
f 10376 10375 10555
f 10376 10555 10556
f 10556 10555 10735
f 10556 10735 10736
f 10736 10735 10915
f 10736 10915 10916
f 10916 10915 11095
f 10916 11095 11096
f 11096 11095 11275
f 11096 11275 11276
f 11276 11275 11455
f 11276 11455 11456
f 11456 11455 11635
f 11456 11635 11636
f 11636 11635 11815
f 11636 11815 11816
f 11816 11815 11995
f 11816 11995 11996
f 11996 11995 12175
f 11996 12175 12176
f 12176 12175 12355
f 12176 12355 12356
f 12356 12355 12535
f 12356 12535 12536
f 12536 12535 12715
f 12536 12715 12716
f 12716 12715 12895
f 12716 12895 12896
f 12896 12895 13075
f 12896 13075 13076
f 13076 13075 13255
f 13076 13255 13256
f 13256 13255 13435
f 13256 13435 13436
f 13436 13435 13615
f 13436 13615 13616
f 13616 13615 13795
f 13616 13795 13796
f 13796 13795 13975
f 13796 13975 13976
f 13976 13975 14155
f 13976 14155 14156
f 14156 14155 14335
f 14156 14335 14336
f 14336 14335 14516
f 14516 14335 14515
f 14516 14515 14696
f 14696 14515 14695
f 14696 14695 14876
f 14876 14695 14875
f 14876 14875 15056
f 15056 14875 15055
f 15056 15055 15236
f 15236 15055 15235
f 15236 15235 15416
f 15416 15235 15415
f 15416 15415 15596
f 15596 15415 15595
f 15596 15595 15776
f 15776 15595 15775
f 15776 15775 15956
f 15956 15775 15955
f 15956 15955 16022
f 115 1 114
f 115 114 295
f 295 114 294
f 295 294 475
f 475 294 474
f 475 474 655
f 655 474 654
f 655 654 835
f 835 654 834
f 835 834 1015
f 1015 834 1014
f 1015 1014 1195
f 1195 1014 1194
f 1195 1194 1375
f 1375 1194 1374
f 1375 1374 1555
f 1555 1374 1554
f 1555 1554 1735
f 1735 1554 1734
f 1735 1734 1915
f 1915 1734 1914
f 1915 1914 2095
f 2095 1914 2094
f 2095 2094 2275
f 2275 2094 2274
f 2275 2274 2455
f 2455 2274 2454
f 2455 2454 2635
f 2635 2454 2634
f 2635 2634 2815
f 2815 2634 2814
f 2815 2814 2995
f 2995 2814 2994
f 2995 2994 3175
f 3175 2994 3174
f 3175 3174 3355
f 3355 3174 3354
f 3355 3354 3535
f 3535 3354 3534
f 3535 3534 3715
f 3715 3534 3714
f 3715 3714 3895
f 3895 3714 3894
f 3895 3894 4075
f 4075 3894 4074
f 4075 4074 4255
f 4255 4074 4254
f 4255 4254 4435
f 4435 4254 4434
f 4435 4434 4615
f 4615 4434 4614
f 4615 4614 4795
f 4795 4614 4794
f 4795 4794 4975
f 4975 4794 4974
f 4975 4974 5155
f 5155 4974 5154
f 5155 5154 5335
f 5335 5154 5334
f 5335 5334 5515
f 5515 5334 5514
f 5515 5514 5695
f 5695 5514 5694
f 5695 5694 5875
f 5875 5694 5874
f 5875 5874 6055
f 6055 5874 6054
f 6055 6054 6235
f 6235 6054 6234
f 6235 6234 6415
f 6415 6234 6414
f 6415 6414 6595
f 6595 6414 6594
f 6595 6594 6775
f 6775 6594 6774
f 6775 6774 6955
f 6955 6774 6954
f 6955 6954 7135
f 7135 6954 7134
f 7135 7134 7315
f 7315 7134 7314
f 7315 7314 7495
f 7495 7314 7494
f 7495 7494 7675
f 7675 7494 7674
f 7675 7674 7855
f 7855 7674 7854
f 7855 7854 8035
f 8035 7854 8034
f 8035 8034 8215
f 8215 8034 8214
f 8215 8214 8395
f 8395 8214 8394
f 8395 8394 8575
f 8575 8394 8574
f 8575 8574 8755
f 8755 8574 8754
f 8755 8754 8935
f 8935 8754 8934
f 8935 8934 9115
f 9115 8934 9114
f 9115 9114 9295
f 9295 9114 9294
f 9295 9294 9475
f 9475 9294 9474
f 9475 9474 9655
f 9655 9474 9654
f 9655 9654 9835
f 9835 9654 9834
f 9835 9834 10015
f 10015 9834 10014
f 10015 10014 10195
f 10195 10014 10194
f 10195 10194 10375
f 10375 10194 10374
f 10375 10374 10555
f 10555 10374 10554
f 10555 10554 10735
f 10735 10554 10734
f 10735 10734 10915
f 10915 10734 10914
f 10915 10914 11095
f 11095 10914 11094
f 11095 11094 11275
f 11275 11094 11274
f 11275 11274 11455
f 11455 11274 11454
f 11455 11454 11635
f 11635 11454 11634
f 11635 11634 11815
f 11815 11634 11814
f 11815 11814 11995
f 11995 11814 11994
f 11995 11994 12175
f 12175 11994 12174
f 12175 12174 12355
f 12355 12174 12354
f 12355 12354 12535
f 12535 12354 12534
f 12535 12534 12715
f 12715 12534 12714
f 12715 12714 12895
f 12895 12714 12894
f 12895 12894 13075
f 13075 12894 13074
f 13075 13074 13255
f 13255 13074 13254
f 13255 13254 13435
f 13435 13254 13434
f 13435 13434 13615
f 13615 13434 13614
f 13615 13614 13795
f 13795 13614 13794
f 13795 13794 13975
f 13975 13794 13974
f 13975 13974 14155
f 14155 13974 14154
f 14155 14154 14334
f 14155 14334 14335
f 14335 14334 14515
f 14515 14334 14514
f 14515 14514 14695
f 14695 14514 14694
f 14695 14694 14875
f 14875 14694 14874
f 14875 14874 15055
f 15055 14874 15054
f 15055 15054 15235
f 15235 15054 15234
f 15235 15234 15415
f 15415 15234 15414
f 15415 15414 15595
f 15595 15414 15594
f 15595 15594 15775
f 15775 15594 15774
f 15775 15774 15955
f 15955 15774 15954
f 15955 15954 16022
f 114 1 113
f 114 113 294
f 294 113 293
f 294 293 474
f 474 293 473
f 474 473 654
f 654 473 653
f 654 653 834
f 834 653 833
f 834 833 1014
f 1014 833 1013
f 1014 1013 1194
f 1194 1013 1193
f 1194 1193 1374
f 1374 1193 1373
f 1374 1373 1554
f 1554 1373 1553
f 1554 1553 1734
f 1734 1553 1733
f 1734 1733 1914
f 1914 1733 1913
f 1914 1913 2094
f 2094 1913 2093
f 2094 2093 2274
f 2274 2093 2273
f 2274 2273 2454
f 2454 2273 2453
f 2454 2453 2634
f 2634 2453 2633
f 2634 2633 2814
f 2814 2633 2813
f 2814 2813 2994
f 2994 2813 2993
f 2994 2993 3174
f 3174 2993 3173
f 3174 3173 3354
f 3354 3173 3353
f 3354 3353 3534
f 3534 3353 3533
f 3534 3533 3714
f 3714 3533 3713
f 3714 3713 3894
f 3894 3713 3893
f 3894 3893 4074
f 4074 3893 4073
f 4074 4073 4254
f 4254 4073 4253
f 4254 4253 4434
f 4434 4253 4433
f 4434 4433 4614
f 4614 4433 4613
f 4614 4613 4793
f 4614 4793 4794
f 4794 4793 4974
f 4974 4793 4973
f 4974 4973 5154
f 5154 4973 5153
f 5154 5153 5334
f 5334 5153 5333
f 5334 5333 5514
f 5514 5333 5513
f 5514 5513 5694
f 5694 5513 5693
f 5694 5693 5874
f 5874 5693 5873
f 5874 5873 6054
f 6054 5873 6053
f 6054 6053 6234
f 6234 6053 6233
f 6234 6233 6414
f 6414 6233 6413
f 6414 6413 6594
f 6594 6413 6593
f 6594 6593 6774
f 6774 6593 6773
f 6774 6773 6954
f 6954 6773 6953
f 6954 6953 7134
f 7134 6953 7133
f 7134 7133 7314
f 7314 7133 7313
f 7314 7313 7494
f 7494 7313 7493
f 7494 7493 7674
f 7674 7493 7673
f 7674 7673 7854
f 7854 7673 7853
f 7854 7853 8034
f 8034 7853 8033
f 8034 8033 8214
f 8214 8033 8213
f 8214 8213 8394
f 8394 8213 8393
f 8394 8393 8574
f 8574 8393 8573
f 8574 8573 8754
f 8754 8573 8753
f 8754 8753 8934
f 8934 8753 8933
f 8934 8933 9114
f 9114 8933 9113
f 9114 9113 9294
f 9294 9113 9293
f 9294 9293 9474
f 9474 9293 9473
f 9474 9473 9654
f 9654 9473 9653
f 9654 9653 9834
f 9834 9653 9833
f 9834 9833 10014
f 10014 9833 10013
f 10014 10013 10194
f 10194 10013 10193
f 10194 10193 10374
f 10374 10193 10373
f 10374 10373 10554
f 10554 10373 10553
f 10554 10553 10734
f 10734 10553 10733
f 10734 10733 10914
f 10914 10733 10913
f 10914 10913 11094
f 11094 10913 11093
f 11094 11093 11274
f 11274 11093 11273
f 11274 11273 11454
f 11454 11273 11453
f 11454 11453 11634
f 11634 11453 11633
f 11634 11633 11814
f 11814 11633 11813
f 11814 11813 11994
f 11994 11813 11993
f 11994 11993 12174
f 12174 11993 12173
f 12174 12173 12354
f 12354 12173 12353
f 12354 12353 12534
f 12534 12353 12533
f 12534 12533 12714
f 12714 12533 12713
f 12714 12713 12894
f 12894 12713 12893
f 12894 12893 13074
f 13074 12893 13073
f 13074 13073 13254
f 13254 13073 13253
f 13254 13253 13434
f 13434 13253 13433
f 13434 13433 13614
f 13614 13433 13613
f 13614 13613 13794
f 13794 13613 13793
f 13794 13793 13974
f 13974 13793 13973
f 13974 13973 14154
f 14154 13973 14153
f 14154 14153 14334
f 14334 14153 14333
f 14334 14333 14514
f 14514 14333 14513
f 14514 14513 14694
f 14694 14513 14693
f 14694 14693 14874
f 14874 14693 14873
f 14874 14873 15054
f 15054 14873 15053
f 15054 15053 15234
f 15234 15053 15233
f 15234 15233 15414
f 15414 15233 15413
f 15414 15413 15594
f 15594 15413 15593
f 15594 15593 15774
f 15774 15593 15773
f 15774 15773 15954
f 15954 15773 15953
f 15954 15953 16022
f 113 1 112
f 113 112 293
f 293 112 292
f 293 292 473
f 473 292 472
f 473 472 653
f 653 472 652
f 653 652 833
f 833 652 832
f 833 832 1013
f 1013 832 1012
f 1013 1012 1193
f 1193 1012 1192
f 1193 1192 1373
f 1373 1192 1372
f 1373 1372 1553
f 1553 1372 1552
f 1553 1552 1733
f 1733 1552 1732
f 1733 1732 1913
f 1913 1732 1912
f 1913 1912 2093
f 2093 1912 2092
f 2093 2092 2273
f 2273 2092 2272
f 2273 2272 2453
f 2453 2272 2452
f 2453 2452 2633
f 2633 2452 2632
f 2633 2632 2813
f 2813 2632 2812
f 2813 2812 2993
f 2993 2812 2992
f 2993 2992 3173
f 3173 2992 3172
f 3173 3172 3353
f 3353 3172 3352
f 3353 3352 3533
f 3533 3352 3532
f 3533 3532 3713
f 3713 3532 3712
f 3713 3712 3893
f 3893 3712 3892
f 3893 3892 4073
f 4073 3892 4072
f 4073 4072 4253
f 4253 4072 4252
f 4253 4252 4433
f 4433 4252 4432
f 4433 4432 4613
f 4613 4432 4612
f 4613 4612 4792
f 4613 4792 4793
f 4793 4792 4972
f 4793 4972 4973
f 4973 4972 5152
f 4973 5152 5153
f 5153 5152 5332
f 5153 5332 5333
f 5333 5332 5512
f 5333 5512 5513
f 5513 5512 5692
f 5513 5692 5693
f 5693 5692 5872
f 5693 5872 5873
f 5873 5872 6052
f 5873 6052 6053
f 6053 6052 6232
f 6053 6232 6233
f 6233 6232 6412
f 6233 6412 6413
f 6413 6412 6592
f 6413 6592 6593
f 6593 6592 6772
f 6593 6772 6773
f 6773 6772 6952
f 6773 6952 6953
f 6953 6952 7132
f 6953 7132 7133
f 7133 7132 7312
f 7133 7312 7313
f 7313 7312 7492
f 7313 7492 7493
f 7493 7492 7672
f 7493 7672 7673
f 7673 7672 7852
f 7673 7852 7853
f 7853 7852 8032
f 7853 8032 8033
f 8033 8032 8212
f 8033 8212 8213
f 8213 8212 8392
f 8213 8392 8393
f 8393 8392 8572
f 8393 8572 8573
f 8573 8572 8752
f 8573 8752 8753
f 8753 8752 8932
f 8753 8932 8933
f 8933 8932 9112
f 8933 9112 9113
f 9113 9112 9292
f 9113 9292 9293
f 9293 9292 9472
f 9293 9472 9473
f 9473 9472 9652
f 9473 9652 9653
f 9653 9652 9832
f 9653 9832 9833
f 9833 9832 10012
f 9833 10012 10013
f 10013 10012 10192
f 10013 10192 10193
f 10193 10192 10372
f 10193 10372 10373
f 10373 10372 10552
f 10373 10552 10553
f 10553 10552 10732
f 10553 10732 10733
f 10733 10732 10912
f 10733 10912 10913
f 10913 10912 11092
f 10913 11092 11093
f 11093 11092 11272
f 11093 11272 11273
f 11273 11272 11452
f 11273 11452 11453
f 11453 11452 11632
f 11453 11632 11633
f 11633 11632 11813
f 11813 11632 11812
f 11813 11812 11993
f 11993 11812 11992
f 11993 11992 12173
f 12173 11992 12172
f 12173 12172 12353
f 12353 12172 12352
f 12353 12352 12533
f 12533 12352 12532
f 12533 12532 12713
f 12713 12532 12712
f 12713 12712 12893
f 12893 12712 12892
f 12893 12892 13073
f 13073 12892 13072
f 13073 13072 13253
f 13253 13072 13252
f 13253 13252 13433
f 13433 13252 13432
f 13433 13432 13613
f 13613 13432 13612
f 13613 13612 13793
f 13793 13612 13792
f 13793 13792 13973
f 13973 13792 13972
f 13973 13972 14153
f 14153 13972 14152
f 14153 14152 14333
f 14333 14152 14332
f 14333 14332 14513
f 14513 14332 14512
f 14513 14512 14693
f 14693 14512 14692
f 14693 14692 14873
f 14873 14692 14872
f 14873 14872 15053
f 15053 14872 15052
f 15053 15052 15233
f 15233 15052 15232
f 15233 15232 15413
f 15413 15232 15412
f 15413 15412 15593
f 15593 15412 15592
f 15593 15592 15773
f 15773 15592 15772
f 15773 15772 15953
f 15953 15772 15952
f 15953 15952 16022
f 112 1 111
f 112 111 292
f 292 111 291
f 292 291 472
f 472 291 471
f 472 471 652
f 652 471 651
f 652 651 832
f 832 651 831
f 832 831 1012
f 1012 831 1011
f 1012 1011 1192
f 1192 1011 1191
f 1192 1191 1372
f 1372 1191 1371
f 1372 1371 1552
f 1552 1371 1551
f 1552 1551 1732
f 1732 1551 1731
f 1732 1731 1912
f 1912 1731 1911
f 1912 1911 2092
f 2092 1911 2091
f 2092 2091 2272
f 2272 2091 2271
f 2272 2271 2452
f 2452 2271 2451
f 2452 2451 2632
f 2632 2451 2631
f 2632 2631 2812
f 2812 2631 2811
f 2812 2811 2992
f 2992 2811 2991
f 2992 2991 3172
f 3172 2991 3171
f 3172 3171 3352
f 3352 3171 3351
f 3352 3351 3532
f 3532 3351 3531
f 3532 3531 3712
f 3712 3531 3711
f 3712 3711 3892
f 3892 3711 3891
f 3892 3891 4072
f 4072 3891 4071
f 4072 4071 4252
f 4252 4071 4251
f 4252 4251 4432
f 4432 4251 4431
f 4432 4431 4612
f 4612 4431 4611
f 4612 4611 4792
f 4792 4611 4791
f 4792 4791 4972
f 4972 4791 4971
f 4972 4971 5152
f 5152 4971 5151
f 5152 5151 5332
f 5332 5151 5331
f 5332 5331 5512
f 5512 5331 5511
f 5512 5511 5692
f 5692 5511 5691
f 5692 5691 5872
f 5872 5691 5871
f 5872 5871 6052
f 6052 5871 6051
f 6052 6051 6232
f 6232 6051 6231
f 6232 6231 6412
f 6412 6231 6411
f 6412 6411 6592
f 6592 6411 6591
f 6592 6591 6772
f 6772 6591 6771
f 6772 6771 6952
f 6952 6771 6951
f 6952 6951 7132
f 7132 6951 7131
f 7132 7131 7312
f 7312 7131 7311
f 7312 7311 7492
f 7492 7311 7491
f 7492 7491 7672
f 7672 7491 7671
f 7672 7671 7852
f 7852 7671 7851
f 7852 7851 8032
f 8032 7851 8031
f 8032 8031 8212
f 8212 8031 8211
f 8212 8211 8392
f 8392 8211 8391
f 8392 8391 8572
f 8572 8391 8571
f 8572 8571 8752
f 8752 8571 8751
f 8752 8751 8932
f 8932 8751 8931
f 8932 8931 9112
f 9112 8931 9111
f 9112 9111 9292
f 9292 9111 9291
f 9292 9291 9472
f 9472 9291 9471
f 9472 9471 9652
f 9652 9471 9651
f 9652 9651 9832
f 9832 9651 9831
f 9832 9831 10012
f 10012 9831 10011
f 10012 10011 10192
f 10192 10011 10191
f 10192 10191 10372
f 10372 10191 10371
f 10372 10371 10552
f 10552 10371 10551
f 10552 10551 10732
f 10732 10551 10731
f 10732 10731 10912
f 10912 10731 10911
f 10912 10911 11092
f 11092 10911 11091
f 11092 11091 11272
f 11272 11091 11271
f 11272 11271 11452
f 11452 11271 11451
f 11452 11451 11631
f 11452 11631 11632
f 11632 11631 11812
f 11812 11631 11811
f 11812 11811 11992
f 11992 11811 11991
f 11992 11991 12172
f 12172 11991 12171
f 12172 12171 12352
f 12352 12171 12351
f 12352 12351 12532
f 12532 12351 12531
f 12532 12531 12712
f 12712 12531 12711
f 12712 12711 12892
f 12892 12711 12891
f 12892 12891 13072
f 13072 12891 13071
f 13072 13071 13252
f 13252 13071 13251
f 13252 13251 13432
f 13432 13251 13431
f 13432 13431 13612
f 13612 13431 13611
f 13612 13611 13792
f 13792 13611 13791
f 13792 13791 13972
f 13972 13791 13971
f 13972 13971 14152
f 14152 13971 14151
f 14152 14151 14332
f 14332 14151 14331
f 14332 14331 14512
f 14512 14331 14511
f 14512 14511 14692
f 14692 14511 14691
f 14692 14691 14872
f 14872 14691 14871
f 14872 14871 15052
f 15052 14871 15051
f 15052 15051 15232
f 15232 15051 15231
f 15232 15231 15412
f 15412 15231 15411
f 15412 15411 15592
f 15592 15411 15591
f 15592 15591 15772
f 15772 15591 15771
f 15772 15771 15952
f 15952 15771 15951
f 15952 15951 16022
f 111 1 110
f 111 110 291
f 291 110 290
f 291 290 471
f 471 290 470
f 471 470 651
f 651 470 650
f 651 650 831
f 831 650 830
f 831 830 1011
f 1011 830 1010
f 1011 1010 1191
f 1191 1010 1190
f 1191 1190 1371
f 1371 1190 1370
f 1371 1370 1551
f 1551 1370 1550
f 1551 1550 1731
f 1731 1550 1730
f 1731 1730 1911
f 1911 1730 1910
f 1911 1910 2090
f 1911 2090 2091
f 2091 2090 2271
f 2271 2090 2270
f 2271 2270 2451
f 2451 2270 2450
f 2451 2450 2631
f 2631 2450 2630
f 2631 2630 2811
f 2811 2630 2810
f 2811 2810 2991
f 2991 2810 2990
f 2991 2990 3171
f 3171 2990 3170
f 3171 3170 3351
f 3351 3170 3350
f 3351 3350 3531
f 3531 3350 3530
f 3531 3530 3711
f 3711 3530 3710
f 3711 3710 3891
f 3891 3710 3890
f 3891 3890 4071
f 4071 3890 4070
f 4071 4070 4251
f 4251 4070 4250
f 4251 4250 4431
f 4431 4250 4430
f 4431 4430 4611
f 4611 4430 4610
f 4611 4610 4791
f 4791 4610 4790
f 4791 4790 4971
f 4971 4790 4970
f 4971 4970 5151
f 5151 4970 5150
f 5151 5150 5331
f 5331 5150 5330
f 5331 5330 5511
f 5511 5330 5510
f 5511 5510 5691
f 5691 5510 5690
f 5691 5690 5871
f 5871 5690 5870
f 5871 5870 6051
f 6051 5870 6050
f 6051 6050 6231
f 6231 6050 6230
f 6231 6230 6411
f 6411 6230 6410
f 6411 6410 6591
f 6591 6410 6590
f 6591 6590 6771
f 6771 6590 6770
f 6771 6770 6951
f 6951 6770 6950
f 6951 6950 7131
f 7131 6950 7130
f 7131 7130 7311
f 7311 7130 7310
f 7311 7310 7491
f 7491 7310 7490
f 7491 7490 7671
f 7671 7490 7670
f 7671 7670 7851
f 7851 7670 7850
f 7851 7850 8031
f 8031 7850 8030
f 8031 8030 8211
f 8211 8030 8210
f 8211 8210 8391
f 8391 8210 8390
f 8391 8390 8571
f 8571 8390 8570
f 8571 8570 8751
f 8751 8570 8750
f 8751 8750 8931
f 8931 8750 8930
f 8931 8930 9111
f 9111 8930 9110
f 9111 9110 9291
f 9291 9110 9290
f 9291 9290 9471
f 9471 9290 9470
f 9471 9470 9651
f 9651 9470 9650
f 9651 9650 9831
f 9831 9650 9830
f 9831 9830 10011
f 10011 9830 10010
f 10011 10010 10191
f 10191 10010 10190
f 10191 10190 10371
f 10371 10190 10370
f 10371 10370 10551
f 10551 10370 10550
f 10551 10550 10731
f 10731 10550 10730
f 10731 10730 10911
f 10911 10730 10910
f 10911 10910 11091
f 11091 10910 11090
f 11091 11090 11271
f 11271 11090 11270
f 11271 11270 11451
f 11451 11270 11450
f 11451 11450 11631
f 11631 11450 11630
f 11631 11630 11811
f 11811 11630 11810
f 11811 11810 11991
f 11991 11810 11990
f 11991 11990 12171
f 12171 11990 12170
f 12171 12170 12351
f 12351 12170 12350
f 12351 12350 12531
f 12531 12350 12530
f 12531 12530 12711
f 12711 12530 12710
f 12711 12710 12891
f 12891 12710 12890
f 12891 12890 13071
f 13071 12890 13070
f 13071 13070 13251
f 13251 13070 13250
f 13251 13250 13431
f 13431 13250 13430
f 13431 13430 13611
f 13611 13430 13610
f 13611 13610 13791
f 13791 13610 13790
f 13791 13790 13971
f 13971 13790 13970
f 13971 13970 14151
f 14151 13970 14150
f 14151 14150 14331
f 14331 14150 14330
f 14331 14330 14511
f 14511 14330 14510
f 14511 14510 14691
f 14691 14510 14690
f 14691 14690 14871
f 14871 14690 14870
f 14871 14870 15051
f 15051 14870 15050
f 15051 15050 15231
f 15231 15050 15230
f 15231 15230 15411
f 15411 15230 15410
f 15411 15410 15591
f 15591 15410 15590
f 15591 15590 15771
f 15771 15590 15770
f 15771 15770 15951
f 15951 15770 15950
f 15951 15950 16022
f 110 1 109
f 110 109 290
f 290 109 289
f 290 289 470
f 470 289 469
f 470 469 650
f 650 469 649
f 650 649 830
f 830 649 829
f 830 829 1010
f 1010 829 1009
f 1010 1009 1190
f 1190 1009 1189
f 1190 1189 1370
f 1370 1189 1369
f 1370 1369 1550
f 1550 1369 1549
f 1550 1549 1730
f 1730 1549 1729
f 1730 1729 1910
f 1910 1729 1909
f 1910 1909 2089
f 1910 2089 2090
f 2090 2089 2269
f 2090 2269 2270
f 2270 2269 2449
f 2270 2449 2450
f 2450 2449 2629
f 2450 2629 2630
f 2630 2629 2809
f 2630 2809 2810
f 2810 2809 2989
f 2810 2989 2990
f 2990 2989 3169
f 2990 3169 3170
f 3170 3169 3349
f 3170 3349 3350
f 3350 3349 3529
f 3350 3529 3530
f 3530 3529 3709
f 3530 3709 3710
f 3710 3709 3889
f 3710 3889 3890
f 3890 3889 4069
f 3890 4069 4070
f 4070 4069 4249
f 4070 4249 4250
f 4250 4249 4429
f 4250 4429 4430
f 4430 4429 4609
f 4430 4609 4610
f 4610 4609 4789
f 4610 4789 4790
f 4790 4789 4969
f 4790 4969 4970
f 4970 4969 5149
f 4970 5149 5150
f 5150 5149 5329
f 5150 5329 5330
f 5330 5329 5509
f 5330 5509 5510
f 5510 5509 5689
f 5510 5689 5690
f 5690 5689 5869
f 5690 5869 5870
f 5870 5869 6049
f 5870 6049 6050
f 6050 6049 6229
f 6050 6229 6230
f 6230 6229 6409
f 6230 6409 6410
f 6410 6409 6589
f 6410 6589 6590
f 6590 6589 6769
f 6590 6769 6770
f 6770 6769 6949
f 6770 6949 6950
f 6950 6949 7129
f 6950 7129 7130
f 7130 7129 7309
f 7130 7309 7310
f 7310 7309 7489
f 7310 7489 7490
f 7490 7489 7669
f 7490 7669 7670
f 7670 7669 7849
f 7670 7849 7850
f 7850 7849 8029
f 7850 8029 8030
f 8030 8029 8209
f 8030 8209 8210
f 8210 8209 8389
f 8210 8389 8390
f 8390 8389 8569
f 8390 8569 8570
f 8570 8569 8749
f 8570 8749 8750
f 8750 8749 8930
f 8930 8749 8929
f 8930 8929 9110
f 9110 8929 9109
f 9110 9109 9290
f 9290 9109 9289
f 9290 9289 9470
f 9470 9289 9469
f 9470 9469 9650
f 9650 9469 9649
f 9650 9649 9830
f 9830 9649 9829
f 9830 9829 10010
f 10010 9829 10009
f 10010 10009 10190
f 10190 10009 10189
f 10190 10189 10370
f 10370 10189 10369
f 10370 10369 10550
f 10550 10369 10549
f 10550 10549 10730
f 10730 10549 10729
f 10730 10729 10910
f 10910 10729 10909
f 10910 10909 11090
f 11090 10909 11089
f 11090 11089 11270
f 11270 11089 11269
f 11270 11269 11450
f 11450 11269 11449
f 11450 11449 11630
f 11630 11449 11629
f 11630 11629 11810
f 11810 11629 11809
f 11810 11809 11990
f 11990 11809 11989
f 11990 11989 12170
f 12170 11989 12169
f 12170 12169 12350
f 12350 12169 12349
f 12350 12349 12530
f 12530 12349 12529
f 12530 12529 12710
f 12710 12529 12709
f 12710 12709 12890
f 12890 12709 12889
f 12890 12889 13070
f 13070 12889 13069
f 13070 13069 13250
f 13250 13069 13249
f 13250 13249 13430
f 13430 13249 13429
f 13430 13429 13610
f 13610 13429 13609
f 13610 13609 13790
f 13790 13609 13789
f 13790 13789 13970
f 13970 13789 13969
f 13970 13969 14150
f 14150 13969 14149
f 14150 14149 14330
f 14330 14149 14329
f 14330 14329 14510
f 14510 14329 14509
f 14510 14509 14690
f 14690 14509 14689
f 14690 14689 14870
f 14870 14689 14869
f 14870 14869 15050
f 15050 14869 15049
f 15050 15049 15230
f 15230 15049 15229
f 15230 15229 15410
f 15410 15229 15409
f 15410 15409 15590
f 15590 15409 15589
f 15590 15589 15770
f 15770 15589 15769
f 15770 15769 15950
f 15950 15769 15949
f 15950 15949 16022
f 109 1 108
f 109 108 289
f 289 108 288
f 289 288 469
f 469 288 468
f 469 468 649
f 649 468 648
f 649 648 829
f 829 648 828
f 829 828 1009
f 1009 828 1008
f 1009 1008 1189
f 1189 1008 1188
f 1189 1188 1369
f 1369 1188 1368
f 1369 1368 1549
f 1549 1368 1548
f 1549 1548 1729
f 1729 1548 1728
f 1729 1728 1909
f 1909 1728 1908
f 1909 1908 2089
f 2089 1908 2088
f 2089 2088 2269
f 2269 2088 2268
f 2269 2268 2449
f 2449 2268 2448
f 2449 2448 2629
f 2629 2448 2628
f 2629 2628 2809
f 2809 2628 2808
f 2809 2808 2989
f 2989 2808 2988
f 2989 2988 3169
f 3169 2988 3168
f 3169 3168 3349
f 3349 3168 3348
f 3349 3348 3529
f 3529 3348 3528
f 3529 3528 3709
f 3709 3528 3708
f 3709 3708 3889
f 3889 3708 3888
f 3889 3888 4069
f 4069 3888 4068
f 4069 4068 4249
f 4249 4068 4248
f 4249 4248 4429
f 4429 4248 4428
f 4429 4428 4609
f 4609 4428 4608
f 4609 4608 4789
f 4789 4608 4788
f 4789 4788 4969
f 4969 4788 4968
f 4969 4968 5149
f 5149 4968 5148
f 5149 5148 5329
f 5329 5148 5328
f 5329 5328 5509
f 5509 5328 5508
f 5509 5508 5689
f 5689 5508 5688
f 5689 5688 5869
f 5869 5688 5868
f 5869 5868 6049
f 6049 5868 6048
f 6049 6048 6229
f 6229 6048 6228
f 6229 6228 6409
f 6409 6228 6408
f 6409 6408 6589
f 6589 6408 6588
f 6589 6588 6769
f 6769 6588 6768
f 6769 6768 6949
f 6949 6768 6948
f 6949 6948 7129
f 7129 6948 7128
f 7129 7128 7309
f 7309 7128 7308
f 7309 7308 7489
f 7489 7308 7488
f 7489 7488 7669
f 7669 7488 7668
f 7669 7668 7849
f 7849 7668 7848
f 7849 7848 8029
f 8029 7848 8028
f 8029 8028 8209
f 8209 8028 8208
f 8209 8208 8389
f 8389 8208 8388
f 8389 8388 8569
f 8569 8388 8568
f 8569 8568 8748
f 8569 8748 8749
f 8749 8748 8928
f 8749 8928 8929
f 8929 8928 9108
f 8929 9108 9109
f 9109 9108 9288
f 9109 9288 9289
f 9289 9288 9468
f 9289 9468 9469
f 9469 9468 9648
f 9469 9648 9649
f 9649 9648 9828
f 9649 9828 9829
f 9829 9828 10008
f 9829 10008 10009
f 10009 10008 10188
f 10009 10188 10189
f 10189 10188 10368
f 10189 10368 10369
f 10369 10368 10548
f 10369 10548 10549
f 10549 10548 10728
f 10549 10728 10729
f 10729 10728 10908
f 10729 10908 10909
f 10909 10908 11088
f 10909 11088 11089
f 11089 11088 11268
f 11089 11268 11269
f 11269 11268 11448
f 11269 11448 11449
f 11449 11448 11628
f 11449 11628 11629
f 11629 11628 11808
f 11629 11808 11809
f 11809 11808 11988
f 11809 11988 11989
f 11989 11988 12168
f 11989 12168 12169
f 12169 12168 12348
f 12169 12348 12349
f 12349 12348 12528
f 12349 12528 12529
f 12529 12528 12708
f 12529 12708 12709
f 12709 12708 12888
f 12709 12888 12889
f 12889 12888 13068
f 12889 13068 13069
f 13069 13068 13248
f 13069 13248 13249
f 13249 13248 13428
f 13249 13428 13429
f 13429 13428 13608
f 13429 13608 13609
f 13609 13608 13788
f 13609 13788 13789
f 13789 13788 13968
f 13789 13968 13969
f 13969 13968 14148
f 13969 14148 14149
f 14149 14148 14328
f 14149 14328 14329
f 14329 14328 14508
f 14329 14508 14509
f 14509 14508 14688
f 14509 14688 14689
f 14689 14688 14868
f 14689 14868 14869
f 14869 14868 15048
f 14869 15048 15049
f 15049 15048 15228
f 15049 15228 15229
f 15229 15228 15408
f 15229 15408 15409
f 15409 15408 15588
f 15409 15588 15589
f 15589 15588 15769
f 15769 15588 15768
f 15769 15768 15949
f 15949 15768 15948
f 15949 15948 16022
f 108 1 107
f 108 107 288
f 288 107 287
f 288 287 468
f 468 287 467
f 468 467 648
f 648 467 647
f 648 647 828
f 828 647 827
f 828 827 1008
f 1008 827 1007
f 1008 1007 1188
f 1188 1007 1187
f 1188 1187 1368
f 1368 1187 1367
f 1368 1367 1548
f 1548 1367 1547
f 1548 1547 1728
f 1728 1547 1727
f 1728 1727 1908
f 1908 1727 1907
f 1908 1907 2088
f 2088 1907 2087
f 2088 2087 2268
f 2268 2087 2267
f 2268 2267 2448
f 2448 2267 2447
f 2448 2447 2628
f 2628 2447 2627
f 2628 2627 2808
f 2808 2627 2807
f 2808 2807 2988
f 2988 2807 2987
f 2988 2987 3168
f 3168 2987 3167
f 3168 3167 3348
f 3348 3167 3347
f 3348 3347 3528
f 3528 3347 3527
f 3528 3527 3708
f 3708 3527 3707
f 3708 3707 3888
f 3888 3707 3887
f 3888 3887 4068
f 4068 3887 4067
f 4068 4067 4248
f 4248 4067 4247
f 4248 4247 4428
f 4428 4247 4427
f 4428 4427 4608
f 4608 4427 4607
f 4608 4607 4788
f 4788 4607 4787
f 4788 4787 4968
f 4968 4787 4967
f 4968 4967 5148
f 5148 4967 5147
f 5148 5147 5328
f 5328 5147 5327
f 5328 5327 5508
f 5508 5327 5507
f 5508 5507 5688
f 5688 5507 5687
f 5688 5687 5868
f 5868 5687 5867
f 5868 5867 6048
f 6048 5867 6047
f 6048 6047 6228
f 6228 6047 6227
f 6228 6227 6408
f 6408 6227 6407
f 6408 6407 6588
f 6588 6407 6587
f 6588 6587 6768
f 6768 6587 6767
f 6768 6767 6948
f 6948 6767 6947
f 6948 6947 7128
f 7128 6947 7127
f 7128 7127 7308
f 7308 7127 7307
f 7308 7307 7488
f 7488 7307 7487
f 7488 7487 7668
f 7668 7487 7667
f 7668 7667 7848
f 7848 7667 7847
f 7848 7847 8028
f 8028 7847 8027
f 8028 8027 8208
f 8208 8027 8207
f 8208 8207 8388
f 8388 8207 8387
f 8388 8387 8568
f 8568 8387 8567
f 8568 8567 8748
f 8748 8567 8747
f 8748 8747 8928
f 8928 8747 8927
f 8928 8927 9108
f 9108 8927 9107
f 9108 9107 9288
f 9288 9107 9287
f 9288 9287 9468
f 9468 9287 9467
f 9468 9467 9648
f 9648 9467 9647
f 9648 9647 9828
f 9828 9647 9827
f 9828 9827 10008
f 10008 9827 10007
f 10008 10007 10188
f 10188 10007 10187
f 10188 10187 10368
f 10368 10187 10367
f 10368 10367 10548
f 10548 10367 10547
f 10548 10547 10728
f 10728 10547 10727
f 10728 10727 10908
f 10908 10727 10907
f 10908 10907 11088
f 11088 10907 11087
f 11088 11087 11268
f 11268 11087 11267
f 11268 11267 11448
f 11448 11267 11447
f 11448 11447 11628
f 11628 11447 11627
f 11628 11627 11808
f 11808 11627 11807
f 11808 11807 11988
f 11988 11807 11987
f 11988 11987 12168
f 12168 11987 12167
f 12168 12167 12348
f 12348 12167 12347
f 12348 12347 12528
f 12528 12347 12527
f 12528 12527 12708
f 12708 12527 12707
f 12708 12707 12888
f 12888 12707 12887
f 12888 12887 13068
f 13068 12887 13067
f 13068 13067 13248
f 13248 13067 13247
f 13248 13247 13428
f 13428 13247 13427
f 13428 13427 13608
f 13608 13427 13607
f 13608 13607 13788
f 13788 13607 13787
f 13788 13787 13968
f 13968 13787 13967
f 13968 13967 14148
f 14148 13967 14147
f 14148 14147 14328
f 14328 14147 14327
f 14328 14327 14508
f 14508 14327 14507
f 14508 14507 14688
f 14688 14507 14687
f 14688 14687 14868
f 14868 14687 14867
f 14868 14867 15048
f 15048 14867 15047
f 15048 15047 15228
f 15228 15047 15227
f 15228 15227 15408
f 15408 15227 15407
f 15408 15407 15587
f 15408 15587 15588
f 15588 15587 15768
f 15768 15587 15767
f 15768 15767 15948
f 15948 15767 15947
f 15948 15947 16022
f 107 1 106
f 107 106 287
f 287 106 286
f 287 286 467
f 467 286 466
f 467 466 647
f 647 466 646
f 647 646 827
f 827 646 826
f 827 826 1007
f 1007 826 1006
f 1007 1006 1187
f 1187 1006 1186
f 1187 1186 1367
f 1367 1186 1366
f 1367 1366 1547
f 1547 1366 1546
f 1547 1546 1727
f 1727 1546 1726
f 1727 1726 1907
f 1907 1726 1906
f 1907 1906 2087
f 2087 1906 2086
f 2087 2086 2267
f 2267 2086 2266
f 2267 2266 2447
f 2447 2266 2446
f 2447 2446 2627
f 2627 2446 2626
f 2627 2626 2807
f 2807 2626 2806
f 2807 2806 2987
f 2987 2806 2986
f 2987 2986 3167
f 3167 2986 3166
f 3167 3166 3347
f 3347 3166 3346
f 3347 3346 3527
f 3527 3346 3526
f 3527 3526 3707
f 3707 3526 3706
f 3707 3706 3887
f 3887 3706 3886
f 3887 3886 4067
f 4067 3886 4066
f 4067 4066 4247
f 4247 4066 4246
f 4247 4246 4427
f 4427 4246 4426
f 4427 4426 4607
f 4607 4426 4606
f 4607 4606 4787
f 4787 4606 4786
f 4787 4786 4967
f 4967 4786 4966
f 4967 4966 5147
f 5147 4966 5146
f 5147 5146 5327
f 5327 5146 5326
f 5327 5326 5507
f 5507 5326 5506
f 5507 5506 5687
f 5687 5506 5686
f 5687 5686 5867
f 5867 5686 5866
f 5867 5866 6046
f 5867 6046 6047
f 6047 6046 6227
f 6227 6046 6226
f 6227 6226 6407
f 6407 6226 6406
f 6407 6406 6587
f 6587 6406 6586
f 6587 6586 6767
f 6767 6586 6766
f 6767 6766 6947
f 6947 6766 6946
f 6947 6946 7127
f 7127 6946 7126
f 7127 7126 7307
f 7307 7126 7306
f 7307 7306 7487
f 7487 7306 7486
f 7487 7486 7667
f 7667 7486 7666
f 7667 7666 7847
f 7847 7666 7846
f 7847 7846 8027
f 8027 7846 8026
f 8027 8026 8207
f 8207 8026 8206
f 8207 8206 8387
f 8387 8206 8386
f 8387 8386 8567
f 8567 8386 8566
f 8567 8566 8747
f 8747 8566 8746
f 8747 8746 8927
f 8927 8746 8926
f 8927 8926 9107
f 9107 8926 9106
f 9107 9106 9287
f 9287 9106 9286
f 9287 9286 9467
f 9467 9286 9466
f 9467 9466 9647
f 9647 9466 9646
f 9647 9646 9827
f 9827 9646 9826
f 9827 9826 10007
f 10007 9826 10006
f 10007 10006 10187
f 10187 10006 10186
f 10187 10186 10367
f 10367 10186 10366
f 10367 10366 10547
f 10547 10366 10546
f 10547 10546 10727
f 10727 10546 10726
f 10727 10726 10907
f 10907 10726 10906
f 10907 10906 11087
f 11087 10906 11086
f 11087 11086 11267
f 11267 11086 11266
f 11267 11266 11447
f 11447 11266 11446
f 11447 11446 11627
f 11627 11446 11626
f 11627 11626 11807
f 11807 11626 11806
f 11807 11806 11987
f 11987 11806 11986
f 11987 11986 12167
f 12167 11986 12166
f 12167 12166 12347
f 12347 12166 12346
f 12347 12346 12527
f 12527 12346 12526
f 12527 12526 12707
f 12707 12526 12706
f 12707 12706 12887
f 12887 12706 12886
f 12887 12886 13067
f 13067 12886 13066
f 13067 13066 13247
f 13247 13066 13246
f 13247 13246 13427
f 13427 13246 13426
f 13427 13426 13607
f 13607 13426 13606
f 13607 13606 13787
f 13787 13606 13786
f 13787 13786 13967
f 13967 13786 13966
f 13967 13966 14147
f 14147 13966 14146
f 14147 14146 14327
f 14327 14146 14326
f 14327 14326 14507
f 14507 14326 14506
f 14507 14506 14687
f 14687 14506 14686
f 14687 14686 14867
f 14867 14686 14866
f 14867 14866 15047
f 15047 14866 15046
f 15047 15046 15227
f 15227 15046 15226
f 15227 15226 15407
f 15407 15226 15406
f 15407 15406 15587
f 15587 15406 15586
f 15587 15586 15767
f 15767 15586 15766
f 15767 15766 15947
f 15947 15766 15946
f 15947 15946 16022
f 106 1 105
f 106 105 286
f 286 105 285
f 286 285 466
f 466 285 465
f 466 465 646
f 646 465 645
f 646 645 826
f 826 645 825
f 826 825 1006
f 1006 825 1005
f 1006 1005 1186
f 1186 1005 1185
f 1186 1185 1366
f 1366 1185 1365
f 1366 1365 1546
f 1546 1365 1545
f 1546 1545 1726
f 1726 1545 1725
f 1726 1725 1906
f 1906 1725 1905
f 1906 1905 2086
f 2086 1905 2085
f 2086 2085 2266
f 2266 2085 2265
f 2266 2265 2446
f 2446 2265 2445
f 2446 2445 2626
f 2626 2445 2625
f 2626 2625 2806
f 2806 2625 2805
f 2806 2805 2986
f 2986 2805 2985
f 2986 2985 3166
f 3166 2985 3165
f 3166 3165 3346
f 3346 3165 3345
f 3346 3345 3526
f 3526 3345 3525
f 3526 3525 3706
f 3706 3525 3705
f 3706 3705 3886
f 3886 3705 3885
f 3886 3885 4066
f 4066 3885 4065
f 4066 4065 4246
f 4246 4065 4245
f 4246 4245 4426
f 4426 4245 4425
f 4426 4425 4606
f 4606 4425 4605
f 4606 4605 4786
f 4786 4605 4785
f 4786 4785 4966
f 4966 4785 4965
f 4966 4965 5146
f 5146 4965 5145
f 5146 5145 5326
f 5326 5145 5325
f 5326 5325 5506
f 5506 5325 5505
f 5506 5505 5686
f 5686 5505 5685
f 5686 5685 5866
f 5866 5685 5865
f 5866 5865 6045
f 5866 6045 6046
f 6046 6045 6225
f 6046 6225 6226
f 6226 6225 6405
f 6226 6405 6406
f 6406 6405 6585
f 6406 6585 6586
f 6586 6585 6765
f 6586 6765 6766
f 6766 6765 6945
f 6766 6945 6946
f 6946 6945 7125
f 6946 7125 7126
f 7126 7125 7305
f 7126 7305 7306
f 7306 7305 7485
f 7306 7485 7486
f 7486 7485 7665
f 7486 7665 7666
f 7666 7665 7845
f 7666 7845 7846
f 7846 7845 8025
f 7846 8025 8026
f 8026 8025 8205
f 8026 8205 8206
f 8206 8205 8385
f 8206 8385 8386
f 8386 8385 8565
f 8386 8565 8566
f 8566 8565 8745
f 8566 8745 8746
f 8746 8745 8925
f 8746 8925 8926
f 8926 8925 9105
f 8926 9105 9106
f 9106 9105 9285
f 9106 9285 9286
f 9286 9285 9465
f 9286 9465 9466
f 9466 9465 9645
f 9466 9645 9646
f 9646 9645 9825
f 9646 9825 9826
f 9826 9825 10005
f 9826 10005 10006
f 10006 10005 10185
f 10006 10185 10186
f 10186 10185 10365
f 10186 10365 10366
f 10366 10365 10545
f 10366 10545 10546
f 10546 10545 10725
f 10546 10725 10726
f 10726 10725 10905
f 10726 10905 10906
f 10906 10905 11085
f 10906 11085 11086
f 11086 11085 11265
f 11086 11265 11266
f 11266 11265 11445
f 11266 11445 11446
f 11446 11445 11625
f 11446 11625 11626
f 11626 11625 11805
f 11626 11805 11806
f 11806 11805 11985
f 11806 11985 11986
f 11986 11985 12165
f 11986 12165 12166
f 12166 12165 12345
f 12166 12345 12346
f 12346 12345 12525
f 12346 12525 12526
f 12526 12525 12705
f 12526 12705 12706
f 12706 12705 12885
f 12706 12885 12886
f 12886 12885 13066
f 13066 12885 13065
f 13066 13065 13246
f 13246 13065 13245
f 13246 13245 13426
f 13426 13245 13425
f 13426 13425 13606
f 13606 13425 13605
f 13606 13605 13786
f 13786 13605 13785
f 13786 13785 13966
f 13966 13785 13965
f 13966 13965 14146
f 14146 13965 14145
f 14146 14145 14326
f 14326 14145 14325
f 14326 14325 14506
f 14506 14325 14505
f 14506 14505 14686
f 14686 14505 14685
f 14686 14685 14866
f 14866 14685 14865
f 14866 14865 15046
f 15046 14865 15045
f 15046 15045 15226
f 15226 15045 15225
f 15226 15225 15406
f 15406 15225 15405
f 15406 15405 15586
f 15586 15405 15585
f 15586 15585 15766
f 15766 15585 15765
f 15766 15765 15946
f 15946 15765 15945
f 15946 15945 16022
f 105 1 104
f 105 104 285
f 285 104 284
f 285 284 465
f 465 284 464
f 465 464 645
f 645 464 644
f 645 644 825
f 825 644 824
f 825 824 1005
f 1005 824 1004
f 1005 1004 1185
f 1185 1004 1184
f 1185 1184 1365
f 1365 1184 1364
f 1365 1364 1545
f 1545 1364 1544
f 1545 1544 1725
f 1725 1544 1724
f 1725 1724 1905
f 1905 1724 1904
f 1905 1904 2085
f 2085 1904 2084
f 2085 2084 2265
f 2265 2084 2264
f 2265 2264 2445
f 2445 2264 2444
f 2445 2444 2625
f 2625 2444 2624
f 2625 2624 2805
f 2805 2624 2804
f 2805 2804 2985
f 2985 2804 2984
f 2985 2984 3165
f 3165 2984 3164
f 3165 3164 3345
f 3345 3164 3344
f 3345 3344 3525
f 3525 3344 3524
f 3525 3524 3705
f 3705 3524 3704
f 3705 3704 3885
f 3885 3704 3884
f 3885 3884 4065
f 4065 3884 4064
f 4065 4064 4245
f 4245 4064 4244
f 4245 4244 4425
f 4425 4244 4424
f 4425 4424 4605
f 4605 4424 4604
f 4605 4604 4785
f 4785 4604 4784
f 4785 4784 4965
f 4965 4784 4964
f 4965 4964 5145
f 5145 4964 5144
f 5145 5144 5325
f 5325 5144 5324
f 5325 5324 5505
f 5505 5324 5504
f 5505 5504 5685
f 5685 5504 5684
f 5685 5684 5865
f 5865 5684 5864
f 5865 5864 6045
f 6045 5864 6044
f 6045 6044 6225
f 6225 6044 6224
f 6225 6224 6405
f 6405 6224 6404
f 6405 6404 6585
f 6585 6404 6584
f 6585 6584 6765
f 6765 6584 6764
f 6765 6764 6945
f 6945 6764 6944
f 6945 6944 7125
f 7125 6944 7124
f 7125 7124 7305
f 7305 7124 7304
f 7305 7304 7485
f 7485 7304 7484
f 7485 7484 7665
f 7665 7484 7664
f 7665 7664 7845
f 7845 7664 7844
f 7845 7844 8025
f 8025 7844 8024
f 8025 8024 8205
f 8205 8024 8204
f 8205 8204 8385
f 8385 8204 8384
f 8385 8384 8565
f 8565 8384 8564
f 8565 8564 8745
f 8745 8564 8744
f 8745 8744 8925
f 8925 8744 8924
f 8925 8924 9105
f 9105 8924 9104
f 9105 9104 9285
f 9285 9104 9284
f 9285 9284 9465
f 9465 9284 9464
f 9465 9464 9645
f 9645 9464 9644
f 9645 9644 9825
f 9825 9644 9824
f 9825 9824 10005
f 10005 9824 10004
f 10005 10004 10185
f 10185 10004 10184
f 10185 10184 10365
f 10365 10184 10364
f 10365 10364 10545
f 10545 10364 10544
f 10545 10544 10725
f 10725 10544 10724
f 10725 10724 10905
f 10905 10724 10904
f 10905 10904 11085
f 11085 10904 11084
f 11085 11084 11265
f 11265 11084 11264
f 11265 11264 11445
f 11445 11264 11444
f 11445 11444 11625
f 11625 11444 11624
f 11625 11624 11805
f 11805 11624 11804
f 11805 11804 11985
f 11985 11804 11984
f 11985 11984 12165
f 12165 11984 12164
f 12165 12164 12345
f 12345 12164 12344
f 12345 12344 12525
f 12525 12344 12524
f 12525 12524 12705
f 12705 12524 12704
f 12705 12704 12884
f 12705 12884 12885
f 12885 12884 13065
f 13065 12884 13064
f 13065 13064 13245
f 13245 13064 13244
f 13245 13244 13425
f 13425 13244 13424
f 13425 13424 13605
f 13605 13424 13604
f 13605 13604 13785
f 13785 13604 13784
f 13785 13784 13965
f 13965 13784 13964
f 13965 13964 14145
f 14145 13964 14144
f 14145 14144 14325
f 14325 14144 14324
f 14325 14324 14505
f 14505 14324 14504
f 14505 14504 14685
f 14685 14504 14684
f 14685 14684 14865
f 14865 14684 14864
f 14865 14864 15045
f 15045 14864 15044
f 15045 15044 15225
f 15225 15044 15224
f 15225 15224 15405
f 15405 15224 15404
f 15405 15404 15585
f 15585 15404 15584
f 15585 15584 15765
f 15765 15584 15764
f 15765 15764 15945
f 15945 15764 15944
f 15945 15944 16022
f 104 1 103
f 104 103 284
f 284 103 283
f 284 283 464
f 464 283 463
f 464 463 644
f 644 463 643
f 644 643 824
f 824 643 823
f 824 823 1004
f 1004 823 1003
f 1004 1003 1184
f 1184 1003 1183
f 1184 1183 1364
f 1364 1183 1363
f 1364 1363 1544
f 1544 1363 1543
f 1544 1543 1724
f 1724 1543 1723
f 1724 1723 1904
f 1904 1723 1903
f 1904 1903 2084
f 2084 1903 2083
f 2084 2083 2264
f 2264 2083 2263
f 2264 2263 2444
f 2444 2263 2443
f 2444 2443 2624
f 2624 2443 2623
f 2624 2623 2804
f 2804 2623 2803
f 2804 2803 2984
f 2984 2803 2983
f 2984 2983 3163
f 2984 3163 3164
f 3164 3163 3344
f 3344 3163 3343
f 3344 3343 3524
f 3524 3343 3523
f 3524 3523 3704
f 3704 3523 3703
f 3704 3703 3884
f 3884 3703 3883
f 3884 3883 4064
f 4064 3883 4063
f 4064 4063 4244
f 4244 4063 4243
f 4244 4243 4424
f 4424 4243 4423
f 4424 4423 4604
f 4604 4423 4603
f 4604 4603 4784
f 4784 4603 4783
f 4784 4783 4964
f 4964 4783 4963
f 4964 4963 5144
f 5144 4963 5143
f 5144 5143 5324
f 5324 5143 5323
f 5324 5323 5504
f 5504 5323 5503
f 5504 5503 5684
f 5684 5503 5683
f 5684 5683 5864
f 5864 5683 5863
f 5864 5863 6044
f 6044 5863 6043
f 6044 6043 6224
f 6224 6043 6223
f 6224 6223 6404
f 6404 6223 6403
f 6404 6403 6584
f 6584 6403 6583
f 6584 6583 6764
f 6764 6583 6763
f 6764 6763 6944
f 6944 6763 6943
f 6944 6943 7124
f 7124 6943 7123
f 7124 7123 7304
f 7304 7123 7303
f 7304 7303 7484
f 7484 7303 7483
f 7484 7483 7664
f 7664 7483 7663
f 7664 7663 7844
f 7844 7663 7843
f 7844 7843 8024
f 8024 7843 8023
f 8024 8023 8204
f 8204 8023 8203
f 8204 8203 8384
f 8384 8203 8383
f 8384 8383 8564
f 8564 8383 8563
f 8564 8563 8744
f 8744 8563 8743
f 8744 8743 8924
f 8924 8743 8923
f 8924 8923 9104
f 9104 8923 9103
f 9104 9103 9284
f 9284 9103 9283
f 9284 9283 9464
f 9464 9283 9463
f 9464 9463 9644
f 9644 9463 9643
f 9644 9643 9824
f 9824 9643 9823
f 9824 9823 10004
f 10004 9823 10003
f 10004 10003 10184
f 10184 10003 10183
f 10184 10183 10364
f 10364 10183 10363
f 10364 10363 10544
f 10544 10363 10543
f 10544 10543 10724
f 10724 10543 10723
f 10724 10723 10904
f 10904 10723 10903
f 10904 10903 11084
f 11084 10903 11083
f 11084 11083 11264
f 11264 11083 11263
f 11264 11263 11444
f 11444 11263 11443
f 11444 11443 11624
f 11624 11443 11623
f 11624 11623 11804
f 11804 11623 11803
f 11804 11803 11984
f 11984 11803 11983
f 11984 11983 12164
f 12164 11983 12163
f 12164 12163 12344
f 12344 12163 12343
f 12344 12343 12524
f 12524 12343 12523
f 12524 12523 12704
f 12704 12523 12703
f 12704 12703 12884
f 12884 12703 12883
f 12884 12883 13064
f 13064 12883 13063
f 13064 13063 13244
f 13244 13063 13243
f 13244 13243 13424
f 13424 13243 13423
f 13424 13423 13604
f 13604 13423 13603
f 13604 13603 13784
f 13784 13603 13783
f 13784 13783 13964
f 13964 13783 13963
f 13964 13963 14144
f 14144 13963 14143
f 14144 14143 14324
f 14324 14143 14323
f 14324 14323 14504
f 14504 14323 14503
f 14504 14503 14684
f 14684 14503 14683
f 14684 14683 14864
f 14864 14683 14863
f 14864 14863 15044
f 15044 14863 15043
f 15044 15043 15224
f 15224 15043 15223
f 15224 15223 15404
f 15404 15223 15403
f 15404 15403 15584
f 15584 15403 15583
f 15584 15583 15764
f 15764 15583 15763
f 15764 15763 15944
f 15944 15763 15943
f 15944 15943 16022
f 103 1 102
f 103 102 283
f 283 102 282
f 283 282 463
f 463 282 462
f 463 462 643
f 643 462 642
f 643 642 823
f 823 642 822
f 823 822 1003
f 1003 822 1002
f 1003 1002 1183
f 1183 1002 1182
f 1183 1182 1363
f 1363 1182 1362
f 1363 1362 1543
f 1543 1362 1542
f 1543 1542 1723
f 1723 1542 1722
f 1723 1722 1903
f 1903 1722 1902
f 1903 1902 2083
f 2083 1902 2082
f 2083 2082 2263
f 2263 2082 2262
f 2263 2262 2443
f 2443 2262 2442
f 2443 2442 2623
f 2623 2442 2622
f 2623 2622 2803
f 2803 2622 2802
f 2803 2802 2983
f 2983 2802 2982
f 2983 2982 3162
f 2983 3162 3163
f 3163 3162 3342
f 3163 3342 3343
f 3343 3342 3522
f 3343 3522 3523
f 3523 3522 3702
f 3523 3702 3703
f 3703 3702 3882
f 3703 3882 3883
f 3883 3882 4062
f 3883 4062 4063
f 4063 4062 4242
f 4063 4242 4243
f 4243 4242 4422
f 4243 4422 4423
f 4423 4422 4602
f 4423 4602 4603
f 4603 4602 4782
f 4603 4782 4783
f 4783 4782 4962
f 4783 4962 4963
f 4963 4962 5142
f 4963 5142 5143
f 5143 5142 5322
f 5143 5322 5323
f 5323 5322 5502
f 5323 5502 5503
f 5503 5502 5682
f 5503 5682 5683
f 5683 5682 5862
f 5683 5862 5863
f 5863 5862 6042
f 5863 6042 6043
f 6043 6042 6222
f 6043 6222 6223
f 6223 6222 6402
f 6223 6402 6403
f 6403 6402 6582
f 6403 6582 6583
f 6583 6582 6762
f 6583 6762 6763
f 6763 6762 6942
f 6763 6942 6943
f 6943 6942 7122
f 6943 7122 7123
f 7123 7122 7302
f 7123 7302 7303
f 7303 7302 7482
f 7303 7482 7483
f 7483 7482 7662
f 7483 7662 7663
f 7663 7662 7842
f 7663 7842 7843
f 7843 7842 8022
f 7843 8022 8023
f 8023 8022 8202
f 8023 8202 8203
f 8203 8202 8382
f 8203 8382 8383
f 8383 8382 8562
f 8383 8562 8563
f 8563 8562 8742
f 8563 8742 8743
f 8743 8742 8922
f 8743 8922 8923
f 8923 8922 9102
f 8923 9102 9103
f 9103 9102 9282
f 9103 9282 9283
f 9283 9282 9462
f 9283 9462 9463
f 9463 9462 9642
f 9463 9642 9643
f 9643 9642 9822
f 9643 9822 9823
f 9823 9822 10002
f 9823 10002 10003
f 10003 10002 10183
f 10183 10002 10182
f 10183 10182 10363
f 10363 10182 10362
f 10363 10362 10543
f 10543 10362 10542
f 10543 10542 10723
f 10723 10542 10722
f 10723 10722 10903
f 10903 10722 10902
f 10903 10902 11083
f 11083 10902 11082
f 11083 11082 11263
f 11263 11082 11262
f 11263 11262 11443
f 11443 11262 11442
f 11443 11442 11623
f 11623 11442 11622
f 11623 11622 11803
f 11803 11622 11802
f 11803 11802 11983
f 11983 11802 11982
f 11983 11982 12163
f 12163 11982 12162
f 12163 12162 12343
f 12343 12162 12342
f 12343 12342 12523
f 12523 12342 12522
f 12523 12522 12703
f 12703 12522 12702
f 12703 12702 12883
f 12883 12702 12882
f 12883 12882 13063
f 13063 12882 13062
f 13063 13062 13243
f 13243 13062 13242
f 13243 13242 13423
f 13423 13242 13422
f 13423 13422 13603
f 13603 13422 13602
f 13603 13602 13783
f 13783 13602 13782
f 13783 13782 13963
f 13963 13782 13962
f 13963 13962 14143
f 14143 13962 14142
f 14143 14142 14323
f 14323 14142 14322
f 14323 14322 14503
f 14503 14322 14502
f 14503 14502 14683
f 14683 14502 14682
f 14683 14682 14863
f 14863 14682 14862
f 14863 14862 15043
f 15043 14862 15042
f 15043 15042 15223
f 15223 15042 15222
f 15223 15222 15403
f 15403 15222 15402
f 15403 15402 15583
f 15583 15402 15582
f 15583 15582 15763
f 15763 15582 15762
f 15763 15762 15943
f 15943 15762 15942
f 15943 15942 16022
f 102 1 101
f 102 101 282
f 282 101 281
f 282 281 462
f 462 281 461
f 462 461 642
f 642 461 641
f 642 641 822
f 822 641 821
f 822 821 1002
f 1002 821 1001
f 1002 1001 1182
f 1182 1001 1181
f 1182 1181 1362
f 1362 1181 1361
f 1362 1361 1542
f 1542 1361 1541
f 1542 1541 1722
f 1722 1541 1721
f 1722 1721 1902
f 1902 1721 1901
f 1902 1901 2082
f 2082 1901 2081
f 2082 2081 2262
f 2262 2081 2261
f 2262 2261 2442
f 2442 2261 2441
f 2442 2441 2622
f 2622 2441 2621
f 2622 2621 2802
f 2802 2621 2801
f 2802 2801 2982
f 2982 2801 2981
f 2982 2981 3162
f 3162 2981 3161
f 3162 3161 3342
f 3342 3161 3341
f 3342 3341 3522
f 3522 3341 3521
f 3522 3521 3702
f 3702 3521 3701
f 3702 3701 3882
f 3882 3701 3881
f 3882 3881 4062
f 4062 3881 4061
f 4062 4061 4242
f 4242 4061 4241
f 4242 4241 4422
f 4422 4241 4421
f 4422 4421 4602
f 4602 4421 4601
f 4602 4601 4782
f 4782 4601 4781
f 4782 4781 4962
f 4962 4781 4961
f 4962 4961 5142
f 5142 4961 5141
f 5142 5141 5322
f 5322 5141 5321
f 5322 5321 5502
f 5502 5321 5501
f 5502 5501 5682
f 5682 5501 5681
f 5682 5681 5862
f 5862 5681 5861
f 5862 5861 6042
f 6042 5861 6041
f 6042 6041 6222
f 6222 6041 6221
f 6222 6221 6402
f 6402 6221 6401
f 6402 6401 6582
f 6582 6401 6581
f 6582 6581 6762
f 6762 6581 6761
f 6762 6761 6942
f 6942 6761 6941
f 6942 6941 7122
f 7122 6941 7121
f 7122 7121 7302
f 7302 7121 7301
f 7302 7301 7482
f 7482 7301 7481
f 7482 7481 7662
f 7662 7481 7661
f 7662 7661 7842
f 7842 7661 7841
f 7842 7841 8022
f 8022 7841 8021
f 8022 8021 8202
f 8202 8021 8201
f 8202 8201 8382
f 8382 8201 8381
f 8382 8381 8562
f 8562 8381 8561
f 8562 8561 8742
f 8742 8561 8741
f 8742 8741 8922
f 8922 8741 8921
f 8922 8921 9102
f 9102 8921 9101
f 9102 9101 9282
f 9282 9101 9281
f 9282 9281 9462
f 9462 9281 9461
f 9462 9461 9642
f 9642 9461 9641
f 9642 9641 9822
f 9822 9641 9821
f 9822 9821 10001
f 9822 10001 10002
f 10002 10001 10182
f 10182 10001 10181
f 10182 10181 10362
f 10362 10181 10361
f 10362 10361 10542
f 10542 10361 10541
f 10542 10541 10722
f 10722 10541 10721
f 10722 10721 10902
f 10902 10721 10901
f 10902 10901 11082
f 11082 10901 11081
f 11082 11081 11262
f 11262 11081 11261
f 11262 11261 11442
f 11442 11261 11441
f 11442 11441 11622
f 11622 11441 11621
f 11622 11621 11802
f 11802 11621 11801
f 11802 11801 11982
f 11982 11801 11981
f 11982 11981 12162
f 12162 11981 12161
f 12162 12161 12342
f 12342 12161 12341
f 12342 12341 12522
f 12522 12341 12521
f 12522 12521 12702
f 12702 12521 12701
f 12702 12701 12882
f 12882 12701 12881
f 12882 12881 13062
f 13062 12881 13061
f 13062 13061 13242
f 13242 13061 13241
f 13242 13241 13422
f 13422 13241 13421
f 13422 13421 13602
f 13602 13421 13601
f 13602 13601 13782
f 13782 13601 13781
f 13782 13781 13962
f 13962 13781 13961
f 13962 13961 14142
f 14142 13961 14141
f 14142 14141 14322
f 14322 14141 14321
f 14322 14321 14502
f 14502 14321 14501
f 14502 14501 14682
f 14682 14501 14681
f 14682 14681 14862
f 14862 14681 14861
f 14862 14861 15042
f 15042 14861 15041
f 15042 15041 15222
f 15222 15041 15221
f 15222 15221 15402
f 15402 15221 15401
f 15402 15401 15582
f 15582 15401 15581
f 15582 15581 15762
f 15762 15581 15761
f 15762 15761 15942
f 15942 15761 15941
f 15942 15941 16022
f 101 1 100
f 101 100 281
f 281 100 280
f 281 280 460
f 281 460 461
f 461 460 641
f 641 460 640
f 641 640 821
f 821 640 820
f 821 820 1001
f 1001 820 1000
f 1001 1000 1181
f 1181 1000 1180
f 1181 1180 1361
f 1361 1180 1360
f 1361 1360 1541
f 1541 1360 1540
f 1541 1540 1721
f 1721 1540 1720
f 1721 1720 1901
f 1901 1720 1900
f 1901 1900 2081
f 2081 1900 2080
f 2081 2080 2261
f 2261 2080 2260
f 2261 2260 2441
f 2441 2260 2440
f 2441 2440 2621
f 2621 2440 2620
f 2621 2620 2801
f 2801 2620 2800
f 2801 2800 2981
f 2981 2800 2980
f 2981 2980 3161
f 3161 2980 3160
f 3161 3160 3341
f 3341 3160 3340
f 3341 3340 3521
f 3521 3340 3520
f 3521 3520 3701
f 3701 3520 3700
f 3701 3700 3881
f 3881 3700 3880
f 3881 3880 4061
f 4061 3880 4060
f 4061 4060 4241
f 4241 4060 4240
f 4241 4240 4421
f 4421 4240 4420
f 4421 4420 4601
f 4601 4420 4600
f 4601 4600 4781
f 4781 4600 4780
f 4781 4780 4961
f 4961 4780 4960
f 4961 4960 5141
f 5141 4960 5140
f 5141 5140 5321
f 5321 5140 5320
f 5321 5320 5501
f 5501 5320 5500
f 5501 5500 5681
f 5681 5500 5680
f 5681 5680 5861
f 5861 5680 5860
f 5861 5860 6041
f 6041 5860 6040
f 6041 6040 6221
f 6221 6040 6220
f 6221 6220 6401
f 6401 6220 6400
f 6401 6400 6581
f 6581 6400 6580
f 6581 6580 6761
f 6761 6580 6760
f 6761 6760 6941
f 6941 6760 6940
f 6941 6940 7121
f 7121 6940 7120
f 7121 7120 7301
f 7301 7120 7300
f 7301 7300 7481
f 7481 7300 7480
f 7481 7480 7661
f 7661 7480 7660
f 7661 7660 7841
f 7841 7660 7840
f 7841 7840 8021
f 8021 7840 8020
f 8021 8020 8201
f 8201 8020 8200
f 8201 8200 8381
f 8381 8200 8380
f 8381 8380 8561
f 8561 8380 8560
f 8561 8560 8741
f 8741 8560 8740
f 8741 8740 8921
f 8921 8740 8920
f 8921 8920 9101
f 9101 8920 9100
f 9101 9100 9281
f 9281 9100 9280
f 9281 9280 9461
f 9461 9280 9460
f 9461 9460 9641
f 9641 9460 9640
f 9641 9640 9821
f 9821 9640 9820
f 9821 9820 10001
f 10001 9820 10000
f 10001 10000 10181
f 10181 10000 10180
f 10181 10180 10361
f 10361 10180 10360
f 10361 10360 10541
f 10541 10360 10540
f 10541 10540 10721
f 10721 10540 10720
f 10721 10720 10901
f 10901 10720 10900
f 10901 10900 11081
f 11081 10900 11080
f 11081 11080 11261
f 11261 11080 11260
f 11261 11260 11441
f 11441 11260 11440
f 11441 11440 11621
f 11621 11440 11620
f 11621 11620 11801
f 11801 11620 11800
f 11801 11800 11981
f 11981 11800 11980
f 11981 11980 12161
f 12161 11980 12160
f 12161 12160 12341
f 12341 12160 12340
f 12341 12340 12521
f 12521 12340 12520
f 12521 12520 12701
f 12701 12520 12700
f 12701 12700 12881
f 12881 12700 12880
f 12881 12880 13061
f 13061 12880 13060
f 13061 13060 13241
f 13241 13060 13240
f 13241 13240 13421
f 13421 13240 13420
f 13421 13420 13601
f 13601 13420 13600
f 13601 13600 13781
f 13781 13600 13780
f 13781 13780 13961
f 13961 13780 13960
f 13961 13960 14141
f 14141 13960 14140
f 14141 14140 14321
f 14321 14140 14320
f 14321 14320 14501
f 14501 14320 14500
f 14501 14500 14681
f 14681 14500 14680
f 14681 14680 14861
f 14861 14680 14860
f 14861 14860 15041
f 15041 14860 15040
f 15041 15040 15221
f 15221 15040 15220
f 15221 15220 15401
f 15401 15220 15400
f 15401 15400 15581
f 15581 15400 15580
f 15581 15580 15761
f 15761 15580 15760
f 15761 15760 15941
f 15941 15760 15940
f 15941 15940 16022
f 100 1 99
f 100 99 280
f 280 99 279
f 280 279 459
f 280 459 460
f 460 459 639
f 460 639 640
f 640 639 819
f 640 819 820
f 820 819 999
f 820 999 1000
f 1000 999 1179
f 1000 1179 1180
f 1180 1179 1359
f 1180 1359 1360
f 1360 1359 1539
f 1360 1539 1540
f 1540 1539 1719
f 1540 1719 1720
f 1720 1719 1899
f 1720 1899 1900
f 1900 1899 2079
f 1900 2079 2080
f 2080 2079 2259
f 2080 2259 2260
f 2260 2259 2439
f 2260 2439 2440
f 2440 2439 2619
f 2440 2619 2620
f 2620 2619 2799
f 2620 2799 2800
f 2800 2799 2979
f 2800 2979 2980
f 2980 2979 3159
f 2980 3159 3160
f 3160 3159 3339
f 3160 3339 3340
f 3340 3339 3519
f 3340 3519 3520
f 3520 3519 3699
f 3520 3699 3700
f 3700 3699 3879
f 3700 3879 3880
f 3880 3879 4059
f 3880 4059 4060
f 4060 4059 4239
f 4060 4239 4240
f 4240 4239 4419
f 4240 4419 4420
f 4420 4419 4599
f 4420 4599 4600
f 4600 4599 4779
f 4600 4779 4780
f 4780 4779 4959
f 4780 4959 4960
f 4960 4959 5139
f 4960 5139 5140
f 5140 5139 5319
f 5140 5319 5320
f 5320 5319 5499
f 5320 5499 5500
f 5500 5499 5679
f 5500 5679 5680
f 5680 5679 5859
f 5680 5859 5860
f 5860 5859 6039
f 5860 6039 6040
f 6040 6039 6219
f 6040 6219 6220
f 6220 6219 6399
f 6220 6399 6400
f 6400 6399 6579
f 6400 6579 6580
f 6580 6579 6759
f 6580 6759 6760
f 6760 6759 6939
f 6760 6939 6940
f 6940 6939 7119
f 6940 7119 7120
f 7120 7119 7299
f 7120 7299 7300
f 7300 7299 7480
f 7480 7299 7479
f 7480 7479 7660
f 7660 7479 7659
f 7660 7659 7840
f 7840 7659 7839
f 7840 7839 8020
f 8020 7839 8019
f 8020 8019 8200
f 8200 8019 8199
f 8200 8199 8380
f 8380 8199 8379
f 8380 8379 8560
f 8560 8379 8559
f 8560 8559 8740
f 8740 8559 8739
f 8740 8739 8920
f 8920 8739 8919
f 8920 8919 9100
f 9100 8919 9099
f 9100 9099 9280
f 9280 9099 9279
f 9280 9279 9460
f 9460 9279 9459
f 9460 9459 9640
f 9640 9459 9639
f 9640 9639 9820
f 9820 9639 9819
f 9820 9819 10000
f 10000 9819 9999
f 10000 9999 10180
f 10180 9999 10179
f 10180 10179 10360
f 10360 10179 10359
f 10360 10359 10540
f 10540 10359 10539
f 10540 10539 10720
f 10720 10539 10719
f 10720 10719 10900
f 10900 10719 10899
f 10900 10899 11080
f 11080 10899 11079
f 11080 11079 11260
f 11260 11079 11259
f 11260 11259 11440
f 11440 11259 11439
f 11440 11439 11620
f 11620 11439 11619
f 11620 11619 11800
f 11800 11619 11799
f 11800 11799 11980
f 11980 11799 11979
f 11980 11979 12160
f 12160 11979 12159
f 12160 12159 12340
f 12340 12159 12339
f 12340 12339 12520
f 12520 12339 12519
f 12520 12519 12700
f 12700 12519 12699
f 12700 12699 12880
f 12880 12699 12879
f 12880 12879 13060
f 13060 12879 13059
f 13060 13059 13240
f 13240 13059 13239
f 13240 13239 13420
f 13420 13239 13419
f 13420 13419 13600
f 13600 13419 13599
f 13600 13599 13780
f 13780 13599 13779
f 13780 13779 13960
f 13960 13779 13959
f 13960 13959 14140
f 14140 13959 14139
f 14140 14139 14320
f 14320 14139 14319
f 14320 14319 14500
f 14500 14319 14499
f 14500 14499 14680
f 14680 14499 14679
f 14680 14679 14860
f 14860 14679 14859
f 14860 14859 15040
f 15040 14859 15039
f 15040 15039 15220
f 15220 15039 15219
f 15220 15219 15400
f 15400 15219 15399
f 15400 15399 15580
f 15580 15399 15579
f 15580 15579 15760
f 15760 15579 15759
f 15760 15759 15940
f 15940 15759 15939
f 15940 15939 16022
f 99 1 98
f 99 98 279
f 279 98 278
f 279 278 459
f 459 278 458
f 459 458 639
f 639 458 638
f 639 638 819
f 819 638 818
f 819 818 999
f 999 818 998
f 999 998 1179
f 1179 998 1178
f 1179 1178 1359
f 1359 1178 1358
f 1359 1358 1539
f 1539 1358 1538
f 1539 1538 1719
f 1719 1538 1718
f 1719 1718 1899
f 1899 1718 1898
f 1899 1898 2079
f 2079 1898 2078
f 2079 2078 2259
f 2259 2078 2258
f 2259 2258 2439
f 2439 2258 2438
f 2439 2438 2619
f 2619 2438 2618
f 2619 2618 2799
f 2799 2618 2798
f 2799 2798 2979
f 2979 2798 2978
f 2979 2978 3159
f 3159 2978 3158
f 3159 3158 3339
f 3339 3158 3338
f 3339 3338 3519
f 3519 3338 3518
f 3519 3518 3699
f 3699 3518 3698
f 3699 3698 3879
f 3879 3698 3878
f 3879 3878 4059
f 4059 3878 4058
f 4059 4058 4239
f 4239 4058 4238
f 4239 4238 4419
f 4419 4238 4418
f 4419 4418 4599
f 4599 4418 4598
f 4599 4598 4779
f 4779 4598 4778
f 4779 4778 4959
f 4959 4778 4958
f 4959 4958 5139
f 5139 4958 5138
f 5139 5138 5319
f 5319 5138 5318
f 5319 5318 5499
f 5499 5318 5498
f 5499 5498 5679
f 5679 5498 5678
f 5679 5678 5859
f 5859 5678 5858
f 5859 5858 6039
f 6039 5858 6038
f 6039 6038 6219
f 6219 6038 6218
f 6219 6218 6399
f 6399 6218 6398
f 6399 6398 6579
f 6579 6398 6578
f 6579 6578 6759
f 6759 6578 6758
f 6759 6758 6939
f 6939 6758 6938
f 6939 6938 7119
f 7119 6938 7118
f 7119 7118 7298
f 7119 7298 7299
f 7299 7298 7478
f 7299 7478 7479
f 7479 7478 7658
f 7479 7658 7659
f 7659 7658 7838
f 7659 7838 7839
f 7839 7838 8018
f 7839 8018 8019
f 8019 8018 8198
f 8019 8198 8199
f 8199 8198 8378
f 8199 8378 8379
f 8379 8378 8558
f 8379 8558 8559
f 8559 8558 8738
f 8559 8738 8739
f 8739 8738 8918
f 8739 8918 8919
f 8919 8918 9098
f 8919 9098 9099
f 9099 9098 9278
f 9099 9278 9279
f 9279 9278 9458
f 9279 9458 9459
f 9459 9458 9638
f 9459 9638 9639
f 9639 9638 9818
f 9639 9818 9819
f 9819 9818 9998
f 9819 9998 9999
f 9999 9998 10178
f 9999 10178 10179
f 10179 10178 10358
f 10179 10358 10359
f 10359 10358 10538
f 10359 10538 10539
f 10539 10538 10718
f 10539 10718 10719
f 10719 10718 10898
f 10719 10898 10899
f 10899 10898 11078
f 10899 11078 11079
f 11079 11078 11258
f 11079 11258 11259
f 11259 11258 11438
f 11259 11438 11439
f 11439 11438 11618
f 11439 11618 11619
f 11619 11618 11798
f 11619 11798 11799
f 11799 11798 11978
f 11799 11978 11979
f 11979 11978 12158
f 11979 12158 12159
f 12159 12158 12338
f 12159 12338 12339
f 12339 12338 12518
f 12339 12518 12519
f 12519 12518 12698
f 12519 12698 12699
f 12699 12698 12878
f 12699 12878 12879
f 12879 12878 13058
f 12879 13058 13059
f 13059 13058 13238
f 13059 13238 13239
f 13239 13238 13418
f 13239 13418 13419
f 13419 13418 13598
f 13419 13598 13599
f 13599 13598 13778
f 13599 13778 13779
f 13779 13778 13958
f 13779 13958 13959
f 13959 13958 14139
f 14139 13958 14138
f 14139 14138 14319
f 14319 14138 14318
f 14319 14318 14499
f 14499 14318 14498
f 14499 14498 14679
f 14679 14498 14678
f 14679 14678 14859
f 14859 14678 14858
f 14859 14858 15039
f 15039 14858 15038
f 15039 15038 15219
f 15219 15038 15218
f 15219 15218 15399
f 15399 15218 15398
f 15399 15398 15579
f 15579 15398 15578
f 15579 15578 15759
f 15759 15578 15758
f 15759 15758 15939
f 15939 15758 15938
f 15939 15938 16022
f 98 1 97
f 98 97 278
f 278 97 277
f 278 277 458
f 458 277 457
f 458 457 638
f 638 457 637
f 638 637 818
f 818 637 817
f 818 817 998
f 998 817 997
f 998 997 1178
f 1178 997 1177
f 1178 1177 1358
f 1358 1177 1357
f 1358 1357 1538
f 1538 1357 1537
f 1538 1537 1718
f 1718 1537 1717
f 1718 1717 1898
f 1898 1717 1897
f 1898 1897 2078
f 2078 1897 2077
f 2078 2077 2258
f 2258 2077 2257
f 2258 2257 2438
f 2438 2257 2437
f 2438 2437 2618
f 2618 2437 2617
f 2618 2617 2798
f 2798 2617 2797
f 2798 2797 2978
f 2978 2797 2977
f 2978 2977 3158
f 3158 2977 3157
f 3158 3157 3338
f 3338 3157 3337
f 3338 3337 3518
f 3518 3337 3517
f 3518 3517 3698
f 3698 3517 3697
f 3698 3697 3878
f 3878 3697 3877
f 3878 3877 4058
f 4058 3877 4057
f 4058 4057 4238
f 4238 4057 4237
f 4238 4237 4418
f 4418 4237 4417
f 4418 4417 4598
f 4598 4417 4597
f 4598 4597 4778
f 4778 4597 4777
f 4778 4777 4958
f 4958 4777 4957
f 4958 4957 5138
f 5138 4957 5137
f 5138 5137 5318
f 5318 5137 5317
f 5318 5317 5498
f 5498 5317 5497
f 5498 5497 5678
f 5678 5497 5677
f 5678 5677 5858
f 5858 5677 5857
f 5858 5857 6038
f 6038 5857 6037
f 6038 6037 6218
f 6218 6037 6217
f 6218 6217 6398
f 6398 6217 6397
f 6398 6397 6578
f 6578 6397 6577
f 6578 6577 6758
f 6758 6577 6757
f 6758 6757 6938
f 6938 6757 6937
f 6938 6937 7118
f 7118 6937 7117
f 7118 7117 7298
f 7298 7117 7297
f 7298 7297 7478
f 7478 7297 7477
f 7478 7477 7658
f 7658 7477 7657
f 7658 7657 7838
f 7838 7657 7837
f 7838 7837 8018
f 8018 7837 8017
f 8018 8017 8198
f 8198 8017 8197
f 8198 8197 8378
f 8378 8197 8377
f 8378 8377 8558
f 8558 8377 8557
f 8558 8557 8738
f 8738 8557 8737
f 8738 8737 8918
f 8918 8737 8917
f 8918 8917 9098
f 9098 8917 9097
f 9098 9097 9278
f 9278 9097 9277
f 9278 9277 9458
f 9458 9277 9457
f 9458 9457 9638
f 9638 9457 9637
f 9638 9637 9818
f 9818 9637 9817
f 9818 9817 9998
f 9998 9817 9997
f 9998 9997 10178
f 10178 9997 10177
f 10178 10177 10358
f 10358 10177 10357
f 10358 10357 10538
f 10538 10357 10537
f 10538 10537 10718
f 10718 10537 10717
f 10718 10717 10898
f 10898 10717 10897
f 10898 10897 11078
f 11078 10897 11077
f 11078 11077 11258
f 11258 11077 11257
f 11258 11257 11438
f 11438 11257 11437
f 11438 11437 11618
f 11618 11437 11617
f 11618 11617 11798
f 11798 11617 11797
f 11798 11797 11978
f 11978 11797 11977
f 11978 11977 12158
f 12158 11977 12157
f 12158 12157 12338
f 12338 12157 12337
f 12338 12337 12518
f 12518 12337 12517
f 12518 12517 12698
f 12698 12517 12697
f 12698 12697 12878
f 12878 12697 12877
f 12878 12877 13058
f 13058 12877 13057
f 13058 13057 13238
f 13238 13057 13237
f 13238 13237 13418
f 13418 13237 13417
f 13418 13417 13598
f 13598 13417 13597
f 13598 13597 13778
f 13778 13597 13777
f 13778 13777 13957
f 13778 13957 13958
f 13958 13957 14138
f 14138 13957 14137
f 14138 14137 14318
f 14318 14137 14317
f 14318 14317 14498
f 14498 14317 14497
f 14498 14497 14678
f 14678 14497 14677
f 14678 14677 14858
f 14858 14677 14857
f 14858 14857 15038
f 15038 14857 15037
f 15038 15037 15218
f 15218 15037 15217
f 15218 15217 15398
f 15398 15217 15397
f 15398 15397 15578
f 15578 15397 15577
f 15578 15577 15758
f 15758 15577 15757
f 15758 15757 15938
f 15938 15757 15937
f 15938 15937 16022
f 97 1 96
f 97 96 277
f 277 96 276
f 277 276 457
f 457 276 456
f 457 456 637
f 637 456 636
f 637 636 817
f 817 636 816
f 817 816 997
f 997 816 996
f 997 996 1177
f 1177 996 1176
f 1177 1176 1357
f 1357 1176 1356
f 1357 1356 1537
f 1537 1356 1536
f 1537 1536 1717
f 1717 1536 1716
f 1717 1716 1897
f 1897 1716 1896
f 1897 1896 2077
f 2077 1896 2076
f 2077 2076 2257
f 2257 2076 2256
f 2257 2256 2437
f 2437 2256 2436
f 2437 2436 2617
f 2617 2436 2616
f 2617 2616 2797
f 2797 2616 2796
f 2797 2796 2977
f 2977 2796 2976
f 2977 2976 3157
f 3157 2976 3156
f 3157 3156 3337
f 3337 3156 3336
f 3337 3336 3517
f 3517 3336 3516
f 3517 3516 3697
f 3697 3516 3696
f 3697 3696 3877
f 3877 3696 3876
f 3877 3876 4057
f 4057 3876 4056
f 4057 4056 4237
f 4237 4056 4236
f 4237 4236 4416
f 4237 4416 4417
f 4417 4416 4597
f 4597 4416 4596
f 4597 4596 4777
f 4777 4596 4776
f 4777 4776 4957
f 4957 4776 4956
f 4957 4956 5137
f 5137 4956 5136
f 5137 5136 5317
f 5317 5136 5316
f 5317 5316 5497
f 5497 5316 5496
f 5497 5496 5677
f 5677 5496 5676
f 5677 5676 5857
f 5857 5676 5856
f 5857 5856 6037
f 6037 5856 6036
f 6037 6036 6217
f 6217 6036 6216
f 6217 6216 6397
f 6397 6216 6396
f 6397 6396 6577
f 6577 6396 6576
f 6577 6576 6757
f 6757 6576 6756
f 6757 6756 6937
f 6937 6756 6936
f 6937 6936 7117
f 7117 6936 7116
f 7117 7116 7297
f 7297 7116 7296
f 7297 7296 7477
f 7477 7296 7476
f 7477 7476 7657
f 7657 7476 7656
f 7657 7656 7837
f 7837 7656 7836
f 7837 7836 8017
f 8017 7836 8016
f 8017 8016 8197
f 8197 8016 8196
f 8197 8196 8377
f 8377 8196 8376
f 8377 8376 8557
f 8557 8376 8556
f 8557 8556 8737
f 8737 8556 8736
f 8737 8736 8917
f 8917 8736 8916
f 8917 8916 9097
f 9097 8916 9096
f 9097 9096 9277
f 9277 9096 9276
f 9277 9276 9457
f 9457 9276 9456
f 9457 9456 9637
f 9637 9456 9636
f 9637 9636 9817
f 9817 9636 9816
f 9817 9816 9997
f 9997 9816 9996
f 9997 9996 10177
f 10177 9996 10176
f 10177 10176 10357
f 10357 10176 10356
f 10357 10356 10537
f 10537 10356 10536
f 10537 10536 10717
f 10717 10536 10716
f 10717 10716 10897
f 10897 10716 10896
f 10897 10896 11077
f 11077 10896 11076
f 11077 11076 11257
f 11257 11076 11256
f 11257 11256 11437
f 11437 11256 11436
f 11437 11436 11617
f 11617 11436 11616
f 11617 11616 11797
f 11797 11616 11796
f 11797 11796 11977
f 11977 11796 11976
f 11977 11976 12157
f 12157 11976 12156
f 12157 12156 12337
f 12337 12156 12336
f 12337 12336 12517
f 12517 12336 12516
f 12517 12516 12697
f 12697 12516 12696
f 12697 12696 12877
f 12877 12696 12876
f 12877 12876 13057
f 13057 12876 13056
f 13057 13056 13237
f 13237 13056 13236
f 13237 13236 13417
f 13417 13236 13416
f 13417 13416 13597
f 13597 13416 13596
f 13597 13596 13777
f 13777 13596 13776
f 13777 13776 13957
f 13957 13776 13956
f 13957 13956 14137
f 14137 13956 14136
f 14137 14136 14317
f 14317 14136 14316
f 14317 14316 14497
f 14497 14316 14496
f 14497 14496 14677
f 14677 14496 14676
f 14677 14676 14857
f 14857 14676 14856
f 14857 14856 15037
f 15037 14856 15036
f 15037 15036 15217
f 15217 15036 15216
f 15217 15216 15397
f 15397 15216 15396
f 15397 15396 15577
f 15577 15396 15576
f 15577 15576 15757
f 15757 15576 15756
f 15757 15756 15937
f 15937 15756 15936
f 15937 15936 16022
f 96 1 95
f 96 95 276
f 276 95 275
f 276 275 456
f 456 275 455
f 456 455 636
f 636 455 635
f 636 635 816
f 816 635 815
f 816 815 996
f 996 815 995
f 996 995 1176
f 1176 995 1175
f 1176 1175 1356
f 1356 1175 1355
f 1356 1355 1536
f 1536 1355 1535
f 1536 1535 1716
f 1716 1535 1715
f 1716 1715 1896
f 1896 1715 1895
f 1896 1895 2076
f 2076 1895 2075
f 2076 2075 2256
f 2256 2075 2255
f 2256 2255 2436
f 2436 2255 2435
f 2436 2435 2616
f 2616 2435 2615
f 2616 2615 2796
f 2796 2615 2795
f 2796 2795 2976
f 2976 2795 2975
f 2976 2975 3156
f 3156 2975 3155
f 3156 3155 3336
f 3336 3155 3335
f 3336 3335 3516
f 3516 3335 3515
f 3516 3515 3696
f 3696 3515 3695
f 3696 3695 3876
f 3876 3695 3875
f 3876 3875 4056
f 4056 3875 4055
f 4056 4055 4236
f 4236 4055 4235
f 4236 4235 4415
f 4236 4415 4416
f 4416 4415 4595
f 4416 4595 4596
f 4596 4595 4775
f 4596 4775 4776
f 4776 4775 4955
f 4776 4955 4956
f 4956 4955 5135
f 4956 5135 5136
f 5136 5135 5315
f 5136 5315 5316
f 5316 5315 5495
f 5316 5495 5496
f 5496 5495 5675
f 5496 5675 5676
f 5676 5675 5855
f 5676 5855 5856
f 5856 5855 6035
f 5856 6035 6036
f 6036 6035 6215
f 6036 6215 6216
f 6216 6215 6395
f 6216 6395 6396
f 6396 6395 6575
f 6396 6575 6576
f 6576 6575 6755
f 6576 6755 6756
f 6756 6755 6935
f 6756 6935 6936
f 6936 6935 7115
f 6936 7115 7116
f 7116 7115 7295
f 7116 7295 7296
f 7296 7295 7475
f 7296 7475 7476
f 7476 7475 7655
f 7476 7655 7656
f 7656 7655 7835
f 7656 7835 7836
f 7836 7835 8015
f 7836 8015 8016
f 8016 8015 8195
f 8016 8195 8196
f 8196 8195 8375
f 8196 8375 8376
f 8376 8375 8555
f 8376 8555 8556
f 8556 8555 8735
f 8556 8735 8736
f 8736 8735 8915
f 8736 8915 8916
f 8916 8915 9095
f 8916 9095 9096
f 9096 9095 9275
f 9096 9275 9276
f 9276 9275 9455
f 9276 9455 9456
f 9456 9455 9635
f 9456 9635 9636
f 9636 9635 9815
f 9636 9815 9816
f 9816 9815 9995
f 9816 9995 9996
f 9996 9995 10175
f 9996 10175 10176
f 10176 10175 10355
f 10176 10355 10356
f 10356 10355 10535
f 10356 10535 10536
f 10536 10535 10715
f 10536 10715 10716
f 10716 10715 10895
f 10716 10895 10896
f 10896 10895 11075
f 10896 11075 11076
f 11076 11075 11256
f 11256 11075 11255
f 11256 11255 11436
f 11436 11255 11435
f 11436 11435 11616
f 11616 11435 11615
f 11616 11615 11796
f 11796 11615 11795
f 11796 11795 11976
f 11976 11795 11975
f 11976 11975 12156
f 12156 11975 12155
f 12156 12155 12336
f 12336 12155 12335
f 12336 12335 12516
f 12516 12335 12515
f 12516 12515 12696
f 12696 12515 12695
f 12696 12695 12876
f 12876 12695 12875
f 12876 12875 13056
f 13056 12875 13055
f 13056 13055 13236
f 13236 13055 13235
f 13236 13235 13416
f 13416 13235 13415
f 13416 13415 13596
f 13596 13415 13595
f 13596 13595 13776
f 13776 13595 13775
f 13776 13775 13956
f 13956 13775 13955
f 13956 13955 14136
f 14136 13955 14135
f 14136 14135 14316
f 14316 14135 14315
f 14316 14315 14496
f 14496 14315 14495
f 14496 14495 14676
f 14676 14495 14675
f 14676 14675 14856
f 14856 14675 14855
f 14856 14855 15036
f 15036 14855 15035
f 15036 15035 15216
f 15216 15035 15215
f 15216 15215 15396
f 15396 15215 15395
f 15396 15395 15576
f 15576 15395 15575
f 15576 15575 15756
f 15756 15575 15755
f 15756 15755 15936
f 15936 15755 15935
f 15936 15935 16022
f 95 1 94
f 95 94 275
f 275 94 274
f 275 274 455
f 455 274 454
f 455 454 635
f 635 454 634
f 635 634 815
f 815 634 814
f 815 814 995
f 995 814 994
f 995 994 1175
f 1175 994 1174
f 1175 1174 1355
f 1355 1174 1354
f 1355 1354 1535
f 1535 1354 1534
f 1535 1534 1715
f 1715 1534 1714
f 1715 1714 1895
f 1895 1714 1894
f 1895 1894 2075
f 2075 1894 2074
f 2075 2074 2255
f 2255 2074 2254
f 2255 2254 2435
f 2435 2254 2434
f 2435 2434 2615
f 2615 2434 2614
f 2615 2614 2795
f 2795 2614 2794
f 2795 2794 2975
f 2975 2794 2974
f 2975 2974 3155
f 3155 2974 3154
f 3155 3154 3335
f 3335 3154 3334
f 3335 3334 3515
f 3515 3334 3514
f 3515 3514 3695
f 3695 3514 3694
f 3695 3694 3875
f 3875 3694 3874
f 3875 3874 4055
f 4055 3874 4054
f 4055 4054 4235
f 4235 4054 4234
f 4235 4234 4415
f 4415 4234 4414
f 4415 4414 4595
f 4595 4414 4594
f 4595 4594 4775
f 4775 4594 4774
f 4775 4774 4955
f 4955 4774 4954
f 4955 4954 5135
f 5135 4954 5134
f 5135 5134 5315
f 5315 5134 5314
f 5315 5314 5495
f 5495 5314 5494
f 5495 5494 5675
f 5675 5494 5674
f 5675 5674 5855
f 5855 5674 5854
f 5855 5854 6035
f 6035 5854 6034
f 6035 6034 6215
f 6215 6034 6214
f 6215 6214 6395
f 6395 6214 6394
f 6395 6394 6575
f 6575 6394 6574
f 6575 6574 6755
f 6755 6574 6754
f 6755 6754 6935
f 6935 6754 6934
f 6935 6934 7115
f 7115 6934 7114
f 7115 7114 7295
f 7295 7114 7294
f 7295 7294 7475
f 7475 7294 7474
f 7475 7474 7655
f 7655 7474 7654
f 7655 7654 7835
f 7835 7654 7834
f 7835 7834 8015
f 8015 7834 8014
f 8015 8014 8195
f 8195 8014 8194
f 8195 8194 8375
f 8375 8194 8374
f 8375 8374 8555
f 8555 8374 8554
f 8555 8554 8735
f 8735 8554 8734
f 8735 8734 8915
f 8915 8734 8914
f 8915 8914 9095
f 9095 8914 9094
f 9095 9094 9275
f 9275 9094 9274
f 9275 9274 9455
f 9455 9274 9454
f 9455 9454 9635
f 9635 9454 9634
f 9635 9634 9815
f 9815 9634 9814
f 9815 9814 9995
f 9995 9814 9994
f 9995 9994 10175
f 10175 9994 10174
f 10175 10174 10355
f 10355 10174 10354
f 10355 10354 10535
f 10535 10354 10534
f 10535 10534 10715
f 10715 10534 10714
f 10715 10714 10895
f 10895 10714 10894
f 10895 10894 11074
f 10895 11074 11075
f 11075 11074 11255
f 11255 11074 11254
f 11255 11254 11435
f 11435 11254 11434
f 11435 11434 11615
f 11615 11434 11614
f 11615 11614 11795
f 11795 11614 11794
f 11795 11794 11975
f 11975 11794 11974
f 11975 11974 12155
f 12155 11974 12154
f 12155 12154 12335
f 12335 12154 12334
f 12335 12334 12515
f 12515 12334 12514
f 12515 12514 12695
f 12695 12514 12694
f 12695 12694 12875
f 12875 12694 12874
f 12875 12874 13055
f 13055 12874 13054
f 13055 13054 13235
f 13235 13054 13234
f 13235 13234 13415
f 13415 13234 13414
f 13415 13414 13595
f 13595 13414 13594
f 13595 13594 13775
f 13775 13594 13774
f 13775 13774 13955
f 13955 13774 13954
f 13955 13954 14135
f 14135 13954 14134
f 14135 14134 14315
f 14315 14134 14314
f 14315 14314 14495
f 14495 14314 14494
f 14495 14494 14675
f 14675 14494 14674
f 14675 14674 14855
f 14855 14674 14854
f 14855 14854 15035
f 15035 14854 15034
f 15035 15034 15215
f 15215 15034 15214
f 15215 15214 15395
f 15395 15214 15394
f 15395 15394 15575
f 15575 15394 15574
f 15575 15574 15755
f 15755 15574 15754
f 15755 15754 15935
f 15935 15754 15934
f 15935 15934 16022
f 94 1 93
f 94 93 274
f 274 93 273
f 274 273 454
f 454 273 453
f 454 453 634
f 634 453 633
f 634 633 814
f 814 633 813
f 814 813 994
f 994 813 993
f 994 993 1174
f 1174 993 1173
f 1174 1173 1354
f 1354 1173 1353
f 1354 1353 1533
f 1354 1533 1534
f 1534 1533 1714
f 1714 1533 1713
f 1714 1713 1894
f 1894 1713 1893
f 1894 1893 2074
f 2074 1893 2073
f 2074 2073 2254
f 2254 2073 2253
f 2254 2253 2434
f 2434 2253 2433
f 2434 2433 2614
f 2614 2433 2613
f 2614 2613 2794
f 2794 2613 2793
f 2794 2793 2974
f 2974 2793 2973
f 2974 2973 3154
f 3154 2973 3153
f 3154 3153 3334
f 3334 3153 3333
f 3334 3333 3514
f 3514 3333 3513
f 3514 3513 3694
f 3694 3513 3693
f 3694 3693 3874
f 3874 3693 3873
f 3874 3873 4054
f 4054 3873 4053
f 4054 4053 4234
f 4234 4053 4233
f 4234 4233 4414
f 4414 4233 4413
f 4414 4413 4594
f 4594 4413 4593
f 4594 4593 4774
f 4774 4593 4773
f 4774 4773 4954
f 4954 4773 4953
f 4954 4953 5134
f 5134 4953 5133
f 5134 5133 5314
f 5314 5133 5313
f 5314 5313 5494
f 5494 5313 5493
f 5494 5493 5674
f 5674 5493 5673
f 5674 5673 5854
f 5854 5673 5853
f 5854 5853 6034
f 6034 5853 6033
f 6034 6033 6214
f 6214 6033 6213
f 6214 6213 6394
f 6394 6213 6393
f 6394 6393 6574
f 6574 6393 6573
f 6574 6573 6754
f 6754 6573 6753
f 6754 6753 6934
f 6934 6753 6933
f 6934 6933 7114
f 7114 6933 7113
f 7114 7113 7294
f 7294 7113 7293
f 7294 7293 7474
f 7474 7293 7473
f 7474 7473 7654
f 7654 7473 7653
f 7654 7653 7834
f 7834 7653 7833
f 7834 7833 8014
f 8014 7833 8013
f 8014 8013 8194
f 8194 8013 8193
f 8194 8193 8374
f 8374 8193 8373
f 8374 8373 8554
f 8554 8373 8553
f 8554 8553 8734
f 8734 8553 8733
f 8734 8733 8914
f 8914 8733 8913
f 8914 8913 9094
f 9094 8913 9093
f 9094 9093 9274
f 9274 9093 9273
f 9274 9273 9454
f 9454 9273 9453
f 9454 9453 9634
f 9634 9453 9633
f 9634 9633 9814
f 9814 9633 9813
f 9814 9813 9994
f 9994 9813 9993
f 9994 9993 10174
f 10174 9993 10173
f 10174 10173 10354
f 10354 10173 10353
f 10354 10353 10534
f 10534 10353 10533
f 10534 10533 10714
f 10714 10533 10713
f 10714 10713 10894
f 10894 10713 10893
f 10894 10893 11074
f 11074 10893 11073
f 11074 11073 11254
f 11254 11073 11253
f 11254 11253 11434
f 11434 11253 11433
f 11434 11433 11614
f 11614 11433 11613
f 11614 11613 11794
f 11794 11613 11793
f 11794 11793 11974
f 11974 11793 11973
f 11974 11973 12154
f 12154 11973 12153
f 12154 12153 12334
f 12334 12153 12333
f 12334 12333 12514
f 12514 12333 12513
f 12514 12513 12694
f 12694 12513 12693
f 12694 12693 12874
f 12874 12693 12873
f 12874 12873 13054
f 13054 12873 13053
f 13054 13053 13234
f 13234 13053 13233
f 13234 13233 13414
f 13414 13233 13413
f 13414 13413 13594
f 13594 13413 13593
f 13594 13593 13774
f 13774 13593 13773
f 13774 13773 13954
f 13954 13773 13953
f 13954 13953 14134
f 14134 13953 14133
f 14134 14133 14314
f 14314 14133 14313
f 14314 14313 14494
f 14494 14313 14493
f 14494 14493 14674
f 14674 14493 14673
f 14674 14673 14854
f 14854 14673 14853
f 14854 14853 15034
f 15034 14853 15033
f 15034 15033 15214
f 15214 15033 15213
f 15214 15213 15394
f 15394 15213 15393
f 15394 15393 15574
f 15574 15393 15573
f 15574 15573 15754
f 15754 15573 15753
f 15754 15753 15934
f 15934 15753 15933
f 15934 15933 16022
f 93 1 92
f 93 92 273
f 273 92 272
f 273 272 453
f 453 272 452
f 453 452 633
f 633 452 632
f 633 632 813
f 813 632 812
f 813 812 993
f 993 812 992
f 993 992 1173
f 1173 992 1172
f 1173 1172 1353
f 1353 1172 1352
f 1353 1352 1532
f 1353 1532 1533
f 1533 1532 1712
f 1533 1712 1713
f 1713 1712 1892
f 1713 1892 1893
f 1893 1892 2072
f 1893 2072 2073
f 2073 2072 2252
f 2073 2252 2253
f 2253 2252 2432
f 2253 2432 2433
f 2433 2432 2612
f 2433 2612 2613
f 2613 2612 2792
f 2613 2792 2793
f 2793 2792 2972
f 2793 2972 2973
f 2973 2972 3152
f 2973 3152 3153
f 3153 3152 3332
f 3153 3332 3333
f 3333 3332 3512
f 3333 3512 3513
f 3513 3512 3692
f 3513 3692 3693
f 3693 3692 3872
f 3693 3872 3873
f 3873 3872 4052
f 3873 4052 4053
f 4053 4052 4232
f 4053 4232 4233
f 4233 4232 4412
f 4233 4412 4413
f 4413 4412 4592
f 4413 4592 4593
f 4593 4592 4772
f 4593 4772 4773
f 4773 4772 4952
f 4773 4952 4953
f 4953 4952 5132
f 4953 5132 5133
f 5133 5132 5312
f 5133 5312 5313
f 5313 5312 5492
f 5313 5492 5493
f 5493 5492 5672
f 5493 5672 5673
f 5673 5672 5852
f 5673 5852 5853
f 5853 5852 6032
f 5853 6032 6033
f 6033 6032 6212
f 6033 6212 6213
f 6213 6212 6392
f 6213 6392 6393
f 6393 6392 6572
f 6393 6572 6573
f 6573 6572 6752
f 6573 6752 6753
f 6753 6752 6932
f 6753 6932 6933
f 6933 6932 7112
f 6933 7112 7113
f 7113 7112 7292
f 7113 7292 7293
f 7293 7292 7472
f 7293 7472 7473
f 7473 7472 7652
f 7473 7652 7653
f 7653 7652 7832
f 7653 7832 7833
f 7833 7832 8012
f 7833 8012 8013
f 8013 8012 8192
f 8013 8192 8193
f 8193 8192 8373
f 8373 8192 8372
f 8373 8372 8553
f 8553 8372 8552
f 8553 8552 8733
f 8733 8552 8732
f 8733 8732 8913
f 8913 8732 8912
f 8913 8912 9093
f 9093 8912 9092
f 9093 9092 9273
f 9273 9092 9272
f 9273 9272 9453
f 9453 9272 9452
f 9453 9452 9633
f 9633 9452 9632
f 9633 9632 9813
f 9813 9632 9812
f 9813 9812 9993
f 9993 9812 9992
f 9993 9992 10173
f 10173 9992 10172
f 10173 10172 10353
f 10353 10172 10352
f 10353 10352 10533
f 10533 10352 10532
f 10533 10532 10713
f 10713 10532 10712
f 10713 10712 10893
f 10893 10712 10892
f 10893 10892 11073
f 11073 10892 11072
f 11073 11072 11253
f 11253 11072 11252
f 11253 11252 11433
f 11433 11252 11432
f 11433 11432 11613
f 11613 11432 11612
f 11613 11612 11793
f 11793 11612 11792
f 11793 11792 11973
f 11973 11792 11972
f 11973 11972 12153
f 12153 11972 12152
f 12153 12152 12333
f 12333 12152 12332
f 12333 12332 12513
f 12513 12332 12512
f 12513 12512 12693
f 12693 12512 12692
f 12693 12692 12873
f 12873 12692 12872
f 12873 12872 13053
f 13053 12872 13052
f 13053 13052 13233
f 13233 13052 13232
f 13233 13232 13413
f 13413 13232 13412
f 13413 13412 13593
f 13593 13412 13592
f 13593 13592 13773
f 13773 13592 13772
f 13773 13772 13953
f 13953 13772 13952
f 13953 13952 14133
f 14133 13952 14132
f 14133 14132 14313
f 14313 14132 14312
f 14313 14312 14493
f 14493 14312 14492
f 14493 14492 14673
f 14673 14492 14672
f 14673 14672 14853
f 14853 14672 14852
f 14853 14852 15033
f 15033 14852 15032
f 15033 15032 15213
f 15213 15032 15212
f 15213 15212 15393
f 15393 15212 15392
f 15393 15392 15573
f 15573 15392 15572
f 15573 15572 15753
f 15753 15572 15752
f 15753 15752 15933
f 15933 15752 15932
f 15933 15932 16022
f 92 1 91
f 92 91 272
f 272 91 271
f 272 271 452
f 452 271 451
f 452 451 632
f 632 451 631
f 632 631 812
f 812 631 811
f 812 811 992
f 992 811 991
f 992 991 1172
f 1172 991 1171
f 1172 1171 1352
f 1352 1171 1351
f 1352 1351 1532
f 1532 1351 1531
f 1532 1531 1712
f 1712 1531 1711
f 1712 1711 1892
f 1892 1711 1891
f 1892 1891 2072
f 2072 1891 2071
f 2072 2071 2252
f 2252 2071 2251
f 2252 2251 2432
f 2432 2251 2431
f 2432 2431 2612
f 2612 2431 2611
f 2612 2611 2792
f 2792 2611 2791
f 2792 2791 2972
f 2972 2791 2971
f 2972 2971 3152
f 3152 2971 3151
f 3152 3151 3332
f 3332 3151 3331
f 3332 3331 3512
f 3512 3331 3511
f 3512 3511 3692
f 3692 3511 3691
f 3692 3691 3872
f 3872 3691 3871
f 3872 3871 4052
f 4052 3871 4051
f 4052 4051 4232
f 4232 4051 4231
f 4232 4231 4412
f 4412 4231 4411
f 4412 4411 4592
f 4592 4411 4591
f 4592 4591 4772
f 4772 4591 4771
f 4772 4771 4952
f 4952 4771 4951
f 4952 4951 5132
f 5132 4951 5131
f 5132 5131 5312
f 5312 5131 5311
f 5312 5311 5492
f 5492 5311 5491
f 5492 5491 5672
f 5672 5491 5671
f 5672 5671 5852
f 5852 5671 5851
f 5852 5851 6032
f 6032 5851 6031
f 6032 6031 6212
f 6212 6031 6211
f 6212 6211 6392
f 6392 6211 6391
f 6392 6391 6572
f 6572 6391 6571
f 6572 6571 6752
f 6752 6571 6751
f 6752 6751 6932
f 6932 6751 6931
f 6932 6931 7112
f 7112 6931 7111
f 7112 7111 7292
f 7292 7111 7291
f 7292 7291 7472
f 7472 7291 7471
f 7472 7471 7652
f 7652 7471 7651
f 7652 7651 7832
f 7832 7651 7831
f 7832 7831 8012
f 8012 7831 8011
f 8012 8011 8191
f 8012 8191 8192
f 8192 8191 8371
f 8192 8371 8372
f 8372 8371 8551
f 8372 8551 8552
f 8552 8551 8731
f 8552 8731 8732
f 8732 8731 8911
f 8732 8911 8912
f 8912 8911 9091
f 8912 9091 9092
f 9092 9091 9271
f 9092 9271 9272
f 9272 9271 9451
f 9272 9451 9452
f 9452 9451 9631
f 9452 9631 9632
f 9632 9631 9811
f 9632 9811 9812
f 9812 9811 9991
f 9812 9991 9992
f 9992 9991 10171
f 9992 10171 10172
f 10172 10171 10351
f 10172 10351 10352
f 10352 10351 10531
f 10352 10531 10532
f 10532 10531 10711
f 10532 10711 10712
f 10712 10711 10891
f 10712 10891 10892
f 10892 10891 11071
f 10892 11071 11072
f 11072 11071 11251
f 11072 11251 11252
f 11252 11251 11431
f 11252 11431 11432
f 11432 11431 11611
f 11432 11611 11612
f 11612 11611 11791
f 11612 11791 11792
f 11792 11791 11971
f 11792 11971 11972
f 11972 11971 12151
f 11972 12151 12152
f 12152 12151 12331
f 12152 12331 12332
f 12332 12331 12511
f 12332 12511 12512
f 12512 12511 12691
f 12512 12691 12692
f 12692 12691 12871
f 12692 12871 12872
f 12872 12871 13051
f 12872 13051 13052
f 13052 13051 13231
f 13052 13231 13232
f 13232 13231 13411
f 13232 13411 13412
f 13412 13411 13591
f 13412 13591 13592
f 13592 13591 13771
f 13592 13771 13772
f 13772 13771 13951
f 13772 13951 13952
f 13952 13951 14131
f 13952 14131 14132
f 14132 14131 14311
f 14132 14311 14312
f 14312 14311 14491
f 14312 14491 14492
f 14492 14491 14671
f 14492 14671 14672
f 14672 14671 14851
f 14672 14851 14852
f 14852 14851 15031
f 14852 15031 15032
f 15032 15031 15212
f 15212 15031 15211
f 15212 15211 15392
f 15392 15211 15391
f 15392 15391 15572
f 15572 15391 15571
f 15572 15571 15752
f 15752 15571 15751
f 15752 15751 15932
f 15932 15751 15931
f 15932 15931 16022
f 91 1 90
f 91 90 271
f 271 90 270
f 271 270 451
f 451 270 450
f 451 450 631
f 631 450 630
f 631 630 811
f 811 630 810
f 811 810 991
f 991 810 990
f 991 990 1171
f 1171 990 1170
f 1171 1170 1351
f 1351 1170 1350
f 1351 1350 1531
f 1531 1350 1530
f 1531 1530 1711
f 1711 1530 1710
f 1711 1710 1891
f 1891 1710 1890
f 1891 1890 2071
f 2071 1890 2070
f 2071 2070 2251
f 2251 2070 2250
f 2251 2250 2431
f 2431 2250 2430
f 2431 2430 2611
f 2611 2430 2610
f 2611 2610 2791
f 2791 2610 2790
f 2791 2790 2971
f 2971 2790 2970
f 2971 2970 3151
f 3151 2970 3150
f 3151 3150 3331
f 3331 3150 3330
f 3331 3330 3511
f 3511 3330 3510
f 3511 3510 3691
f 3691 3510 3690
f 3691 3690 3871
f 3871 3690 3870
f 3871 3870 4051
f 4051 3870 4050
f 4051 4050 4231
f 4231 4050 4230
f 4231 4230 4411
f 4411 4230 4410
f 4411 4410 4591
f 4591 4410 4590
f 4591 4590 4771
f 4771 4590 4770
f 4771 4770 4951
f 4951 4770 4950
f 4951 4950 5131
f 5131 4950 5130
f 5131 5130 5311
f 5311 5130 5310
f 5311 5310 5491
f 5491 5310 5490
f 5491 5490 5671
f 5671 5490 5670
f 5671 5670 5851
f 5851 5670 5850
f 5851 5850 6031
f 6031 5850 6030
f 6031 6030 6211
f 6211 6030 6210
f 6211 6210 6391
f 6391 6210 6390
f 6391 6390 6571
f 6571 6390 6570
f 6571 6570 6751
f 6751 6570 6750
f 6751 6750 6931
f 6931 6750 6930
f 6931 6930 7111
f 7111 6930 7110
f 7111 7110 7291
f 7291 7110 7290
f 7291 7290 7471
f 7471 7290 7470
f 7471 7470 7651
f 7651 7470 7650
f 7651 7650 7831
f 7831 7650 7830
f 7831 7830 8011
f 8011 7830 8010
f 8011 8010 8191
f 8191 8010 8190
f 8191 8190 8371
f 8371 8190 8370
f 8371 8370 8551
f 8551 8370 8550
f 8551 8550 8731
f 8731 8550 8730
f 8731 8730 8911
f 8911 8730 8910
f 8911 8910 9091
f 9091 8910 9090
f 9091 9090 9271
f 9271 9090 9270
f 9271 9270 9451
f 9451 9270 9450
f 9451 9450 9631
f 9631 9450 9630
f 9631 9630 9811
f 9811 9630 9810
f 9811 9810 9991
f 9991 9810 9990
f 9991 9990 10171
f 10171 9990 10170
f 10171 10170 10351
f 10351 10170 10350
f 10351 10350 10531
f 10531 10350 10530
f 10531 10530 10711
f 10711 10530 10710
f 10711 10710 10891
f 10891 10710 10890
f 10891 10890 11071
f 11071 10890 11070
f 11071 11070 11251
f 11251 11070 11250
f 11251 11250 11431
f 11431 11250 11430
f 11431 11430 11611
f 11611 11430 11610
f 11611 11610 11791
f 11791 11610 11790
f 11791 11790 11971
f 11971 11790 11970
f 11971 11970 12151
f 12151 11970 12150
f 12151 12150 12331
f 12331 12150 12330
f 12331 12330 12511
f 12511 12330 12510
f 12511 12510 12691
f 12691 12510 12690
f 12691 12690 12871
f 12871 12690 12870
f 12871 12870 13051
f 13051 12870 13050
f 13051 13050 13231
f 13231 13050 13230
f 13231 13230 13411
f 13411 13230 13410
f 13411 13410 13591
f 13591 13410 13590
f 13591 13590 13771
f 13771 13590 13770
f 13771 13770 13951
f 13951 13770 13950
f 13951 13950 14131
f 14131 13950 14130
f 14131 14130 14311
f 14311 14130 14310
f 14311 14310 14491
f 14491 14310 14490
f 14491 14490 14671
f 14671 14490 14670
f 14671 14670 14851
f 14851 14670 14850
f 14851 14850 15030
f 14851 15030 15031
f 15031 15030 15211
f 15211 15030 15210
f 15211 15210 15391
f 15391 15210 15390
f 15391 15390 15571
f 15571 15390 15570
f 15571 15570 15751
f 15751 15570 15750
f 15751 15750 15931
f 15931 15750 15930
f 15931 15930 16022
f 90 1 89
f 90 89 270
f 270 89 269
f 270 269 450
f 450 269 449
f 450 449 630
f 630 449 629
f 630 629 810
f 810 629 809
f 810 809 990
f 990 809 989
f 990 989 1170
f 1170 989 1169
f 1170 1169 1350
f 1350 1169 1349
f 1350 1349 1530
f 1530 1349 1529
f 1530 1529 1710
f 1710 1529 1709
f 1710 1709 1890
f 1890 1709 1889
f 1890 1889 2070
f 2070 1889 2069
f 2070 2069 2250
f 2250 2069 2249
f 2250 2249 2430
f 2430 2249 2429
f 2430 2429 2610
f 2610 2429 2609
f 2610 2609 2790
f 2790 2609 2789
f 2790 2789 2970
f 2970 2789 2969
f 2970 2969 3150
f 3150 2969 3149
f 3150 3149 3330
f 3330 3149 3329
f 3330 3329 3510
f 3510 3329 3509
f 3510 3509 3690
f 3690 3509 3689
f 3690 3689 3870
f 3870 3689 3869
f 3870 3869 4050
f 4050 3869 4049
f 4050 4049 4230
f 4230 4049 4229
f 4230 4229 4410
f 4410 4229 4409
f 4410 4409 4590
f 4590 4409 4589
f 4590 4589 4770
f 4770 4589 4769
f 4770 4769 4950
f 4950 4769 4949
f 4950 4949 5130
f 5130 4949 5129
f 5130 5129 5310
f 5310 5129 5309
f 5310 5309 5489
f 5310 5489 5490
f 5490 5489 5670
f 5670 5489 5669
f 5670 5669 5850
f 5850 5669 5849
f 5850 5849 6030
f 6030 5849 6029
f 6030 6029 6210
f 6210 6029 6209
f 6210 6209 6390
f 6390 6209 6389
f 6390 6389 6570
f 6570 6389 6569
f 6570 6569 6750
f 6750 6569 6749
f 6750 6749 6930
f 6930 6749 6929
f 6930 6929 7110
f 7110 6929 7109
f 7110 7109 7290
f 7290 7109 7289
f 7290 7289 7470
f 7470 7289 7469
f 7470 7469 7650
f 7650 7469 7649
f 7650 7649 7830
f 7830 7649 7829
f 7830 7829 8010
f 8010 7829 8009
f 8010 8009 8190
f 8190 8009 8189
f 8190 8189 8370
f 8370 8189 8369
f 8370 8369 8550
f 8550 8369 8549
f 8550 8549 8730
f 8730 8549 8729
f 8730 8729 8910
f 8910 8729 8909
f 8910 8909 9090
f 9090 8909 9089
f 9090 9089 9270
f 9270 9089 9269
f 9270 9269 9450
f 9450 9269 9449
f 9450 9449 9630
f 9630 9449 9629
f 9630 9629 9810
f 9810 9629 9809
f 9810 9809 9990
f 9990 9809 9989
f 9990 9989 10170
f 10170 9989 10169
f 10170 10169 10350
f 10350 10169 10349
f 10350 10349 10530
f 10530 10349 10529
f 10530 10529 10710
f 10710 10529 10709
f 10710 10709 10890
f 10890 10709 10889
f 10890 10889 11070
f 11070 10889 11069
f 11070 11069 11250
f 11250 11069 11249
f 11250 11249 11430
f 11430 11249 11429
f 11430 11429 11610
f 11610 11429 11609
f 11610 11609 11790
f 11790 11609 11789
f 11790 11789 11970
f 11970 11789 11969
f 11970 11969 12150
f 12150 11969 12149
f 12150 12149 12330
f 12330 12149 12329
f 12330 12329 12510
f 12510 12329 12509
f 12510 12509 12690
f 12690 12509 12689
f 12690 12689 12870
f 12870 12689 12869
f 12870 12869 13050
f 13050 12869 13049
f 13050 13049 13230
f 13230 13049 13229
f 13230 13229 13410
f 13410 13229 13409
f 13410 13409 13590
f 13590 13409 13589
f 13590 13589 13770
f 13770 13589 13769
f 13770 13769 13950
f 13950 13769 13949
f 13950 13949 14130
f 14130 13949 14129
f 14130 14129 14310
f 14310 14129 14309
f 14310 14309 14490
f 14490 14309 14489
f 14490 14489 14670
f 14670 14489 14669
f 14670 14669 14850
f 14850 14669 14849
f 14850 14849 15030
f 15030 14849 15029
f 15030 15029 15210
f 15210 15029 15209
f 15210 15209 15390
f 15390 15209 15389
f 15390 15389 15570
f 15570 15389 15569
f 15570 15569 15750
f 15750 15569 15749
f 15750 15749 15930
f 15930 15749 15929
f 15930 15929 16022
f 89 1 88
f 89 88 269
f 269 88 268
f 269 268 449
f 449 268 448
f 449 448 629
f 629 448 628
f 629 628 809
f 809 628 808
f 809 808 989
f 989 808 988
f 989 988 1169
f 1169 988 1168
f 1169 1168 1349
f 1349 1168 1348
f 1349 1348 1529
f 1529 1348 1528
f 1529 1528 1709
f 1709 1528 1708
f 1709 1708 1889
f 1889 1708 1888
f 1889 1888 2069
f 2069 1888 2068
f 2069 2068 2249
f 2249 2068 2248
f 2249 2248 2429
f 2429 2248 2428
f 2429 2428 2609
f 2609 2428 2608
f 2609 2608 2789
f 2789 2608 2788
f 2789 2788 2969
f 2969 2788 2968
f 2969 2968 3149
f 3149 2968 3148
f 3149 3148 3329
f 3329 3148 3328
f 3329 3328 3509
f 3509 3328 3508
f 3509 3508 3689
f 3689 3508 3688
f 3689 3688 3869
f 3869 3688 3868
f 3869 3868 4049
f 4049 3868 4048
f 4049 4048 4229
f 4229 4048 4228
f 4229 4228 4409
f 4409 4228 4408
f 4409 4408 4589
f 4589 4408 4588
f 4589 4588 4769
f 4769 4588 4768
f 4769 4768 4949
f 4949 4768 4948
f 4949 4948 5129
f 5129 4948 5128
f 5129 5128 5309
f 5309 5128 5308
f 5309 5308 5488
f 5309 5488 5489
f 5489 5488 5668
f 5489 5668 5669
f 5669 5668 5848
f 5669 5848 5849
f 5849 5848 6028
f 5849 6028 6029
f 6029 6028 6208
f 6029 6208 6209
f 6209 6208 6388
f 6209 6388 6389
f 6389 6388 6568
f 6389 6568 6569
f 6569 6568 6748
f 6569 6748 6749
f 6749 6748 6928
f 6749 6928 6929
f 6929 6928 7108
f 6929 7108 7109
f 7109 7108 7288
f 7109 7288 7289
f 7289 7288 7468
f 7289 7468 7469
f 7469 7468 7648
f 7469 7648 7649
f 7649 7648 7828
f 7649 7828 7829
f 7829 7828 8008
f 7829 8008 8009
f 8009 8008 8188
f 8009 8188 8189
f 8189 8188 8368
f 8189 8368 8369
f 8369 8368 8548
f 8369 8548 8549
f 8549 8548 8728
f 8549 8728 8729
f 8729 8728 8908
f 8729 8908 8909
f 8909 8908 9088
f 8909 9088 9089
f 9089 9088 9268
f 9089 9268 9269
f 9269 9268 9448
f 9269 9448 9449
f 9449 9448 9628
f 9449 9628 9629
f 9629 9628 9808
f 9629 9808 9809
f 9809 9808 9988
f 9809 9988 9989
f 9989 9988 10168
f 9989 10168 10169
f 10169 10168 10348
f 10169 10348 10349
f 10349 10348 10528
f 10349 10528 10529
f 10529 10528 10708
f 10529 10708 10709
f 10709 10708 10888
f 10709 10888 10889
f 10889 10888 11068
f 10889 11068 11069
f 11069 11068 11248
f 11069 11248 11249
f 11249 11248 11428
f 11249 11428 11429
f 11429 11428 11608
f 11429 11608 11609
f 11609 11608 11788
f 11609 11788 11789
f 11789 11788 11968
f 11789 11968 11969
f 11969 11968 12148
f 11969 12148 12149
f 12149 12148 12328
f 12149 12328 12329
f 12329 12328 12509
f 12509 12328 12508
f 12509 12508 12689
f 12689 12508 12688
f 12689 12688 12869
f 12869 12688 12868
f 12869 12868 13049
f 13049 12868 13048
f 13049 13048 13229
f 13229 13048 13228
f 13229 13228 13409
f 13409 13228 13408
f 13409 13408 13589
f 13589 13408 13588
f 13589 13588 13769
f 13769 13588 13768
f 13769 13768 13949
f 13949 13768 13948
f 13949 13948 14129
f 14129 13948 14128
f 14129 14128 14309
f 14309 14128 14308
f 14309 14308 14489
f 14489 14308 14488
f 14489 14488 14669
f 14669 14488 14668
f 14669 14668 14849
f 14849 14668 14848
f 14849 14848 15029
f 15029 14848 15028
f 15029 15028 15209
f 15209 15028 15208
f 15209 15208 15389
f 15389 15208 15388
f 15389 15388 15569
f 15569 15388 15568
f 15569 15568 15749
f 15749 15568 15748
f 15749 15748 15929
f 15929 15748 15928
f 15929 15928 16022
f 88 1 87
f 88 87 268
f 268 87 267
f 268 267 448
f 448 267 447
f 448 447 628
f 628 447 627
f 628 627 808
f 808 627 807
f 808 807 988
f 988 807 987
f 988 987 1168
f 1168 987 1167
f 1168 1167 1348
f 1348 1167 1347
f 1348 1347 1528
f 1528 1347 1527
f 1528 1527 1708
f 1708 1527 1707
f 1708 1707 1888
f 1888 1707 1887
f 1888 1887 2068
f 2068 1887 2067
f 2068 2067 2248
f 2248 2067 2247
f 2248 2247 2428
f 2428 2247 2427
f 2428 2427 2608
f 2608 2427 2607
f 2608 2607 2788
f 2788 2607 2787
f 2788 2787 2968
f 2968 2787 2967
f 2968 2967 3148
f 3148 2967 3147
f 3148 3147 3328
f 3328 3147 3327
f 3328 3327 3508
f 3508 3327 3507
f 3508 3507 3688
f 3688 3507 3687
f 3688 3687 3868
f 3868 3687 3867
f 3868 3867 4048
f 4048 3867 4047
f 4048 4047 4228
f 4228 4047 4227
f 4228 4227 4408
f 4408 4227 4407
f 4408 4407 4588
f 4588 4407 4587
f 4588 4587 4768
f 4768 4587 4767
f 4768 4767 4948
f 4948 4767 4947
f 4948 4947 5128
f 5128 4947 5127
f 5128 5127 5308
f 5308 5127 5307
f 5308 5307 5488
f 5488 5307 5487
f 5488 5487 5668
f 5668 5487 5667
f 5668 5667 5848
f 5848 5667 5847
f 5848 5847 6028
f 6028 5847 6027
f 6028 6027 6208
f 6208 6027 6207
f 6208 6207 6388
f 6388 6207 6387
f 6388 6387 6568
f 6568 6387 6567
f 6568 6567 6748
f 6748 6567 6747
f 6748 6747 6928
f 6928 6747 6927
f 6928 6927 7108
f 7108 6927 7107
f 7108 7107 7288
f 7288 7107 7287
f 7288 7287 7468
f 7468 7287 7467
f 7468 7467 7648
f 7648 7467 7647
f 7648 7647 7828
f 7828 7647 7827
f 7828 7827 8008
f 8008 7827 8007
f 8008 8007 8188
f 8188 8007 8187
f 8188 8187 8368
f 8368 8187 8367
f 8368 8367 8548
f 8548 8367 8547
f 8548 8547 8728
f 8728 8547 8727
f 8728 8727 8908
f 8908 8727 8907
f 8908 8907 9088
f 9088 8907 9087
f 9088 9087 9268
f 9268 9087 9267
f 9268 9267 9448
f 9448 9267 9447
f 9448 9447 9628
f 9628 9447 9627
f 9628 9627 9808
f 9808 9627 9807
f 9808 9807 9988
f 9988 9807 9987
f 9988 9987 10168
f 10168 9987 10167
f 10168 10167 10348
f 10348 10167 10347
f 10348 10347 10528
f 10528 10347 10527
f 10528 10527 10708
f 10708 10527 10707
f 10708 10707 10888
f 10888 10707 10887
f 10888 10887 11068
f 11068 10887 11067
f 11068 11067 11248
f 11248 11067 11247
f 11248 11247 11428
f 11428 11247 11427
f 11428 11427 11608
f 11608 11427 11607
f 11608 11607 11788
f 11788 11607 11787
f 11788 11787 11968
f 11968 11787 11967
f 11968 11967 12148
f 12148 11967 12147
f 12148 12147 12327
f 12148 12327 12328
f 12328 12327 12508
f 12508 12327 12507
f 12508 12507 12688
f 12688 12507 12687
f 12688 12687 12868
f 12868 12687 12867
f 12868 12867 13048
f 13048 12867 13047
f 13048 13047 13228
f 13228 13047 13227
f 13228 13227 13408
f 13408 13227 13407
f 13408 13407 13588
f 13588 13407 13587
f 13588 13587 13768
f 13768 13587 13767
f 13768 13767 13948
f 13948 13767 13947
f 13948 13947 14128
f 14128 13947 14127
f 14128 14127 14308
f 14308 14127 14307
f 14308 14307 14488
f 14488 14307 14487
f 14488 14487 14668
f 14668 14487 14667
f 14668 14667 14848
f 14848 14667 14847
f 14848 14847 15028
f 15028 14847 15027
f 15028 15027 15208
f 15208 15027 15207
f 15208 15207 15388
f 15388 15207 15387
f 15388 15387 15568
f 15568 15387 15567
f 15568 15567 15748
f 15748 15567 15747
f 15748 15747 15928
f 15928 15747 15927
f 15928 15927 16022
f 87 1 86
f 87 86 267
f 267 86 266
f 267 266 447
f 447 266 446
f 447 446 627
f 627 446 626
f 627 626 807
f 807 626 806
f 807 806 987
f 987 806 986
f 987 986 1167
f 1167 986 1166
f 1167 1166 1347
f 1347 1166 1346
f 1347 1346 1527
f 1527 1346 1526
f 1527 1526 1707
f 1707 1526 1706
f 1707 1706 1887
f 1887 1706 1886
f 1887 1886 2067
f 2067 1886 2066
f 2067 2066 2247
f 2247 2066 2246
f 2247 2246 2427
f 2427 2246 2426
f 2427 2426 2606
f 2427 2606 2607
f 2607 2606 2787
f 2787 2606 2786
f 2787 2786 2967
f 2967 2786 2966
f 2967 2966 3147
f 3147 2966 3146
f 3147 3146 3327
f 3327 3146 3326
f 3327 3326 3507
f 3507 3326 3506
f 3507 3506 3687
f 3687 3506 3686
f 3687 3686 3867
f 3867 3686 3866
f 3867 3866 4047
f 4047 3866 4046
f 4047 4046 4227
f 4227 4046 4226
f 4227 4226 4407
f 4407 4226 4406
f 4407 4406 4587
f 4587 4406 4586
f 4587 4586 4767
f 4767 4586 4766
f 4767 4766 4947
f 4947 4766 4946
f 4947 4946 5127
f 5127 4946 5126
f 5127 5126 5307
f 5307 5126 5306
f 5307 5306 5487
f 5487 5306 5486
f 5487 5486 5667
f 5667 5486 5666
f 5667 5666 5847
f 5847 5666 5846
f 5847 5846 6027
f 6027 5846 6026
f 6027 6026 6207
f 6207 6026 6206
f 6207 6206 6387
f 6387 6206 6386
f 6387 6386 6567
f 6567 6386 6566
f 6567 6566 6747
f 6747 6566 6746
f 6747 6746 6927
f 6927 6746 6926
f 6927 6926 7107
f 7107 6926 7106
f 7107 7106 7287
f 7287 7106 7286
f 7287 7286 7467
f 7467 7286 7466
f 7467 7466 7647
f 7647 7466 7646
f 7647 7646 7827
f 7827 7646 7826
f 7827 7826 8007
f 8007 7826 8006
f 8007 8006 8187
f 8187 8006 8186
f 8187 8186 8367
f 8367 8186 8366
f 8367 8366 8547
f 8547 8366 8546
f 8547 8546 8727
f 8727 8546 8726
f 8727 8726 8907
f 8907 8726 8906
f 8907 8906 9087
f 9087 8906 9086
f 9087 9086 9267
f 9267 9086 9266
f 9267 9266 9447
f 9447 9266 9446
f 9447 9446 9627
f 9627 9446 9626
f 9627 9626 9807
f 9807 9626 9806
f 9807 9806 9987
f 9987 9806 9986
f 9987 9986 10167
f 10167 9986 10166
f 10167 10166 10347
f 10347 10166 10346
f 10347 10346 10527
f 10527 10346 10526
f 10527 10526 10707
f 10707 10526 10706
f 10707 10706 10887
f 10887 10706 10886
f 10887 10886 11067
f 11067 10886 11066
f 11067 11066 11247
f 11247 11066 11246
f 11247 11246 11427
f 11427 11246 11426
f 11427 11426 11607
f 11607 11426 11606
f 11607 11606 11787
f 11787 11606 11786
f 11787 11786 11967
f 11967 11786 11966
f 11967 11966 12147
f 12147 11966 12146
f 12147 12146 12327
f 12327 12146 12326
f 12327 12326 12507
f 12507 12326 12506
f 12507 12506 12687
f 12687 12506 12686
f 12687 12686 12867
f 12867 12686 12866
f 12867 12866 13047
f 13047 12866 13046
f 13047 13046 13227
f 13227 13046 13226
f 13227 13226 13407
f 13407 13226 13406
f 13407 13406 13587
f 13587 13406 13586
f 13587 13586 13767
f 13767 13586 13766
f 13767 13766 13947
f 13947 13766 13946
f 13947 13946 14127
f 14127 13946 14126
f 14127 14126 14307
f 14307 14126 14306
f 14307 14306 14487
f 14487 14306 14486
f 14487 14486 14667
f 14667 14486 14666
f 14667 14666 14847
f 14847 14666 14846
f 14847 14846 15027
f 15027 14846 15026
f 15027 15026 15207
f 15207 15026 15206
f 15207 15206 15387
f 15387 15206 15386
f 15387 15386 15567
f 15567 15386 15566
f 15567 15566 15747
f 15747 15566 15746
f 15747 15746 15927
f 15927 15746 15926
f 15927 15926 16022
f 86 1 85
f 86 85 266
f 266 85 265
f 266 265 446
f 446 265 445
f 446 445 626
f 626 445 625
f 626 625 806
f 806 625 805
f 806 805 986
f 986 805 985
f 986 985 1166
f 1166 985 1165
f 1166 1165 1346
f 1346 1165 1345
f 1346 1345 1526
f 1526 1345 1525
f 1526 1525 1706
f 1706 1525 1705
f 1706 1705 1886
f 1886 1705 1885
f 1886 1885 2066
f 2066 1885 2065
f 2066 2065 2246
f 2246 2065 2245
f 2246 2245 2426
f 2426 2245 2425
f 2426 2425 2605
f 2426 2605 2606
f 2606 2605 2785
f 2606 2785 2786
f 2786 2785 2965
f 2786 2965 2966
f 2966 2965 3145
f 2966 3145 3146
f 3146 3145 3325
f 3146 3325 3326
f 3326 3325 3505
f 3326 3505 3506
f 3506 3505 3685
f 3506 3685 3686
f 3686 3685 3865
f 3686 3865 3866
f 3866 3865 4045
f 3866 4045 4046
f 4046 4045 4225
f 4046 4225 4226
f 4226 4225 4405
f 4226 4405 4406
f 4406 4405 4585
f 4406 4585 4586
f 4586 4585 4765
f 4586 4765 4766
f 4766 4765 4945
f 4766 4945 4946
f 4946 4945 5125
f 4946 5125 5126
f 5126 5125 5305
f 5126 5305 5306
f 5306 5305 5485
f 5306 5485 5486
f 5486 5485 5665
f 5486 5665 5666
f 5666 5665 5845
f 5666 5845 5846
f 5846 5845 6025
f 5846 6025 6026
f 6026 6025 6205
f 6026 6205 6206
f 6206 6205 6385
f 6206 6385 6386
f 6386 6385 6565
f 6386 6565 6566
f 6566 6565 6745
f 6566 6745 6746
f 6746 6745 6925
f 6746 6925 6926
f 6926 6925 7105
f 6926 7105 7106
f 7106 7105 7285
f 7106 7285 7286
f 7286 7285 7465
f 7286 7465 7466
f 7466 7465 7645
f 7466 7645 7646
f 7646 7645 7825
f 7646 7825 7826
f 7826 7825 8005
f 7826 8005 8006
f 8006 8005 8185
f 8006 8185 8186
f 8186 8185 8365
f 8186 8365 8366
f 8366 8365 8545
f 8366 8545 8546
f 8546 8545 8725
f 8546 8725 8726
f 8726 8725 8905
f 8726 8905 8906
f 8906 8905 9085
f 8906 9085 9086
f 9086 9085 9265
f 9086 9265 9266
f 9266 9265 9445
f 9266 9445 9446
f 9446 9445 9626
f 9626 9445 9625
f 9626 9625 9806
f 9806 9625 9805
f 9806 9805 9986
f 9986 9805 9985
f 9986 9985 10166
f 10166 9985 10165
f 10166 10165 10346
f 10346 10165 10345
f 10346 10345 10526
f 10526 10345 10525
f 10526 10525 10706
f 10706 10525 10705
f 10706 10705 10886
f 10886 10705 10885
f 10886 10885 11066
f 11066 10885 11065
f 11066 11065 11246
f 11246 11065 11245
f 11246 11245 11426
f 11426 11245 11425
f 11426 11425 11606
f 11606 11425 11605
f 11606 11605 11786
f 11786 11605 11785
f 11786 11785 11966
f 11966 11785 11965
f 11966 11965 12146
f 12146 11965 12145
f 12146 12145 12326
f 12326 12145 12325
f 12326 12325 12506
f 12506 12325 12505
f 12506 12505 12686
f 12686 12505 12685
f 12686 12685 12866
f 12866 12685 12865
f 12866 12865 13046
f 13046 12865 13045
f 13046 13045 13226
f 13226 13045 13225
f 13226 13225 13406
f 13406 13225 13405
f 13406 13405 13586
f 13586 13405 13585
f 13586 13585 13766
f 13766 13585 13765
f 13766 13765 13946
f 13946 13765 13945
f 13946 13945 14126
f 14126 13945 14125
f 14126 14125 14306
f 14306 14125 14305
f 14306 14305 14486
f 14486 14305 14485
f 14486 14485 14666
f 14666 14485 14665
f 14666 14665 14846
f 14846 14665 14845
f 14846 14845 15026
f 15026 14845 15025
f 15026 15025 15206
f 15206 15025 15205
f 15206 15205 15386
f 15386 15205 15385
f 15386 15385 15566
f 15566 15385 15565
f 15566 15565 15746
f 15746 15565 15745
f 15746 15745 15926
f 15926 15745 15925
f 15926 15925 16022
f 85 1 84
f 85 84 265
f 265 84 264
f 265 264 445
f 445 264 444
f 445 444 625
f 625 444 624
f 625 624 805
f 805 624 804
f 805 804 985
f 985 804 984
f 985 984 1165
f 1165 984 1164
f 1165 1164 1345
f 1345 1164 1344
f 1345 1344 1525
f 1525 1344 1524
f 1525 1524 1705
f 1705 1524 1704
f 1705 1704 1885
f 1885 1704 1884
f 1885 1884 2065
f 2065 1884 2064
f 2065 2064 2245
f 2245 2064 2244
f 2245 2244 2425
f 2425 2244 2424
f 2425 2424 2605
f 2605 2424 2604
f 2605 2604 2785
f 2785 2604 2784
f 2785 2784 2965
f 2965 2784 2964
f 2965 2964 3145
f 3145 2964 3144
f 3145 3144 3325
f 3325 3144 3324
f 3325 3324 3505
f 3505 3324 3504
f 3505 3504 3685
f 3685 3504 3684
f 3685 3684 3865
f 3865 3684 3864
f 3865 3864 4045
f 4045 3864 4044
f 4045 4044 4225
f 4225 4044 4224
f 4225 4224 4405
f 4405 4224 4404
f 4405 4404 4585
f 4585 4404 4584
f 4585 4584 4765
f 4765 4584 4764
f 4765 4764 4945
f 4945 4764 4944
f 4945 4944 5125
f 5125 4944 5124
f 5125 5124 5305
f 5305 5124 5304
f 5305 5304 5485
f 5485 5304 5484
f 5485 5484 5665
f 5665 5484 5664
f 5665 5664 5845
f 5845 5664 5844
f 5845 5844 6025
f 6025 5844 6024
f 6025 6024 6205
f 6205 6024 6204
f 6205 6204 6385
f 6385 6204 6384
f 6385 6384 6565
f 6565 6384 6564
f 6565 6564 6745
f 6745 6564 6744
f 6745 6744 6925
f 6925 6744 6924
f 6925 6924 7105
f 7105 6924 7104
f 7105 7104 7285
f 7285 7104 7284
f 7285 7284 7465
f 7465 7284 7464
f 7465 7464 7645
f 7645 7464 7644
f 7645 7644 7825
f 7825 7644 7824
f 7825 7824 8005
f 8005 7824 8004
f 8005 8004 8185
f 8185 8004 8184
f 8185 8184 8365
f 8365 8184 8364
f 8365 8364 8545
f 8545 8364 8544
f 8545 8544 8725
f 8725 8544 8724
f 8725 8724 8905
f 8905 8724 8904
f 8905 8904 9085
f 9085 8904 9084
f 9085 9084 9265
f 9265 9084 9264
f 9265 9264 9444
f 9265 9444 9445
f 9445 9444 9624
f 9445 9624 9625
f 9625 9624 9804
f 9625 9804 9805
f 9805 9804 9984
f 9805 9984 9985
f 9985 9984 10164
f 9985 10164 10165
f 10165 10164 10344
f 10165 10344 10345
f 10345 10344 10524
f 10345 10524 10525
f 10525 10524 10704
f 10525 10704 10705
f 10705 10704 10884
f 10705 10884 10885
f 10885 10884 11064
f 10885 11064 11065
f 11065 11064 11244
f 11065 11244 11245
f 11245 11244 11424
f 11245 11424 11425
f 11425 11424 11604
f 11425 11604 11605
f 11605 11604 11784
f 11605 11784 11785
f 11785 11784 11964
f 11785 11964 11965
f 11965 11964 12144
f 11965 12144 12145
f 12145 12144 12324
f 12145 12324 12325
f 12325 12324 12504
f 12325 12504 12505
f 12505 12504 12684
f 12505 12684 12685
f 12685 12684 12864
f 12685 12864 12865
f 12865 12864 13044
f 12865 13044 13045
f 13045 13044 13224
f 13045 13224 13225
f 13225 13224 13404
f 13225 13404 13405
f 13405 13404 13584
f 13405 13584 13585
f 13585 13584 13764
f 13585 13764 13765
f 13765 13764 13944
f 13765 13944 13945
f 13945 13944 14124
f 13945 14124 14125
f 14125 14124 14304
f 14125 14304 14305
f 14305 14304 14484
f 14305 14484 14485
f 14485 14484 14664
f 14485 14664 14665
f 14665 14664 14844
f 14665 14844 14845
f 14845 14844 15024
f 14845 15024 15025
f 15025 15024 15204
f 15025 15204 15205
f 15205 15204 15384
f 15205 15384 15385
f 15385 15384 15564
f 15385 15564 15565
f 15565 15564 15744
f 15565 15744 15745
f 15745 15744 15924
f 15745 15924 15925
f 15925 15924 16022
f 84 1 83
f 84 83 264
f 264 83 263
f 264 263 444
f 444 263 443
f 444 443 624
f 624 443 623
f 624 623 804
f 804 623 803
f 804 803 984
f 984 803 983
f 984 983 1164
f 1164 983 1163
f 1164 1163 1344
f 1344 1163 1343
f 1344 1343 1524
f 1524 1343 1523
f 1524 1523 1704
f 1704 1523 1703
f 1704 1703 1884
f 1884 1703 1883
f 1884 1883 2064
f 2064 1883 2063
f 2064 2063 2244
f 2244 2063 2243
f 2244 2243 2424
f 2424 2243 2423
f 2424 2423 2604
f 2604 2423 2603
f 2604 2603 2784
f 2784 2603 2783
f 2784 2783 2964
f 2964 2783 2963
f 2964 2963 3144
f 3144 2963 3143
f 3144 3143 3324
f 3324 3143 3323
f 3324 3323 3504
f 3504 3323 3503
f 3504 3503 3684
f 3684 3503 3683
f 3684 3683 3864
f 3864 3683 3863
f 3864 3863 4044
f 4044 3863 4043
f 4044 4043 4224
f 4224 4043 4223
f 4224 4223 4404
f 4404 4223 4403
f 4404 4403 4584
f 4584 4403 4583
f 4584 4583 4764
f 4764 4583 4763
f 4764 4763 4944
f 4944 4763 4943
f 4944 4943 5124
f 5124 4943 5123
f 5124 5123 5304
f 5304 5123 5303
f 5304 5303 5484
f 5484 5303 5483
f 5484 5483 5664
f 5664 5483 5663
f 5664 5663 5844
f 5844 5663 5843
f 5844 5843 6024
f 6024 5843 6023
f 6024 6023 6204
f 6204 6023 6203
f 6204 6203 6384
f 6384 6203 6383
f 6384 6383 6564
f 6564 6383 6563
f 6564 6563 6744
f 6744 6563 6743
f 6744 6743 6924
f 6924 6743 6923
f 6924 6923 7104
f 7104 6923 7103
f 7104 7103 7284
f 7284 7103 7283
f 7284 7283 7464
f 7464 7283 7463
f 7464 7463 7644
f 7644 7463 7643
f 7644 7643 7824
f 7824 7643 7823
f 7824 7823 8004
f 8004 7823 8003
f 8004 8003 8184
f 8184 8003 8183
f 8184 8183 8364
f 8364 8183 8363
f 8364 8363 8544
f 8544 8363 8543
f 8544 8543 8724
f 8724 8543 8723
f 8724 8723 8904
f 8904 8723 8903
f 8904 8903 9084
f 9084 8903 9083
f 9084 9083 9264
f 9264 9083 9263
f 9264 9263 9444
f 9444 9263 9443
f 9444 9443 9624
f 9624 9443 9623
f 9624 9623 9804
f 9804 9623 9803
f 9804 9803 9984
f 9984 9803 9983
f 9984 9983 10164
f 10164 9983 10163
f 10164 10163 10344
f 10344 10163 10343
f 10344 10343 10524
f 10524 10343 10523
f 10524 10523 10704
f 10704 10523 10703
f 10704 10703 10884
f 10884 10703 10883
f 10884 10883 11064
f 11064 10883 11063
f 11064 11063 11244
f 11244 11063 11243
f 11244 11243 11424
f 11424 11243 11423
f 11424 11423 11604
f 11604 11423 11603
f 11604 11603 11784
f 11784 11603 11783
f 11784 11783 11964
f 11964 11783 11963
f 11964 11963 12144
f 12144 11963 12143
f 12144 12143 12324
f 12324 12143 12323
f 12324 12323 12504
f 12504 12323 12503
f 12504 12503 12684
f 12684 12503 12683
f 12684 12683 12864
f 12864 12683 12863
f 12864 12863 13044
f 13044 12863 13043
f 13044 13043 13224
f 13224 13043 13223
f 13224 13223 13404
f 13404 13223 13403
f 13404 13403 13584
f 13584 13403 13583
f 13584 13583 13764
f 13764 13583 13763
f 13764 13763 13944
f 13944 13763 13943
f 13944 13943 14124
f 14124 13943 14123
f 14124 14123 14304
f 14304 14123 14303
f 14304 14303 14484
f 14484 14303 14483
f 14484 14483 14664
f 14664 14483 14663
f 14664 14663 14844
f 14844 14663 14843
f 14844 14843 15024
f 15024 14843 15023
f 15024 15023 15204
f 15204 15023 15203
f 15204 15203 15384
f 15384 15203 15383
f 15384 15383 15564
f 15564 15383 15563
f 15564 15563 15744
f 15744 15563 15743
f 15744 15743 15924
f 15924 15743 15923
f 15924 15923 16022
f 1 82 83
f 83 82 262
f 83 262 263
f 263 262 442
f 263 442 443
f 443 442 622
f 443 622 623
f 623 622 802
f 623 802 803
f 803 802 982
f 803 982 983
f 983 982 1162
f 983 1162 1163
f 1163 1162 1342
f 1163 1342 1343
f 1343 1342 1522
f 1343 1522 1523
f 1523 1522 1702
f 1523 1702 1703
f 1703 1702 1882
f 1703 1882 1883
f 1883 1882 2062
f 1883 2062 2063
f 2063 2062 2242
f 2063 2242 2243
f 2243 2242 2422
f 2243 2422 2423
f 2423 2422 2602
f 2423 2602 2603
f 2603 2602 2782
f 2603 2782 2783
f 2783 2782 2962
f 2783 2962 2963
f 2963 2962 3142
f 2963 3142 3143
f 3143 3142 3322
f 3143 3322 3323
f 3323 3322 3502
f 3323 3502 3503
f 3503 3502 3682
f 3503 3682 3683
f 3683 3682 3862
f 3683 3862 3863
f 3863 3862 4042
f 3863 4042 4043
f 4043 4042 4222
f 4043 4222 4223
f 4223 4222 4402
f 4223 4402 4403
f 4403 4402 4582
f 4403 4582 4583
f 4583 4582 4762
f 4583 4762 4763
f 4763 4762 4942
f 4763 4942 4943
f 4943 4942 5122
f 4943 5122 5123
f 5123 5122 5302
f 5123 5302 5303
f 5303 5302 5482
f 5303 5482 5483
f 5483 5482 5662
f 5483 5662 5663
f 5663 5662 5842
f 5663 5842 5843
f 5843 5842 6022
f 5843 6022 6023
f 6023 6022 6202
f 6023 6202 6203
f 6203 6202 6382
f 6203 6382 6383
f 6383 6382 6562
f 6383 6562 6563
f 6563 6562 6742
f 6563 6742 6743
f 6743 6742 6923
f 6923 6742 6922
f 6923 6922 7103
f 7103 6922 7102
f 7103 7102 7283
f 7283 7102 7282
f 7283 7282 7463
f 7463 7282 7462
f 7463 7462 7643
f 7643 7462 7642
f 7643 7642 7823
f 7823 7642 7822
f 7823 7822 8003
f 8003 7822 8002
f 8003 8002 8183
f 8183 8002 8182
f 8183 8182 8363
f 8363 8182 8362
f 8363 8362 8543
f 8543 8362 8542
f 8543 8542 8723
f 8723 8542 8722
f 8723 8722 8903
f 8903 8722 8902
f 8903 8902 9083
f 9083 8902 9082
f 9083 9082 9263
f 9263 9082 9262
f 9263 9262 9443
f 9443 9262 9442
f 9443 9442 9623
f 9623 9442 9622
f 9623 9622 9803
f 9803 9622 9802
f 9803 9802 9983
f 9983 9802 9982
f 9983 9982 10163
f 10163 9982 10162
f 10163 10162 10343
f 10343 10162 10342
f 10343 10342 10523
f 10523 10342 10522
f 10523 10522 10703
f 10703 10522 10702
f 10703 10702 10883
f 10883 10702 10882
f 10883 10882 11063
f 11063 10882 11062
f 11063 11062 11243
f 11243 11062 11242
f 11243 11242 11423
f 11423 11242 11422
f 11423 11422 11603
f 11603 11422 11602
f 11603 11602 11783
f 11783 11602 11782
f 11783 11782 11963
f 11963 11782 11962
f 11963 11962 12143
f 12143 11962 12142
f 12143 12142 12323
f 12323 12142 12322
f 12323 12322 12503
f 12503 12322 12502
f 12503 12502 12683
f 12683 12502 12682
f 12683 12682 12863
f 12863 12682 12862
f 12863 12862 13043
f 13043 12862 13042
f 13043 13042 13223
f 13223 13042 13222
f 13223 13222 13403
f 13403 13222 13402
f 13403 13402 13583
f 13583 13402 13582
f 13583 13582 13763
f 13763 13582 13762
f 13763 13762 13943
f 13943 13762 13942
f 13943 13942 14123
f 14123 13942 14122
f 14123 14122 14303
f 14303 14122 14302
f 14303 14302 14483
f 14483 14302 14482
f 14483 14482 14663
f 14663 14482 14662
f 14663 14662 14843
f 14843 14662 14842
f 14843 14842 15023
f 15023 14842 15022
f 15023 15022 15203
f 15203 15022 15202
f 15203 15202 15383
f 15383 15202 15382
f 15383 15382 15563
f 15563 15382 15562
f 15563 15562 15743
f 15743 15562 15742
f 15743 15742 15923
f 15923 15742 15922
f 15923 15922 16022
f 82 1 81
f 82 81 262
f 262 81 261
f 262 261 442
f 442 261 441
f 442 441 622
f 622 441 621
f 622 621 802
f 802 621 801
f 802 801 982
f 982 801 981
f 982 981 1162
f 1162 981 1161
f 1162 1161 1342
f 1342 1161 1341
f 1342 1341 1522
f 1522 1341 1521
f 1522 1521 1702
f 1702 1521 1701
f 1702 1701 1882
f 1882 1701 1881
f 1882 1881 2062
f 2062 1881 2061
f 2062 2061 2242
f 2242 2061 2241
f 2242 2241 2422
f 2422 2241 2421
f 2422 2421 2602
f 2602 2421 2601
f 2602 2601 2782
f 2782 2601 2781
f 2782 2781 2962
f 2962 2781 2961
f 2962 2961 3142
f 3142 2961 3141
f 3142 3141 3322
f 3322 3141 3321
f 3322 3321 3502
f 3502 3321 3501
f 3502 3501 3682
f 3682 3501 3681
f 3682 3681 3862
f 3862 3681 3861
f 3862 3861 4042
f 4042 3861 4041
f 4042 4041 4222
f 4222 4041 4221
f 4222 4221 4402
f 4402 4221 4401
f 4402 4401 4582
f 4582 4401 4581
f 4582 4581 4762
f 4762 4581 4761
f 4762 4761 4942
f 4942 4761 4941
f 4942 4941 5122
f 5122 4941 5121
f 5122 5121 5302
f 5302 5121 5301
f 5302 5301 5482
f 5482 5301 5481
f 5482 5481 5662
f 5662 5481 5661
f 5662 5661 5842
f 5842 5661 5841
f 5842 5841 6022
f 6022 5841 6021
f 6022 6021 6202
f 6202 6021 6201
f 6202 6201 6382
f 6382 6201 6381
f 6382 6381 6562
f 6562 6381 6561
f 6562 6561 6741
f 6562 6741 6742
f 6742 6741 6921
f 6742 6921 6922
f 6922 6921 7101
f 6922 7101 7102
f 7102 7101 7281
f 7102 7281 7282
f 7282 7281 7461
f 7282 7461 7462
f 7462 7461 7641
f 7462 7641 7642
f 7642 7641 7821
f 7642 7821 7822
f 7822 7821 8001
f 7822 8001 8002
f 8002 8001 8181
f 8002 8181 8182
f 8182 8181 8361
f 8182 8361 8362
f 8362 8361 8541
f 8362 8541 8542
f 8542 8541 8721
f 8542 8721 8722
f 8722 8721 8901
f 8722 8901 8902
f 8902 8901 9081
f 8902 9081 9082
f 9082 9081 9261
f 9082 9261 9262
f 9262 9261 9441
f 9262 9441 9442
f 9442 9441 9621
f 9442 9621 9622
f 9622 9621 9801
f 9622 9801 9802
f 9802 9801 9981
f 9802 9981 9982
f 9982 9981 10161
f 9982 10161 10162
f 10162 10161 10341
f 10162 10341 10342
f 10342 10341 10521
f 10342 10521 10522
f 10522 10521 10701
f 10522 10701 10702
f 10702 10701 10881
f 10702 10881 10882
f 10882 10881 11061
f 10882 11061 11062
f 11062 11061 11241
f 11062 11241 11242
f 11242 11241 11421
f 11242 11421 11422
f 11422 11421 11601
f 11422 11601 11602
f 11602 11601 11781
f 11602 11781 11782
f 11782 11781 11961
f 11782 11961 11962
f 11962 11961 12141
f 11962 12141 12142
f 12142 12141 12321
f 12142 12321 12322
f 12322 12321 12501
f 12322 12501 12502
f 12502 12501 12681
f 12502 12681 12682
f 12682 12681 12861
f 12682 12861 12862
f 12862 12861 13041
f 12862 13041 13042
f 13042 13041 13221
f 13042 13221 13222
f 13222 13221 13401
f 13222 13401 13402
f 13402 13401 13582
f 13582 13401 13581
f 13582 13581 13762
f 13762 13581 13761
f 13762 13761 13942
f 13942 13761 13941
f 13942 13941 14122
f 14122 13941 14121
f 14122 14121 14302
f 14302 14121 14301
f 14302 14301 14482
f 14482 14301 14481
f 14482 14481 14662
f 14662 14481 14661
f 14662 14661 14842
f 14842 14661 14841
f 14842 14841 15022
f 15022 14841 15021
f 15022 15021 15202
f 15202 15021 15201
f 15202 15201 15382
f 15382 15201 15381
f 15382 15381 15562
f 15562 15381 15561
f 15562 15561 15742
f 15742 15561 15741
f 15742 15741 15922
f 15922 15741 15921
f 15922 15921 16022
f 81 1 80
f 81 80 261
f 261 80 260
f 261 260 441
f 441 260 440
f 441 440 621
f 621 440 620
f 621 620 801
f 801 620 800
f 801 800 981
f 981 800 980
f 981 980 1161
f 1161 980 1160
f 1161 1160 1341
f 1341 1160 1340
f 1341 1340 1521
f 1521 1340 1520
f 1521 1520 1701
f 1701 1520 1700
f 1701 1700 1881
f 1881 1700 1880
f 1881 1880 2061
f 2061 1880 2060
f 2061 2060 2241
f 2241 2060 2240
f 2241 2240 2421
f 2421 2240 2420
f 2421 2420 2601
f 2601 2420 2600
f 2601 2600 2781
f 2781 2600 2780
f 2781 2780 2961
f 2961 2780 2960
f 2961 2960 3141
f 3141 2960 3140
f 3141 3140 3321
f 3321 3140 3320
f 3321 3320 3501
f 3501 3320 3500
f 3501 3500 3681
f 3681 3500 3680
f 3681 3680 3861
f 3861 3680 3860
f 3861 3860 4041
f 4041 3860 4040
f 4041 4040 4221
f 4221 4040 4220
f 4221 4220 4401
f 4401 4220 4400
f 4401 4400 4581
f 4581 4400 4580
f 4581 4580 4761
f 4761 4580 4760
f 4761 4760 4941
f 4941 4760 4940
f 4941 4940 5121
f 5121 4940 5120
f 5121 5120 5301
f 5301 5120 5300
f 5301 5300 5481
f 5481 5300 5480
f 5481 5480 5661
f 5661 5480 5660
f 5661 5660 5841
f 5841 5660 5840
f 5841 5840 6021
f 6021 5840 6020
f 6021 6020 6201
f 6201 6020 6200
f 6201 6200 6381
f 6381 6200 6380
f 6381 6380 6561
f 6561 6380 6560
f 6561 6560 6741
f 6741 6560 6740
f 6741 6740 6921
f 6921 6740 6920
f 6921 6920 7101
f 7101 6920 7100
f 7101 7100 7281
f 7281 7100 7280
f 7281 7280 7461
f 7461 7280 7460
f 7461 7460 7641
f 7641 7460 7640
f 7641 7640 7821
f 7821 7640 7820
f 7821 7820 8001
f 8001 7820 8000
f 8001 8000 8181
f 8181 8000 8180
f 8181 8180 8361
f 8361 8180 8360
f 8361 8360 8541
f 8541 8360 8540
f 8541 8540 8721
f 8721 8540 8720
f 8721 8720 8901
f 8901 8720 8900
f 8901 8900 9081
f 9081 8900 9080
f 9081 9080 9261
f 9261 9080 9260
f 9261 9260 9441
f 9441 9260 9440
f 9441 9440 9621
f 9621 9440 9620
f 9621 9620 9801
f 9801 9620 9800
f 9801 9800 9981
f 9981 9800 9980
f 9981 9980 10161
f 10161 9980 10160
f 10161 10160 10341
f 10341 10160 10340
f 10341 10340 10521
f 10521 10340 10520
f 10521 10520 10701
f 10701 10520 10700
f 10701 10700 10881
f 10881 10700 10880
f 10881 10880 11061
f 11061 10880 11060
f 11061 11060 11241
f 11241 11060 11240
f 11241 11240 11421
f 11421 11240 11420
f 11421 11420 11601
f 11601 11420 11600
f 11601 11600 11781
f 11781 11600 11780
f 11781 11780 11961
f 11961 11780 11960
f 11961 11960 12141
f 12141 11960 12140
f 12141 12140 12321
f 12321 12140 12320
f 12321 12320 12501
f 12501 12320 12500
f 12501 12500 12681
f 12681 12500 12680
f 12681 12680 12861
f 12861 12680 12860
f 12861 12860 13041
f 13041 12860 13040
f 13041 13040 13221
f 13221 13040 13220
f 13221 13220 13400
f 13221 13400 13401
f 13401 13400 13581
f 13581 13400 13580
f 13581 13580 13761
f 13761 13580 13760
f 13761 13760 13941
f 13941 13760 13940
f 13941 13940 14121
f 14121 13940 14120
f 14121 14120 14301
f 14301 14120 14300
f 14301 14300 14481
f 14481 14300 14480
f 14481 14480 14661
f 14661 14480 14660
f 14661 14660 14841
f 14841 14660 14840
f 14841 14840 15021
f 15021 14840 15020
f 15021 15020 15201
f 15201 15020 15200
f 15201 15200 15381
f 15381 15200 15380
f 15381 15380 15561
f 15561 15380 15560
f 15561 15560 15741
f 15741 15560 15740
f 15741 15740 15921
f 15921 15740 15920
f 15921 15920 16022
f 80 1 79
f 80 79 260
f 260 79 259
f 260 259 440
f 440 259 439
f 440 439 620
f 620 439 619
f 620 619 800
f 800 619 799
f 800 799 980
f 980 799 979
f 980 979 1160
f 1160 979 1159
f 1160 1159 1340
f 1340 1159 1339
f 1340 1339 1520
f 1520 1339 1519
f 1520 1519 1700
f 1700 1519 1699
f 1700 1699 1880
f 1880 1699 1879
f 1880 1879 2060
f 2060 1879 2059
f 2060 2059 2240
f 2240 2059 2239
f 2240 2239 2420
f 2420 2239 2419
f 2420 2419 2600
f 2600 2419 2599
f 2600 2599 2780
f 2780 2599 2779
f 2780 2779 2960
f 2960 2779 2959
f 2960 2959 3140
f 3140 2959 3139
f 3140 3139 3320
f 3320 3139 3319
f 3320 3319 3500
f 3500 3319 3499
f 3500 3499 3680
f 3680 3499 3679
f 3680 3679 3859
f 3680 3859 3860
f 3860 3859 4040
f 4040 3859 4039
f 4040 4039 4220
f 4220 4039 4219
f 4220 4219 4400
f 4400 4219 4399
f 4400 4399 4580
f 4580 4399 4579
f 4580 4579 4760
f 4760 4579 4759
f 4760 4759 4940
f 4940 4759 4939
f 4940 4939 5120
f 5120 4939 5119
f 5120 5119 5300
f 5300 5119 5299
f 5300 5299 5480
f 5480 5299 5479
f 5480 5479 5660
f 5660 5479 5659
f 5660 5659 5840
f 5840 5659 5839
f 5840 5839 6020
f 6020 5839 6019
f 6020 6019 6200
f 6200 6019 6199
f 6200 6199 6380
f 6380 6199 6379
f 6380 6379 6560
f 6560 6379 6559
f 6560 6559 6740
f 6740 6559 6739
f 6740 6739 6920
f 6920 6739 6919
f 6920 6919 7100
f 7100 6919 7099
f 7100 7099 7280
f 7280 7099 7279
f 7280 7279 7460
f 7460 7279 7459
f 7460 7459 7640
f 7640 7459 7639
f 7640 7639 7820
f 7820 7639 7819
f 7820 7819 8000
f 8000 7819 7999
f 8000 7999 8180
f 8180 7999 8179
f 8180 8179 8360
f 8360 8179 8359
f 8360 8359 8540
f 8540 8359 8539
f 8540 8539 8720
f 8720 8539 8719
f 8720 8719 8900
f 8900 8719 8899
f 8900 8899 9080
f 9080 8899 9079
f 9080 9079 9260
f 9260 9079 9259
f 9260 9259 9440
f 9440 9259 9439
f 9440 9439 9620
f 9620 9439 9619
f 9620 9619 9800
f 9800 9619 9799
f 9800 9799 9980
f 9980 9799 9979
f 9980 9979 10160
f 10160 9979 10159
f 10160 10159 10340
f 10340 10159 10339
f 10340 10339 10520
f 10520 10339 10519
f 10520 10519 10700
f 10700 10519 10699
f 10700 10699 10880
f 10880 10699 10879
f 10880 10879 11060
f 11060 10879 11059
f 11060 11059 11240
f 11240 11059 11239
f 11240 11239 11420
f 11420 11239 11419
f 11420 11419 11600
f 11600 11419 11599
f 11600 11599 11780
f 11780 11599 11779
f 11780 11779 11960
f 11960 11779 11959
f 11960 11959 12140
f 12140 11959 12139
f 12140 12139 12320
f 12320 12139 12319
f 12320 12319 12500
f 12500 12319 12499
f 12500 12499 12680
f 12680 12499 12679
f 12680 12679 12860
f 12860 12679 12859
f 12860 12859 13040
f 13040 12859 13039
f 13040 13039 13220
f 13220 13039 13219
f 13220 13219 13400
f 13400 13219 13399
f 13400 13399 13580
f 13580 13399 13579
f 13580 13579 13760
f 13760 13579 13759
f 13760 13759 13940
f 13940 13759 13939
f 13940 13939 14120
f 14120 13939 14119
f 14120 14119 14300
f 14300 14119 14299
f 14300 14299 14480
f 14480 14299 14479
f 14480 14479 14660
f 14660 14479 14659
f 14660 14659 14840
f 14840 14659 14839
f 14840 14839 15020
f 15020 14839 15019
f 15020 15019 15200
f 15200 15019 15199
f 15200 15199 15380
f 15380 15199 15379
f 15380 15379 15560
f 15560 15379 15559
f 15560 15559 15740
f 15740 15559 15739
f 15740 15739 15920
f 15920 15739 15919
f 15920 15919 16022
f 79 1 78
f 79 78 259
f 259 78 258
f 259 258 439
f 439 258 438
f 439 438 619
f 619 438 618
f 619 618 799
f 799 618 798
f 799 798 979
f 979 798 978
f 979 978 1159
f 1159 978 1158
f 1159 1158 1339
f 1339 1158 1338
f 1339 1338 1519
f 1519 1338 1518
f 1519 1518 1699
f 1699 1518 1698
f 1699 1698 1879
f 1879 1698 1878
f 1879 1878 2059
f 2059 1878 2058
f 2059 2058 2239
f 2239 2058 2238
f 2239 2238 2419
f 2419 2238 2418
f 2419 2418 2599
f 2599 2418 2598
f 2599 2598 2779
f 2779 2598 2778
f 2779 2778 2959
f 2959 2778 2958
f 2959 2958 3139
f 3139 2958 3138
f 3139 3138 3319
f 3319 3138 3318
f 3319 3318 3499
f 3499 3318 3498
f 3499 3498 3679
f 3679 3498 3678
f 3679 3678 3858
f 3679 3858 3859
f 3859 3858 4038
f 3859 4038 4039
f 4039 4038 4218
f 4039 4218 4219
f 4219 4218 4398
f 4219 4398 4399
f 4399 4398 4578
f 4399 4578 4579
f 4579 4578 4758
f 4579 4758 4759
f 4759 4758 4938
f 4759 4938 4939
f 4939 4938 5118
f 4939 5118 5119
f 5119 5118 5298
f 5119 5298 5299
f 5299 5298 5478
f 5299 5478 5479
f 5479 5478 5658
f 5479 5658 5659
f 5659 5658 5838
f 5659 5838 5839
f 5839 5838 6018
f 5839 6018 6019
f 6019 6018 6198
f 6019 6198 6199
f 6199 6198 6378
f 6199 6378 6379
f 6379 6378 6558
f 6379 6558 6559
f 6559 6558 6738
f 6559 6738 6739
f 6739 6738 6918
f 6739 6918 6919
f 6919 6918 7098
f 6919 7098 7099
f 7099 7098 7278
f 7099 7278 7279
f 7279 7278 7458
f 7279 7458 7459
f 7459 7458 7638
f 7459 7638 7639
f 7639 7638 7818
f 7639 7818 7819
f 7819 7818 7998
f 7819 7998 7999
f 7999 7998 8178
f 7999 8178 8179
f 8179 8178 8358
f 8179 8358 8359
f 8359 8358 8538
f 8359 8538 8539
f 8539 8538 8718
f 8539 8718 8719
f 8719 8718 8898
f 8719 8898 8899
f 8899 8898 9078
f 8899 9078 9079
f 9079 9078 9258
f 9079 9258 9259
f 9259 9258 9438
f 9259 9438 9439
f 9439 9438 9618
f 9439 9618 9619
f 9619 9618 9798
f 9619 9798 9799
f 9799 9798 9978
f 9799 9978 9979
f 9979 9978 10158
f 9979 10158 10159
f 10159 10158 10338
f 10159 10338 10339
f 10339 10338 10518
f 10339 10518 10519
f 10519 10518 10698
f 10519 10698 10699
f 10699 10698 10879
f 10879 10698 10878
f 10879 10878 11059
f 11059 10878 11058
f 11059 11058 11239
f 11239 11058 11238
f 11239 11238 11419
f 11419 11238 11418
f 11419 11418 11599
f 11599 11418 11598
f 11599 11598 11779
f 11779 11598 11778
f 11779 11778 11959
f 11959 11778 11958
f 11959 11958 12139
f 12139 11958 12138
f 12139 12138 12319
f 12319 12138 12318
f 12319 12318 12499
f 12499 12318 12498
f 12499 12498 12679
f 12679 12498 12678
f 12679 12678 12859
f 12859 12678 12858
f 12859 12858 13039
f 13039 12858 13038
f 13039 13038 13219
f 13219 13038 13218
f 13219 13218 13399
f 13399 13218 13398
f 13399 13398 13579
f 13579 13398 13578
f 13579 13578 13759
f 13759 13578 13758
f 13759 13758 13939
f 13939 13758 13938
f 13939 13938 14119
f 14119 13938 14118
f 14119 14118 14299
f 14299 14118 14298
f 14299 14298 14479
f 14479 14298 14478
f 14479 14478 14659
f 14659 14478 14658
f 14659 14658 14839
f 14839 14658 14838
f 14839 14838 15019
f 15019 14838 15018
f 15019 15018 15199
f 15199 15018 15198
f 15199 15198 15379
f 15379 15198 15378
f 15379 15378 15559
f 15559 15378 15558
f 15559 15558 15739
f 15739 15558 15738
f 15739 15738 15919
f 15919 15738 15918
f 15919 15918 16022
f 78 1 77
f 78 77 258
f 258 77 257
f 258 257 438
f 438 257 437
f 438 437 618
f 618 437 617
f 618 617 798
f 798 617 797
f 798 797 978
f 978 797 977
f 978 977 1158
f 1158 977 1157
f 1158 1157 1338
f 1338 1157 1337
f 1338 1337 1518
f 1518 1337 1517
f 1518 1517 1698
f 1698 1517 1697
f 1698 1697 1878
f 1878 1697 1877
f 1878 1877 2058
f 2058 1877 2057
f 2058 2057 2238
f 2238 2057 2237
f 2238 2237 2418
f 2418 2237 2417
f 2418 2417 2598
f 2598 2417 2597
f 2598 2597 2778
f 2778 2597 2777
f 2778 2777 2958
f 2958 2777 2957
f 2958 2957 3138
f 3138 2957 3137
f 3138 3137 3318
f 3318 3137 3317
f 3318 3317 3498
f 3498 3317 3497
f 3498 3497 3678
f 3678 3497 3677
f 3678 3677 3858
f 3858 3677 3857
f 3858 3857 4038
f 4038 3857 4037
f 4038 4037 4218
f 4218 4037 4217
f 4218 4217 4398
f 4398 4217 4397
f 4398 4397 4578
f 4578 4397 4577
f 4578 4577 4758
f 4758 4577 4757
f 4758 4757 4938
f 4938 4757 4937
f 4938 4937 5118
f 5118 4937 5117
f 5118 5117 5298
f 5298 5117 5297
f 5298 5297 5478
f 5478 5297 5477
f 5478 5477 5658
f 5658 5477 5657
f 5658 5657 5838
f 5838 5657 5837
f 5838 5837 6018
f 6018 5837 6017
f 6018 6017 6198
f 6198 6017 6197
f 6198 6197 6378
f 6378 6197 6377
f 6378 6377 6558
f 6558 6377 6557
f 6558 6557 6738
f 6738 6557 6737
f 6738 6737 6918
f 6918 6737 6917
f 6918 6917 7098
f 7098 6917 7097
f 7098 7097 7278
f 7278 7097 7277
f 7278 7277 7458
f 7458 7277 7457
f 7458 7457 7638
f 7638 7457 7637
f 7638 7637 7818
f 7818 7637 7817
f 7818 7817 7998
f 7998 7817 7997
f 7998 7997 8178
f 8178 7997 8177
f 8178 8177 8358
f 8358 8177 8357
f 8358 8357 8538
f 8538 8357 8537
f 8538 8537 8718
f 8718 8537 8717
f 8718 8717 8898
f 8898 8717 8897
f 8898 8897 9078
f 9078 8897 9077
f 9078 9077 9258
f 9258 9077 9257
f 9258 9257 9438
f 9438 9257 9437
f 9438 9437 9618
f 9618 9437 9617
f 9618 9617 9798
f 9798 9617 9797
f 9798 9797 9978
f 9978 9797 9977
f 9978 9977 10158
f 10158 9977 10157
f 10158 10157 10338
f 10338 10157 10337
f 10338 10337 10518
f 10518 10337 10517
f 10518 10517 10697
f 10518 10697 10698
f 10698 10697 10878
f 10878 10697 10877
f 10878 10877 11058
f 11058 10877 11057
f 11058 11057 11238
f 11238 11057 11237
f 11238 11237 11418
f 11418 11237 11417
f 11418 11417 11598
f 11598 11417 11597
f 11598 11597 11778
f 11778 11597 11777
f 11778 11777 11958
f 11958 11777 11957
f 11958 11957 12138
f 12138 11957 12137
f 12138 12137 12318
f 12318 12137 12317
f 12318 12317 12498
f 12498 12317 12497
f 12498 12497 12678
f 12678 12497 12677
f 12678 12677 12858
f 12858 12677 12857
f 12858 12857 13038
f 13038 12857 13037
f 13038 13037 13218
f 13218 13037 13217
f 13218 13217 13398
f 13398 13217 13397
f 13398 13397 13578
f 13578 13397 13577
f 13578 13577 13758
f 13758 13577 13757
f 13758 13757 13938
f 13938 13757 13937
f 13938 13937 14118
f 14118 13937 14117
f 14118 14117 14298
f 14298 14117 14297
f 14298 14297 14478
f 14478 14297 14477
f 14478 14477 14658
f 14658 14477 14657
f 14658 14657 14838
f 14838 14657 14837
f 14838 14837 15018
f 15018 14837 15017
f 15018 15017 15198
f 15198 15017 15197
f 15198 15197 15378
f 15378 15197 15377
f 15378 15377 15558
f 15558 15377 15557
f 15558 15557 15738
f 15738 15557 15737
f 15738 15737 15918
f 15918 15737 15917
f 15918 15917 16022
f 77 1 76
f 77 76 257
f 257 76 256
f 257 256 437
f 437 256 436
f 437 436 617
f 617 436 616
f 617 616 797
f 797 616 796
f 797 796 977
f 977 796 976
f 977 976 1156
f 977 1156 1157
f 1157 1156 1337
f 1337 1156 1336
f 1337 1336 1517
f 1517 1336 1516
f 1517 1516 1697
f 1697 1516 1696
f 1697 1696 1877
f 1877 1696 1876
f 1877 1876 2057
f 2057 1876 2056
f 2057 2056 2237
f 2237 2056 2236
f 2237 2236 2417
f 2417 2236 2416
f 2417 2416 2597
f 2597 2416 2596
f 2597 2596 2777
f 2777 2596 2776
f 2777 2776 2957
f 2957 2776 2956
f 2957 2956 3137
f 3137 2956 3136
f 3137 3136 3317
f 3317 3136 3316
f 3317 3316 3497
f 3497 3316 3496
f 3497 3496 3677
f 3677 3496 3676
f 3677 3676 3857
f 3857 3676 3856
f 3857 3856 4037
f 4037 3856 4036
f 4037 4036 4217
f 4217 4036 4216
f 4217 4216 4397
f 4397 4216 4396
f 4397 4396 4577
f 4577 4396 4576
f 4577 4576 4757
f 4757 4576 4756
f 4757 4756 4937
f 4937 4756 4936
f 4937 4936 5117
f 5117 4936 5116
f 5117 5116 5297
f 5297 5116 5296
f 5297 5296 5477
f 5477 5296 5476
f 5477 5476 5657
f 5657 5476 5656
f 5657 5656 5837
f 5837 5656 5836
f 5837 5836 6017
f 6017 5836 6016
f 6017 6016 6197
f 6197 6016 6196
f 6197 6196 6377
f 6377 6196 6376
f 6377 6376 6557
f 6557 6376 6556
f 6557 6556 6737
f 6737 6556 6736
f 6737 6736 6917
f 6917 6736 6916
f 6917 6916 7097
f 7097 6916 7096
f 7097 7096 7277
f 7277 7096 7276
f 7277 7276 7457
f 7457 7276 7456
f 7457 7456 7637
f 7637 7456 7636
f 7637 7636 7817
f 7817 7636 7816
f 7817 7816 7997
f 7997 7816 7996
f 7997 7996 8177
f 8177 7996 8176
f 8177 8176 8357
f 8357 8176 8356
f 8357 8356 8537
f 8537 8356 8536
f 8537 8536 8717
f 8717 8536 8716
f 8717 8716 8897
f 8897 8716 8896
f 8897 8896 9077
f 9077 8896 9076
f 9077 9076 9257
f 9257 9076 9256
f 9257 9256 9437
f 9437 9256 9436
f 9437 9436 9617
f 9617 9436 9616
f 9617 9616 9797
f 9797 9616 9796
f 9797 9796 9977
f 9977 9796 9976
f 9977 9976 10157
f 10157 9976 10156
f 10157 10156 10337
f 10337 10156 10336
f 10337 10336 10517
f 10517 10336 10516
f 10517 10516 10697
f 10697 10516 10696
f 10697 10696 10877
f 10877 10696 10876
f 10877 10876 11057
f 11057 10876 11056
f 11057 11056 11237
f 11237 11056 11236
f 11237 11236 11417
f 11417 11236 11416
f 11417 11416 11597
f 11597 11416 11596
f 11597 11596 11777
f 11777 11596 11776
f 11777 11776 11957
f 11957 11776 11956
f 11957 11956 12137
f 12137 11956 12136
f 12137 12136 12317
f 12317 12136 12316
f 12317 12316 12497
f 12497 12316 12496
f 12497 12496 12677
f 12677 12496 12676
f 12677 12676 12857
f 12857 12676 12856
f 12857 12856 13037
f 13037 12856 13036
f 13037 13036 13217
f 13217 13036 13216
f 13217 13216 13397
f 13397 13216 13396
f 13397 13396 13577
f 13577 13396 13576
f 13577 13576 13757
f 13757 13576 13756
f 13757 13756 13937
f 13937 13756 13936
f 13937 13936 14117
f 14117 13936 14116
f 14117 14116 14297
f 14297 14116 14296
f 14297 14296 14477
f 14477 14296 14476
f 14477 14476 14657
f 14657 14476 14656
f 14657 14656 14837
f 14837 14656 14836
f 14837 14836 15017
f 15017 14836 15016
f 15017 15016 15197
f 15197 15016 15196
f 15197 15196 15377
f 15377 15196 15376
f 15377 15376 15557
f 15557 15376 15556
f 15557 15556 15737
f 15737 15556 15736
f 15737 15736 15917
f 15917 15736 15916
f 15917 15916 16022
f 76 1 75
f 76 75 256
f 256 75 255
f 256 255 436
f 436 255 435
f 436 435 616
f 616 435 615
f 616 615 796
f 796 615 795
f 796 795 976
f 976 795 975
f 976 975 1155
f 976 1155 1156
f 1156 1155 1335
f 1156 1335 1336
f 1336 1335 1515
f 1336 1515 1516
f 1516 1515 1695
f 1516 1695 1696
f 1696 1695 1875
f 1696 1875 1876
f 1876 1875 2055
f 1876 2055 2056
f 2056 2055 2235
f 2056 2235 2236
f 2236 2235 2415
f 2236 2415 2416
f 2416 2415 2595
f 2416 2595 2596
f 2596 2595 2775
f 2596 2775 2776
f 2776 2775 2955
f 2776 2955 2956
f 2956 2955 3135
f 2956 3135 3136
f 3136 3135 3315
f 3136 3315 3316
f 3316 3315 3495
f 3316 3495 3496
f 3496 3495 3675
f 3496 3675 3676
f 3676 3675 3855
f 3676 3855 3856
f 3856 3855 4035
f 3856 4035 4036
f 4036 4035 4215
f 4036 4215 4216
f 4216 4215 4395
f 4216 4395 4396
f 4396 4395 4575
f 4396 4575 4576
f 4576 4575 4755
f 4576 4755 4756
f 4756 4755 4935
f 4756 4935 4936
f 4936 4935 5115
f 4936 5115 5116
f 5116 5115 5295
f 5116 5295 5296
f 5296 5295 5475
f 5296 5475 5476
f 5476 5475 5655
f 5476 5655 5656
f 5656 5655 5835
f 5656 5835 5836
f 5836 5835 6015
f 5836 6015 6016
f 6016 6015 6195
f 6016 6195 6196
f 6196 6195 6375
f 6196 6375 6376
f 6376 6375 6555
f 6376 6555 6556
f 6556 6555 6735
f 6556 6735 6736
f 6736 6735 6915
f 6736 6915 6916
f 6916 6915 7095
f 6916 7095 7096
f 7096 7095 7275
f 7096 7275 7276
f 7276 7275 7455
f 7276 7455 7456
f 7456 7455 7635
f 7456 7635 7636
f 7636 7635 7815
f 7636 7815 7816
f 7816 7815 7996
f 7996 7815 7995
f 7996 7995 8176
f 8176 7995 8175
f 8176 8175 8356
f 8356 8175 8355
f 8356 8355 8536
f 8536 8355 8535
f 8536 8535 8716
f 8716 8535 8715
f 8716 8715 8896
f 8896 8715 8895
f 8896 8895 9076
f 9076 8895 9075
f 9076 9075 9256
f 9256 9075 9255
f 9256 9255 9436
f 9436 9255 9435
f 9436 9435 9616
f 9616 9435 9615
f 9616 9615 9796
f 9796 9615 9795
f 9796 9795 9976
f 9976 9795 9975
f 9976 9975 10156
f 10156 9975 10155
f 10156 10155 10336
f 10336 10155 10335
f 10336 10335 10516
f 10516 10335 10515
f 10516 10515 10696
f 10696 10515 10695
f 10696 10695 10876
f 10876 10695 10875
f 10876 10875 11056
f 11056 10875 11055
f 11056 11055 11236
f 11236 11055 11235
f 11236 11235 11416
f 11416 11235 11415
f 11416 11415 11596
f 11596 11415 11595
f 11596 11595 11776
f 11776 11595 11775
f 11776 11775 11956
f 11956 11775 11955
f 11956 11955 12136
f 12136 11955 12135
f 12136 12135 12316
f 12316 12135 12315
f 12316 12315 12496
f 12496 12315 12495
f 12496 12495 12676
f 12676 12495 12675
f 12676 12675 12856
f 12856 12675 12855
f 12856 12855 13036
f 13036 12855 13035
f 13036 13035 13216
f 13216 13035 13215
f 13216 13215 13396
f 13396 13215 13395
f 13396 13395 13576
f 13576 13395 13575
f 13576 13575 13756
f 13756 13575 13755
f 13756 13755 13936
f 13936 13755 13935
f 13936 13935 14116
f 14116 13935 14115
f 14116 14115 14296
f 14296 14115 14295
f 14296 14295 14476
f 14476 14295 14475
f 14476 14475 14656
f 14656 14475 14655
f 14656 14655 14836
f 14836 14655 14835
f 14836 14835 15016
f 15016 14835 15015
f 15016 15015 15196
f 15196 15015 15195
f 15196 15195 15376
f 15376 15195 15375
f 15376 15375 15556
f 15556 15375 15555
f 15556 15555 15736
f 15736 15555 15735
f 15736 15735 15916
f 15916 15735 15915
f 15916 15915 16022
f 75 1 74
f 75 74 255
f 255 74 254
f 255 254 435
f 435 254 434
f 435 434 615
f 615 434 614
f 615 614 795
f 795 614 794
f 795 794 975
f 975 794 974
f 975 974 1155
f 1155 974 1154
f 1155 1154 1335
f 1335 1154 1334
f 1335 1334 1515
f 1515 1334 1514
f 1515 1514 1695
f 1695 1514 1694
f 1695 1694 1875
f 1875 1694 1874
f 1875 1874 2055
f 2055 1874 2054
f 2055 2054 2235
f 2235 2054 2234
f 2235 2234 2415
f 2415 2234 2414
f 2415 2414 2595
f 2595 2414 2594
f 2595 2594 2775
f 2775 2594 2774
f 2775 2774 2955
f 2955 2774 2954
f 2955 2954 3135
f 3135 2954 3134
f 3135 3134 3315
f 3315 3134 3314
f 3315 3314 3495
f 3495 3314 3494
f 3495 3494 3675
f 3675 3494 3674
f 3675 3674 3855
f 3855 3674 3854
f 3855 3854 4035
f 4035 3854 4034
f 4035 4034 4215
f 4215 4034 4214
f 4215 4214 4395
f 4395 4214 4394
f 4395 4394 4575
f 4575 4394 4574
f 4575 4574 4755
f 4755 4574 4754
f 4755 4754 4935
f 4935 4754 4934
f 4935 4934 5115
f 5115 4934 5114
f 5115 5114 5295
f 5295 5114 5294
f 5295 5294 5475
f 5475 5294 5474
f 5475 5474 5655
f 5655 5474 5654
f 5655 5654 5835
f 5835 5654 5834
f 5835 5834 6015
f 6015 5834 6014
f 6015 6014 6195
f 6195 6014 6194
f 6195 6194 6375
f 6375 6194 6374
f 6375 6374 6555
f 6555 6374 6554
f 6555 6554 6735
f 6735 6554 6734
f 6735 6734 6915
f 6915 6734 6914
f 6915 6914 7095
f 7095 6914 7094
f 7095 7094 7275
f 7275 7094 7274
f 7275 7274 7455
f 7455 7274 7454
f 7455 7454 7635
f 7635 7454 7634
f 7635 7634 7814
f 7635 7814 7815
f 7815 7814 7994
f 7815 7994 7995
f 7995 7994 8174
f 7995 8174 8175
f 8175 8174 8354
f 8175 8354 8355
f 8355 8354 8534
f 8355 8534 8535
f 8535 8534 8714
f 8535 8714 8715
f 8715 8714 8894
f 8715 8894 8895
f 8895 8894 9074
f 8895 9074 9075
f 9075 9074 9254
f 9075 9254 9255
f 9255 9254 9434
f 9255 9434 9435
f 9435 9434 9614
f 9435 9614 9615
f 9615 9614 9794
f 9615 9794 9795
f 9795 9794 9974
f 9795 9974 9975
f 9975 9974 10154
f 9975 10154 10155
f 10155 10154 10334
f 10155 10334 10335
f 10335 10334 10514
f 10335 10514 10515
f 10515 10514 10694
f 10515 10694 10695
f 10695 10694 10874
f 10695 10874 10875
f 10875 10874 11054
f 10875 11054 11055
f 11055 11054 11234
f 11055 11234 11235
f 11235 11234 11414
f 11235 11414 11415
f 11415 11414 11594
f 11415 11594 11595
f 11595 11594 11774
f 11595 11774 11775
f 11775 11774 11954
f 11775 11954 11955
f 11955 11954 12134
f 11955 12134 12135
f 12135 12134 12314
f 12135 12314 12315
f 12315 12314 12494
f 12315 12494 12495
f 12495 12494 12674
f 12495 12674 12675
f 12675 12674 12854
f 12675 12854 12855
f 12855 12854 13034
f 12855 13034 13035
f 13035 13034 13214
f 13035 13214 13215
f 13215 13214 13394
f 13215 13394 13395
f 13395 13394 13574
f 13395 13574 13575
f 13575 13574 13754
f 13575 13754 13755
f 13755 13754 13934
f 13755 13934 13935
f 13935 13934 14114
f 13935 14114 14115
f 14115 14114 14294
f 14115 14294 14295
f 14295 14294 14474
f 14295 14474 14475
f 14475 14474 14654
f 14475 14654 14655
f 14655 14654 14835
f 14835 14654 14834
f 14835 14834 15015
f 15015 14834 15014
f 15015 15014 15195
f 15195 15014 15194
f 15195 15194 15375
f 15375 15194 15374
f 15375 15374 15555
f 15555 15374 15554
f 15555 15554 15735
f 15735 15554 15734
f 15735 15734 15915
f 15915 15734 15914
f 15915 15914 16022
f 74 1 73
f 74 73 254
f 254 73 253
f 254 253 434
f 434 253 433
f 434 433 614
f 614 433 613
f 614 613 794
f 794 613 793
f 794 793 974
f 974 793 973
f 974 973 1154
f 1154 973 1153
f 1154 1153 1334
f 1334 1153 1333
f 1334 1333 1514
f 1514 1333 1513
f 1514 1513 1694
f 1694 1513 1693
f 1694 1693 1874
f 1874 1693 1873
f 1874 1873 2054
f 2054 1873 2053
f 2054 2053 2234
f 2234 2053 2233
f 2234 2233 2414
f 2414 2233 2413
f 2414 2413 2594
f 2594 2413 2593
f 2594 2593 2774
f 2774 2593 2773
f 2774 2773 2954
f 2954 2773 2953
f 2954 2953 3134
f 3134 2953 3133
f 3134 3133 3314
f 3314 3133 3313
f 3314 3313 3494
f 3494 3313 3493
f 3494 3493 3674
f 3674 3493 3673
f 3674 3673 3854
f 3854 3673 3853
f 3854 3853 4034
f 4034 3853 4033
f 4034 4033 4214
f 4214 4033 4213
f 4214 4213 4394
f 4394 4213 4393
f 4394 4393 4574
f 4574 4393 4573
f 4574 4573 4754
f 4754 4573 4753
f 4754 4753 4934
f 4934 4753 4933
f 4934 4933 5114
f 5114 4933 5113
f 5114 5113 5294
f 5294 5113 5293
f 5294 5293 5474
f 5474 5293 5473
f 5474 5473 5654
f 5654 5473 5653
f 5654 5653 5834
f 5834 5653 5833
f 5834 5833 6014
f 6014 5833 6013
f 6014 6013 6194
f 6194 6013 6193
f 6194 6193 6374
f 6374 6193 6373
f 6374 6373 6554
f 6554 6373 6553
f 6554 6553 6734
f 6734 6553 6733
f 6734 6733 6914
f 6914 6733 6913
f 6914 6913 7094
f 7094 6913 7093
f 7094 7093 7274
f 7274 7093 7273
f 7274 7273 7454
f 7454 7273 7453
f 7454 7453 7634
f 7634 7453 7633
f 7634 7633 7814
f 7814 7633 7813
f 7814 7813 7994
f 7994 7813 7993
f 7994 7993 8174
f 8174 7993 8173
f 8174 8173 8354
f 8354 8173 8353
f 8354 8353 8534
f 8534 8353 8533
f 8534 8533 8714
f 8714 8533 8713
f 8714 8713 8894
f 8894 8713 8893
f 8894 8893 9074
f 9074 8893 9073
f 9074 9073 9254
f 9254 9073 9253
f 9254 9253 9434
f 9434 9253 9433
f 9434 9433 9614
f 9614 9433 9613
f 9614 9613 9794
f 9794 9613 9793
f 9794 9793 9974
f 9974 9793 9973
f 9974 9973 10154
f 10154 9973 10153
f 10154 10153 10334
f 10334 10153 10333
f 10334 10333 10514
f 10514 10333 10513
f 10514 10513 10694
f 10694 10513 10693
f 10694 10693 10874
f 10874 10693 10873
f 10874 10873 11054
f 11054 10873 11053
f 11054 11053 11234
f 11234 11053 11233
f 11234 11233 11414
f 11414 11233 11413
f 11414 11413 11594
f 11594 11413 11593
f 11594 11593 11774
f 11774 11593 11773
f 11774 11773 11954
f 11954 11773 11953
f 11954 11953 12134
f 12134 11953 12133
f 12134 12133 12314
f 12314 12133 12313
f 12314 12313 12494
f 12494 12313 12493
f 12494 12493 12674
f 12674 12493 12673
f 12674 12673 12854
f 12854 12673 12853
f 12854 12853 13034
f 13034 12853 13033
f 13034 13033 13214
f 13214 13033 13213
f 13214 13213 13394
f 13394 13213 13393
f 13394 13393 13574
f 13574 13393 13573
f 13574 13573 13754
f 13754 13573 13753
f 13754 13753 13934
f 13934 13753 13933
f 13934 13933 14114
f 14114 13933 14113
f 14114 14113 14294
f 14294 14113 14293
f 14294 14293 14474
f 14474 14293 14473
f 14474 14473 14653
f 14474 14653 14654
f 14654 14653 14834
f 14834 14653 14833
f 14834 14833 15014
f 15014 14833 15013
f 15014 15013 15194
f 15194 15013 15193
f 15194 15193 15374
f 15374 15193 15373
f 15374 15373 15554
f 15554 15373 15553
f 15554 15553 15734
f 15734 15553 15733
f 15734 15733 15914
f 15914 15733 15913
f 15914 15913 16022
f 73 1 72
f 73 72 253
f 253 72 252
f 253 252 433
f 433 252 432
f 433 432 613
f 613 432 612
f 613 612 793
f 793 612 792
f 793 792 973
f 973 792 972
f 973 972 1153
f 1153 972 1152
f 1153 1152 1333
f 1333 1152 1332
f 1333 1332 1513
f 1513 1332 1512
f 1513 1512 1693
f 1693 1512 1692
f 1693 1692 1873
f 1873 1692 1872
f 1873 1872 2053
f 2053 1872 2052
f 2053 2052 2233
f 2233 2052 2232
f 2233 2232 2413
f 2413 2232 2412
f 2413 2412 2593
f 2593 2412 2592
f 2593 2592 2773
f 2773 2592 2772
f 2773 2772 2953
f 2953 2772 2952
f 2953 2952 3133
f 3133 2952 3132
f 3133 3132 3313
f 3313 3132 3312
f 3313 3312 3493
f 3493 3312 3492
f 3493 3492 3673
f 3673 3492 3672
f 3673 3672 3853
f 3853 3672 3852
f 3853 3852 4033
f 4033 3852 4032
f 4033 4032 4213
f 4213 4032 4212
f 4213 4212 4393
f 4393 4212 4392
f 4393 4392 4573
f 4573 4392 4572
f 4573 4572 4753
f 4753 4572 4752
f 4753 4752 4932
f 4753 4932 4933
f 4933 4932 5113
f 5113 4932 5112
f 5113 5112 5293
f 5293 5112 5292
f 5293 5292 5473
f 5473 5292 5472
f 5473 5472 5653
f 5653 5472 5652
f 5653 5652 5833
f 5833 5652 5832
f 5833 5832 6013
f 6013 5832 6012
f 6013 6012 6193
f 6193 6012 6192
f 6193 6192 6373
f 6373 6192 6372
f 6373 6372 6553
f 6553 6372 6552
f 6553 6552 6733
f 6733 6552 6732
f 6733 6732 6913
f 6913 6732 6912
f 6913 6912 7093
f 7093 6912 7092
f 7093 7092 7273
f 7273 7092 7272
f 7273 7272 7453
f 7453 7272 7452
f 7453 7452 7633
f 7633 7452 7632
f 7633 7632 7813
f 7813 7632 7812
f 7813 7812 7993
f 7993 7812 7992
f 7993 7992 8173
f 8173 7992 8172
f 8173 8172 8353
f 8353 8172 8352
f 8353 8352 8533
f 8533 8352 8532
f 8533 8532 8713
f 8713 8532 8712
f 8713 8712 8893
f 8893 8712 8892
f 8893 8892 9073
f 9073 8892 9072
f 9073 9072 9253
f 9253 9072 9252
f 9253 9252 9433
f 9433 9252 9432
f 9433 9432 9613
f 9613 9432 9612
f 9613 9612 9793
f 9793 9612 9792
f 9793 9792 9973
f 9973 9792 9972
f 9973 9972 10153
f 10153 9972 10152
f 10153 10152 10333
f 10333 10152 10332
f 10333 10332 10513
f 10513 10332 10512
f 10513 10512 10693
f 10693 10512 10692
f 10693 10692 10873
f 10873 10692 10872
f 10873 10872 11053
f 11053 10872 11052
f 11053 11052 11233
f 11233 11052 11232
f 11233 11232 11413
f 11413 11232 11412
f 11413 11412 11593
f 11593 11412 11592
f 11593 11592 11773
f 11773 11592 11772
f 11773 11772 11953
f 11953 11772 11952
f 11953 11952 12133
f 12133 11952 12132
f 12133 12132 12313
f 12313 12132 12312
f 12313 12312 12493
f 12493 12312 12492
f 12493 12492 12673
f 12673 12492 12672
f 12673 12672 12853
f 12853 12672 12852
f 12853 12852 13033
f 13033 12852 13032
f 13033 13032 13213
f 13213 13032 13212
f 13213 13212 13393
f 13393 13212 13392
f 13393 13392 13573
f 13573 13392 13572
f 13573 13572 13753
f 13753 13572 13752
f 13753 13752 13933
f 13933 13752 13932
f 13933 13932 14113
f 14113 13932 14112
f 14113 14112 14293
f 14293 14112 14292
f 14293 14292 14473
f 14473 14292 14472
f 14473 14472 14653
f 14653 14472 14652
f 14653 14652 14833
f 14833 14652 14832
f 14833 14832 15013
f 15013 14832 15012
f 15013 15012 15193
f 15193 15012 15192
f 15193 15192 15373
f 15373 15192 15372
f 15373 15372 15553
f 15553 15372 15552
f 15553 15552 15733
f 15733 15552 15732
f 15733 15732 15913
f 15913 15732 15912
f 15913 15912 16022
f 72 1 71
f 72 71 252
f 252 71 251
f 252 251 432
f 432 251 431
f 432 431 612
f 612 431 611
f 612 611 792
f 792 611 791
f 792 791 972
f 972 791 971
f 972 971 1152
f 1152 971 1151
f 1152 1151 1332
f 1332 1151 1331
f 1332 1331 1512
f 1512 1331 1511
f 1512 1511 1692
f 1692 1511 1691
f 1692 1691 1872
f 1872 1691 1871
f 1872 1871 2052
f 2052 1871 2051
f 2052 2051 2232
f 2232 2051 2231
f 2232 2231 2412
f 2412 2231 2411
f 2412 2411 2592
f 2592 2411 2591
f 2592 2591 2772
f 2772 2591 2771
f 2772 2771 2952
f 2952 2771 2951
f 2952 2951 3132
f 3132 2951 3131
f 3132 3131 3312
f 3312 3131 3311
f 3312 3311 3492
f 3492 3311 3491
f 3492 3491 3672
f 3672 3491 3671
f 3672 3671 3852
f 3852 3671 3851
f 3852 3851 4032
f 4032 3851 4031
f 4032 4031 4212
f 4212 4031 4211
f 4212 4211 4392
f 4392 4211 4391
f 4392 4391 4572
f 4572 4391 4571
f 4572 4571 4752
f 4752 4571 4751
f 4752 4751 4931
f 4752 4931 4932
f 4932 4931 5111
f 4932 5111 5112
f 5112 5111 5291
f 5112 5291 5292
f 5292 5291 5471
f 5292 5471 5472
f 5472 5471 5651
f 5472 5651 5652
f 5652 5651 5831
f 5652 5831 5832
f 5832 5831 6011
f 5832 6011 6012
f 6012 6011 6191
f 6012 6191 6192
f 6192 6191 6371
f 6192 6371 6372
f 6372 6371 6551
f 6372 6551 6552
f 6552 6551 6731
f 6552 6731 6732
f 6732 6731 6911
f 6732 6911 6912
f 6912 6911 7091
f 6912 7091 7092
f 7092 7091 7271
f 7092 7271 7272
f 7272 7271 7451
f 7272 7451 7452
f 7452 7451 7631
f 7452 7631 7632
f 7632 7631 7811
f 7632 7811 7812
f 7812 7811 7991
f 7812 7991 7992
f 7992 7991 8171
f 7992 8171 8172
f 8172 8171 8351
f 8172 8351 8352
f 8352 8351 8531
f 8352 8531 8532
f 8532 8531 8711
f 8532 8711 8712
f 8712 8711 8891
f 8712 8891 8892
f 8892 8891 9071
f 8892 9071 9072
f 9072 9071 9251
f 9072 9251 9252
f 9252 9251 9431
f 9252 9431 9432
f 9432 9431 9611
f 9432 9611 9612
f 9612 9611 9791
f 9612 9791 9792
f 9792 9791 9971
f 9792 9971 9972
f 9972 9971 10151
f 9972 10151 10152
f 10152 10151 10331
f 10152 10331 10332
f 10332 10331 10511
f 10332 10511 10512
f 10512 10511 10691
f 10512 10691 10692
f 10692 10691 10871
f 10692 10871 10872
f 10872 10871 11051
f 10872 11051 11052
f 11052 11051 11231
f 11052 11231 11232
f 11232 11231 11411
f 11232 11411 11412
f 11412 11411 11591
f 11412 11591 11592
f 11592 11591 11771
f 11592 11771 11772
f 11772 11771 11952
f 11952 11771 11951
f 11952 11951 12132
f 12132 11951 12131
f 12132 12131 12312
f 12312 12131 12311
f 12312 12311 12492
f 12492 12311 12491
f 12492 12491 12672
f 12672 12491 12671
f 12672 12671 12852
f 12852 12671 12851
f 12852 12851 13032
f 13032 12851 13031
f 13032 13031 13212
f 13212 13031 13211
f 13212 13211 13392
f 13392 13211 13391
f 13392 13391 13572
f 13572 13391 13571
f 13572 13571 13752
f 13752 13571 13751
f 13752 13751 13932
f 13932 13751 13931
f 13932 13931 14112
f 14112 13931 14111
f 14112 14111 14292
f 14292 14111 14291
f 14292 14291 14472
f 14472 14291 14471
f 14472 14471 14652
f 14652 14471 14651
f 14652 14651 14832
f 14832 14651 14831
f 14832 14831 15012
f 15012 14831 15011
f 15012 15011 15192
f 15192 15011 15191
f 15192 15191 15372
f 15372 15191 15371
f 15372 15371 15552
f 15552 15371 15551
f 15552 15551 15732
f 15732 15551 15731
f 15732 15731 15912
f 15912 15731 15911
f 15912 15911 16022
f 71 1 70
f 71 70 251
f 251 70 250
f 251 250 431
f 431 250 430
f 431 430 611
f 611 430 610
f 611 610 791
f 791 610 790
f 791 790 971
f 971 790 970
f 971 970 1151
f 1151 970 1150
f 1151 1150 1331
f 1331 1150 1330
f 1331 1330 1511
f 1511 1330 1510
f 1511 1510 1691
f 1691 1510 1690
f 1691 1690 1871
f 1871 1690 1870
f 1871 1870 2051
f 2051 1870 2050
f 2051 2050 2231
f 2231 2050 2230
f 2231 2230 2411
f 2411 2230 2410
f 2411 2410 2591
f 2591 2410 2590
f 2591 2590 2771
f 2771 2590 2770
f 2771 2770 2951
f 2951 2770 2950
f 2951 2950 3131
f 3131 2950 3130
f 3131 3130 3311
f 3311 3130 3310
f 3311 3310 3491
f 3491 3310 3490
f 3491 3490 3671
f 3671 3490 3670
f 3671 3670 3851
f 3851 3670 3850
f 3851 3850 4031
f 4031 3850 4030
f 4031 4030 4211
f 4211 4030 4210
f 4211 4210 4391
f 4391 4210 4390
f 4391 4390 4571
f 4571 4390 4570
f 4571 4570 4751
f 4751 4570 4750
f 4751 4750 4931
f 4931 4750 4930
f 4931 4930 5111
f 5111 4930 5110
f 5111 5110 5291
f 5291 5110 5290
f 5291 5290 5471
f 5471 5290 5470
f 5471 5470 5651
f 5651 5470 5650
f 5651 5650 5831
f 5831 5650 5830
f 5831 5830 6011
f 6011 5830 6010
f 6011 6010 6191
f 6191 6010 6190
f 6191 6190 6371
f 6371 6190 6370
f 6371 6370 6551
f 6551 6370 6550
f 6551 6550 6731
f 6731 6550 6730
f 6731 6730 6911
f 6911 6730 6910
f 6911 6910 7091
f 7091 6910 7090
f 7091 7090 7271
f 7271 7090 7270
f 7271 7270 7451
f 7451 7270 7450
f 7451 7450 7631
f 7631 7450 7630
f 7631 7630 7811
f 7811 7630 7810
f 7811 7810 7991
f 7991 7810 7990
f 7991 7990 8171
f 8171 7990 8170
f 8171 8170 8351
f 8351 8170 8350
f 8351 8350 8531
f 8531 8350 8530
f 8531 8530 8711
f 8711 8530 8710
f 8711 8710 8891
f 8891 8710 8890
f 8891 8890 9071
f 9071 8890 9070
f 9071 9070 9251
f 9251 9070 9250
f 9251 9250 9431
f 9431 9250 9430
f 9431 9430 9611
f 9611 9430 9610
f 9611 9610 9791
f 9791 9610 9790
f 9791 9790 9971
f 9971 9790 9970
f 9971 9970 10151
f 10151 9970 10150
f 10151 10150 10331
f 10331 10150 10330
f 10331 10330 10511
f 10511 10330 10510
f 10511 10510 10691
f 10691 10510 10690
f 10691 10690 10871
f 10871 10690 10870
f 10871 10870 11051
f 11051 10870 11050
f 11051 11050 11231
f 11231 11050 11230
f 11231 11230 11411
f 11411 11230 11410
f 11411 11410 11591
f 11591 11410 11590
f 11591 11590 11770
f 11591 11770 11771
f 11771 11770 11951
f 11951 11770 11950
f 11951 11950 12131
f 12131 11950 12130
f 12131 12130 12311
f 12311 12130 12310
f 12311 12310 12491
f 12491 12310 12490
f 12491 12490 12671
f 12671 12490 12670
f 12671 12670 12851
f 12851 12670 12850
f 12851 12850 13031
f 13031 12850 13030
f 13031 13030 13211
f 13211 13030 13210
f 13211 13210 13391
f 13391 13210 13390
f 13391 13390 13571
f 13571 13390 13570
f 13571 13570 13751
f 13751 13570 13750
f 13751 13750 13931
f 13931 13750 13930
f 13931 13930 14111
f 14111 13930 14110
f 14111 14110 14291
f 14291 14110 14290
f 14291 14290 14471
f 14471 14290 14470
f 14471 14470 14651
f 14651 14470 14650
f 14651 14650 14831
f 14831 14650 14830
f 14831 14830 15011
f 15011 14830 15010
f 15011 15010 15191
f 15191 15010 15190
f 15191 15190 15371
f 15371 15190 15370
f 15371 15370 15551
f 15551 15370 15550
f 15551 15550 15731
f 15731 15550 15730
f 15731 15730 15911
f 15911 15730 15910
f 15911 15910 16022
f 70 1 69
f 70 69 250
f 250 69 249
f 250 249 430
f 430 249 429
f 430 429 610
f 610 429 609
f 610 609 790
f 790 609 789
f 790 789 970
f 970 789 969
f 970 969 1150
f 1150 969 1149
f 1150 1149 1330
f 1330 1149 1329
f 1330 1329 1510
f 1510 1329 1509
f 1510 1509 1690
f 1690 1509 1689
f 1690 1689 1870
f 1870 1689 1869
f 1870 1869 2049
f 1870 2049 2050
f 2050 2049 2230
f 2230 2049 2229
f 2230 2229 2410
f 2410 2229 2409
f 2410 2409 2590
f 2590 2409 2589
f 2590 2589 2770
f 2770 2589 2769
f 2770 2769 2950
f 2950 2769 2949
f 2950 2949 3130
f 3130 2949 3129
f 3130 3129 3310
f 3310 3129 3309
f 3310 3309 3490
f 3490 3309 3489
f 3490 3489 3670
f 3670 3489 3669
f 3670 3669 3850
f 3850 3669 3849
f 3850 3849 4030
f 4030 3849 4029
f 4030 4029 4210
f 4210 4029 4209
f 4210 4209 4390
f 4390 4209 4389
f 4390 4389 4570
f 4570 4389 4569
f 4570 4569 4750
f 4750 4569 4749
f 4750 4749 4930
f 4930 4749 4929
f 4930 4929 5110
f 5110 4929 5109
f 5110 5109 5290
f 5290 5109 5289
f 5290 5289 5470
f 5470 5289 5469
f 5470 5469 5650
f 5650 5469 5649
f 5650 5649 5830
f 5830 5649 5829
f 5830 5829 6010
f 6010 5829 6009
f 6010 6009 6190
f 6190 6009 6189
f 6190 6189 6370
f 6370 6189 6369
f 6370 6369 6550
f 6550 6369 6549
f 6550 6549 6730
f 6730 6549 6729
f 6730 6729 6910
f 6910 6729 6909
f 6910 6909 7090
f 7090 6909 7089
f 7090 7089 7270
f 7270 7089 7269
f 7270 7269 7450
f 7450 7269 7449
f 7450 7449 7630
f 7630 7449 7629
f 7630 7629 7810
f 7810 7629 7809
f 7810 7809 7990
f 7990 7809 7989
f 7990 7989 8170
f 8170 7989 8169
f 8170 8169 8350
f 8350 8169 8349
f 8350 8349 8530
f 8530 8349 8529
f 8530 8529 8710
f 8710 8529 8709
f 8710 8709 8890
f 8890 8709 8889
f 8890 8889 9070
f 9070 8889 9069
f 9070 9069 9250
f 9250 9069 9249
f 9250 9249 9430
f 9430 9249 9429
f 9430 9429 9610
f 9610 9429 9609
f 9610 9609 9790
f 9790 9609 9789
f 9790 9789 9970
f 9970 9789 9969
f 9970 9969 10150
f 10150 9969 10149
f 10150 10149 10330
f 10330 10149 10329
f 10330 10329 10510
f 10510 10329 10509
f 10510 10509 10690
f 10690 10509 10689
f 10690 10689 10870
f 10870 10689 10869
f 10870 10869 11050
f 11050 10869 11049
f 11050 11049 11230
f 11230 11049 11229
f 11230 11229 11410
f 11410 11229 11409
f 11410 11409 11590
f 11590 11409 11589
f 11590 11589 11770
f 11770 11589 11769
f 11770 11769 11950
f 11950 11769 11949
f 11950 11949 12130
f 12130 11949 12129
f 12130 12129 12310
f 12310 12129 12309
f 12310 12309 12490
f 12490 12309 12489
f 12490 12489 12670
f 12670 12489 12669
f 12670 12669 12850
f 12850 12669 12849
f 12850 12849 13030
f 13030 12849 13029
f 13030 13029 13210
f 13210 13029 13209
f 13210 13209 13390
f 13390 13209 13389
f 13390 13389 13570
f 13570 13389 13569
f 13570 13569 13750
f 13750 13569 13749
f 13750 13749 13930
f 13930 13749 13929
f 13930 13929 14110
f 14110 13929 14109
f 14110 14109 14290
f 14290 14109 14289
f 14290 14289 14470
f 14470 14289 14469
f 14470 14469 14650
f 14650 14469 14649
f 14650 14649 14830
f 14830 14649 14829
f 14830 14829 15010
f 15010 14829 15009
f 15010 15009 15190
f 15190 15009 15189
f 15190 15189 15370
f 15370 15189 15369
f 15370 15369 15550
f 15550 15369 15549
f 15550 15549 15730
f 15730 15549 15729
f 15730 15729 15910
f 15910 15729 15909
f 15910 15909 16022
f 69 1 68
f 69 68 249
f 249 68 248
f 249 248 429
f 429 248 428
f 429 428 609
f 609 428 608
f 609 608 789
f 789 608 788
f 789 788 969
f 969 788 968
f 969 968 1149
f 1149 968 1148
f 1149 1148 1329
f 1329 1148 1328
f 1329 1328 1509
f 1509 1328 1508
f 1509 1508 1689
f 1689 1508 1688
f 1689 1688 1869
f 1869 1688 1868
f 1869 1868 2048
f 1869 2048 2049
f 2049 2048 2228
f 2049 2228 2229
f 2229 2228 2408
f 2229 2408 2409
f 2409 2408 2588
f 2409 2588 2589
f 2589 2588 2768
f 2589 2768 2769
f 2769 2768 2948
f 2769 2948 2949
f 2949 2948 3128
f 2949 3128 3129
f 3129 3128 3308
f 3129 3308 3309
f 3309 3308 3488
f 3309 3488 3489
f 3489 3488 3668
f 3489 3668 3669
f 3669 3668 3848
f 3669 3848 3849
f 3849 3848 4028
f 3849 4028 4029
f 4029 4028 4208
f 4029 4208 4209
f 4209 4208 4388
f 4209 4388 4389
f 4389 4388 4568
f 4389 4568 4569
f 4569 4568 4748
f 4569 4748 4749
f 4749 4748 4928
f 4749 4928 4929
f 4929 4928 5108
f 4929 5108 5109
f 5109 5108 5288
f 5109 5288 5289
f 5289 5288 5468
f 5289 5468 5469
f 5469 5468 5648
f 5469 5648 5649
f 5649 5648 5828
f 5649 5828 5829
f 5829 5828 6008
f 5829 6008 6009
f 6009 6008 6188
f 6009 6188 6189
f 6189 6188 6368
f 6189 6368 6369
f 6369 6368 6548
f 6369 6548 6549
f 6549 6548 6728
f 6549 6728 6729
f 6729 6728 6908
f 6729 6908 6909
f 6909 6908 7088
f 6909 7088 7089
f 7089 7088 7268
f 7089 7268 7269
f 7269 7268 7448
f 7269 7448 7449
f 7449 7448 7628
f 7449 7628 7629
f 7629 7628 7808
f 7629 7808 7809
f 7809 7808 7988
f 7809 7988 7989
f 7989 7988 8168
f 7989 8168 8169
f 8169 8168 8348
f 8169 8348 8349
f 8349 8348 8528
f 8349 8528 8529
f 8529 8528 8708
f 8529 8708 8709
f 8709 8708 8888
f 8709 8888 8889
f 8889 8888 9069
f 9069 8888 9068
f 9069 9068 9249
f 9249 9068 9248
f 9249 9248 9429
f 9429 9248 9428
f 9429 9428 9609
f 9609 9428 9608
f 9609 9608 9789
f 9789 9608 9788
f 9789 9788 9969
f 9969 9788 9968
f 9969 9968 10149
f 10149 9968 10148
f 10149 10148 10329
f 10329 10148 10328
f 10329 10328 10509
f 10509 10328 10508
f 10509 10508 10689
f 10689 10508 10688
f 10689 10688 10869
f 10869 10688 10868
f 10869 10868 11049
f 11049 10868 11048
f 11049 11048 11229
f 11229 11048 11228
f 11229 11228 11409
f 11409 11228 11408
f 11409 11408 11589
f 11589 11408 11588
f 11589 11588 11769
f 11769 11588 11768
f 11769 11768 11949
f 11949 11768 11948
f 11949 11948 12129
f 12129 11948 12128
f 12129 12128 12309
f 12309 12128 12308
f 12309 12308 12489
f 12489 12308 12488
f 12489 12488 12669
f 12669 12488 12668
f 12669 12668 12849
f 12849 12668 12848
f 12849 12848 13029
f 13029 12848 13028
f 13029 13028 13209
f 13209 13028 13208
f 13209 13208 13389
f 13389 13208 13388
f 13389 13388 13569
f 13569 13388 13568
f 13569 13568 13749
f 13749 13568 13748
f 13749 13748 13929
f 13929 13748 13928
f 13929 13928 14109
f 14109 13928 14108
f 14109 14108 14289
f 14289 14108 14288
f 14289 14288 14469
f 14469 14288 14468
f 14469 14468 14649
f 14649 14468 14648
f 14649 14648 14829
f 14829 14648 14828
f 14829 14828 15009
f 15009 14828 15008
f 15009 15008 15189
f 15189 15008 15188
f 15189 15188 15369
f 15369 15188 15368
f 15369 15368 15549
f 15549 15368 15548
f 15549 15548 15729
f 15729 15548 15728
f 15729 15728 15909
f 15909 15728 15908
f 15909 15908 16022
f 68 1 67
f 68 67 248
f 248 67 247
f 248 247 428
f 428 247 427
f 428 427 608
f 608 427 607
f 608 607 788
f 788 607 787
f 788 787 968
f 968 787 967
f 968 967 1148
f 1148 967 1147
f 1148 1147 1328
f 1328 1147 1327
f 1328 1327 1508
f 1508 1327 1507
f 1508 1507 1688
f 1688 1507 1687
f 1688 1687 1868
f 1868 1687 1867
f 1868 1867 2048
f 2048 1867 2047
f 2048 2047 2228
f 2228 2047 2227
f 2228 2227 2408
f 2408 2227 2407
f 2408 2407 2588
f 2588 2407 2587
f 2588 2587 2768
f 2768 2587 2767
f 2768 2767 2948
f 2948 2767 2947
f 2948 2947 3128
f 3128 2947 3127
f 3128 3127 3308
f 3308 3127 3307
f 3308 3307 3488
f 3488 3307 3487
f 3488 3487 3668
f 3668 3487 3667
f 3668 3667 3848
f 3848 3667 3847
f 3848 3847 4028
f 4028 3847 4027
f 4028 4027 4208
f 4208 4027 4207
f 4208 4207 4388
f 4388 4207 4387
f 4388 4387 4568
f 4568 4387 4567
f 4568 4567 4748
f 4748 4567 4747
f 4748 4747 4928
f 4928 4747 4927
f 4928 4927 5108
f 5108 4927 5107
f 5108 5107 5288
f 5288 5107 5287
f 5288 5287 5468
f 5468 5287 5467
f 5468 5467 5648
f 5648 5467 5647
f 5648 5647 5828
f 5828 5647 5827
f 5828 5827 6008
f 6008 5827 6007
f 6008 6007 6188
f 6188 6007 6187
f 6188 6187 6368
f 6368 6187 6367
f 6368 6367 6548
f 6548 6367 6547
f 6548 6547 6728
f 6728 6547 6727
f 6728 6727 6908
f 6908 6727 6907
f 6908 6907 7088
f 7088 6907 7087
f 7088 7087 7268
f 7268 7087 7267
f 7268 7267 7448
f 7448 7267 7447
f 7448 7447 7628
f 7628 7447 7627
f 7628 7627 7808
f 7808 7627 7807
f 7808 7807 7988
f 7988 7807 7987
f 7988 7987 8168
f 8168 7987 8167
f 8168 8167 8348
f 8348 8167 8347
f 8348 8347 8528
f 8528 8347 8527
f 8528 8527 8708
f 8708 8527 8707
f 8708 8707 8887
f 8708 8887 8888
f 8888 8887 9067
f 8888 9067 9068
f 9068 9067 9247
f 9068 9247 9248
f 9248 9247 9427
f 9248 9427 9428
f 9428 9427 9607
f 9428 9607 9608
f 9608 9607 9787
f 9608 9787 9788
f 9788 9787 9967
f 9788 9967 9968
f 9968 9967 10147
f 9968 10147 10148
f 10148 10147 10327
f 10148 10327 10328
f 10328 10327 10507
f 10328 10507 10508
f 10508 10507 10687
f 10508 10687 10688
f 10688 10687 10867
f 10688 10867 10868
f 10868 10867 11047
f 10868 11047 11048
f 11048 11047 11227
f 11048 11227 11228
f 11228 11227 11407
f 11228 11407 11408
f 11408 11407 11587
f 11408 11587 11588
f 11588 11587 11767
f 11588 11767 11768
f 11768 11767 11947
f 11768 11947 11948
f 11948 11947 12127
f 11948 12127 12128
f 12128 12127 12307
f 12128 12307 12308
f 12308 12307 12487
f 12308 12487 12488
f 12488 12487 12667
f 12488 12667 12668
f 12668 12667 12847
f 12668 12847 12848
f 12848 12847 13027
f 12848 13027 13028
f 13028 13027 13207
f 13028 13207 13208
f 13208 13207 13387
f 13208 13387 13388
f 13388 13387 13567
f 13388 13567 13568
f 13568 13567 13747
f 13568 13747 13748
f 13748 13747 13927
f 13748 13927 13928
f 13928 13927 14107
f 13928 14107 14108
f 14108 14107 14287
f 14108 14287 14288
f 14288 14287 14467
f 14288 14467 14468
f 14468 14467 14647
f 14468 14647 14648
f 14648 14647 14827
f 14648 14827 14828
f 14828 14827 15007
f 14828 15007 15008
f 15008 15007 15187
f 15008 15187 15188
f 15188 15187 15367
f 15188 15367 15368
f 15368 15367 15547
f 15368 15547 15548
f 15548 15547 15727
f 15548 15727 15728
f 15728 15727 15908
f 15908 15727 15907
f 15908 15907 16022
f 67 1 66
f 67 66 247
f 247 66 246
f 247 246 427
f 427 246 426
f 427 426 607
f 607 426 606
f 607 606 787
f 787 606 786
f 787 786 967
f 967 786 966
f 967 966 1147
f 1147 966 1146
f 1147 1146 1327
f 1327 1146 1326
f 1327 1326 1507
f 1507 1326 1506
f 1507 1506 1687
f 1687 1506 1686
f 1687 1686 1867
f 1867 1686 1866
f 1867 1866 2047
f 2047 1866 2046
f 2047 2046 2227
f 2227 2046 2226
f 2227 2226 2407
f 2407 2226 2406
f 2407 2406 2587
f 2587 2406 2586
f 2587 2586 2767
f 2767 2586 2766
f 2767 2766 2947
f 2947 2766 2946
f 2947 2946 3127
f 3127 2946 3126
f 3127 3126 3307
f 3307 3126 3306
f 3307 3306 3487
f 3487 3306 3486
f 3487 3486 3667
f 3667 3486 3666
f 3667 3666 3847
f 3847 3666 3846
f 3847 3846 4027
f 4027 3846 4026
f 4027 4026 4207
f 4207 4026 4206
f 4207 4206 4387
f 4387 4206 4386
f 4387 4386 4567
f 4567 4386 4566
f 4567 4566 4747
f 4747 4566 4746
f 4747 4746 4927
f 4927 4746 4926
f 4927 4926 5107
f 5107 4926 5106
f 5107 5106 5287
f 5287 5106 5286
f 5287 5286 5467
f 5467 5286 5466
f 5467 5466 5647
f 5647 5466 5646
f 5647 5646 5827
f 5827 5646 5826
f 5827 5826 6007
f 6007 5826 6006
f 6007 6006 6187
f 6187 6006 6186
f 6187 6186 6367
f 6367 6186 6366
f 6367 6366 6547
f 6547 6366 6546
f 6547 6546 6727
f 6727 6546 6726
f 6727 6726 6907
f 6907 6726 6906
f 6907 6906 7087
f 7087 6906 7086
f 7087 7086 7267
f 7267 7086 7266
f 7267 7266 7447
f 7447 7266 7446
f 7447 7446 7627
f 7627 7446 7626
f 7627 7626 7807
f 7807 7626 7806
f 7807 7806 7987
f 7987 7806 7986
f 7987 7986 8167
f 8167 7986 8166
f 8167 8166 8347
f 8347 8166 8346
f 8347 8346 8527
f 8527 8346 8526
f 8527 8526 8707
f 8707 8526 8706
f 8707 8706 8887
f 8887 8706 8886
f 8887 8886 9067
f 9067 8886 9066
f 9067 9066 9247
f 9247 9066 9246
f 9247 9246 9427
f 9427 9246 9426
f 9427 9426 9607
f 9607 9426 9606
f 9607 9606 9787
f 9787 9606 9786
f 9787 9786 9967
f 9967 9786 9966
f 9967 9966 10147
f 10147 9966 10146
f 10147 10146 10327
f 10327 10146 10326
f 10327 10326 10507
f 10507 10326 10506
f 10507 10506 10687
f 10687 10506 10686
f 10687 10686 10867
f 10867 10686 10866
f 10867 10866 11047
f 11047 10866 11046
f 11047 11046 11227
f 11227 11046 11226
f 11227 11226 11407
f 11407 11226 11406
f 11407 11406 11587
f 11587 11406 11586
f 11587 11586 11767
f 11767 11586 11766
f 11767 11766 11947
f 11947 11766 11946
f 11947 11946 12127
f 12127 11946 12126
f 12127 12126 12307
f 12307 12126 12306
f 12307 12306 12487
f 12487 12306 12486
f 12487 12486 12667
f 12667 12486 12666
f 12667 12666 12847
f 12847 12666 12846
f 12847 12846 13027
f 13027 12846 13026
f 13027 13026 13207
f 13207 13026 13206
f 13207 13206 13387
f 13387 13206 13386
f 13387 13386 13567
f 13567 13386 13566
f 13567 13566 13747
f 13747 13566 13746
f 13747 13746 13927
f 13927 13746 13926
f 13927 13926 14107
f 14107 13926 14106
f 14107 14106 14287
f 14287 14106 14286
f 14287 14286 14467
f 14467 14286 14466
f 14467 14466 14647
f 14647 14466 14646
f 14647 14646 14827
f 14827 14646 14826
f 14827 14826 15007
f 15007 14826 15006
f 15007 15006 15187
f 15187 15006 15186
f 15187 15186 15367
f 15367 15186 15366
f 15367 15366 15547
f 15547 15366 15546
f 15547 15546 15726
f 15547 15726 15727
f 15727 15726 15907
f 15907 15726 15906
f 15907 15906 16022
f 66 1 65
f 66 65 246
f 246 65 245
f 246 245 426
f 426 245 425
f 426 425 606
f 606 425 605
f 606 605 786
f 786 605 785
f 786 785 966
f 966 785 965
f 966 965 1146
f 1146 965 1145
f 1146 1145 1326
f 1326 1145 1325
f 1326 1325 1506
f 1506 1325 1505
f 1506 1505 1686
f 1686 1505 1685
f 1686 1685 1866
f 1866 1685 1865
f 1866 1865 2046
f 2046 1865 2045
f 2046 2045 2226
f 2226 2045 2225
f 2226 2225 2406
f 2406 2225 2405
f 2406 2405 2586
f 2586 2405 2585
f 2586 2585 2766
f 2766 2585 2765
f 2766 2765 2946
f 2946 2765 2945
f 2946 2945 3126
f 3126 2945 3125
f 3126 3125 3306
f 3306 3125 3305
f 3306 3305 3486
f 3486 3305 3485
f 3486 3485 3666
f 3666 3485 3665
f 3666 3665 3846
f 3846 3665 3845
f 3846 3845 4026
f 4026 3845 4025
f 4026 4025 4206
f 4206 4025 4205
f 4206 4205 4386
f 4386 4205 4385
f 4386 4385 4566
f 4566 4385 4565
f 4566 4565 4746
f 4746 4565 4745
f 4746 4745 4926
f 4926 4745 4925
f 4926 4925 5106
f 5106 4925 5105
f 5106 5105 5286
f 5286 5105 5285
f 5286 5285 5466
f 5466 5285 5465
f 5466 5465 5646
f 5646 5465 5645
f 5646 5645 5826
f 5826 5645 5825
f 5826 5825 6006
f 6006 5825 6005
f 6006 6005 6185
f 6006 6185 6186
f 6186 6185 6366
f 6366 6185 6365
f 6366 6365 6546
f 6546 6365 6545
f 6546 6545 6726
f 6726 6545 6725
f 6726 6725 6906
f 6906 6725 6905
f 6906 6905 7086
f 7086 6905 7085
f 7086 7085 7266
f 7266 7085 7265
f 7266 7265 7446
f 7446 7265 7445
f 7446 7445 7626
f 7626 7445 7625
f 7626 7625 7806
f 7806 7625 7805
f 7806 7805 7986
f 7986 7805 7985
f 7986 7985 8166
f 8166 7985 8165
f 8166 8165 8346
f 8346 8165 8345
f 8346 8345 8526
f 8526 8345 8525
f 8526 8525 8706
f 8706 8525 8705
f 8706 8705 8886
f 8886 8705 8885
f 8886 8885 9066
f 9066 8885 9065
f 9066 9065 9246
f 9246 9065 9245
f 9246 9245 9426
f 9426 9245 9425
f 9426 9425 9606
f 9606 9425 9605
f 9606 9605 9786
f 9786 9605 9785
f 9786 9785 9966
f 9966 9785 9965
f 9966 9965 10146
f 10146 9965 10145
f 10146 10145 10326
f 10326 10145 10325
f 10326 10325 10506
f 10506 10325 10505
f 10506 10505 10686
f 10686 10505 10685
f 10686 10685 10866
f 10866 10685 10865
f 10866 10865 11046
f 11046 10865 11045
f 11046 11045 11226
f 11226 11045 11225
f 11226 11225 11406
f 11406 11225 11405
f 11406 11405 11586
f 11586 11405 11585
f 11586 11585 11766
f 11766 11585 11765
f 11766 11765 11946
f 11946 11765 11945
f 11946 11945 12126
f 12126 11945 12125
f 12126 12125 12306
f 12306 12125 12305
f 12306 12305 12486
f 12486 12305 12485
f 12486 12485 12666
f 12666 12485 12665
f 12666 12665 12846
f 12846 12665 12845
f 12846 12845 13026
f 13026 12845 13025
f 13026 13025 13206
f 13206 13025 13205
f 13206 13205 13386
f 13386 13205 13385
f 13386 13385 13566
f 13566 13385 13565
f 13566 13565 13746
f 13746 13565 13745
f 13746 13745 13926
f 13926 13745 13925
f 13926 13925 14106
f 14106 13925 14105
f 14106 14105 14286
f 14286 14105 14285
f 14286 14285 14466
f 14466 14285 14465
f 14466 14465 14646
f 14646 14465 14645
f 14646 14645 14826
f 14826 14645 14825
f 14826 14825 15006
f 15006 14825 15005
f 15006 15005 15186
f 15186 15005 15185
f 15186 15185 15366
f 15366 15185 15365
f 15366 15365 15546
f 15546 15365 15545
f 15546 15545 15726
f 15726 15545 15725
f 15726 15725 15906
f 15906 15725 15905
f 15906 15905 16022
f 65 1 64
f 65 64 245
f 245 64 244
f 245 244 425
f 425 244 424
f 425 424 605
f 605 424 604
f 605 604 785
f 785 604 784
f 785 784 965
f 965 784 964
f 965 964 1145
f 1145 964 1144
f 1145 1144 1325
f 1325 1144 1324
f 1325 1324 1505
f 1505 1324 1504
f 1505 1504 1685
f 1685 1504 1684
f 1685 1684 1865
f 1865 1684 1864
f 1865 1864 2045
f 2045 1864 2044
f 2045 2044 2225
f 2225 2044 2224
f 2225 2224 2405
f 2405 2224 2404
f 2405 2404 2585
f 2585 2404 2584
f 2585 2584 2765
f 2765 2584 2764
f 2765 2764 2945
f 2945 2764 2944
f 2945 2944 3125
f 3125 2944 3124
f 3125 3124 3305
f 3305 3124 3304
f 3305 3304 3485
f 3485 3304 3484
f 3485 3484 3665
f 3665 3484 3664
f 3665 3664 3845
f 3845 3664 3844
f 3845 3844 4025
f 4025 3844 4024
f 4025 4024 4205
f 4205 4024 4204
f 4205 4204 4385
f 4385 4204 4384
f 4385 4384 4565
f 4565 4384 4564
f 4565 4564 4745
f 4745 4564 4744
f 4745 4744 4925
f 4925 4744 4924
f 4925 4924 5105
f 5105 4924 5104
f 5105 5104 5285
f 5285 5104 5284
f 5285 5284 5465
f 5465 5284 5464
f 5465 5464 5645
f 5645 5464 5644
f 5645 5644 5825
f 5825 5644 5824
f 5825 5824 6005
f 6005 5824 6004
f 6005 6004 6184
f 6005 6184 6185
f 6185 6184 6364
f 6185 6364 6365
f 6365 6364 6544
f 6365 6544 6545
f 6545 6544 6724
f 6545 6724 6725
f 6725 6724 6904
f 6725 6904 6905
f 6905 6904 7084
f 6905 7084 7085
f 7085 7084 7264
f 7085 7264 7265
f 7265 7264 7444
f 7265 7444 7445
f 7445 7444 7624
f 7445 7624 7625
f 7625 7624 7804
f 7625 7804 7805
f 7805 7804 7984
f 7805 7984 7985
f 7985 7984 8164
f 7985 8164 8165
f 8165 8164 8344
f 8165 8344 8345
f 8345 8344 8524
f 8345 8524 8525
f 8525 8524 8704
f 8525 8704 8705
f 8705 8704 8884
f 8705 8884 8885
f 8885 8884 9064
f 8885 9064 9065
f 9065 9064 9244
f 9065 9244 9245
f 9245 9244 9424
f 9245 9424 9425
f 9425 9424 9604
f 9425 9604 9605
f 9605 9604 9784
f 9605 9784 9785
f 9785 9784 9964
f 9785 9964 9965
f 9965 9964 10144
f 9965 10144 10145
f 10145 10144 10324
f 10145 10324 10325
f 10325 10324 10504
f 10325 10504 10505
f 10505 10504 10684
f 10505 10684 10685
f 10685 10684 10864
f 10685 10864 10865
f 10865 10864 11044
f 10865 11044 11045
f 11045 11044 11224
f 11045 11224 11225
f 11225 11224 11404
f 11225 11404 11405
f 11405 11404 11584
f 11405 11584 11585
f 11585 11584 11764
f 11585 11764 11765
f 11765 11764 11944
f 11765 11944 11945
f 11945 11944 12124
f 11945 12124 12125
f 12125 12124 12304
f 12125 12304 12305
f 12305 12304 12484
f 12305 12484 12485
f 12485 12484 12664
f 12485 12664 12665
f 12665 12664 12844
f 12665 12844 12845
f 12845 12844 13025
f 13025 12844 13024
f 13025 13024 13205
f 13205 13024 13204
f 13205 13204 13385
f 13385 13204 13384
f 13385 13384 13565
f 13565 13384 13564
f 13565 13564 13745
f 13745 13564 13744
f 13745 13744 13925
f 13925 13744 13924
f 13925 13924 14105
f 14105 13924 14104
f 14105 14104 14285
f 14285 14104 14284
f 14285 14284 14465
f 14465 14284 14464
f 14465 14464 14645
f 14645 14464 14644
f 14645 14644 14825
f 14825 14644 14824
f 14825 14824 15005
f 15005 14824 15004
f 15005 15004 15185
f 15185 15004 15184
f 15185 15184 15365
f 15365 15184 15364
f 15365 15364 15545
f 15545 15364 15544
f 15545 15544 15725
f 15725 15544 15724
f 15725 15724 15905
f 15905 15724 15904
f 15905 15904 16022
f 64 1 63
f 64 63 244
f 244 63 243
f 244 243 424
f 424 243 423
f 424 423 604
f 604 423 603
f 604 603 784
f 784 603 783
f 784 783 964
f 964 783 963
f 964 963 1144
f 1144 963 1143
f 1144 1143 1324
f 1324 1143 1323
f 1324 1323 1504
f 1504 1323 1503
f 1504 1503 1684
f 1684 1503 1683
f 1684 1683 1864
f 1864 1683 1863
f 1864 1863 2044
f 2044 1863 2043
f 2044 2043 2224
f 2224 2043 2223
f 2224 2223 2404
f 2404 2223 2403
f 2404 2403 2584
f 2584 2403 2583
f 2584 2583 2764
f 2764 2583 2763
f 2764 2763 2944
f 2944 2763 2943
f 2944 2943 3124
f 3124 2943 3123
f 3124 3123 3304
f 3304 3123 3303
f 3304 3303 3484
f 3484 3303 3483
f 3484 3483 3664
f 3664 3483 3663
f 3664 3663 3844
f 3844 3663 3843
f 3844 3843 4024
f 4024 3843 4023
f 4024 4023 4204
f 4204 4023 4203
f 4204 4203 4384
f 4384 4203 4383
f 4384 4383 4564
f 4564 4383 4563
f 4564 4563 4744
f 4744 4563 4743
f 4744 4743 4924
f 4924 4743 4923
f 4924 4923 5104
f 5104 4923 5103
f 5104 5103 5284
f 5284 5103 5283
f 5284 5283 5464
f 5464 5283 5463
f 5464 5463 5644
f 5644 5463 5643
f 5644 5643 5824
f 5824 5643 5823
f 5824 5823 6004
f 6004 5823 6003
f 6004 6003 6184
f 6184 6003 6183
f 6184 6183 6364
f 6364 6183 6363
f 6364 6363 6544
f 6544 6363 6543
f 6544 6543 6724
f 6724 6543 6723
f 6724 6723 6904
f 6904 6723 6903
f 6904 6903 7084
f 7084 6903 7083
f 7084 7083 7264
f 7264 7083 7263
f 7264 7263 7444
f 7444 7263 7443
f 7444 7443 7624
f 7624 7443 7623
f 7624 7623 7804
f 7804 7623 7803
f 7804 7803 7984
f 7984 7803 7983
f 7984 7983 8164
f 8164 7983 8163
f 8164 8163 8344
f 8344 8163 8343
f 8344 8343 8524
f 8524 8343 8523
f 8524 8523 8704
f 8704 8523 8703
f 8704 8703 8884
f 8884 8703 8883
f 8884 8883 9064
f 9064 8883 9063
f 9064 9063 9244
f 9244 9063 9243
f 9244 9243 9424
f 9424 9243 9423
f 9424 9423 9604
f 9604 9423 9603
f 9604 9603 9784
f 9784 9603 9783
f 9784 9783 9964
f 9964 9783 9963
f 9964 9963 10144
f 10144 9963 10143
f 10144 10143 10324
f 10324 10143 10323
f 10324 10323 10504
f 10504 10323 10503
f 10504 10503 10684
f 10684 10503 10683
f 10684 10683 10864
f 10864 10683 10863
f 10864 10863 11044
f 11044 10863 11043
f 11044 11043 11224
f 11224 11043 11223
f 11224 11223 11404
f 11404 11223 11403
f 11404 11403 11584
f 11584 11403 11583
f 11584 11583 11764
f 11764 11583 11763
f 11764 11763 11944
f 11944 11763 11943
f 11944 11943 12124
f 12124 11943 12123
f 12124 12123 12304
f 12304 12123 12303
f 12304 12303 12484
f 12484 12303 12483
f 12484 12483 12664
f 12664 12483 12663
f 12664 12663 12843
f 12664 12843 12844
f 12844 12843 13024
f 13024 12843 13023
f 13024 13023 13204
f 13204 13023 13203
f 13204 13203 13384
f 13384 13203 13383
f 13384 13383 13564
f 13564 13383 13563
f 13564 13563 13744
f 13744 13563 13743
f 13744 13743 13924
f 13924 13743 13923
f 13924 13923 14104
f 14104 13923 14103
f 14104 14103 14284
f 14284 14103 14283
f 14284 14283 14464
f 14464 14283 14463
f 14464 14463 14644
f 14644 14463 14643
f 14644 14643 14824
f 14824 14643 14823
f 14824 14823 15004
f 15004 14823 15003
f 15004 15003 15184
f 15184 15003 15183
f 15184 15183 15364
f 15364 15183 15363
f 15364 15363 15544
f 15544 15363 15543
f 15544 15543 15724
f 15724 15543 15723
f 15724 15723 15904
f 15904 15723 15903
f 15904 15903 16022
f 63 1 62
f 63 62 243
f 243 62 242
f 243 242 423
f 423 242 422
f 423 422 603
f 603 422 602
f 603 602 783
f 783 602 782
f 783 782 963
f 963 782 962
f 963 962 1143
f 1143 962 1142
f 1143 1142 1323
f 1323 1142 1322
f 1323 1322 1503
f 1503 1322 1502
f 1503 1502 1683
f 1683 1502 1682
f 1683 1682 1863
f 1863 1682 1862
f 1863 1862 2043
f 2043 1862 2042
f 2043 2042 2223
f 2223 2042 2222
f 2223 2222 2403
f 2403 2222 2402
f 2403 2402 2583
f 2583 2402 2582
f 2583 2582 2763
f 2763 2582 2762
f 2763 2762 2943
f 2943 2762 2942
f 2943 2942 3123
f 3123 2942 3122
f 3123 3122 3302
f 3123 3302 3303
f 3303 3302 3483
f 3483 3302 3482
f 3483 3482 3663
f 3663 3482 3662
f 3663 3662 3843
f 3843 3662 3842
f 3843 3842 4023
f 4023 3842 4022
f 4023 4022 4203
f 4203 4022 4202
f 4203 4202 4383
f 4383 4202 4382
f 4383 4382 4563
f 4563 4382 4562
f 4563 4562 4743
f 4743 4562 4742
f 4743 4742 4923
f 4923 4742 4922
f 4923 4922 5103
f 5103 4922 5102
f 5103 5102 5283
f 5283 5102 5282
f 5283 5282 5463
f 5463 5282 5462
f 5463 5462 5643
f 5643 5462 5642
f 5643 5642 5823
f 5823 5642 5822
f 5823 5822 6003
f 6003 5822 6002
f 6003 6002 6183
f 6183 6002 6182
f 6183 6182 6363
f 6363 6182 6362
f 6363 6362 6543
f 6543 6362 6542
f 6543 6542 6723
f 6723 6542 6722
f 6723 6722 6903
f 6903 6722 6902
f 6903 6902 7083
f 7083 6902 7082
f 7083 7082 7263
f 7263 7082 7262
f 7263 7262 7443
f 7443 7262 7442
f 7443 7442 7623
f 7623 7442 7622
f 7623 7622 7803
f 7803 7622 7802
f 7803 7802 7983
f 7983 7802 7982
f 7983 7982 8163
f 8163 7982 8162
f 8163 8162 8343
f 8343 8162 8342
f 8343 8342 8523
f 8523 8342 8522
f 8523 8522 8703
f 8703 8522 8702
f 8703 8702 8883
f 8883 8702 8882
f 8883 8882 9063
f 9063 8882 9062
f 9063 9062 9243
f 9243 9062 9242
f 9243 9242 9423
f 9423 9242 9422
f 9423 9422 9603
f 9603 9422 9602
f 9603 9602 9783
f 9783 9602 9782
f 9783 9782 9963
f 9963 9782 9962
f 9963 9962 10143
f 10143 9962 10142
f 10143 10142 10323
f 10323 10142 10322
f 10323 10322 10503
f 10503 10322 10502
f 10503 10502 10683
f 10683 10502 10682
f 10683 10682 10863
f 10863 10682 10862
f 10863 10862 11043
f 11043 10862 11042
f 11043 11042 11223
f 11223 11042 11222
f 11223 11222 11403
f 11403 11222 11402
f 11403 11402 11583
f 11583 11402 11582
f 11583 11582 11763
f 11763 11582 11762
f 11763 11762 11943
f 11943 11762 11942
f 11943 11942 12123
f 12123 11942 12122
f 12123 12122 12303
f 12303 12122 12302
f 12303 12302 12483
f 12483 12302 12482
f 12483 12482 12663
f 12663 12482 12662
f 12663 12662 12843
f 12843 12662 12842
f 12843 12842 13023
f 13023 12842 13022
f 13023 13022 13203
f 13203 13022 13202
f 13203 13202 13383
f 13383 13202 13382
f 13383 13382 13563
f 13563 13382 13562
f 13563 13562 13743
f 13743 13562 13742
f 13743 13742 13923
f 13923 13742 13922
f 13923 13922 14103
f 14103 13922 14102
f 14103 14102 14283
f 14283 14102 14282
f 14283 14282 14463
f 14463 14282 14462
f 14463 14462 14643
f 14643 14462 14642
f 14643 14642 14823
f 14823 14642 14822
f 14823 14822 15003
f 15003 14822 15002
f 15003 15002 15183
f 15183 15002 15182
f 15183 15182 15363
f 15363 15182 15362
f 15363 15362 15543
f 15543 15362 15542
f 15543 15542 15723
f 15723 15542 15722
f 15723 15722 15903
f 15903 15722 15902
f 15903 15902 16022
f 62 1 61
f 62 61 242
f 242 61 241
f 242 241 422
f 422 241 421
f 422 421 602
f 602 421 601
f 602 601 782
f 782 601 781
f 782 781 962
f 962 781 961
f 962 961 1142
f 1142 961 1141
f 1142 1141 1322
f 1322 1141 1321
f 1322 1321 1502
f 1502 1321 1501
f 1502 1501 1682
f 1682 1501 1681
f 1682 1681 1862
f 1862 1681 1861
f 1862 1861 2042
f 2042 1861 2041
f 2042 2041 2222
f 2222 2041 2221
f 2222 2221 2402
f 2402 2221 2401
f 2402 2401 2582
f 2582 2401 2581
f 2582 2581 2762
f 2762 2581 2761
f 2762 2761 2942
f 2942 2761 2941
f 2942 2941 3122
f 3122 2941 3121
f 3122 3121 3301
f 3122 3301 3302
f 3302 3301 3481
f 3302 3481 3482
f 3482 3481 3661
f 3482 3661 3662
f 3662 3661 3841
f 3662 3841 3842
f 3842 3841 4021
f 3842 4021 4022
f 4022 4021 4201
f 4022 4201 4202
f 4202 4201 4381
f 4202 4381 4382
f 4382 4381 4561
f 4382 4561 4562
f 4562 4561 4741
f 4562 4741 4742
f 4742 4741 4921
f 4742 4921 4922
f 4922 4921 5101
f 4922 5101 5102
f 5102 5101 5281
f 5102 5281 5282
f 5282 5281 5461
f 5282 5461 5462
f 5462 5461 5641
f 5462 5641 5642
f 5642 5641 5821
f 5642 5821 5822
f 5822 5821 6001
f 5822 6001 6002
f 6002 6001 6181
f 6002 6181 6182
f 6182 6181 6361
f 6182 6361 6362
f 6362 6361 6541
f 6362 6541 6542
f 6542 6541 6721
f 6542 6721 6722
f 6722 6721 6901
f 6722 6901 6902
f 6902 6901 7081
f 6902 7081 7082
f 7082 7081 7261
f 7082 7261 7262
f 7262 7261 7441
f 7262 7441 7442
f 7442 7441 7621
f 7442 7621 7622
f 7622 7621 7801
f 7622 7801 7802
f 7802 7801 7981
f 7802 7981 7982
f 7982 7981 8161
f 7982 8161 8162
f 8162 8161 8341
f 8162 8341 8342
f 8342 8341 8521
f 8342 8521 8522
f 8522 8521 8701
f 8522 8701 8702
f 8702 8701 8881
f 8702 8881 8882
f 8882 8881 9061
f 8882 9061 9062
f 9062 9061 9241
f 9062 9241 9242
f 9242 9241 9421
f 9242 9421 9422
f 9422 9421 9601
f 9422 9601 9602
f 9602 9601 9781
f 9602 9781 9782
f 9782 9781 9961
f 9782 9961 9962
f 9962 9961 10141
f 9962 10141 10142
f 10142 10141 10322
f 10322 10141 10321
f 10322 10321 10502
f 10502 10321 10501
f 10502 10501 10682
f 10682 10501 10681
f 10682 10681 10862
f 10862 10681 10861
f 10862 10861 11042
f 11042 10861 11041
f 11042 11041 11222
f 11222 11041 11221
f 11222 11221 11402
f 11402 11221 11401
f 11402 11401 11582
f 11582 11401 11581
f 11582 11581 11762
f 11762 11581 11761
f 11762 11761 11942
f 11942 11761 11941
f 11942 11941 12122
f 12122 11941 12121
f 12122 12121 12302
f 12302 12121 12301
f 12302 12301 12482
f 12482 12301 12481
f 12482 12481 12662
f 12662 12481 12661
f 12662 12661 12842
f 12842 12661 12841
f 12842 12841 13022
f 13022 12841 13021
f 13022 13021 13202
f 13202 13021 13201
f 13202 13201 13382
f 13382 13201 13381
f 13382 13381 13562
f 13562 13381 13561
f 13562 13561 13742
f 13742 13561 13741
f 13742 13741 13922
f 13922 13741 13921
f 13922 13921 14102
f 14102 13921 14101
f 14102 14101 14282
f 14282 14101 14281
f 14282 14281 14462
f 14462 14281 14461
f 14462 14461 14642
f 14642 14461 14641
f 14642 14641 14822
f 14822 14641 14821
f 14822 14821 15002
f 15002 14821 15001
f 15002 15001 15182
f 15182 15001 15181
f 15182 15181 15362
f 15362 15181 15361
f 15362 15361 15542
f 15542 15361 15541
f 15542 15541 15722
f 15722 15541 15721
f 15722 15721 15902
f 15902 15721 15901
f 15902 15901 16022
f 61 1 60
f 61 60 241
f 241 60 240
f 241 240 421
f 421 240 420
f 421 420 601
f 601 420 600
f 601 600 781
f 781 600 780
f 781 780 961
f 961 780 960
f 961 960 1141
f 1141 960 1140
f 1141 1140 1321
f 1321 1140 1320
f 1321 1320 1501
f 1501 1320 1500
f 1501 1500 1681
f 1681 1500 1680
f 1681 1680 1861
f 1861 1680 1860
f 1861 1860 2041
f 2041 1860 2040
f 2041 2040 2221
f 2221 2040 2220
f 2221 2220 2401
f 2401 2220 2400
f 2401 2400 2581
f 2581 2400 2580
f 2581 2580 2761
f 2761 2580 2760
f 2761 2760 2941
f 2941 2760 2940
f 2941 2940 3121
f 3121 2940 3120
f 3121 3120 3301
f 3301 3120 3300
f 3301 3300 3481
f 3481 3300 3480
f 3481 3480 3661
f 3661 3480 3660
f 3661 3660 3841
f 3841 3660 3840
f 3841 3840 4021
f 4021 3840 4020
f 4021 4020 4201
f 4201 4020 4200
f 4201 4200 4381
f 4381 4200 4380
f 4381 4380 4561
f 4561 4380 4560
f 4561 4560 4741
f 4741 4560 4740
f 4741 4740 4921
f 4921 4740 4920
f 4921 4920 5101
f 5101 4920 5100
f 5101 5100 5281
f 5281 5100 5280
f 5281 5280 5461
f 5461 5280 5460
f 5461 5460 5641
f 5641 5460 5640
f 5641 5640 5821
f 5821 5640 5820
f 5821 5820 6001
f 6001 5820 6000
f 6001 6000 6181
f 6181 6000 6180
f 6181 6180 6361
f 6361 6180 6360
f 6361 6360 6541
f 6541 6360 6540
f 6541 6540 6721
f 6721 6540 6720
f 6721 6720 6901
f 6901 6720 6900
f 6901 6900 7081
f 7081 6900 7080
f 7081 7080 7261
f 7261 7080 7260
f 7261 7260 7441
f 7441 7260 7440
f 7441 7440 7621
f 7621 7440 7620
f 7621 7620 7801
f 7801 7620 7800
f 7801 7800 7981
f 7981 7800 7980
f 7981 7980 8161
f 8161 7980 8160
f 8161 8160 8341
f 8341 8160 8340
f 8341 8340 8521
f 8521 8340 8520
f 8521 8520 8701
f 8701 8520 8700
f 8701 8700 8881
f 8881 8700 8880
f 8881 8880 9061
f 9061 8880 9060
f 9061 9060 9241
f 9241 9060 9240
f 9241 9240 9421
f 9421 9240 9420
f 9421 9420 9601
f 9601 9420 9600
f 9601 9600 9781
f 9781 9600 9780
f 9781 9780 9961
f 9961 9780 9960
f 9961 9960 10140
f 9961 10140 10141
f 10141 10140 10321
f 10321 10140 10320
f 10321 10320 10501
f 10501 10320 10500
f 10501 10500 10681
f 10681 10500 10680
f 10681 10680 10861
f 10861 10680 10860
f 10861 10860 11041
f 11041 10860 11040
f 11041 11040 11221
f 11221 11040 11220
f 11221 11220 11401
f 11401 11220 11400
f 11401 11400 11581
f 11581 11400 11580
f 11581 11580 11761
f 11761 11580 11760
f 11761 11760 11941
f 11941 11760 11940
f 11941 11940 12121
f 12121 11940 12120
f 12121 12120 12301
f 12301 12120 12300
f 12301 12300 12481
f 12481 12300 12480
f 12481 12480 12661
f 12661 12480 12660
f 12661 12660 12841
f 12841 12660 12840
f 12841 12840 13021
f 13021 12840 13020
f 13021 13020 13201
f 13201 13020 13200
f 13201 13200 13381
f 13381 13200 13380
f 13381 13380 13561
f 13561 13380 13560
f 13561 13560 13741
f 13741 13560 13740
f 13741 13740 13921
f 13921 13740 13920
f 13921 13920 14101
f 14101 13920 14100
f 14101 14100 14281
f 14281 14100 14280
f 14281 14280 14461
f 14461 14280 14460
f 14461 14460 14641
f 14641 14460 14640
f 14641 14640 14821
f 14821 14640 14820
f 14821 14820 15001
f 15001 14820 15000
f 15001 15000 15181
f 15181 15000 15180
f 15181 15180 15361
f 15361 15180 15360
f 15361 15360 15541
f 15541 15360 15540
f 15541 15540 15721
f 15721 15540 15720
f 15721 15720 15901
f 15901 15720 15900
f 15901 15900 16022
f 60 1 59
f 60 59 240
f 240 59 239
f 240 239 420
f 420 239 419
f 420 419 599
f 420 599 600
f 600 599 780
f 780 599 779
f 780 779 960
f 960 779 959
f 960 959 1140
f 1140 959 1139
f 1140 1139 1320
f 1320 1139 1319
f 1320 1319 1500
f 1500 1319 1499
f 1500 1499 1680
f 1680 1499 1679
f 1680 1679 1860
f 1860 1679 1859
f 1860 1859 2040
f 2040 1859 2039
f 2040 2039 2220
f 2220 2039 2219
f 2220 2219 2400
f 2400 2219 2399
f 2400 2399 2580
f 2580 2399 2579
f 2580 2579 2760
f 2760 2579 2759
f 2760 2759 2940
f 2940 2759 2939
f 2940 2939 3120
f 3120 2939 3119
f 3120 3119 3300
f 3300 3119 3299
f 3300 3299 3480
f 3480 3299 3479
f 3480 3479 3660
f 3660 3479 3659
f 3660 3659 3840
f 3840 3659 3839
f 3840 3839 4020
f 4020 3839 4019
f 4020 4019 4200
f 4200 4019 4199
f 4200 4199 4380
f 4380 4199 4379
f 4380 4379 4560
f 4560 4379 4559
f 4560 4559 4740
f 4740 4559 4739
f 4740 4739 4920
f 4920 4739 4919
f 4920 4919 5100
f 5100 4919 5099
f 5100 5099 5280
f 5280 5099 5279
f 5280 5279 5460
f 5460 5279 5459
f 5460 5459 5640
f 5640 5459 5639
f 5640 5639 5820
f 5820 5639 5819
f 5820 5819 6000
f 6000 5819 5999
f 6000 5999 6180
f 6180 5999 6179
f 6180 6179 6360
f 6360 6179 6359
f 6360 6359 6540
f 6540 6359 6539
f 6540 6539 6720
f 6720 6539 6719
f 6720 6719 6900
f 6900 6719 6899
f 6900 6899 7080
f 7080 6899 7079
f 7080 7079 7260
f 7260 7079 7259
f 7260 7259 7440
f 7440 7259 7439
f 7440 7439 7620
f 7620 7439 7619
f 7620 7619 7800
f 7800 7619 7799
f 7800 7799 7980
f 7980 7799 7979
f 7980 7979 8160
f 8160 7979 8159
f 8160 8159 8340
f 8340 8159 8339
f 8340 8339 8520
f 8520 8339 8519
f 8520 8519 8700
f 8700 8519 8699
f 8700 8699 8880
f 8880 8699 8879
f 8880 8879 9060
f 9060 8879 9059
f 9060 9059 9240
f 9240 9059 9239
f 9240 9239 9420
f 9420 9239 9419
f 9420 9419 9600
f 9600 9419 9599
f 9600 9599 9780
f 9780 9599 9779
f 9780 9779 9960
f 9960 9779 9959
f 9960 9959 10140
f 10140 9959 10139
f 10140 10139 10320
f 10320 10139 10319
f 10320 10319 10500
f 10500 10319 10499
f 10500 10499 10680
f 10680 10499 10679
f 10680 10679 10860
f 10860 10679 10859
f 10860 10859 11040
f 11040 10859 11039
f 11040 11039 11220
f 11220 11039 11219
f 11220 11219 11400
f 11400 11219 11399
f 11400 11399 11580
f 11580 11399 11579
f 11580 11579 11760
f 11760 11579 11759
f 11760 11759 11940
f 11940 11759 11939
f 11940 11939 12120
f 12120 11939 12119
f 12120 12119 12300
f 12300 12119 12299
f 12300 12299 12480
f 12480 12299 12479
f 12480 12479 12660
f 12660 12479 12659
f 12660 12659 12840
f 12840 12659 12839
f 12840 12839 13020
f 13020 12839 13019
f 13020 13019 13200
f 13200 13019 13199
f 13200 13199 13380
f 13380 13199 13379
f 13380 13379 13560
f 13560 13379 13559
f 13560 13559 13740
f 13740 13559 13739
f 13740 13739 13920
f 13920 13739 13919
f 13920 13919 14100
f 14100 13919 14099
f 14100 14099 14280
f 14280 14099 14279
f 14280 14279 14460
f 14460 14279 14459
f 14460 14459 14640
f 14640 14459 14639
f 14640 14639 14820
f 14820 14639 14819
f 14820 14819 15000
f 15000 14819 14999
f 15000 14999 15180
f 15180 14999 15179
f 15180 15179 15360
f 15360 15179 15359
f 15360 15359 15540
f 15540 15359 15539
f 15540 15539 15720
f 15720 15539 15719
f 15720 15719 15900
f 15900 15719 15899
f 15900 15899 16022
f 59 1 58
f 59 58 239
f 239 58 238
f 239 238 419
f 419 238 418
f 419 418 598
f 419 598 599
f 599 598 778
f 599 778 779
f 779 778 958
f 779 958 959
f 959 958 1138
f 959 1138 1139
f 1139 1138 1318
f 1139 1318 1319
f 1319 1318 1498
f 1319 1498 1499
f 1499 1498 1678
f 1499 1678 1679
f 1679 1678 1858
f 1679 1858 1859
f 1859 1858 2038
f 1859 2038 2039
f 2039 2038 2218
f 2039 2218 2219
f 2219 2218 2398
f 2219 2398 2399
f 2399 2398 2578
f 2399 2578 2579
f 2579 2578 2758
f 2579 2758 2759
f 2759 2758 2938
f 2759 2938 2939
f 2939 2938 3118
f 2939 3118 3119
f 3119 3118 3298
f 3119 3298 3299
f 3299 3298 3478
f 3299 3478 3479
f 3479 3478 3658
f 3479 3658 3659
f 3659 3658 3838
f 3659 3838 3839
f 3839 3838 4018
f 3839 4018 4019
f 4019 4018 4198
f 4019 4198 4199
f 4199 4198 4378
f 4199 4378 4379
f 4379 4378 4558
f 4379 4558 4559
f 4559 4558 4738
f 4559 4738 4739
f 4739 4738 4918
f 4739 4918 4919
f 4919 4918 5098
f 4919 5098 5099
f 5099 5098 5278
f 5099 5278 5279
f 5279 5278 5458
f 5279 5458 5459
f 5459 5458 5638
f 5459 5638 5639
f 5639 5638 5818
f 5639 5818 5819
f 5819 5818 5998
f 5819 5998 5999
f 5999 5998 6178
f 5999 6178 6179
f 6179 6178 6358
f 6179 6358 6359
f 6359 6358 6538
f 6359 6538 6539
f 6539 6538 6718
f 6539 6718 6719
f 6719 6718 6898
f 6719 6898 6899
f 6899 6898 7078
f 6899 7078 7079
f 7079 7078 7258
f 7079 7258 7259
f 7259 7258 7439
f 7439 7258 7438
f 7439 7438 7619
f 7619 7438 7618
f 7619 7618 7799
f 7799 7618 7798
f 7799 7798 7979
f 7979 7798 7978
f 7979 7978 8159
f 8159 7978 8158
f 8159 8158 8339
f 8339 8158 8338
f 8339 8338 8519
f 8519 8338 8518
f 8519 8518 8699
f 8699 8518 8698
f 8699 8698 8879
f 8879 8698 8878
f 8879 8878 9059
f 9059 8878 9058
f 9059 9058 9239
f 9239 9058 9238
f 9239 9238 9419
f 9419 9238 9418
f 9419 9418 9599
f 9599 9418 9598
f 9599 9598 9779
f 9779 9598 9778
f 9779 9778 9959
f 9959 9778 9958
f 9959 9958 10139
f 10139 9958 10138
f 10139 10138 10319
f 10319 10138 10318
f 10319 10318 10499
f 10499 10318 10498
f 10499 10498 10679
f 10679 10498 10678
f 10679 10678 10859
f 10859 10678 10858
f 10859 10858 11039
f 11039 10858 11038
f 11039 11038 11219
f 11219 11038 11218
f 11219 11218 11399
f 11399 11218 11398
f 11399 11398 11579
f 11579 11398 11578
f 11579 11578 11759
f 11759 11578 11758
f 11759 11758 11939
f 11939 11758 11938
f 11939 11938 12119
f 12119 11938 12118
f 12119 12118 12299
f 12299 12118 12298
f 12299 12298 12479
f 12479 12298 12478
f 12479 12478 12659
f 12659 12478 12658
f 12659 12658 12839
f 12839 12658 12838
f 12839 12838 13019
f 13019 12838 13018
f 13019 13018 13199
f 13199 13018 13198
f 13199 13198 13379
f 13379 13198 13378
f 13379 13378 13559
f 13559 13378 13558
f 13559 13558 13739
f 13739 13558 13738
f 13739 13738 13919
f 13919 13738 13918
f 13919 13918 14099
f 14099 13918 14098
f 14099 14098 14279
f 14279 14098 14278
f 14279 14278 14459
f 14459 14278 14458
f 14459 14458 14639
f 14639 14458 14638
f 14639 14638 14819
f 14819 14638 14818
f 14819 14818 14999
f 14999 14818 14998
f 14999 14998 15179
f 15179 14998 15178
f 15179 15178 15359
f 15359 15178 15358
f 15359 15358 15539
f 15539 15358 15538
f 15539 15538 15719
f 15719 15538 15718
f 15719 15718 15899
f 15899 15718 15898
f 15899 15898 16022
f 58 1 57
f 58 57 238
f 238 57 237
f 238 237 418
f 418 237 417
f 418 417 598
f 598 417 597
f 598 597 778
f 778 597 777
f 778 777 958
f 958 777 957
f 958 957 1138
f 1138 957 1137
f 1138 1137 1318
f 1318 1137 1317
f 1318 1317 1498
f 1498 1317 1497
f 1498 1497 1678
f 1678 1497 1677
f 1678 1677 1858
f 1858 1677 1857
f 1858 1857 2038
f 2038 1857 2037
f 2038 2037 2218
f 2218 2037 2217
f 2218 2217 2398
f 2398 2217 2397
f 2398 2397 2578
f 2578 2397 2577
f 2578 2577 2758
f 2758 2577 2757
f 2758 2757 2938
f 2938 2757 2937
f 2938 2937 3118
f 3118 2937 3117
f 3118 3117 3298
f 3298 3117 3297
f 3298 3297 3478
f 3478 3297 3477
f 3478 3477 3658
f 3658 3477 3657
f 3658 3657 3838
f 3838 3657 3837
f 3838 3837 4018
f 4018 3837 4017
f 4018 4017 4198
f 4198 4017 4197
f 4198 4197 4378
f 4378 4197 4377
f 4378 4377 4558
f 4558 4377 4557
f 4558 4557 4738
f 4738 4557 4737
f 4738 4737 4918
f 4918 4737 4917
f 4918 4917 5098
f 5098 4917 5097
f 5098 5097 5278
f 5278 5097 5277
f 5278 5277 5458
f 5458 5277 5457
f 5458 5457 5638
f 5638 5457 5637
f 5638 5637 5818
f 5818 5637 5817
f 5818 5817 5998
f 5998 5817 5997
f 5998 5997 6178
f 6178 5997 6177
f 6178 6177 6358
f 6358 6177 6357
f 6358 6357 6538
f 6538 6357 6537
f 6538 6537 6718
f 6718 6537 6717
f 6718 6717 6898
f 6898 6717 6897
f 6898 6897 7078
f 7078 6897 7077
f 7078 7077 7257
f 7078 7257 7258
f 7258 7257 7437
f 7258 7437 7438
f 7438 7437 7617
f 7438 7617 7618
f 7618 7617 7797
f 7618 7797 7798
f 7798 7797 7977
f 7798 7977 7978
f 7978 7977 8157
f 7978 8157 8158
f 8158 8157 8337
f 8158 8337 8338
f 8338 8337 8517
f 8338 8517 8518
f 8518 8517 8697
f 8518 8697 8698
f 8698 8697 8877
f 8698 8877 8878
f 8878 8877 9057
f 8878 9057 9058
f 9058 9057 9237
f 9058 9237 9238
f 9238 9237 9417
f 9238 9417 9418
f 9418 9417 9597
f 9418 9597 9598
f 9598 9597 9777
f 9598 9777 9778
f 9778 9777 9957
f 9778 9957 9958
f 9958 9957 10137
f 9958 10137 10138
f 10138 10137 10317
f 10138 10317 10318
f 10318 10317 10497
f 10318 10497 10498
f 10498 10497 10677
f 10498 10677 10678
f 10678 10677 10857
f 10678 10857 10858
f 10858 10857 11037
f 10858 11037 11038
f 11038 11037 11217
f 11038 11217 11218
f 11218 11217 11397
f 11218 11397 11398
f 11398 11397 11577
f 11398 11577 11578
f 11578 11577 11757
f 11578 11757 11758
f 11758 11757 11937
f 11758 11937 11938
f 11938 11937 12117
f 11938 12117 12118
f 12118 12117 12297
f 12118 12297 12298
f 12298 12297 12477
f 12298 12477 12478
f 12478 12477 12657
f 12478 12657 12658
f 12658 12657 12837
f 12658 12837 12838
f 12838 12837 13017
f 12838 13017 13018
f 13018 13017 13197
f 13018 13197 13198
f 13198 13197 13377
f 13198 13377 13378
f 13378 13377 13557
f 13378 13557 13558
f 13558 13557 13737
f 13558 13737 13738
f 13738 13737 13917
f 13738 13917 13918
f 13918 13917 14097
f 13918 14097 14098
f 14098 14097 14278
f 14278 14097 14277
f 14278 14277 14458
f 14458 14277 14457
f 14458 14457 14638
f 14638 14457 14637
f 14638 14637 14818
f 14818 14637 14817
f 14818 14817 14998
f 14998 14817 14997
f 14998 14997 15178
f 15178 14997 15177
f 15178 15177 15358
f 15358 15177 15357
f 15358 15357 15538
f 15538 15357 15537
f 15538 15537 15718
f 15718 15537 15717
f 15718 15717 15898
f 15898 15717 15897
f 15898 15897 16022
f 57 1 56
f 57 56 237
f 237 56 236
f 237 236 417
f 417 236 416
f 417 416 597
f 597 416 596
f 597 596 777
f 777 596 776
f 777 776 957
f 957 776 956
f 957 956 1137
f 1137 956 1136
f 1137 1136 1317
f 1317 1136 1316
f 1317 1316 1497
f 1497 1316 1496
f 1497 1496 1677
f 1677 1496 1676
f 1677 1676 1857
f 1857 1676 1856
f 1857 1856 2037
f 2037 1856 2036
f 2037 2036 2217
f 2217 2036 2216
f 2217 2216 2397
f 2397 2216 2396
f 2397 2396 2577
f 2577 2396 2576
f 2577 2576 2757
f 2757 2576 2756
f 2757 2756 2937
f 2937 2756 2936
f 2937 2936 3117
f 3117 2936 3116
f 3117 3116 3297
f 3297 3116 3296
f 3297 3296 3477
f 3477 3296 3476
f 3477 3476 3657
f 3657 3476 3656
f 3657 3656 3837
f 3837 3656 3836
f 3837 3836 4017
f 4017 3836 4016
f 4017 4016 4197
f 4197 4016 4196
f 4197 4196 4377
f 4377 4196 4376
f 4377 4376 4557
f 4557 4376 4556
f 4557 4556 4737
f 4737 4556 4736
f 4737 4736 4917
f 4917 4736 4916
f 4917 4916 5097
f 5097 4916 5096
f 5097 5096 5277
f 5277 5096 5276
f 5277 5276 5457
f 5457 5276 5456
f 5457 5456 5637
f 5637 5456 5636
f 5637 5636 5817
f 5817 5636 5816
f 5817 5816 5997
f 5997 5816 5996
f 5997 5996 6177
f 6177 5996 6176
f 6177 6176 6357
f 6357 6176 6356
f 6357 6356 6537
f 6537 6356 6536
f 6537 6536 6717
f 6717 6536 6716
f 6717 6716 6897
f 6897 6716 6896
f 6897 6896 7077
f 7077 6896 7076
f 7077 7076 7257
f 7257 7076 7256
f 7257 7256 7437
f 7437 7256 7436
f 7437 7436 7617
f 7617 7436 7616
f 7617 7616 7797
f 7797 7616 7796
f 7797 7796 7977
f 7977 7796 7976
f 7977 7976 8157
f 8157 7976 8156
f 8157 8156 8337
f 8337 8156 8336
f 8337 8336 8517
f 8517 8336 8516
f 8517 8516 8697
f 8697 8516 8696
f 8697 8696 8877
f 8877 8696 8876
f 8877 8876 9057
f 9057 8876 9056
f 9057 9056 9237
f 9237 9056 9236
f 9237 9236 9417
f 9417 9236 9416
f 9417 9416 9597
f 9597 9416 9596
f 9597 9596 9777
f 9777 9596 9776
f 9777 9776 9957
f 9957 9776 9956
f 9957 9956 10137
f 10137 9956 10136
f 10137 10136 10317
f 10317 10136 10316
f 10317 10316 10497
f 10497 10316 10496
f 10497 10496 10677
f 10677 10496 10676
f 10677 10676 10857
f 10857 10676 10856
f 10857 10856 11037
f 11037 10856 11036
f 11037 11036 11217
f 11217 11036 11216
f 11217 11216 11397
f 11397 11216 11396
f 11397 11396 11577
f 11577 11396 11576
f 11577 11576 11757
f 11757 11576 11756
f 11757 11756 11937
f 11937 11756 11936
f 11937 11936 12117
f 12117 11936 12116
f 12117 12116 12297
f 12297 12116 12296
f 12297 12296 12477
f 12477 12296 12476
f 12477 12476 12657
f 12657 12476 12656
f 12657 12656 12837
f 12837 12656 12836
f 12837 12836 13017
f 13017 12836 13016
f 13017 13016 13197
f 13197 13016 13196
f 13197 13196 13377
f 13377 13196 13376
f 13377 13376 13557
f 13557 13376 13556
f 13557 13556 13737
f 13737 13556 13736
f 13737 13736 13917
f 13917 13736 13916
f 13917 13916 14096
f 13917 14096 14097
f 14097 14096 14277
f 14277 14096 14276
f 14277 14276 14457
f 14457 14276 14456
f 14457 14456 14637
f 14637 14456 14636
f 14637 14636 14817
f 14817 14636 14816
f 14817 14816 14997
f 14997 14816 14996
f 14997 14996 15177
f 15177 14996 15176
f 15177 15176 15357
f 15357 15176 15356
f 15357 15356 15537
f 15537 15356 15536
f 15537 15536 15717
f 15717 15536 15716
f 15717 15716 15897
f 15897 15716 15896
f 15897 15896 16022
f 56 1 55
f 56 55 236
f 236 55 235
f 236 235 416
f 416 235 415
f 416 415 596
f 596 415 595
f 596 595 776
f 776 595 775
f 776 775 956
f 956 775 955
f 956 955 1136
f 1136 955 1135
f 1136 1135 1316
f 1316 1135 1315
f 1316 1315 1496
f 1496 1315 1495
f 1496 1495 1676
f 1676 1495 1675
f 1676 1675 1856
f 1856 1675 1855
f 1856 1855 2036
f 2036 1855 2035
f 2036 2035 2216
f 2216 2035 2215
f 2216 2215 2396
f 2396 2215 2395
f 2396 2395 2576
f 2576 2395 2575
f 2576 2575 2756
f 2756 2575 2755
f 2756 2755 2936
f 2936 2755 2935
f 2936 2935 3116
f 3116 2935 3115
f 3116 3115 3296
f 3296 3115 3295
f 3296 3295 3476
f 3476 3295 3475
f 3476 3475 3656
f 3656 3475 3655
f 3656 3655 3836
f 3836 3655 3835
f 3836 3835 4016
f 4016 3835 4015
f 4016 4015 4196
f 4196 4015 4195
f 4196 4195 4376
f 4376 4195 4375
f 4376 4375 4555
f 4376 4555 4556
f 4556 4555 4736
f 4736 4555 4735
f 4736 4735 4916
f 4916 4735 4915
f 4916 4915 5096
f 5096 4915 5095
f 5096 5095 5276
f 5276 5095 5275
f 5276 5275 5456
f 5456 5275 5455
f 5456 5455 5636
f 5636 5455 5635
f 5636 5635 5816
f 5816 5635 5815
f 5816 5815 5996
f 5996 5815 5995
f 5996 5995 6176
f 6176 5995 6175
f 6176 6175 6356
f 6356 6175 6355
f 6356 6355 6536
f 6536 6355 6535
f 6536 6535 6716
f 6716 6535 6715
f 6716 6715 6896
f 6896 6715 6895
f 6896 6895 7076
f 7076 6895 7075
f 7076 7075 7256
f 7256 7075 7255
f 7256 7255 7436
f 7436 7255 7435
f 7436 7435 7616
f 7616 7435 7615
f 7616 7615 7796
f 7796 7615 7795
f 7796 7795 7976
f 7976 7795 7975
f 7976 7975 8156
f 8156 7975 8155
f 8156 8155 8336
f 8336 8155 8335
f 8336 8335 8516
f 8516 8335 8515
f 8516 8515 8696
f 8696 8515 8695
f 8696 8695 8876
f 8876 8695 8875
f 8876 8875 9056
f 9056 8875 9055
f 9056 9055 9236
f 9236 9055 9235
f 9236 9235 9416
f 9416 9235 9415
f 9416 9415 9596
f 9596 9415 9595
f 9596 9595 9776
f 9776 9595 9775
f 9776 9775 9956
f 9956 9775 9955
f 9956 9955 10136
f 10136 9955 10135
f 10136 10135 10316
f 10316 10135 10315
f 10316 10315 10496
f 10496 10315 10495
f 10496 10495 10676
f 10676 10495 10675
f 10676 10675 10856
f 10856 10675 10855
f 10856 10855 11036
f 11036 10855 11035
f 11036 11035 11216
f 11216 11035 11215
f 11216 11215 11396
f 11396 11215 11395
f 11396 11395 11576
f 11576 11395 11575
f 11576 11575 11756
f 11756 11575 11755
f 11756 11755 11936
f 11936 11755 11935
f 11936 11935 12116
f 12116 11935 12115
f 12116 12115 12296
f 12296 12115 12295
f 12296 12295 12476
f 12476 12295 12475
f 12476 12475 12656
f 12656 12475 12655
f 12656 12655 12836
f 12836 12655 12835
f 12836 12835 13016
f 13016 12835 13015
f 13016 13015 13196
f 13196 13015 13195
f 13196 13195 13376
f 13376 13195 13375
f 13376 13375 13556
f 13556 13375 13555
f 13556 13555 13736
f 13736 13555 13735
f 13736 13735 13916
f 13916 13735 13915
f 13916 13915 14096
f 14096 13915 14095
f 14096 14095 14276
f 14276 14095 14275
f 14276 14275 14456
f 14456 14275 14455
f 14456 14455 14636
f 14636 14455 14635
f 14636 14635 14816
f 14816 14635 14815
f 14816 14815 14996
f 14996 14815 14995
f 14996 14995 15176
f 15176 14995 15175
f 15176 15175 15356
f 15356 15175 15355
f 15356 15355 15536
f 15536 15355 15535
f 15536 15535 15716
f 15716 15535 15715
f 15716 15715 15896
f 15896 15715 15895
f 15896 15895 16022
f 55 1 54
f 55 54 235
f 235 54 234
f 235 234 415
f 415 234 414
f 415 414 595
f 595 414 594
f 595 594 775
f 775 594 774
f 775 774 955
f 955 774 954
f 955 954 1135
f 1135 954 1134
f 1135 1134 1315
f 1315 1134 1314
f 1315 1314 1495
f 1495 1314 1494
f 1495 1494 1675
f 1675 1494 1674
f 1675 1674 1855
f 1855 1674 1854
f 1855 1854 2035
f 2035 1854 2034
f 2035 2034 2215
f 2215 2034 2214
f 2215 2214 2395
f 2395 2214 2394
f 2395 2394 2575
f 2575 2394 2574
f 2575 2574 2755
f 2755 2574 2754
f 2755 2754 2935
f 2935 2754 2934
f 2935 2934 3115
f 3115 2934 3114
f 3115 3114 3295
f 3295 3114 3294
f 3295 3294 3475
f 3475 3294 3474
f 3475 3474 3655
f 3655 3474 3654
f 3655 3654 3835
f 3835 3654 3834
f 3835 3834 4015
f 4015 3834 4014
f 4015 4014 4195
f 4195 4014 4194
f 4195 4194 4375
f 4375 4194 4374
f 4375 4374 4554
f 4375 4554 4555
f 4555 4554 4734
f 4555 4734 4735
f 4735 4734 4914
f 4735 4914 4915
f 4915 4914 5094
f 4915 5094 5095
f 5095 5094 5274
f 5095 5274 5275
f 5275 5274 5454
f 5275 5454 5455
f 5455 5454 5634
f 5455 5634 5635
f 5635 5634 5814
f 5635 5814 5815
f 5815 5814 5994
f 5815 5994 5995
f 5995 5994 6174
f 5995 6174 6175
f 6175 6174 6354
f 6175 6354 6355
f 6355 6354 6534
f 6355 6534 6535
f 6535 6534 6714
f 6535 6714 6715
f 6715 6714 6894
f 6715 6894 6895
f 6895 6894 7074
f 6895 7074 7075
f 7075 7074 7254
f 7075 7254 7255
f 7255 7254 7434
f 7255 7434 7435
f 7435 7434 7614
f 7435 7614 7615
f 7615 7614 7794
f 7615 7794 7795
f 7795 7794 7974
f 7795 7974 7975
f 7975 7974 8154
f 7975 8154 8155
f 8155 8154 8334
f 8155 8334 8335
f 8335 8334 8514
f 8335 8514 8515
f 8515 8514 8694
f 8515 8694 8695
f 8695 8694 8874
f 8695 8874 8875
f 8875 8874 9054
f 8875 9054 9055
f 9055 9054 9234
f 9055 9234 9235
f 9235 9234 9414
f 9235 9414 9415
f 9415 9414 9594
f 9415 9594 9595
f 9595 9594 9774
f 9595 9774 9775
f 9775 9774 9954
f 9775 9954 9955
f 9955 9954 10134
f 9955 10134 10135
f 10135 10134 10314
f 10135 10314 10315
f 10315 10314 10494
f 10315 10494 10495
f 10495 10494 10674
f 10495 10674 10675
f 10675 10674 10854
f 10675 10854 10855
f 10855 10854 11034
f 10855 11034 11035
f 11035 11034 11214
f 11035 11214 11215
f 11215 11214 11394
f 11215 11394 11395
f 11395 11394 11575
f 11575 11394 11574
f 11575 11574 11755
f 11755 11574 11754
f 11755 11754 11935
f 11935 11754 11934
f 11935 11934 12115
f 12115 11934 12114
f 12115 12114 12295
f 12295 12114 12294
f 12295 12294 12475
f 12475 12294 12474
f 12475 12474 12655
f 12655 12474 12654
f 12655 12654 12835
f 12835 12654 12834
f 12835 12834 13015
f 13015 12834 13014
f 13015 13014 13195
f 13195 13014 13194
f 13195 13194 13375
f 13375 13194 13374
f 13375 13374 13555
f 13555 13374 13554
f 13555 13554 13735
f 13735 13554 13734
f 13735 13734 13915
f 13915 13734 13914
f 13915 13914 14095
f 14095 13914 14094
f 14095 14094 14275
f 14275 14094 14274
f 14275 14274 14455
f 14455 14274 14454
f 14455 14454 14635
f 14635 14454 14634
f 14635 14634 14815
f 14815 14634 14814
f 14815 14814 14995
f 14995 14814 14994
f 14995 14994 15175
f 15175 14994 15174
f 15175 15174 15355
f 15355 15174 15354
f 15355 15354 15535
f 15535 15354 15534
f 15535 15534 15715
f 15715 15534 15714
f 15715 15714 15895
f 15895 15714 15894
f 15895 15894 16022
f 54 1 53
f 54 53 234
f 234 53 233
f 234 233 414
f 414 233 413
f 414 413 594
f 594 413 593
f 594 593 774
f 774 593 773
f 774 773 954
f 954 773 953
f 954 953 1134
f 1134 953 1133
f 1134 1133 1314
f 1314 1133 1313
f 1314 1313 1494
f 1494 1313 1493
f 1494 1493 1674
f 1674 1493 1673
f 1674 1673 1854
f 1854 1673 1853
f 1854 1853 2034
f 2034 1853 2033
f 2034 2033 2214
f 2214 2033 2213
f 2214 2213 2394
f 2394 2213 2393
f 2394 2393 2574
f 2574 2393 2573
f 2574 2573 2754
f 2754 2573 2753
f 2754 2753 2934
f 2934 2753 2933
f 2934 2933 3114
f 3114 2933 3113
f 3114 3113 3294
f 3294 3113 3293
f 3294 3293 3474
f 3474 3293 3473
f 3474 3473 3654
f 3654 3473 3653
f 3654 3653 3834
f 3834 3653 3833
f 3834 3833 4014
f 4014 3833 4013
f 4014 4013 4194
f 4194 4013 4193
f 4194 4193 4374
f 4374 4193 4373
f 4374 4373 4554
f 4554 4373 4553
f 4554 4553 4734
f 4734 4553 4733
f 4734 4733 4914
f 4914 4733 4913
f 4914 4913 5094
f 5094 4913 5093
f 5094 5093 5274
f 5274 5093 5273
f 5274 5273 5454
f 5454 5273 5453
f 5454 5453 5634
f 5634 5453 5633
f 5634 5633 5814
f 5814 5633 5813
f 5814 5813 5994
f 5994 5813 5993
f 5994 5993 6174
f 6174 5993 6173
f 6174 6173 6354
f 6354 6173 6353
f 6354 6353 6534
f 6534 6353 6533
f 6534 6533 6714
f 6714 6533 6713
f 6714 6713 6894
f 6894 6713 6893
f 6894 6893 7074
f 7074 6893 7073
f 7074 7073 7254
f 7254 7073 7253
f 7254 7253 7434
f 7434 7253 7433
f 7434 7433 7614
f 7614 7433 7613
f 7614 7613 7794
f 7794 7613 7793
f 7794 7793 7974
f 7974 7793 7973
f 7974 7973 8154
f 8154 7973 8153
f 8154 8153 8334
f 8334 8153 8333
f 8334 8333 8514
f 8514 8333 8513
f 8514 8513 8694
f 8694 8513 8693
f 8694 8693 8874
f 8874 8693 8873
f 8874 8873 9054
f 9054 8873 9053
f 9054 9053 9234
f 9234 9053 9233
f 9234 9233 9414
f 9414 9233 9413
f 9414 9413 9594
f 9594 9413 9593
f 9594 9593 9774
f 9774 9593 9773
f 9774 9773 9954
f 9954 9773 9953
f 9954 9953 10134
f 10134 9953 10133
f 10134 10133 10314
f 10314 10133 10313
f 10314 10313 10494
f 10494 10313 10493
f 10494 10493 10674
f 10674 10493 10673
f 10674 10673 10854
f 10854 10673 10853
f 10854 10853 11034
f 11034 10853 11033
f 11034 11033 11214
f 11214 11033 11213
f 11214 11213 11393
f 11214 11393 11394
f 11394 11393 11574
f 11574 11393 11573
f 11574 11573 11754
f 11754 11573 11753
f 11754 11753 11934
f 11934 11753 11933
f 11934 11933 12114
f 12114 11933 12113
f 12114 12113 12294
f 12294 12113 12293
f 12294 12293 12474
f 12474 12293 12473
f 12474 12473 12654
f 12654 12473 12653
f 12654 12653 12834
f 12834 12653 12833
f 12834 12833 13014
f 13014 12833 13013
f 13014 13013 13194
f 13194 13013 13193
f 13194 13193 13374
f 13374 13193 13373
f 13374 13373 13554
f 13554 13373 13553
f 13554 13553 13734
f 13734 13553 13733
f 13734 13733 13914
f 13914 13733 13913
f 13914 13913 14094
f 14094 13913 14093
f 14094 14093 14274
f 14274 14093 14273
f 14274 14273 14454
f 14454 14273 14453
f 14454 14453 14634
f 14634 14453 14633
f 14634 14633 14814
f 14814 14633 14813
f 14814 14813 14994
f 14994 14813 14993
f 14994 14993 15174
f 15174 14993 15173
f 15174 15173 15354
f 15354 15173 15353
f 15354 15353 15534
f 15534 15353 15533
f 15534 15533 15714
f 15714 15533 15713
f 15714 15713 15894
f 15894 15713 15893
f 15894 15893 16022
f 53 1 52
f 53 52 233
f 233 52 232
f 233 232 413
f 413 232 412
f 413 412 593
f 593 412 592
f 593 592 773
f 773 592 772
f 773 772 953
f 953 772 952
f 953 952 1133
f 1133 952 1132
f 1133 1132 1313
f 1313 1132 1312
f 1313 1312 1493
f 1493 1312 1492
f 1493 1492 1672
f 1493 1672 1673
f 1673 1672 1853
f 1853 1672 1852
f 1853 1852 2033
f 2033 1852 2032
f 2033 2032 2213
f 2213 2032 2212
f 2213 2212 2393
f 2393 2212 2392
f 2393 2392 2573
f 2573 2392 2572
f 2573 2572 2753
f 2753 2572 2752
f 2753 2752 2933
f 2933 2752 2932
f 2933 2932 3113
f 3113 2932 3112
f 3113 3112 3293
f 3293 3112 3292
f 3293 3292 3473
f 3473 3292 3472
f 3473 3472 3653
f 3653 3472 3652
f 3653 3652 3833
f 3833 3652 3832
f 3833 3832 4013
f 4013 3832 4012
f 4013 4012 4193
f 4193 4012 4192
f 4193 4192 4373
f 4373 4192 4372
f 4373 4372 4553
f 4553 4372 4552
f 4553 4552 4733
f 4733 4552 4732
f 4733 4732 4913
f 4913 4732 4912
f 4913 4912 5093
f 5093 4912 5092
f 5093 5092 5273
f 5273 5092 5272
f 5273 5272 5453
f 5453 5272 5452
f 5453 5452 5633
f 5633 5452 5632
f 5633 5632 5813
f 5813 5632 5812
f 5813 5812 5993
f 5993 5812 5992
f 5993 5992 6173
f 6173 5992 6172
f 6173 6172 6353
f 6353 6172 6352
f 6353 6352 6533
f 6533 6352 6532
f 6533 6532 6713
f 6713 6532 6712
f 6713 6712 6893
f 6893 6712 6892
f 6893 6892 7073
f 7073 6892 7072
f 7073 7072 7253
f 7253 7072 7252
f 7253 7252 7433
f 7433 7252 7432
f 7433 7432 7613
f 7613 7432 7612
f 7613 7612 7793
f 7793 7612 7792
f 7793 7792 7973
f 7973 7792 7972
f 7973 7972 8153
f 8153 7972 8152
f 8153 8152 8333
f 8333 8152 8332
f 8333 8332 8513
f 8513 8332 8512
f 8513 8512 8693
f 8693 8512 8692
f 8693 8692 8873
f 8873 8692 8872
f 8873 8872 9053
f 9053 8872 9052
f 9053 9052 9233
f 9233 9052 9232
f 9233 9232 9413
f 9413 9232 9412
f 9413 9412 9593
f 9593 9412 9592
f 9593 9592 9773
f 9773 9592 9772
f 9773 9772 9953
f 9953 9772 9952
f 9953 9952 10133
f 10133 9952 10132
f 10133 10132 10313
f 10313 10132 10312
f 10313 10312 10493
f 10493 10312 10492
f 10493 10492 10673
f 10673 10492 10672
f 10673 10672 10853
f 10853 10672 10852
f 10853 10852 11033
f 11033 10852 11032
f 11033 11032 11213
f 11213 11032 11212
f 11213 11212 11393
f 11393 11212 11392
f 11393 11392 11573
f 11573 11392 11572
f 11573 11572 11753
f 11753 11572 11752
f 11753 11752 11933
f 11933 11752 11932
f 11933 11932 12113
f 12113 11932 12112
f 12113 12112 12293
f 12293 12112 12292
f 12293 12292 12473
f 12473 12292 12472
f 12473 12472 12653
f 12653 12472 12652
f 12653 12652 12833
f 12833 12652 12832
f 12833 12832 13013
f 13013 12832 13012
f 13013 13012 13193
f 13193 13012 13192
f 13193 13192 13373
f 13373 13192 13372
f 13373 13372 13553
f 13553 13372 13552
f 13553 13552 13733
f 13733 13552 13732
f 13733 13732 13913
f 13913 13732 13912
f 13913 13912 14093
f 14093 13912 14092
f 14093 14092 14273
f 14273 14092 14272
f 14273 14272 14453
f 14453 14272 14452
f 14453 14452 14633
f 14633 14452 14632
f 14633 14632 14813
f 14813 14632 14812
f 14813 14812 14993
f 14993 14812 14992
f 14993 14992 15173
f 15173 14992 15172
f 15173 15172 15353
f 15353 15172 15352
f 15353 15352 15533
f 15533 15352 15532
f 15533 15532 15713
f 15713 15532 15712
f 15713 15712 15893
f 15893 15712 15892
f 15893 15892 16022
f 52 1 51
f 52 51 232
f 232 51 231
f 232 231 412
f 412 231 411
f 412 411 592
f 592 411 591
f 592 591 772
f 772 591 771
f 772 771 952
f 952 771 951
f 952 951 1132
f 1132 951 1131
f 1132 1131 1312
f 1312 1131 1311
f 1312 1311 1492
f 1492 1311 1491
f 1492 1491 1671
f 1492 1671 1672
f 1672 1671 1851
f 1672 1851 1852
f 1852 1851 2031
f 1852 2031 2032
f 2032 2031 2211
f 2032 2211 2212
f 2212 2211 2391
f 2212 2391 2392
f 2392 2391 2571
f 2392 2571 2572
f 2572 2571 2751
f 2572 2751 2752
f 2752 2751 2931
f 2752 2931 2932
f 2932 2931 3111
f 2932 3111 3112
f 3112 3111 3291
f 3112 3291 3292
f 3292 3291 3471
f 3292 3471 3472
f 3472 3471 3651
f 3472 3651 3652
f 3652 3651 3831
f 3652 3831 3832
f 3832 3831 4011
f 3832 4011 4012
f 4012 4011 4191
f 4012 4191 4192
f 4192 4191 4371
f 4192 4371 4372
f 4372 4371 4551
f 4372 4551 4552
f 4552 4551 4731
f 4552 4731 4732
f 4732 4731 4911
f 4732 4911 4912
f 4912 4911 5091
f 4912 5091 5092
f 5092 5091 5271
f 5092 5271 5272
f 5272 5271 5451
f 5272 5451 5452
f 5452 5451 5631
f 5452 5631 5632
f 5632 5631 5811
f 5632 5811 5812
f 5812 5811 5991
f 5812 5991 5992
f 5992 5991 6171
f 5992 6171 6172
f 6172 6171 6351
f 6172 6351 6352
f 6352 6351 6531
f 6352 6531 6532
f 6532 6531 6711
f 6532 6711 6712
f 6712 6711 6891
f 6712 6891 6892
f 6892 6891 7071
f 6892 7071 7072
f 7072 7071 7251
f 7072 7251 7252
f 7252 7251 7431
f 7252 7431 7432
f 7432 7431 7611
f 7432 7611 7612
f 7612 7611 7791
f 7612 7791 7792
f 7792 7791 7971
f 7792 7971 7972
f 7972 7971 8151
f 7972 8151 8152
f 8152 8151 8331
f 8152 8331 8332
f 8332 8331 8511
f 8332 8511 8512
f 8512 8511 8692
f 8692 8511 8691
f 8692 8691 8872
f 8872 8691 8871
f 8872 8871 9052
f 9052 8871 9051
f 9052 9051 9232
f 9232 9051 9231
f 9232 9231 9412
f 9412 9231 9411
f 9412 9411 9592
f 9592 9411 9591
f 9592 9591 9772
f 9772 9591 9771
f 9772 9771 9952
f 9952 9771 9951
f 9952 9951 10132
f 10132 9951 10131
f 10132 10131 10312
f 10312 10131 10311
f 10312 10311 10492
f 10492 10311 10491
f 10492 10491 10672
f 10672 10491 10671
f 10672 10671 10852
f 10852 10671 10851
f 10852 10851 11032
f 11032 10851 11031
f 11032 11031 11212
f 11212 11031 11211
f 11212 11211 11392
f 11392 11211 11391
f 11392 11391 11572
f 11572 11391 11571
f 11572 11571 11752
f 11752 11571 11751
f 11752 11751 11932
f 11932 11751 11931
f 11932 11931 12112
f 12112 11931 12111
f 12112 12111 12292
f 12292 12111 12291
f 12292 12291 12472
f 12472 12291 12471
f 12472 12471 12652
f 12652 12471 12651
f 12652 12651 12832
f 12832 12651 12831
f 12832 12831 13012
f 13012 12831 13011
f 13012 13011 13192
f 13192 13011 13191
f 13192 13191 13372
f 13372 13191 13371
f 13372 13371 13552
f 13552 13371 13551
f 13552 13551 13732
f 13732 13551 13731
f 13732 13731 13912
f 13912 13731 13911
f 13912 13911 14092
f 14092 13911 14091
f 14092 14091 14272
f 14272 14091 14271
f 14272 14271 14452
f 14452 14271 14451
f 14452 14451 14632
f 14632 14451 14631
f 14632 14631 14812
f 14812 14631 14811
f 14812 14811 14992
f 14992 14811 14991
f 14992 14991 15172
f 15172 14991 15171
f 15172 15171 15352
f 15352 15171 15351
f 15352 15351 15532
f 15532 15351 15531
f 15532 15531 15712
f 15712 15531 15711
f 15712 15711 15892
f 15892 15711 15891
f 15892 15891 16022
f 51 1 50
f 51 50 231
f 231 50 230
f 231 230 411
f 411 230 410
f 411 410 591
f 591 410 590
f 591 590 771
f 771 590 770
f 771 770 951
f 951 770 950
f 951 950 1131
f 1131 950 1130
f 1131 1130 1311
f 1311 1130 1310
f 1311 1310 1491
f 1491 1310 1490
f 1491 1490 1671
f 1671 1490 1670
f 1671 1670 1851
f 1851 1670 1850
f 1851 1850 2031
f 2031 1850 2030
f 2031 2030 2211
f 2211 2030 2210
f 2211 2210 2391
f 2391 2210 2390
f 2391 2390 2571
f 2571 2390 2570
f 2571 2570 2751
f 2751 2570 2750
f 2751 2750 2931
f 2931 2750 2930
f 2931 2930 3111
f 3111 2930 3110
f 3111 3110 3291
f 3291 3110 3290
f 3291 3290 3471
f 3471 3290 3470
f 3471 3470 3651
f 3651 3470 3650
f 3651 3650 3831
f 3831 3650 3830
f 3831 3830 4011
f 4011 3830 4010
f 4011 4010 4191
f 4191 4010 4190
f 4191 4190 4371
f 4371 4190 4370
f 4371 4370 4551
f 4551 4370 4550
f 4551 4550 4731
f 4731 4550 4730
f 4731 4730 4911
f 4911 4730 4910
f 4911 4910 5091
f 5091 4910 5090
f 5091 5090 5271
f 5271 5090 5270
f 5271 5270 5451
f 5451 5270 5450
f 5451 5450 5631
f 5631 5450 5630
f 5631 5630 5811
f 5811 5630 5810
f 5811 5810 5991
f 5991 5810 5990
f 5991 5990 6171
f 6171 5990 6170
f 6171 6170 6351
f 6351 6170 6350
f 6351 6350 6531
f 6531 6350 6530
f 6531 6530 6711
f 6711 6530 6710
f 6711 6710 6891
f 6891 6710 6890
f 6891 6890 7071
f 7071 6890 7070
f 7071 7070 7251
f 7251 7070 7250
f 7251 7250 7431
f 7431 7250 7430
f 7431 7430 7611
f 7611 7430 7610
f 7611 7610 7791
f 7791 7610 7790
f 7791 7790 7971
f 7971 7790 7970
f 7971 7970 8151
f 8151 7970 8150
f 8151 8150 8331
f 8331 8150 8330
f 8331 8330 8510
f 8331 8510 8511
f 8511 8510 8690
f 8511 8690 8691
f 8691 8690 8870
f 8691 8870 8871
f 8871 8870 9050
f 8871 9050 9051
f 9051 9050 9230
f 9051 9230 9231
f 9231 9230 9410
f 9231 9410 9411
f 9411 9410 9590
f 9411 9590 9591
f 9591 9590 9770
f 9591 9770 9771
f 9771 9770 9950
f 9771 9950 9951
f 9951 9950 10130
f 9951 10130 10131
f 10131 10130 10310
f 10131 10310 10311
f 10311 10310 10490
f 10311 10490 10491
f 10491 10490 10670
f 10491 10670 10671
f 10671 10670 10850
f 10671 10850 10851
f 10851 10850 11030
f 10851 11030 11031
f 11031 11030 11210
f 11031 11210 11211
f 11211 11210 11390
f 11211 11390 11391
f 11391 11390 11570
f 11391 11570 11571
f 11571 11570 11750
f 11571 11750 11751
f 11751 11750 11930
f 11751 11930 11931
f 11931 11930 12110
f 11931 12110 12111
f 12111 12110 12290
f 12111 12290 12291
f 12291 12290 12470
f 12291 12470 12471
f 12471 12470 12650
f 12471 12650 12651
f 12651 12650 12830
f 12651 12830 12831
f 12831 12830 13010
f 12831 13010 13011
f 13011 13010 13190
f 13011 13190 13191
f 13191 13190 13370
f 13191 13370 13371
f 13371 13370 13550
f 13371 13550 13551
f 13551 13550 13730
f 13551 13730 13731
f 13731 13730 13910
f 13731 13910 13911
f 13911 13910 14090
f 13911 14090 14091
f 14091 14090 14270
f 14091 14270 14271
f 14271 14270 14450
f 14271 14450 14451
f 14451 14450 14630
f 14451 14630 14631
f 14631 14630 14810
f 14631 14810 14811
f 14811 14810 14990
f 14811 14990 14991
f 14991 14990 15170
f 14991 15170 15171
f 15171 15170 15351
f 15351 15170 15350
f 15351 15350 15531
f 15531 15350 15530
f 15531 15530 15711
f 15711 15530 15710
f 15711 15710 15891
f 15891 15710 15890
f 15891 15890 16022
f 50 1 49
f 50 49 230
f 230 49 229
f 230 229 410
f 410 229 409
f 410 409 590
f 590 409 589
f 590 589 770
f 770 589 769
f 770 769 950
f 950 769 949
f 950 949 1130
f 1130 949 1129
f 1130 1129 1310
f 1310 1129 1309
f 1310 1309 1490
f 1490 1309 1489
f 1490 1489 1670
f 1670 1489 1669
f 1670 1669 1850
f 1850 1669 1849
f 1850 1849 2030
f 2030 1849 2029
f 2030 2029 2210
f 2210 2029 2209
f 2210 2209 2390
f 2390 2209 2389
f 2390 2389 2570
f 2570 2389 2569
f 2570 2569 2750
f 2750 2569 2749
f 2750 2749 2930
f 2930 2749 2929
f 2930 2929 3110
f 3110 2929 3109
f 3110 3109 3290
f 3290 3109 3289
f 3290 3289 3470
f 3470 3289 3469
f 3470 3469 3650
f 3650 3469 3649
f 3650 3649 3830
f 3830 3649 3829
f 3830 3829 4010
f 4010 3829 4009
f 4010 4009 4190
f 4190 4009 4189
f 4190 4189 4370
f 4370 4189 4369
f 4370 4369 4550
f 4550 4369 4549
f 4550 4549 4730
f 4730 4549 4729
f 4730 4729 4910
f 4910 4729 4909
f 4910 4909 5090
f 5090 4909 5089
f 5090 5089 5270
f 5270 5089 5269
f 5270 5269 5450
f 5450 5269 5449
f 5450 5449 5630
f 5630 5449 5629
f 5630 5629 5810
f 5810 5629 5809
f 5810 5809 5990
f 5990 5809 5989
f 5990 5989 6170
f 6170 5989 6169
f 6170 6169 6350
f 6350 6169 6349
f 6350 6349 6530
f 6530 6349 6529
f 6530 6529 6710
f 6710 6529 6709
f 6710 6709 6890
f 6890 6709 6889
f 6890 6889 7070
f 7070 6889 7069
f 7070 7069 7250
f 7250 7069 7249
f 7250 7249 7430
f 7430 7249 7429
f 7430 7429 7610
f 7610 7429 7609
f 7610 7609 7790
f 7790 7609 7789
f 7790 7789 7970
f 7970 7789 7969
f 7970 7969 8150
f 8150 7969 8149
f 8150 8149 8330
f 8330 8149 8329
f 8330 8329 8510
f 8510 8329 8509
f 8510 8509 8690
f 8690 8509 8689
f 8690 8689 8870
f 8870 8689 8869
f 8870 8869 9050
f 9050 8869 9049
f 9050 9049 9230
f 9230 9049 9229
f 9230 9229 9410
f 9410 9229 9409
f 9410 9409 9590
f 9590 9409 9589
f 9590 9589 9770
f 9770 9589 9769
f 9770 9769 9950
f 9950 9769 9949
f 9950 9949 10130
f 10130 9949 10129
f 10130 10129 10310
f 10310 10129 10309
f 10310 10309 10490
f 10490 10309 10489
f 10490 10489 10670
f 10670 10489 10669
f 10670 10669 10850
f 10850 10669 10849
f 10850 10849 11030
f 11030 10849 11029
f 11030 11029 11210
f 11210 11029 11209
f 11210 11209 11390
f 11390 11209 11389
f 11390 11389 11570
f 11570 11389 11569
f 11570 11569 11750
f 11750 11569 11749
f 11750 11749 11930
f 11930 11749 11929
f 11930 11929 12110
f 12110 11929 12109
f 12110 12109 12290
f 12290 12109 12289
f 12290 12289 12470
f 12470 12289 12469
f 12470 12469 12650
f 12650 12469 12649
f 12650 12649 12830
f 12830 12649 12829
f 12830 12829 13010
f 13010 12829 13009
f 13010 13009 13190
f 13190 13009 13189
f 13190 13189 13370
f 13370 13189 13369
f 13370 13369 13550
f 13550 13369 13549
f 13550 13549 13730
f 13730 13549 13729
f 13730 13729 13910
f 13910 13729 13909
f 13910 13909 14090
f 14090 13909 14089
f 14090 14089 14270
f 14270 14089 14269
f 14270 14269 14450
f 14450 14269 14449
f 14450 14449 14630
f 14630 14449 14629
f 14630 14629 14810
f 14810 14629 14809
f 14810 14809 14990
f 14990 14809 14989
f 14990 14989 15169
f 14990 15169 15170
f 15170 15169 15350
f 15350 15169 15349
f 15350 15349 15530
f 15530 15349 15529
f 15530 15529 15710
f 15710 15529 15709
f 15710 15709 15890
f 15890 15709 15889
f 15890 15889 16022
f 49 1 48
f 49 48 229
f 229 48 228
f 229 228 409
f 409 228 408
f 409 408 589
f 589 408 588
f 589 588 769
f 769 588 768
f 769 768 949
f 949 768 948
f 949 948 1129
f 1129 948 1128
f 1129 1128 1309
f 1309 1128 1308
f 1309 1308 1489
f 1489 1308 1488
f 1489 1488 1669
f 1669 1488 1668
f 1669 1668 1849
f 1849 1668 1848
f 1849 1848 2029
f 2029 1848 2028
f 2029 2028 2209
f 2209 2028 2208
f 2209 2208 2389
f 2389 2208 2388
f 2389 2388 2569
f 2569 2388 2568
f 2569 2568 2749
f 2749 2568 2748
f 2749 2748 2929
f 2929 2748 2928
f 2929 2928 3109
f 3109 2928 3108
f 3109 3108 3289
f 3289 3108 3288
f 3289 3288 3469
f 3469 3288 3468
f 3469 3468 3649
f 3649 3468 3648
f 3649 3648 3829
f 3829 3648 3828
f 3829 3828 4009
f 4009 3828 4008
f 4009 4008 4189
f 4189 4008 4188
f 4189 4188 4369
f 4369 4188 4368
f 4369 4368 4549
f 4549 4368 4548
f 4549 4548 4729
f 4729 4548 4728
f 4729 4728 4909
f 4909 4728 4908
f 4909 4908 5089
f 5089 4908 5088
f 5089 5088 5269
f 5269 5088 5268
f 5269 5268 5449
f 5449 5268 5448
f 5449 5448 5628
f 5449 5628 5629
f 5629 5628 5809
f 5809 5628 5808
f 5809 5808 5989
f 5989 5808 5988
f 5989 5988 6169
f 6169 5988 6168
f 6169 6168 6349
f 6349 6168 6348
f 6349 6348 6529
f 6529 6348 6528
f 6529 6528 6709
f 6709 6528 6708
f 6709 6708 6889
f 6889 6708 6888
f 6889 6888 7069
f 7069 6888 7068
f 7069 7068 7249
f 7249 7068 7248
f 7249 7248 7429
f 7429 7248 7428
f 7429 7428 7609
f 7609 7428 7608
f 7609 7608 7789
f 7789 7608 7788
f 7789 7788 7969
f 7969 7788 7968
f 7969 7968 8149
f 8149 7968 8148
f 8149 8148 8329
f 8329 8148 8328
f 8329 8328 8509
f 8509 8328 8508
f 8509 8508 8689
f 8689 8508 8688
f 8689 8688 8869
f 8869 8688 8868
f 8869 8868 9049
f 9049 8868 9048
f 9049 9048 9229
f 9229 9048 9228
f 9229 9228 9409
f 9409 9228 9408
f 9409 9408 9589
f 9589 9408 9588
f 9589 9588 9769
f 9769 9588 9768
f 9769 9768 9949
f 9949 9768 9948
f 9949 9948 10129
f 10129 9948 10128
f 10129 10128 10309
f 10309 10128 10308
f 10309 10308 10489
f 10489 10308 10488
f 10489 10488 10669
f 10669 10488 10668
f 10669 10668 10849
f 10849 10668 10848
f 10849 10848 11029
f 11029 10848 11028
f 11029 11028 11209
f 11209 11028 11208
f 11209 11208 11389
f 11389 11208 11388
f 11389 11388 11569
f 11569 11388 11568
f 11569 11568 11749
f 11749 11568 11748
f 11749 11748 11929
f 11929 11748 11928
f 11929 11928 12109
f 12109 11928 12108
f 12109 12108 12289
f 12289 12108 12288
f 12289 12288 12469
f 12469 12288 12468
f 12469 12468 12649
f 12649 12468 12648
f 12649 12648 12829
f 12829 12648 12828
f 12829 12828 13009
f 13009 12828 13008
f 13009 13008 13189
f 13189 13008 13188
f 13189 13188 13369
f 13369 13188 13368
f 13369 13368 13549
f 13549 13368 13548
f 13549 13548 13729
f 13729 13548 13728
f 13729 13728 13909
f 13909 13728 13908
f 13909 13908 14089
f 14089 13908 14088
f 14089 14088 14269
f 14269 14088 14268
f 14269 14268 14449
f 14449 14268 14448
f 14449 14448 14629
f 14629 14448 14628
f 14629 14628 14809
f 14809 14628 14808
f 14809 14808 14989
f 14989 14808 14988
f 14989 14988 15169
f 15169 14988 15168
f 15169 15168 15349
f 15349 15168 15348
f 15349 15348 15529
f 15529 15348 15528
f 15529 15528 15709
f 15709 15528 15708
f 15709 15708 15889
f 15889 15708 15888
f 15889 15888 16022
f 48 1 47
f 48 47 228
f 228 47 227
f 228 227 408
f 408 227 407
f 408 407 588
f 588 407 587
f 588 587 768
f 768 587 767
f 768 767 948
f 948 767 947
f 948 947 1128
f 1128 947 1127
f 1128 1127 1308
f 1308 1127 1307
f 1308 1307 1488
f 1488 1307 1487
f 1488 1487 1668
f 1668 1487 1667
f 1668 1667 1848
f 1848 1667 1847
f 1848 1847 2028
f 2028 1847 2027
f 2028 2027 2208
f 2208 2027 2207
f 2208 2207 2388
f 2388 2207 2387
f 2388 2387 2568
f 2568 2387 2567
f 2568 2567 2748
f 2748 2567 2747
f 2748 2747 2928
f 2928 2747 2927
f 2928 2927 3108
f 3108 2927 3107
f 3108 3107 3288
f 3288 3107 3287
f 3288 3287 3468
f 3468 3287 3467
f 3468 3467 3648
f 3648 3467 3647
f 3648 3647 3828
f 3828 3647 3827
f 3828 3827 4008
f 4008 3827 4007
f 4008 4007 4188
f 4188 4007 4187
f 4188 4187 4368
f 4368 4187 4367
f 4368 4367 4548
f 4548 4367 4547
f 4548 4547 4728
f 4728 4547 4727
f 4728 4727 4908
f 4908 4727 4907
f 4908 4907 5088
f 5088 4907 5087
f 5088 5087 5268
f 5268 5087 5267
f 5268 5267 5448
f 5448 5267 5447
f 5448 5447 5627
f 5448 5627 5628
f 5628 5627 5807
f 5628 5807 5808
f 5808 5807 5987
f 5808 5987 5988
f 5988 5987 6167
f 5988 6167 6168
f 6168 6167 6347
f 6168 6347 6348
f 6348 6347 6527
f 6348 6527 6528
f 6528 6527 6707
f 6528 6707 6708
f 6708 6707 6887
f 6708 6887 6888
f 6888 6887 7067
f 6888 7067 7068
f 7068 7067 7247
f 7068 7247 7248
f 7248 7247 7427
f 7248 7427 7428
f 7428 7427 7607
f 7428 7607 7608
f 7608 7607 7787
f 7608 7787 7788
f 7788 7787 7967
f 7788 7967 7968
f 7968 7967 8147
f 7968 8147 8148
f 8148 8147 8327
f 8148 8327 8328
f 8328 8327 8507
f 8328 8507 8508
f 8508 8507 8687
f 8508 8687 8688
f 8688 8687 8867
f 8688 8867 8868
f 8868 8867 9047
f 8868 9047 9048
f 9048 9047 9227
f 9048 9227 9228
f 9228 9227 9407
f 9228 9407 9408
f 9408 9407 9587
f 9408 9587 9588
f 9588 9587 9767
f 9588 9767 9768
f 9768 9767 9947
f 9768 9947 9948
f 9948 9947 10127
f 9948 10127 10128
f 10128 10127 10307
f 10128 10307 10308
f 10308 10307 10487
f 10308 10487 10488
f 10488 10487 10667
f 10488 10667 10668
f 10668 10667 10847
f 10668 10847 10848
f 10848 10847 11027
f 10848 11027 11028
f 11028 11027 11207
f 11028 11207 11208
f 11208 11207 11387
f 11208 11387 11388
f 11388 11387 11567
f 11388 11567 11568
f 11568 11567 11747
f 11568 11747 11748
f 11748 11747 11927
f 11748 11927 11928
f 11928 11927 12107
f 11928 12107 12108
f 12108 12107 12287
f 12108 12287 12288
f 12288 12287 12468
f 12468 12287 12467
f 12468 12467 12648
f 12648 12467 12647
f 12648 12647 12828
f 12828 12647 12827
f 12828 12827 13008
f 13008 12827 13007
f 13008 13007 13188
f 13188 13007 13187
f 13188 13187 13368
f 13368 13187 13367
f 13368 13367 13548
f 13548 13367 13547
f 13548 13547 13728
f 13728 13547 13727
f 13728 13727 13908
f 13908 13727 13907
f 13908 13907 14088
f 14088 13907 14087
f 14088 14087 14268
f 14268 14087 14267
f 14268 14267 14448
f 14448 14267 14447
f 14448 14447 14628
f 14628 14447 14627
f 14628 14627 14808
f 14808 14627 14807
f 14808 14807 14988
f 14988 14807 14987
f 14988 14987 15168
f 15168 14987 15167
f 15168 15167 15348
f 15348 15167 15347
f 15348 15347 15528
f 15528 15347 15527
f 15528 15527 15708
f 15708 15527 15707
f 15708 15707 15888
f 15888 15707 15887
f 15888 15887 16022
f 47 1 46
f 47 46 227
f 227 46 226
f 227 226 407
f 407 226 406
f 407 406 587
f 587 406 586
f 587 586 767
f 767 586 766
f 767 766 947
f 947 766 946
f 947 946 1127
f 1127 946 1126
f 1127 1126 1307
f 1307 1126 1306
f 1307 1306 1487
f 1487 1306 1486
f 1487 1486 1667
f 1667 1486 1666
f 1667 1666 1847
f 1847 1666 1846
f 1847 1846 2027
f 2027 1846 2026
f 2027 2026 2207
f 2207 2026 2206
f 2207 2206 2387
f 2387 2206 2386
f 2387 2386 2567
f 2567 2386 2566
f 2567 2566 2747
f 2747 2566 2746
f 2747 2746 2927
f 2927 2746 2926
f 2927 2926 3107
f 3107 2926 3106
f 3107 3106 3287
f 3287 3106 3286
f 3287 3286 3467
f 3467 3286 3466
f 3467 3466 3647
f 3647 3466 3646
f 3647 3646 3827
f 3827 3646 3826
f 3827 3826 4007
f 4007 3826 4006
f 4007 4006 4187
f 4187 4006 4186
f 4187 4186 4367
f 4367 4186 4366
f 4367 4366 4547
f 4547 4366 4546
f 4547 4546 4727
f 4727 4546 4726
f 4727 4726 4907
f 4907 4726 4906
f 4907 4906 5087
f 5087 4906 5086
f 5087 5086 5267
f 5267 5086 5266
f 5267 5266 5447
f 5447 5266 5446
f 5447 5446 5627
f 5627 5446 5626
f 5627 5626 5807
f 5807 5626 5806
f 5807 5806 5987
f 5987 5806 5986
f 5987 5986 6167
f 6167 5986 6166
f 6167 6166 6347
f 6347 6166 6346
f 6347 6346 6527
f 6527 6346 6526
f 6527 6526 6707
f 6707 6526 6706
f 6707 6706 6887
f 6887 6706 6886
f 6887 6886 7067
f 7067 6886 7066
f 7067 7066 7247
f 7247 7066 7246
f 7247 7246 7427
f 7427 7246 7426
f 7427 7426 7607
f 7607 7426 7606
f 7607 7606 7787
f 7787 7606 7786
f 7787 7786 7967
f 7967 7786 7966
f 7967 7966 8147
f 8147 7966 8146
f 8147 8146 8327
f 8327 8146 8326
f 8327 8326 8507
f 8507 8326 8506
f 8507 8506 8687
f 8687 8506 8686
f 8687 8686 8867
f 8867 8686 8866
f 8867 8866 9047
f 9047 8866 9046
f 9047 9046 9227
f 9227 9046 9226
f 9227 9226 9407
f 9407 9226 9406
f 9407 9406 9587
f 9587 9406 9586
f 9587 9586 9767
f 9767 9586 9766
f 9767 9766 9947
f 9947 9766 9946
f 9947 9946 10127
f 10127 9946 10126
f 10127 10126 10307
f 10307 10126 10306
f 10307 10306 10487
f 10487 10306 10486
f 10487 10486 10667
f 10667 10486 10666
f 10667 10666 10847
f 10847 10666 10846
f 10847 10846 11027
f 11027 10846 11026
f 11027 11026 11207
f 11207 11026 11206
f 11207 11206 11387
f 11387 11206 11386
f 11387 11386 11567
f 11567 11386 11566
f 11567 11566 11747
f 11747 11566 11746
f 11747 11746 11927
f 11927 11746 11926
f 11927 11926 12107
f 12107 11926 12106
f 12107 12106 12286
f 12107 12286 12287
f 12287 12286 12467
f 12467 12286 12466
f 12467 12466 12647
f 12647 12466 12646
f 12647 12646 12827
f 12827 12646 12826
f 12827 12826 13007
f 13007 12826 13006
f 13007 13006 13187
f 13187 13006 13186
f 13187 13186 13367
f 13367 13186 13366
f 13367 13366 13547
f 13547 13366 13546
f 13547 13546 13727
f 13727 13546 13726
f 13727 13726 13907
f 13907 13726 13906
f 13907 13906 14087
f 14087 13906 14086
f 14087 14086 14267
f 14267 14086 14266
f 14267 14266 14447
f 14447 14266 14446
f 14447 14446 14627
f 14627 14446 14626
f 14627 14626 14807
f 14807 14626 14806
f 14807 14806 14987
f 14987 14806 14986
f 14987 14986 15167
f 15167 14986 15166
f 15167 15166 15347
f 15347 15166 15346
f 15347 15346 15527
f 15527 15346 15526
f 15527 15526 15707
f 15707 15526 15706
f 15707 15706 15887
f 15887 15706 15886
f 15887 15886 16022
f 46 1 45
f 46 45 226
f 226 45 225
f 226 225 406
f 406 225 405
f 406 405 586
f 586 405 585
f 586 585 766
f 766 585 765
f 766 765 946
f 946 765 945
f 946 945 1126
f 1126 945 1125
f 1126 1125 1306
f 1306 1125 1305
f 1306 1305 1486
f 1486 1305 1485
f 1486 1485 1666
f 1666 1485 1665
f 1666 1665 1846
f 1846 1665 1845
f 1846 1845 2026
f 2026 1845 2025
f 2026 2025 2206
f 2206 2025 2205
f 2206 2205 2386
f 2386 2205 2385
f 2386 2385 2566
f 2566 2385 2565
f 2566 2565 2745
f 2566 2745 2746
f 2746 2745 2926
f 2926 2745 2925
f 2926 2925 3106
f 3106 2925 3105
f 3106 3105 3286
f 3286 3105 3285
f 3286 3285 3466
f 3466 3285 3465
f 3466 3465 3646
f 3646 3465 3645
f 3646 3645 3826
f 3826 3645 3825
f 3826 3825 4006
f 4006 3825 4005
f 4006 4005 4186
f 4186 4005 4185
f 4186 4185 4366
f 4366 4185 4365
f 4366 4365 4546
f 4546 4365 4545
f 4546 4545 4726
f 4726 4545 4725
f 4726 4725 4906
f 4906 4725 4905
f 4906 4905 5086
f 5086 4905 5085
f 5086 5085 5266
f 5266 5085 5265
f 5266 5265 5446
f 5446 5265 5445
f 5446 5445 5626
f 5626 5445 5625
f 5626 5625 5806
f 5806 5625 5805
f 5806 5805 5986
f 5986 5805 5985
f 5986 5985 6166
f 6166 5985 6165
f 6166 6165 6346
f 6346 6165 6345
f 6346 6345 6526
f 6526 6345 6525
f 6526 6525 6706
f 6706 6525 6705
f 6706 6705 6886
f 6886 6705 6885
f 6886 6885 7066
f 7066 6885 7065
f 7066 7065 7246
f 7246 7065 7245
f 7246 7245 7426
f 7426 7245 7425
f 7426 7425 7606
f 7606 7425 7605
f 7606 7605 7786
f 7786 7605 7785
f 7786 7785 7966
f 7966 7785 7965
f 7966 7965 8146
f 8146 7965 8145
f 8146 8145 8326
f 8326 8145 8325
f 8326 8325 8506
f 8506 8325 8505
f 8506 8505 8686
f 8686 8505 8685
f 8686 8685 8866
f 8866 8685 8865
f 8866 8865 9046
f 9046 8865 9045
f 9046 9045 9226
f 9226 9045 9225
f 9226 9225 9406
f 9406 9225 9405
f 9406 9405 9586
f 9586 9405 9585
f 9586 9585 9766
f 9766 9585 9765
f 9766 9765 9946
f 9946 9765 9945
f 9946 9945 10126
f 10126 9945 10125
f 10126 10125 10306
f 10306 10125 10305
f 10306 10305 10486
f 10486 10305 10485
f 10486 10485 10666
f 10666 10485 10665
f 10666 10665 10846
f 10846 10665 10845
f 10846 10845 11026
f 11026 10845 11025
f 11026 11025 11206
f 11206 11025 11205
f 11206 11205 11386
f 11386 11205 11385
f 11386 11385 11566
f 11566 11385 11565
f 11566 11565 11746
f 11746 11565 11745
f 11746 11745 11926
f 11926 11745 11925
f 11926 11925 12106
f 12106 11925 12105
f 12106 12105 12286
f 12286 12105 12285
f 12286 12285 12466
f 12466 12285 12465
f 12466 12465 12646
f 12646 12465 12645
f 12646 12645 12826
f 12826 12645 12825
f 12826 12825 13006
f 13006 12825 13005
f 13006 13005 13186
f 13186 13005 13185
f 13186 13185 13366
f 13366 13185 13365
f 13366 13365 13546
f 13546 13365 13545
f 13546 13545 13726
f 13726 13545 13725
f 13726 13725 13906
f 13906 13725 13905
f 13906 13905 14086
f 14086 13905 14085
f 14086 14085 14266
f 14266 14085 14265
f 14266 14265 14446
f 14446 14265 14445
f 14446 14445 14626
f 14626 14445 14625
f 14626 14625 14806
f 14806 14625 14805
f 14806 14805 14986
f 14986 14805 14985
f 14986 14985 15166
f 15166 14985 15165
f 15166 15165 15346
f 15346 15165 15345
f 15346 15345 15526
f 15526 15345 15525
f 15526 15525 15706
f 15706 15525 15705
f 15706 15705 15886
f 15886 15705 15885
f 15886 15885 16022
f 45 1 44
f 45 44 225
f 225 44 224
f 225 224 405
f 405 224 404
f 405 404 585
f 585 404 584
f 585 584 765
f 765 584 764
f 765 764 945
f 945 764 944
f 945 944 1125
f 1125 944 1124
f 1125 1124 1305
f 1305 1124 1304
f 1305 1304 1485
f 1485 1304 1484
f 1485 1484 1665
f 1665 1484 1664
f 1665 1664 1845
f 1845 1664 1844
f 1845 1844 2025
f 2025 1844 2024
f 2025 2024 2205
f 2205 2024 2204
f 2205 2204 2385
f 2385 2204 2384
f 2385 2384 2565
f 2565 2384 2564
f 2565 2564 2744
f 2565 2744 2745
f 2745 2744 2924
f 2745 2924 2925
f 2925 2924 3104
f 2925 3104 3105
f 3105 3104 3284
f 3105 3284 3285
f 3285 3284 3464
f 3285 3464 3465
f 3465 3464 3644
f 3465 3644 3645
f 3645 3644 3824
f 3645 3824 3825
f 3825 3824 4004
f 3825 4004 4005
f 4005 4004 4184
f 4005 4184 4185
f 4185 4184 4364
f 4185 4364 4365
f 4365 4364 4544
f 4365 4544 4545
f 4545 4544 4724
f 4545 4724 4725
f 4725 4724 4904
f 4725 4904 4905
f 4905 4904 5084
f 4905 5084 5085
f 5085 5084 5264
f 5085 5264 5265
f 5265 5264 5444
f 5265 5444 5445
f 5445 5444 5624
f 5445 5624 5625
f 5625 5624 5804
f 5625 5804 5805
f 5805 5804 5984
f 5805 5984 5985
f 5985 5984 6164
f 5985 6164 6165
f 6165 6164 6344
f 6165 6344 6345
f 6345 6344 6524
f 6345 6524 6525
f 6525 6524 6704
f 6525 6704 6705
f 6705 6704 6884
f 6705 6884 6885
f 6885 6884 7064
f 6885 7064 7065
f 7065 7064 7244
f 7065 7244 7245
f 7245 7244 7424
f 7245 7424 7425
f 7425 7424 7604
f 7425 7604 7605
f 7605 7604 7784
f 7605 7784 7785
f 7785 7784 7964
f 7785 7964 7965
f 7965 7964 8144
f 7965 8144 8145
f 8145 8144 8324
f 8145 8324 8325
f 8325 8324 8504
f 8325 8504 8505
f 8505 8504 8684
f 8505 8684 8685
f 8685 8684 8864
f 8685 8864 8865
f 8865 8864 9044
f 8865 9044 9045
f 9045 9044 9224
f 9045 9224 9225
f 9225 9224 9404
f 9225 9404 9405
f 9405 9404 9584
f 9405 9584 9585
f 9585 9584 9765
f 9765 9584 9764
f 9765 9764 9945
f 9945 9764 9944
f 9945 9944 10125
f 10125 9944 10124
f 10125 10124 10305
f 10305 10124 10304
f 10305 10304 10485
f 10485 10304 10484
f 10485 10484 10665
f 10665 10484 10664
f 10665 10664 10845
f 10845 10664 10844
f 10845 10844 11025
f 11025 10844 11024
f 11025 11024 11205
f 11205 11024 11204
f 11205 11204 11385
f 11385 11204 11384
f 11385 11384 11565
f 11565 11384 11564
f 11565 11564 11745
f 11745 11564 11744
f 11745 11744 11925
f 11925 11744 11924
f 11925 11924 12105
f 12105 11924 12104
f 12105 12104 12285
f 12285 12104 12284
f 12285 12284 12465
f 12465 12284 12464
f 12465 12464 12645
f 12645 12464 12644
f 12645 12644 12825
f 12825 12644 12824
f 12825 12824 13005
f 13005 12824 13004
f 13005 13004 13185
f 13185 13004 13184
f 13185 13184 13365
f 13365 13184 13364
f 13365 13364 13545
f 13545 13364 13544
f 13545 13544 13725
f 13725 13544 13724
f 13725 13724 13905
f 13905 13724 13904
f 13905 13904 14085
f 14085 13904 14084
f 14085 14084 14265
f 14265 14084 14264
f 14265 14264 14445
f 14445 14264 14444
f 14445 14444 14625
f 14625 14444 14624
f 14625 14624 14805
f 14805 14624 14804
f 14805 14804 14985
f 14985 14804 14984
f 14985 14984 15165
f 15165 14984 15164
f 15165 15164 15345
f 15345 15164 15344
f 15345 15344 15525
f 15525 15344 15524
f 15525 15524 15705
f 15705 15524 15704
f 15705 15704 15885
f 15885 15704 15884
f 15885 15884 16022
f 44 1 43
f 44 43 224
f 224 43 223
f 224 223 404
f 404 223 403
f 404 403 584
f 584 403 583
f 584 583 764
f 764 583 763
f 764 763 944
f 944 763 943
f 944 943 1124
f 1124 943 1123
f 1124 1123 1304
f 1304 1123 1303
f 1304 1303 1484
f 1484 1303 1483
f 1484 1483 1664
f 1664 1483 1663
f 1664 1663 1844
f 1844 1663 1843
f 1844 1843 2024
f 2024 1843 2023
f 2024 2023 2204
f 2204 2023 2203
f 2204 2203 2384
f 2384 2203 2383
f 2384 2383 2564
f 2564 2383 2563
f 2564 2563 2744
f 2744 2563 2743
f 2744 2743 2924
f 2924 2743 2923
f 2924 2923 3104
f 3104 2923 3103
f 3104 3103 3284
f 3284 3103 3283
f 3284 3283 3464
f 3464 3283 3463
f 3464 3463 3644
f 3644 3463 3643
f 3644 3643 3824
f 3824 3643 3823
f 3824 3823 4004
f 4004 3823 4003
f 4004 4003 4184
f 4184 4003 4183
f 4184 4183 4364
f 4364 4183 4363
f 4364 4363 4544
f 4544 4363 4543
f 4544 4543 4724
f 4724 4543 4723
f 4724 4723 4904
f 4904 4723 4903
f 4904 4903 5084
f 5084 4903 5083
f 5084 5083 5264
f 5264 5083 5263
f 5264 5263 5444
f 5444 5263 5443
f 5444 5443 5624
f 5624 5443 5623
f 5624 5623 5804
f 5804 5623 5803
f 5804 5803 5984
f 5984 5803 5983
f 5984 5983 6164
f 6164 5983 6163
f 6164 6163 6344
f 6344 6163 6343
f 6344 6343 6524
f 6524 6343 6523
f 6524 6523 6704
f 6704 6523 6703
f 6704 6703 6884
f 6884 6703 6883
f 6884 6883 7064
f 7064 6883 7063
f 7064 7063 7244
f 7244 7063 7243
f 7244 7243 7424
f 7424 7243 7423
f 7424 7423 7604
f 7604 7423 7603
f 7604 7603 7784
f 7784 7603 7783
f 7784 7783 7964
f 7964 7783 7963
f 7964 7963 8144
f 8144 7963 8143
f 8144 8143 8324
f 8324 8143 8323
f 8324 8323 8504
f 8504 8323 8503
f 8504 8503 8684
f 8684 8503 8683
f 8684 8683 8864
f 8864 8683 8863
f 8864 8863 9044
f 9044 8863 9043
f 9044 9043 9224
f 9224 9043 9223
f 9224 9223 9404
f 9404 9223 9403
f 9404 9403 9583
f 9404 9583 9584
f 9584 9583 9764
f 9764 9583 9763
f 9764 9763 9944
f 9944 9763 9943
f 9944 9943 10124
f 10124 9943 10123
f 10124 10123 10304
f 10304 10123 10303
f 10304 10303 10484
f 10484 10303 10483
f 10484 10483 10664
f 10664 10483 10663
f 10664 10663 10844
f 10844 10663 10843
f 10844 10843 11024
f 11024 10843 11023
f 11024 11023 11204
f 11204 11023 11203
f 11204 11203 11384
f 11384 11203 11383
f 11384 11383 11564
f 11564 11383 11563
f 11564 11563 11744
f 11744 11563 11743
f 11744 11743 11924
f 11924 11743 11923
f 11924 11923 12104
f 12104 11923 12103
f 12104 12103 12284
f 12284 12103 12283
f 12284 12283 12464
f 12464 12283 12463
f 12464 12463 12644
f 12644 12463 12643
f 12644 12643 12824
f 12824 12643 12823
f 12824 12823 13004
f 13004 12823 13003
f 13004 13003 13184
f 13184 13003 13183
f 13184 13183 13364
f 13364 13183 13363
f 13364 13363 13544
f 13544 13363 13543
f 13544 13543 13724
f 13724 13543 13723
f 13724 13723 13904
f 13904 13723 13903
f 13904 13903 14084
f 14084 13903 14083
f 14084 14083 14264
f 14264 14083 14263
f 14264 14263 14444
f 14444 14263 14443
f 14444 14443 14624
f 14624 14443 14623
f 14624 14623 14804
f 14804 14623 14803
f 14804 14803 14984
f 14984 14803 14983
f 14984 14983 15164
f 15164 14983 15163
f 15164 15163 15344
f 15344 15163 15343
f 15344 15343 15524
f 15524 15343 15523
f 15524 15523 15704
f 15704 15523 15703
f 15704 15703 15884
f 15884 15703 15883
f 15884 15883 16022
f 1 42 43
f 43 42 223
f 223 42 222
f 223 222 403
f 403 222 402
f 403 402 583
f 583 402 582
f 583 582 763
f 763 582 762
f 763 762 943
f 943 762 942
f 943 942 1123
f 1123 942 1122
f 1123 1122 1303
f 1303 1122 1302
f 1303 1302 1483
f 1483 1302 1482
f 1483 1482 1663
f 1663 1482 1662
f 1663 1662 1843
f 1843 1662 1842
f 1843 1842 2023
f 2023 1842 2022
f 2023 2022 2203
f 2203 2022 2202
f 2203 2202 2383
f 2383 2202 2382
f 2383 2382 2563
f 2563 2382 2562
f 2563 2562 2743
f 2743 2562 2742
f 2743 2742 2923
f 2923 2742 2922
f 2923 2922 3103
f 3103 2922 3102
f 3103 3102 3283
f 3283 3102 3282
f 3283 3282 3463
f 3463 3282 3462
f 3463 3462 3643
f 3643 3462 3642
f 3643 3642 3823
f 3823 3642 3822
f 3823 3822 4003
f 4003 3822 4002
f 4003 4002 4183
f 4183 4002 4182
f 4183 4182 4363
f 4363 4182 4362
f 4363 4362 4543
f 4543 4362 4542
f 4543 4542 4723
f 4723 4542 4722
f 4723 4722 4903
f 4903 4722 4902
f 4903 4902 5083
f 5083 4902 5082
f 5083 5082 5263
f 5263 5082 5262
f 5263 5262 5443
f 5443 5262 5442
f 5443 5442 5623
f 5623 5442 5622
f 5623 5622 5803
f 5803 5622 5802
f 5803 5802 5983
f 5983 5802 5982
f 5983 5982 6163
f 6163 5982 6162
f 6163 6162 6343
f 6343 6162 6342
f 6343 6342 6523
f 6523 6342 6522
f 6523 6522 6703
f 6703 6522 6702
f 6703 6702 6883
f 6883 6702 6882
f 6883 6882 7063
f 7063 6882 7062
f 7063 7062 7243
f 7243 7062 7242
f 7243 7242 7423
f 7423 7242 7422
f 7423 7422 7603
f 7603 7422 7602
f 7603 7602 7783
f 7783 7602 7782
f 7783 7782 7963
f 7963 7782 7962
f 7963 7962 8143
f 8143 7962 8142
f 8143 8142 8323
f 8323 8142 8322
f 8323 8322 8503
f 8503 8322 8502
f 8503 8502 8683
f 8683 8502 8682
f 8683 8682 8863
f 8863 8682 8862
f 8863 8862 9043
f 9043 8862 9042
f 9043 9042 9223
f 9223 9042 9222
f 9223 9222 9403
f 9403 9222 9402
f 9403 9402 9583
f 9583 9402 9582
f 9583 9582 9763
f 9763 9582 9762
f 9763 9762 9943
f 9943 9762 9942
f 9943 9942 10123
f 10123 9942 10122
f 10123 10122 10303
f 10303 10122 10302
f 10303 10302 10483
f 10483 10302 10482
f 10483 10482 10663
f 10663 10482 10662
f 10663 10662 10843
f 10843 10662 10842
f 10843 10842 11023
f 11023 10842 11022
f 11023 11022 11203
f 11203 11022 11202
f 11203 11202 11383
f 11383 11202 11382
f 11383 11382 11563
f 11563 11382 11562
f 11563 11562 11743
f 11743 11562 11742
f 11743 11742 11923
f 11923 11742 11922
f 11923 11922 12103
f 12103 11922 12102
f 12103 12102 12283
f 12283 12102 12282
f 12283 12282 12463
f 12463 12282 12462
f 12463 12462 12643
f 12643 12462 12642
f 12643 12642 12823
f 12823 12642 12822
f 12823 12822 13003
f 13003 12822 13002
f 13003 13002 13183
f 13183 13002 13182
f 13183 13182 13363
f 13363 13182 13362
f 13363 13362 13543
f 13543 13362 13542
f 13543 13542 13723
f 13723 13542 13722
f 13723 13722 13903
f 13903 13722 13902
f 13903 13902 14083
f 14083 13902 14082
f 14083 14082 14263
f 14263 14082 14262
f 14263 14262 14443
f 14443 14262 14442
f 14443 14442 14623
f 14623 14442 14622
f 14623 14622 14803
f 14803 14622 14802
f 14803 14802 14983
f 14983 14802 14982
f 14983 14982 15163
f 15163 14982 15162
f 15163 15162 15343
f 15343 15162 15342
f 15343 15342 15523
f 15523 15342 15522
f 15523 15522 15703
f 15703 15522 15702
f 15703 15702 15883
f 15883 15702 15882
f 15883 15882 16022
f 1 41 42
f 42 41 221
f 42 221 222
f 222 221 401
f 222 401 402
f 402 401 581
f 402 581 582
f 582 581 761
f 582 761 762
f 762 761 941
f 762 941 942
f 942 941 1121
f 942 1121 1122
f 1122 1121 1301
f 1122 1301 1302
f 1302 1301 1481
f 1302 1481 1482
f 1482 1481 1661
f 1482 1661 1662
f 1662 1661 1841
f 1662 1841 1842
f 1842 1841 2021
f 1842 2021 2022
f 2022 2021 2201
f 2022 2201 2202
f 2202 2201 2381
f 2202 2381 2382
f 2382 2381 2561
f 2382 2561 2562
f 2562 2561 2741
f 2562 2741 2742
f 2742 2741 2921
f 2742 2921 2922
f 2922 2921 3101
f 2922 3101 3102
f 3102 3101 3281
f 3102 3281 3282
f 3282 3281 3461
f 3282 3461 3462
f 3462 3461 3641
f 3462 3641 3642
f 3642 3641 3821
f 3642 3821 3822
f 3822 3821 4001
f 3822 4001 4002
f 4002 4001 4181
f 4002 4181 4182
f 4182 4181 4361
f 4182 4361 4362
f 4362 4361 4541
f 4362 4541 4542
f 4542 4541 4721
f 4542 4721 4722
f 4722 4721 4901
f 4722 4901 4902
f 4902 4901 5081
f 4902 5081 5082
f 5082 5081 5261
f 5082 5261 5262
f 5262 5261 5441
f 5262 5441 5442
f 5442 5441 5621
f 5442 5621 5622
f 5622 5621 5801
f 5622 5801 5802
f 5802 5801 5981
f 5802 5981 5982
f 5982 5981 6161
f 5982 6161 6162
f 6162 6161 6341
f 6162 6341 6342
f 6342 6341 6521
f 6342 6521 6522
f 6522 6521 6701
f 6522 6701 6702
f 6702 6701 6882
f 6882 6701 6881
f 6882 6881 7062
f 7062 6881 7061
f 7062 7061 7242
f 7242 7061 7241
f 7242 7241 7422
f 7422 7241 7421
f 7422 7421 7602
f 7602 7421 7601
f 7602 7601 7782
f 7782 7601 7781
f 7782 7781 7962
f 7962 7781 7961
f 7962 7961 8142
f 8142 7961 8141
f 8142 8141 8322
f 8322 8141 8321
f 8322 8321 8502
f 8502 8321 8501
f 8502 8501 8682
f 8682 8501 8681
f 8682 8681 8862
f 8862 8681 8861
f 8862 8861 9042
f 9042 8861 9041
f 9042 9041 9222
f 9222 9041 9221
f 9222 9221 9402
f 9402 9221 9401
f 9402 9401 9582
f 9582 9401 9581
f 9582 9581 9762
f 9762 9581 9761
f 9762 9761 9942
f 9942 9761 9941
f 9942 9941 10122
f 10122 9941 10121
f 10122 10121 10302
f 10302 10121 10301
f 10302 10301 10482
f 10482 10301 10481
f 10482 10481 10662
f 10662 10481 10661
f 10662 10661 10842
f 10842 10661 10841
f 10842 10841 11022
f 11022 10841 11021
f 11022 11021 11202
f 11202 11021 11201
f 11202 11201 11382
f 11382 11201 11381
f 11382 11381 11562
f 11562 11381 11561
f 11562 11561 11742
f 11742 11561 11741
f 11742 11741 11922
f 11922 11741 11921
f 11922 11921 12102
f 12102 11921 12101
f 12102 12101 12282
f 12282 12101 12281
f 12282 12281 12462
f 12462 12281 12461
f 12462 12461 12642
f 12642 12461 12641
f 12642 12641 12822
f 12822 12641 12821
f 12822 12821 13002
f 13002 12821 13001
f 13002 13001 13182
f 13182 13001 13181
f 13182 13181 13362
f 13362 13181 13361
f 13362 13361 13542
f 13542 13361 13541
f 13542 13541 13722
f 13722 13541 13721
f 13722 13721 13902
f 13902 13721 13901
f 13902 13901 14082
f 14082 13901 14081
f 14082 14081 14262
f 14262 14081 14261
f 14262 14261 14442
f 14442 14261 14441
f 14442 14441 14622
f 14622 14441 14621
f 14622 14621 14802
f 14802 14621 14801
f 14802 14801 14982
f 14982 14801 14981
f 14982 14981 15162
f 15162 14981 15161
f 15162 15161 15342
f 15342 15161 15341
f 15342 15341 15522
f 15522 15341 15521
f 15522 15521 15702
f 15702 15521 15701
f 15702 15701 15882
f 15882 15701 15881
f 15882 15881 16022
f 41 1 40
f 41 40 221
f 221 40 220
f 221 220 401
f 401 220 400
f 401 400 581
f 581 400 580
f 581 580 761
f 761 580 760
f 761 760 941
f 941 760 940
f 941 940 1121
f 1121 940 1120
f 1121 1120 1301
f 1301 1120 1300
f 1301 1300 1481
f 1481 1300 1480
f 1481 1480 1661
f 1661 1480 1660
f 1661 1660 1841
f 1841 1660 1840
f 1841 1840 2021
f 2021 1840 2020
f 2021 2020 2201
f 2201 2020 2200
f 2201 2200 2381
f 2381 2200 2380
f 2381 2380 2561
f 2561 2380 2560
f 2561 2560 2741
f 2741 2560 2740
f 2741 2740 2921
f 2921 2740 2920
f 2921 2920 3101
f 3101 2920 3100
f 3101 3100 3281
f 3281 3100 3280
f 3281 3280 3461
f 3461 3280 3460
f 3461 3460 3641
f 3641 3460 3640
f 3641 3640 3821
f 3821 3640 3820
f 3821 3820 4001
f 4001 3820 4000
f 4001 4000 4181
f 4181 4000 4180
f 4181 4180 4361
f 4361 4180 4360
f 4361 4360 4541
f 4541 4360 4540
f 4541 4540 4721
f 4721 4540 4720
f 4721 4720 4901
f 4901 4720 4900
f 4901 4900 5081
f 5081 4900 5080
f 5081 5080 5261
f 5261 5080 5260
f 5261 5260 5441
f 5441 5260 5440
f 5441 5440 5621
f 5621 5440 5620
f 5621 5620 5801
f 5801 5620 5800
f 5801 5800 5981
f 5981 5800 5980
f 5981 5980 6161
f 6161 5980 6160
f 6161 6160 6341
f 6341 6160 6340
f 6341 6340 6521
f 6521 6340 6520
f 6521 6520 6700
f 6521 6700 6701
f 6701 6700 6880
f 6701 6880 6881
f 6881 6880 7060
f 6881 7060 7061
f 7061 7060 7240
f 7061 7240 7241
f 7241 7240 7420
f 7241 7420 7421
f 7421 7420 7600
f 7421 7600 7601
f 7601 7600 7780
f 7601 7780 7781
f 7781 7780 7960
f 7781 7960 7961
f 7961 7960 8140
f 7961 8140 8141
f 8141 8140 8320
f 8141 8320 8321
f 8321 8320 8500
f 8321 8500 8501
f 8501 8500 8680
f 8501 8680 8681
f 8681 8680 8860
f 8681 8860 8861
f 8861 8860 9040
f 8861 9040 9041
f 9041 9040 9220
f 9041 9220 9221
f 9221 9220 9400
f 9221 9400 9401
f 9401 9400 9580
f 9401 9580 9581
f 9581 9580 9760
f 9581 9760 9761
f 9761 9760 9940
f 9761 9940 9941
f 9941 9940 10120
f 9941 10120 10121
f 10121 10120 10300
f 10121 10300 10301
f 10301 10300 10480
f 10301 10480 10481
f 10481 10480 10660
f 10481 10660 10661
f 10661 10660 10840
f 10661 10840 10841
f 10841 10840 11020
f 10841 11020 11021
f 11021 11020 11200
f 11021 11200 11201
f 11201 11200 11380
f 11201 11380 11381
f 11381 11380 11560
f 11381 11560 11561
f 11561 11560 11740
f 11561 11740 11741
f 11741 11740 11920
f 11741 11920 11921
f 11921 11920 12100
f 11921 12100 12101
f 12101 12100 12280
f 12101 12280 12281
f 12281 12280 12460
f 12281 12460 12461
f 12461 12460 12640
f 12461 12640 12641
f 12641 12640 12820
f 12641 12820 12821
f 12821 12820 13000
f 12821 13000 13001
f 13001 13000 13180
f 13001 13180 13181
f 13181 13180 13360
f 13181 13360 13361
f 13361 13360 13540
f 13361 13540 13541
f 13541 13540 13721
f 13721 13540 13720
f 13721 13720 13901
f 13901 13720 13900
f 13901 13900 14081
f 14081 13900 14080
f 14081 14080 14261
f 14261 14080 14260
f 14261 14260 14441
f 14441 14260 14440
f 14441 14440 14621
f 14621 14440 14620
f 14621 14620 14801
f 14801 14620 14800
f 14801 14800 14981
f 14981 14800 14980
f 14981 14980 15161
f 15161 14980 15160
f 15161 15160 15341
f 15341 15160 15340
f 15341 15340 15521
f 15521 15340 15520
f 15521 15520 15701
f 15701 15520 15700
f 15701 15700 15881
f 15881 15700 15880
f 15881 15880 16022
f 40 1 39
f 40 39 220
f 220 39 219
f 220 219 400
f 400 219 399
f 400 399 580
f 580 399 579
f 580 579 760
f 760 579 759
f 760 759 940
f 940 759 939
f 940 939 1120
f 1120 939 1119
f 1120 1119 1300
f 1300 1119 1299
f 1300 1299 1480
f 1480 1299 1479
f 1480 1479 1660
f 1660 1479 1659
f 1660 1659 1840
f 1840 1659 1839
f 1840 1839 2020
f 2020 1839 2019
f 2020 2019 2200
f 2200 2019 2199
f 2200 2199 2380
f 2380 2199 2379
f 2380 2379 2560
f 2560 2379 2559
f 2560 2559 2740
f 2740 2559 2739
f 2740 2739 2920
f 2920 2739 2919
f 2920 2919 3100
f 3100 2919 3099
f 3100 3099 3280
f 3280 3099 3279
f 3280 3279 3460
f 3460 3279 3459
f 3460 3459 3640
f 3640 3459 3639
f 3640 3639 3820
f 3820 3639 3819
f 3820 3819 4000
f 4000 3819 3999
f 4000 3999 4180
f 4180 3999 4179
f 4180 4179 4360
f 4360 4179 4359
f 4360 4359 4540
f 4540 4359 4539
f 4540 4539 4720
f 4720 4539 4719
f 4720 4719 4900
f 4900 4719 4899
f 4900 4899 5080
f 5080 4899 5079
f 5080 5079 5260
f 5260 5079 5259
f 5260 5259 5440
f 5440 5259 5439
f 5440 5439 5620
f 5620 5439 5619
f 5620 5619 5800
f 5800 5619 5799
f 5800 5799 5980
f 5980 5799 5979
f 5980 5979 6160
f 6160 5979 6159
f 6160 6159 6340
f 6340 6159 6339
f 6340 6339 6520
f 6520 6339 6519
f 6520 6519 6700
f 6700 6519 6699
f 6700 6699 6880
f 6880 6699 6879
f 6880 6879 7060
f 7060 6879 7059
f 7060 7059 7240
f 7240 7059 7239
f 7240 7239 7420
f 7420 7239 7419
f 7420 7419 7600
f 7600 7419 7599
f 7600 7599 7780
f 7780 7599 7779
f 7780 7779 7960
f 7960 7779 7959
f 7960 7959 8140
f 8140 7959 8139
f 8140 8139 8320
f 8320 8139 8319
f 8320 8319 8500
f 8500 8319 8499
f 8500 8499 8680
f 8680 8499 8679
f 8680 8679 8860
f 8860 8679 8859
f 8860 8859 9040
f 9040 8859 9039
f 9040 9039 9220
f 9220 9039 9219
f 9220 9219 9400
f 9400 9219 9399
f 9400 9399 9580
f 9580 9399 9579
f 9580 9579 9760
f 9760 9579 9759
f 9760 9759 9940
f 9940 9759 9939
f 9940 9939 10120
f 10120 9939 10119
f 10120 10119 10300
f 10300 10119 10299
f 10300 10299 10480
f 10480 10299 10479
f 10480 10479 10660
f 10660 10479 10659
f 10660 10659 10840
f 10840 10659 10839
f 10840 10839 11020
f 11020 10839 11019
f 11020 11019 11200
f 11200 11019 11199
f 11200 11199 11380
f 11380 11199 11379
f 11380 11379 11560
f 11560 11379 11559
f 11560 11559 11740
f 11740 11559 11739
f 11740 11739 11920
f 11920 11739 11919
f 11920 11919 12100
f 12100 11919 12099
f 12100 12099 12280
f 12280 12099 12279
f 12280 12279 12460
f 12460 12279 12459
f 12460 12459 12640
f 12640 12459 12639
f 12640 12639 12820
f 12820 12639 12819
f 12820 12819 13000
f 13000 12819 12999
f 13000 12999 13180
f 13180 12999 13179
f 13180 13179 13360
f 13360 13179 13359
f 13360 13359 13539
f 13360 13539 13540
f 13540 13539 13720
f 13720 13539 13719
f 13720 13719 13900
f 13900 13719 13899
f 13900 13899 14080
f 14080 13899 14079
f 14080 14079 14260
f 14260 14079 14259
f 14260 14259 14440
f 14440 14259 14439
f 14440 14439 14620
f 14620 14439 14619
f 14620 14619 14800
f 14800 14619 14799
f 14800 14799 14980
f 14980 14799 14979
f 14980 14979 15160
f 15160 14979 15159
f 15160 15159 15340
f 15340 15159 15339
f 15340 15339 15520
f 15520 15339 15519
f 15520 15519 15700
f 15700 15519 15699
f 15700 15699 15880
f 15880 15699 15879
f 15880 15879 16022
f 39 1 38
f 39 38 219
f 219 38 218
f 219 218 399
f 399 218 398
f 399 398 579
f 579 398 578
f 579 578 759
f 759 578 758
f 759 758 939
f 939 758 938
f 939 938 1119
f 1119 938 1118
f 1119 1118 1299
f 1299 1118 1298
f 1299 1298 1479
f 1479 1298 1478
f 1479 1478 1659
f 1659 1478 1658
f 1659 1658 1839
f 1839 1658 1838
f 1839 1838 2019
f 2019 1838 2018
f 2019 2018 2199
f 2199 2018 2198
f 2199 2198 2379
f 2379 2198 2378
f 2379 2378 2559
f 2559 2378 2558
f 2559 2558 2739
f 2739 2558 2738
f 2739 2738 2919
f 2919 2738 2918
f 2919 2918 3099
f 3099 2918 3098
f 3099 3098 3279
f 3279 3098 3278
f 3279 3278 3459
f 3459 3278 3458
f 3459 3458 3639
f 3639 3458 3638
f 3639 3638 3819
f 3819 3638 3818
f 3819 3818 3998
f 3819 3998 3999
f 3999 3998 4179
f 4179 3998 4178
f 4179 4178 4359
f 4359 4178 4358
f 4359 4358 4539
f 4539 4358 4538
f 4539 4538 4719
f 4719 4538 4718
f 4719 4718 4899
f 4899 4718 4898
f 4899 4898 5079
f 5079 4898 5078
f 5079 5078 5259
f 5259 5078 5258
f 5259 5258 5439
f 5439 5258 5438
f 5439 5438 5619
f 5619 5438 5618
f 5619 5618 5799
f 5799 5618 5798
f 5799 5798 5979
f 5979 5798 5978
f 5979 5978 6159
f 6159 5978 6158
f 6159 6158 6339
f 6339 6158 6338
f 6339 6338 6519
f 6519 6338 6518
f 6519 6518 6699
f 6699 6518 6698
f 6699 6698 6879
f 6879 6698 6878
f 6879 6878 7059
f 7059 6878 7058
f 7059 7058 7239
f 7239 7058 7238
f 7239 7238 7419
f 7419 7238 7418
f 7419 7418 7599
f 7599 7418 7598
f 7599 7598 7779
f 7779 7598 7778
f 7779 7778 7959
f 7959 7778 7958
f 7959 7958 8139
f 8139 7958 8138
f 8139 8138 8319
f 8319 8138 8318
f 8319 8318 8499
f 8499 8318 8498
f 8499 8498 8679
f 8679 8498 8678
f 8679 8678 8859
f 8859 8678 8858
f 8859 8858 9039
f 9039 8858 9038
f 9039 9038 9219
f 9219 9038 9218
f 9219 9218 9399
f 9399 9218 9398
f 9399 9398 9579
f 9579 9398 9578
f 9579 9578 9759
f 9759 9578 9758
f 9759 9758 9939
f 9939 9758 9938
f 9939 9938 10119
f 10119 9938 10118
f 10119 10118 10299
f 10299 10118 10298
f 10299 10298 10479
f 10479 10298 10478
f 10479 10478 10659
f 10659 10478 10658
f 10659 10658 10839
f 10839 10658 10838
f 10839 10838 11019
f 11019 10838 11018
f 11019 11018 11199
f 11199 11018 11198
f 11199 11198 11379
f 11379 11198 11378
f 11379 11378 11559
f 11559 11378 11558
f 11559 11558 11739
f 11739 11558 11738
f 11739 11738 11919
f 11919 11738 11918
f 11919 11918 12099
f 12099 11918 12098
f 12099 12098 12279
f 12279 12098 12278
f 12279 12278 12459
f 12459 12278 12458
f 12459 12458 12639
f 12639 12458 12638
f 12639 12638 12819
f 12819 12638 12818
f 12819 12818 12999
f 12999 12818 12998
f 12999 12998 13179
f 13179 12998 13178
f 13179 13178 13359
f 13359 13178 13358
f 13359 13358 13539
f 13539 13358 13538
f 13539 13538 13719
f 13719 13538 13718
f 13719 13718 13899
f 13899 13718 13898
f 13899 13898 14079
f 14079 13898 14078
f 14079 14078 14259
f 14259 14078 14258
f 14259 14258 14439
f 14439 14258 14438
f 14439 14438 14619
f 14619 14438 14618
f 14619 14618 14799
f 14799 14618 14798
f 14799 14798 14979
f 14979 14798 14978
f 14979 14978 15159
f 15159 14978 15158
f 15159 15158 15339
f 15339 15158 15338
f 15339 15338 15519
f 15519 15338 15518
f 15519 15518 15699
f 15699 15518 15698
f 15699 15698 15879
f 15879 15698 15878
f 15879 15878 16022
f 38 1 37
f 38 37 218
f 218 37 217
f 218 217 398
f 398 217 397
f 398 397 578
f 578 397 577
f 578 577 758
f 758 577 757
f 758 757 938
f 938 757 937
f 938 937 1118
f 1118 937 1117
f 1118 1117 1298
f 1298 1117 1297
f 1298 1297 1478
f 1478 1297 1477
f 1478 1477 1658
f 1658 1477 1657
f 1658 1657 1838
f 1838 1657 1837
f 1838 1837 2018
f 2018 1837 2017
f 2018 2017 2198
f 2198 2017 2197
f 2198 2197 2378
f 2378 2197 2377
f 2378 2377 2558
f 2558 2377 2557
f 2558 2557 2738
f 2738 2557 2737
f 2738 2737 2918
f 2918 2737 2917
f 2918 2917 3098
f 3098 2917 3097
f 3098 3097 3278
f 3278 3097 3277
f 3278 3277 3458
f 3458 3277 3457
f 3458 3457 3638
f 3638 3457 3637
f 3638 3637 3818
f 3818 3637 3817
f 3818 3817 3997
f 3818 3997 3998
f 3998 3997 4177
f 3998 4177 4178
f 4178 4177 4357
f 4178 4357 4358
f 4358 4357 4537
f 4358 4537 4538
f 4538 4537 4717
f 4538 4717 4718
f 4718 4717 4897
f 4718 4897 4898
f 4898 4897 5077
f 4898 5077 5078
f 5078 5077 5257
f 5078 5257 5258
f 5258 5257 5437
f 5258 5437 5438
f 5438 5437 5617
f 5438 5617 5618
f 5618 5617 5797
f 5618 5797 5798
f 5798 5797 5977
f 5798 5977 5978
f 5978 5977 6157
f 5978 6157 6158
f 6158 6157 6337
f 6158 6337 6338
f 6338 6337 6517
f 6338 6517 6518
f 6518 6517 6697
f 6518 6697 6698
f 6698 6697 6877
f 6698 6877 6878
f 6878 6877 7057
f 6878 7057 7058
f 7058 7057 7237
f 7058 7237 7238
f 7238 7237 7417
f 7238 7417 7418
f 7418 7417 7597
f 7418 7597 7598
f 7598 7597 7777
f 7598 7777 7778
f 7778 7777 7957
f 7778 7957 7958
f 7958 7957 8137
f 7958 8137 8138
f 8138 8137 8317
f 8138 8317 8318
f 8318 8317 8497
f 8318 8497 8498
f 8498 8497 8677
f 8498 8677 8678
f 8678 8677 8857
f 8678 8857 8858
f 8858 8857 9037
f 8858 9037 9038
f 9038 9037 9217
f 9038 9217 9218
f 9218 9217 9397
f 9218 9397 9398
f 9398 9397 9577
f 9398 9577 9578
f 9578 9577 9757
f 9578 9757 9758
f 9758 9757 9937
f 9758 9937 9938
f 9938 9937 10117
f 9938 10117 10118
f 10118 10117 10297
f 10118 10297 10298
f 10298 10297 10477
f 10298 10477 10478
f 10478 10477 10657
f 10478 10657 10658
f 10658 10657 10837
f 10658 10837 10838
f 10838 10837 11018
f 11018 10837 11017
f 11018 11017 11198
f 11198 11017 11197
f 11198 11197 11378
f 11378 11197 11377
f 11378 11377 11558
f 11558 11377 11557
f 11558 11557 11738
f 11738 11557 11737
f 11738 11737 11918
f 11918 11737 11917
f 11918 11917 12098
f 12098 11917 12097
f 12098 12097 12278
f 12278 12097 12277
f 12278 12277 12458
f 12458 12277 12457
f 12458 12457 12638
f 12638 12457 12637
f 12638 12637 12818
f 12818 12637 12817
f 12818 12817 12998
f 12998 12817 12997
f 12998 12997 13178
f 13178 12997 13177
f 13178 13177 13358
f 13358 13177 13357
f 13358 13357 13538
f 13538 13357 13537
f 13538 13537 13718
f 13718 13537 13717
f 13718 13717 13898
f 13898 13717 13897
f 13898 13897 14078
f 14078 13897 14077
f 14078 14077 14258
f 14258 14077 14257
f 14258 14257 14438
f 14438 14257 14437
f 14438 14437 14618
f 14618 14437 14617
f 14618 14617 14798
f 14798 14617 14797
f 14798 14797 14978
f 14978 14797 14977
f 14978 14977 15158
f 15158 14977 15157
f 15158 15157 15338
f 15338 15157 15337
f 15338 15337 15518
f 15518 15337 15517
f 15518 15517 15698
f 15698 15517 15697
f 15698 15697 15878
f 15878 15697 15877
f 15878 15877 16022
f 37 1 36
f 37 36 217
f 217 36 216
f 217 216 397
f 397 216 396
f 397 396 577
f 577 396 576
f 577 576 757
f 757 576 756
f 757 756 937
f 937 756 936
f 937 936 1117
f 1117 936 1116
f 1117 1116 1297
f 1297 1116 1296
f 1297 1296 1477
f 1477 1296 1476
f 1477 1476 1657
f 1657 1476 1656
f 1657 1656 1837
f 1837 1656 1836
f 1837 1836 2017
f 2017 1836 2016
f 2017 2016 2197
f 2197 2016 2196
f 2197 2196 2377
f 2377 2196 2376
f 2377 2376 2557
f 2557 2376 2556
f 2557 2556 2737
f 2737 2556 2736
f 2737 2736 2917
f 2917 2736 2916
f 2917 2916 3097
f 3097 2916 3096
f 3097 3096 3277
f 3277 3096 3276
f 3277 3276 3457
f 3457 3276 3456
f 3457 3456 3637
f 3637 3456 3636
f 3637 3636 3817
f 3817 3636 3816
f 3817 3816 3997
f 3997 3816 3996
f 3997 3996 4177
f 4177 3996 4176
f 4177 4176 4357
f 4357 4176 4356
f 4357 4356 4537
f 4537 4356 4536
f 4537 4536 4717
f 4717 4536 4716
f 4717 4716 4897
f 4897 4716 4896
f 4897 4896 5077
f 5077 4896 5076
f 5077 5076 5257
f 5257 5076 5256
f 5257 5256 5437
f 5437 5256 5436
f 5437 5436 5617
f 5617 5436 5616
f 5617 5616 5797
f 5797 5616 5796
f 5797 5796 5977
f 5977 5796 5976
f 5977 5976 6157
f 6157 5976 6156
f 6157 6156 6337
f 6337 6156 6336
f 6337 6336 6517
f 6517 6336 6516
f 6517 6516 6697
f 6697 6516 6696
f 6697 6696 6877
f 6877 6696 6876
f 6877 6876 7057
f 7057 6876 7056
f 7057 7056 7237
f 7237 7056 7236
f 7237 7236 7417
f 7417 7236 7416
f 7417 7416 7597
f 7597 7416 7596
f 7597 7596 7777
f 7777 7596 7776
f 7777 7776 7957
f 7957 7776 7956
f 7957 7956 8137
f 8137 7956 8136
f 8137 8136 8317
f 8317 8136 8316
f 8317 8316 8497
f 8497 8316 8496
f 8497 8496 8677
f 8677 8496 8676
f 8677 8676 8857
f 8857 8676 8856
f 8857 8856 9037
f 9037 8856 9036
f 9037 9036 9217
f 9217 9036 9216
f 9217 9216 9397
f 9397 9216 9396
f 9397 9396 9577
f 9577 9396 9576
f 9577 9576 9757
f 9757 9576 9756
f 9757 9756 9937
f 9937 9756 9936
f 9937 9936 10117
f 10117 9936 10116
f 10117 10116 10297
f 10297 10116 10296
f 10297 10296 10477
f 10477 10296 10476
f 10477 10476 10657
f 10657 10476 10656
f 10657 10656 10836
f 10657 10836 10837
f 10837 10836 11017
f 11017 10836 11016
f 11017 11016 11197
f 11197 11016 11196
f 11197 11196 11377
f 11377 11196 11376
f 11377 11376 11557
f 11557 11376 11556
f 11557 11556 11737
f 11737 11556 11736
f 11737 11736 11917
f 11917 11736 11916
f 11917 11916 12097
f 12097 11916 12096
f 12097 12096 12277
f 12277 12096 12276
f 12277 12276 12457
f 12457 12276 12456
f 12457 12456 12637
f 12637 12456 12636
f 12637 12636 12817
f 12817 12636 12816
f 12817 12816 12997
f 12997 12816 12996
f 12997 12996 13177
f 13177 12996 13176
f 13177 13176 13357
f 13357 13176 13356
f 13357 13356 13537
f 13537 13356 13536
f 13537 13536 13717
f 13717 13536 13716
f 13717 13716 13897
f 13897 13716 13896
f 13897 13896 14077
f 14077 13896 14076
f 14077 14076 14257
f 14257 14076 14256
f 14257 14256 14437
f 14437 14256 14436
f 14437 14436 14617
f 14617 14436 14616
f 14617 14616 14797
f 14797 14616 14796
f 14797 14796 14977
f 14977 14796 14976
f 14977 14976 15157
f 15157 14976 15156
f 15157 15156 15337
f 15337 15156 15336
f 15337 15336 15517
f 15517 15336 15516
f 15517 15516 15697
f 15697 15516 15696
f 15697 15696 15877
f 15877 15696 15876
f 15877 15876 16022
f 36 1 35
f 36 35 216
f 216 35 215
f 216 215 396
f 396 215 395
f 396 395 576
f 576 395 575
f 576 575 756
f 756 575 755
f 756 755 936
f 936 755 935
f 936 935 1115
f 936 1115 1116
f 1116 1115 1296
f 1296 1115 1295
f 1296 1295 1476
f 1476 1295 1475
f 1476 1475 1656
f 1656 1475 1655
f 1656 1655 1836
f 1836 1655 1835
f 1836 1835 2016
f 2016 1835 2015
f 2016 2015 2196
f 2196 2015 2195
f 2196 2195 2376
f 2376 2195 2375
f 2376 2375 2556
f 2556 2375 2555
f 2556 2555 2736
f 2736 2555 2735
f 2736 2735 2916
f 2916 2735 2915
f 2916 2915 3096
f 3096 2915 3095
f 3096 3095 3276
f 3276 3095 3275
f 3276 3275 3456
f 3456 3275 3455
f 3456 3455 3636
f 3636 3455 3635
f 3636 3635 3816
f 3816 3635 3815
f 3816 3815 3996
f 3996 3815 3995
f 3996 3995 4176
f 4176 3995 4175
f 4176 4175 4356
f 4356 4175 4355
f 4356 4355 4536
f 4536 4355 4535
f 4536 4535 4716
f 4716 4535 4715
f 4716 4715 4896
f 4896 4715 4895
f 4896 4895 5076
f 5076 4895 5075
f 5076 5075 5256
f 5256 5075 5255
f 5256 5255 5436
f 5436 5255 5435
f 5436 5435 5616
f 5616 5435 5615
f 5616 5615 5796
f 5796 5615 5795
f 5796 5795 5976
f 5976 5795 5975
f 5976 5975 6156
f 6156 5975 6155
f 6156 6155 6336
f 6336 6155 6335
f 6336 6335 6516
f 6516 6335 6515
f 6516 6515 6696
f 6696 6515 6695
f 6696 6695 6876
f 6876 6695 6875
f 6876 6875 7056
f 7056 6875 7055
f 7056 7055 7236
f 7236 7055 7235
f 7236 7235 7416
f 7416 7235 7415
f 7416 7415 7596
f 7596 7415 7595
f 7596 7595 7776
f 7776 7595 7775
f 7776 7775 7956
f 7956 7775 7955
f 7956 7955 8136
f 8136 7955 8135
f 8136 8135 8316
f 8316 8135 8315
f 8316 8315 8496
f 8496 8315 8495
f 8496 8495 8676
f 8676 8495 8675
f 8676 8675 8856
f 8856 8675 8855
f 8856 8855 9036
f 9036 8855 9035
f 9036 9035 9216
f 9216 9035 9215
f 9216 9215 9396
f 9396 9215 9395
f 9396 9395 9576
f 9576 9395 9575
f 9576 9575 9756
f 9756 9575 9755
f 9756 9755 9936
f 9936 9755 9935
f 9936 9935 10116
f 10116 9935 10115
f 10116 10115 10296
f 10296 10115 10295
f 10296 10295 10476
f 10476 10295 10475
f 10476 10475 10656
f 10656 10475 10655
f 10656 10655 10836
f 10836 10655 10835
f 10836 10835 11016
f 11016 10835 11015
f 11016 11015 11196
f 11196 11015 11195
f 11196 11195 11376
f 11376 11195 11375
f 11376 11375 11556
f 11556 11375 11555
f 11556 11555 11736
f 11736 11555 11735
f 11736 11735 11916
f 11916 11735 11915
f 11916 11915 12096
f 12096 11915 12095
f 12096 12095 12276
f 12276 12095 12275
f 12276 12275 12456
f 12456 12275 12455
f 12456 12455 12636
f 12636 12455 12635
f 12636 12635 12816
f 12816 12635 12815
f 12816 12815 12996
f 12996 12815 12995
f 12996 12995 13176
f 13176 12995 13175
f 13176 13175 13356
f 13356 13175 13355
f 13356 13355 13536
f 13536 13355 13535
f 13536 13535 13716
f 13716 13535 13715
f 13716 13715 13896
f 13896 13715 13895
f 13896 13895 14076
f 14076 13895 14075
f 14076 14075 14256
f 14256 14075 14255
f 14256 14255 14436
f 14436 14255 14435
f 14436 14435 14616
f 14616 14435 14615
f 14616 14615 14796
f 14796 14615 14795
f 14796 14795 14976
f 14976 14795 14975
f 14976 14975 15156
f 15156 14975 15155
f 15156 15155 15336
f 15336 15155 15335
f 15336 15335 15516
f 15516 15335 15515
f 15516 15515 15696
f 15696 15515 15695
f 15696 15695 15876
f 15876 15695 15875
f 15876 15875 16022
f 35 1 34
f 35 34 215
f 215 34 214
f 215 214 395
f 395 214 394
f 395 394 575
f 575 394 574
f 575 574 755
f 755 574 754
f 755 754 935
f 935 754 934
f 935 934 1114
f 935 1114 1115
f 1115 1114 1294
f 1115 1294 1295
f 1295 1294 1474
f 1295 1474 1475
f 1475 1474 1654
f 1475 1654 1655
f 1655 1654 1834
f 1655 1834 1835
f 1835 1834 2014
f 1835 2014 2015
f 2015 2014 2194
f 2015 2194 2195
f 2195 2194 2374
f 2195 2374 2375
f 2375 2374 2554
f 2375 2554 2555
f 2555 2554 2734
f 2555 2734 2735
f 2735 2734 2914
f 2735 2914 2915
f 2915 2914 3094
f 2915 3094 3095
f 3095 3094 3274
f 3095 3274 3275
f 3275 3274 3454
f 3275 3454 3455
f 3455 3454 3634
f 3455 3634 3635
f 3635 3634 3814
f 3635 3814 3815
f 3815 3814 3994
f 3815 3994 3995
f 3995 3994 4174
f 3995 4174 4175
f 4175 4174 4354
f 4175 4354 4355
f 4355 4354 4534
f 4355 4534 4535
f 4535 4534 4714
f 4535 4714 4715
f 4715 4714 4894
f 4715 4894 4895
f 4895 4894 5074
f 4895 5074 5075
f 5075 5074 5254
f 5075 5254 5255
f 5255 5254 5434
f 5255 5434 5435
f 5435 5434 5614
f 5435 5614 5615
f 5615 5614 5794
f 5615 5794 5795
f 5795 5794 5974
f 5795 5974 5975
f 5975 5974 6154
f 5975 6154 6155
f 6155 6154 6334
f 6155 6334 6335
f 6335 6334 6514
f 6335 6514 6515
f 6515 6514 6694
f 6515 6694 6695
f 6695 6694 6874
f 6695 6874 6875
f 6875 6874 7054
f 6875 7054 7055
f 7055 7054 7234
f 7055 7234 7235
f 7235 7234 7414
f 7235 7414 7415
f 7415 7414 7594
f 7415 7594 7595
f 7595 7594 7774
f 7595 7774 7775
f 7775 7774 7954
f 7775 7954 7955
f 7955 7954 8135
f 8135 7954 8134
f 8135 8134 8315
f 8315 8134 8314
f 8315 8314 8495
f 8495 8314 8494
f 8495 8494 8675
f 8675 8494 8674
f 8675 8674 8855
f 8855 8674 8854
f 8855 8854 9035
f 9035 8854 9034
f 9035 9034 9215
f 9215 9034 9214
f 9215 9214 9395
f 9395 9214 9394
f 9395 9394 9575
f 9575 9394 9574
f 9575 9574 9755
f 9755 9574 9754
f 9755 9754 9935
f 9935 9754 9934
f 9935 9934 10115
f 10115 9934 10114
f 10115 10114 10295
f 10295 10114 10294
f 10295 10294 10475
f 10475 10294 10474
f 10475 10474 10655
f 10655 10474 10654
f 10655 10654 10835
f 10835 10654 10834
f 10835 10834 11015
f 11015 10834 11014
f 11015 11014 11195
f 11195 11014 11194
f 11195 11194 11375
f 11375 11194 11374
f 11375 11374 11555
f 11555 11374 11554
f 11555 11554 11735
f 11735 11554 11734
f 11735 11734 11915
f 11915 11734 11914
f 11915 11914 12095
f 12095 11914 12094
f 12095 12094 12275
f 12275 12094 12274
f 12275 12274 12455
f 12455 12274 12454
f 12455 12454 12635
f 12635 12454 12634
f 12635 12634 12815
f 12815 12634 12814
f 12815 12814 12995
f 12995 12814 12994
f 12995 12994 13175
f 13175 12994 13174
f 13175 13174 13355
f 13355 13174 13354
f 13355 13354 13535
f 13535 13354 13534
f 13535 13534 13715
f 13715 13534 13714
f 13715 13714 13895
f 13895 13714 13894
f 13895 13894 14075
f 14075 13894 14074
f 14075 14074 14255
f 14255 14074 14254
f 14255 14254 14435
f 14435 14254 14434
f 14435 14434 14615
f 14615 14434 14614
f 14615 14614 14795
f 14795 14614 14794
f 14795 14794 14975
f 14975 14794 14974
f 14975 14974 15155
f 15155 14974 15154
f 15155 15154 15335
f 15335 15154 15334
f 15335 15334 15515
f 15515 15334 15514
f 15515 15514 15695
f 15695 15514 15694
f 15695 15694 15875
f 15875 15694 15874
f 15875 15874 16022
f 34 1 33
f 34 33 214
f 214 33 213
f 214 213 394
f 394 213 393
f 394 393 574
f 574 393 573
f 574 573 754
f 754 573 753
f 754 753 934
f 934 753 933
f 934 933 1114
f 1114 933 1113
f 1114 1113 1294
f 1294 1113 1293
f 1294 1293 1474
f 1474 1293 1473
f 1474 1473 1654
f 1654 1473 1653
f 1654 1653 1834
f 1834 1653 1833
f 1834 1833 2014
f 2014 1833 2013
f 2014 2013 2194
f 2194 2013 2193
f 2194 2193 2374
f 2374 2193 2373
f 2374 2373 2554
f 2554 2373 2553
f 2554 2553 2734
f 2734 2553 2733
f 2734 2733 2914
f 2914 2733 2913
f 2914 2913 3094
f 3094 2913 3093
f 3094 3093 3274
f 3274 3093 3273
f 3274 3273 3454
f 3454 3273 3453
f 3454 3453 3634
f 3634 3453 3633
f 3634 3633 3814
f 3814 3633 3813
f 3814 3813 3994
f 3994 3813 3993
f 3994 3993 4174
f 4174 3993 4173
f 4174 4173 4354
f 4354 4173 4353
f 4354 4353 4534
f 4534 4353 4533
f 4534 4533 4714
f 4714 4533 4713
f 4714 4713 4894
f 4894 4713 4893
f 4894 4893 5074
f 5074 4893 5073
f 5074 5073 5254
f 5254 5073 5253
f 5254 5253 5434
f 5434 5253 5433
f 5434 5433 5614
f 5614 5433 5613
f 5614 5613 5794
f 5794 5613 5793
f 5794 5793 5974
f 5974 5793 5973
f 5974 5973 6154
f 6154 5973 6153
f 6154 6153 6334
f 6334 6153 6333
f 6334 6333 6514
f 6514 6333 6513
f 6514 6513 6694
f 6694 6513 6693
f 6694 6693 6874
f 6874 6693 6873
f 6874 6873 7054
f 7054 6873 7053
f 7054 7053 7234
f 7234 7053 7233
f 7234 7233 7414
f 7414 7233 7413
f 7414 7413 7594
f 7594 7413 7593
f 7594 7593 7774
f 7774 7593 7773
f 7774 7773 7953
f 7774 7953 7954
f 7954 7953 8133
f 7954 8133 8134
f 8134 8133 8313
f 8134 8313 8314
f 8314 8313 8493
f 8314 8493 8494
f 8494 8493 8673
f 8494 8673 8674
f 8674 8673 8853
f 8674 8853 8854
f 8854 8853 9033
f 8854 9033 9034
f 9034 9033 9213
f 9034 9213 9214
f 9214 9213 9393
f 9214 9393 9394
f 9394 9393 9573
f 9394 9573 9574
f 9574 9573 9753
f 9574 9753 9754
f 9754 9753 9933
f 9754 9933 9934
f 9934 9933 10113
f 9934 10113 10114
f 10114 10113 10293
f 10114 10293 10294
f 10294 10293 10473
f 10294 10473 10474
f 10474 10473 10653
f 10474 10653 10654
f 10654 10653 10833
f 10654 10833 10834
f 10834 10833 11013
f 10834 11013 11014
f 11014 11013 11193
f 11014 11193 11194
f 11194 11193 11373
f 11194 11373 11374
f 11374 11373 11553
f 11374 11553 11554
f 11554 11553 11733
f 11554 11733 11734
f 11734 11733 11913
f 11734 11913 11914
f 11914 11913 12093
f 11914 12093 12094
f 12094 12093 12273
f 12094 12273 12274
f 12274 12273 12453
f 12274 12453 12454
f 12454 12453 12633
f 12454 12633 12634
f 12634 12633 12813
f 12634 12813 12814
f 12814 12813 12993
f 12814 12993 12994
f 12994 12993 13173
f 12994 13173 13174
f 13174 13173 13353
f 13174 13353 13354
f 13354 13353 13533
f 13354 13533 13534
f 13534 13533 13713
f 13534 13713 13714
f 13714 13713 13893
f 13714 13893 13894
f 13894 13893 14073
f 13894 14073 14074
f 14074 14073 14253
f 14074 14253 14254
f 14254 14253 14433
f 14254 14433 14434
f 14434 14433 14613
f 14434 14613 14614
f 14614 14613 14793
f 14614 14793 14794
f 14794 14793 14974
f 14974 14793 14973
f 14974 14973 15154
f 15154 14973 15153
f 15154 15153 15334
f 15334 15153 15333
f 15334 15333 15514
f 15514 15333 15513
f 15514 15513 15694
f 15694 15513 15693
f 15694 15693 15874
f 15874 15693 15873
f 15874 15873 16022
f 33 1 32
f 33 32 213
f 213 32 212
f 213 212 393
f 393 212 392
f 393 392 573
f 573 392 572
f 573 572 753
f 753 572 752
f 753 752 933
f 933 752 932
f 933 932 1113
f 1113 932 1112
f 1113 1112 1293
f 1293 1112 1292
f 1293 1292 1473
f 1473 1292 1472
f 1473 1472 1653
f 1653 1472 1652
f 1653 1652 1833
f 1833 1652 1832
f 1833 1832 2013
f 2013 1832 2012
f 2013 2012 2193
f 2193 2012 2192
f 2193 2192 2373
f 2373 2192 2372
f 2373 2372 2553
f 2553 2372 2552
f 2553 2552 2733
f 2733 2552 2732
f 2733 2732 2913
f 2913 2732 2912
f 2913 2912 3093
f 3093 2912 3092
f 3093 3092 3273
f 3273 3092 3272
f 3273 3272 3453
f 3453 3272 3452
f 3453 3452 3633
f 3633 3452 3632
f 3633 3632 3813
f 3813 3632 3812
f 3813 3812 3993
f 3993 3812 3992
f 3993 3992 4173
f 4173 3992 4172
f 4173 4172 4353
f 4353 4172 4352
f 4353 4352 4533
f 4533 4352 4532
f 4533 4532 4713
f 4713 4532 4712
f 4713 4712 4893
f 4893 4712 4892
f 4893 4892 5073
f 5073 4892 5072
f 5073 5072 5253
f 5253 5072 5252
f 5253 5252 5433
f 5433 5252 5432
f 5433 5432 5613
f 5613 5432 5612
f 5613 5612 5793
f 5793 5612 5792
f 5793 5792 5973
f 5973 5792 5972
f 5973 5972 6153
f 6153 5972 6152
f 6153 6152 6333
f 6333 6152 6332
f 6333 6332 6513
f 6513 6332 6512
f 6513 6512 6693
f 6693 6512 6692
f 6693 6692 6873
f 6873 6692 6872
f 6873 6872 7053
f 7053 6872 7052
f 7053 7052 7233
f 7233 7052 7232
f 7233 7232 7413
f 7413 7232 7412
f 7413 7412 7593
f 7593 7412 7592
f 7593 7592 7773
f 7773 7592 7772
f 7773 7772 7953
f 7953 7772 7952
f 7953 7952 8133
f 8133 7952 8132
f 8133 8132 8313
f 8313 8132 8312
f 8313 8312 8493
f 8493 8312 8492
f 8493 8492 8673
f 8673 8492 8672
f 8673 8672 8853
f 8853 8672 8852
f 8853 8852 9033
f 9033 8852 9032
f 9033 9032 9213
f 9213 9032 9212
f 9213 9212 9393
f 9393 9212 9392
f 9393 9392 9573
f 9573 9392 9572
f 9573 9572 9753
f 9753 9572 9752
f 9753 9752 9933
f 9933 9752 9932
f 9933 9932 10113
f 10113 9932 10112
f 10113 10112 10293
f 10293 10112 10292
f 10293 10292 10473
f 10473 10292 10472
f 10473 10472 10653
f 10653 10472 10652
f 10653 10652 10833
f 10833 10652 10832
f 10833 10832 11013
f 11013 10832 11012
f 11013 11012 11193
f 11193 11012 11192
f 11193 11192 11373
f 11373 11192 11372
f 11373 11372 11553
f 11553 11372 11552
f 11553 11552 11733
f 11733 11552 11732
f 11733 11732 11913
f 11913 11732 11912
f 11913 11912 12093
f 12093 11912 12092
f 12093 12092 12273
f 12273 12092 12272
f 12273 12272 12453
f 12453 12272 12452
f 12453 12452 12633
f 12633 12452 12632
f 12633 12632 12813
f 12813 12632 12812
f 12813 12812 12993
f 12993 12812 12992
f 12993 12992 13173
f 13173 12992 13172
f 13173 13172 13353
f 13353 13172 13352
f 13353 13352 13533
f 13533 13352 13532
f 13533 13532 13713
f 13713 13532 13712
f 13713 13712 13893
f 13893 13712 13892
f 13893 13892 14073
f 14073 13892 14072
f 14073 14072 14253
f 14253 14072 14252
f 14253 14252 14433
f 14433 14252 14432
f 14433 14432 14613
f 14613 14432 14612
f 14613 14612 14792
f 14613 14792 14793
f 14793 14792 14973
f 14973 14792 14972
f 14973 14972 15153
f 15153 14972 15152
f 15153 15152 15333
f 15333 15152 15332
f 15333 15332 15513
f 15513 15332 15512
f 15513 15512 15693
f 15693 15512 15692
f 15693 15692 15873
f 15873 15692 15872
f 15873 15872 16022
f 32 1 31
f 32 31 212
f 212 31 211
f 212 211 392
f 392 211 391
f 392 391 572
f 572 391 571
f 572 571 752
f 752 571 751
f 752 751 932
f 932 751 931
f 932 931 1112
f 1112 931 1111
f 1112 1111 1292
f 1292 1111 1291
f 1292 1291 1472
f 1472 1291 1471
f 1472 1471 1652
f 1652 1471 1651
f 1652 1651 1832
f 1832 1651 1831
f 1832 1831 2012
f 2012 1831 2011
f 2012 2011 2192
f 2192 2011 2191
f 2192 2191 2372
f 2372 2191 2371
f 2372 2371 2552
f 2552 2371 2551
f 2552 2551 2732
f 2732 2551 2731
f 2732 2731 2912
f 2912 2731 2911
f 2912 2911 3092
f 3092 2911 3091
f 3092 3091 3272
f 3272 3091 3271
f 3272 3271 3452
f 3452 3271 3451
f 3452 3451 3632
f 3632 3451 3631
f 3632 3631 3812
f 3812 3631 3811
f 3812 3811 3992
f 3992 3811 3991
f 3992 3991 4172
f 4172 3991 4171
f 4172 4171 4352
f 4352 4171 4351
f 4352 4351 4532
f 4532 4351 4531
f 4532 4531 4712
f 4712 4531 4711
f 4712 4711 4892
f 4892 4711 4891
f 4892 4891 5072
f 5072 4891 5071
f 5072 5071 5251
f 5072 5251 5252
f 5252 5251 5432
f 5432 5251 5431
f 5432 5431 5612
f 5612 5431 5611
f 5612 5611 5792
f 5792 5611 5791
f 5792 5791 5972
f 5972 5791 5971
f 5972 5971 6152
f 6152 5971 6151
f 6152 6151 6332
f 6332 6151 6331
f 6332 6331 6512
f 6512 6331 6511
f 6512 6511 6692
f 6692 6511 6691
f 6692 6691 6872
f 6872 6691 6871
f 6872 6871 7052
f 7052 6871 7051
f 7052 7051 7232
f 7232 7051 7231
f 7232 7231 7412
f 7412 7231 7411
f 7412 7411 7592
f 7592 7411 7591
f 7592 7591 7772
f 7772 7591 7771
f 7772 7771 7952
f 7952 7771 7951
f 7952 7951 8132
f 8132 7951 8131
f 8132 8131 8312
f 8312 8131 8311
f 8312 8311 8492
f 8492 8311 8491
f 8492 8491 8672
f 8672 8491 8671
f 8672 8671 8852
f 8852 8671 8851
f 8852 8851 9032
f 9032 8851 9031
f 9032 9031 9212
f 9212 9031 9211
f 9212 9211 9392
f 9392 9211 9391
f 9392 9391 9572
f 9572 9391 9571
f 9572 9571 9752
f 9752 9571 9751
f 9752 9751 9932
f 9932 9751 9931
f 9932 9931 10112
f 10112 9931 10111
f 10112 10111 10292
f 10292 10111 10291
f 10292 10291 10472
f 10472 10291 10471
f 10472 10471 10652
f 10652 10471 10651
f 10652 10651 10832
f 10832 10651 10831
f 10832 10831 11012
f 11012 10831 11011
f 11012 11011 11192
f 11192 11011 11191
f 11192 11191 11372
f 11372 11191 11371
f 11372 11371 11552
f 11552 11371 11551
f 11552 11551 11732
f 11732 11551 11731
f 11732 11731 11912
f 11912 11731 11911
f 11912 11911 12092
f 12092 11911 12091
f 12092 12091 12272
f 12272 12091 12271
f 12272 12271 12452
f 12452 12271 12451
f 12452 12451 12632
f 12632 12451 12631
f 12632 12631 12812
f 12812 12631 12811
f 12812 12811 12992
f 12992 12811 12991
f 12992 12991 13172
f 13172 12991 13171
f 13172 13171 13352
f 13352 13171 13351
f 13352 13351 13532
f 13532 13351 13531
f 13532 13531 13712
f 13712 13531 13711
f 13712 13711 13892
f 13892 13711 13891
f 13892 13891 14072
f 14072 13891 14071
f 14072 14071 14252
f 14252 14071 14251
f 14252 14251 14432
f 14432 14251 14431
f 14432 14431 14612
f 14612 14431 14611
f 14612 14611 14792
f 14792 14611 14791
f 14792 14791 14972
f 14972 14791 14971
f 14972 14971 15152
f 15152 14971 15151
f 15152 15151 15332
f 15332 15151 15331
f 15332 15331 15512
f 15512 15331 15511
f 15512 15511 15692
f 15692 15511 15691
f 15692 15691 15872
f 15872 15691 15871
f 15872 15871 16022
f 31 1 30
f 31 30 211
f 211 30 210
f 211 210 391
f 391 210 390
f 391 390 571
f 571 390 570
f 571 570 751
f 751 570 750
f 751 750 931
f 931 750 930
f 931 930 1111
f 1111 930 1110
f 1111 1110 1291
f 1291 1110 1290
f 1291 1290 1471
f 1471 1290 1470
f 1471 1470 1651
f 1651 1470 1650
f 1651 1650 1831
f 1831 1650 1830
f 1831 1830 2011
f 2011 1830 2010
f 2011 2010 2191
f 2191 2010 2190
f 2191 2190 2371
f 2371 2190 2370
f 2371 2370 2551
f 2551 2370 2550
f 2551 2550 2731
f 2731 2550 2730
f 2731 2730 2911
f 2911 2730 2910
f 2911 2910 3091
f 3091 2910 3090
f 3091 3090 3271
f 3271 3090 3270
f 3271 3270 3451
f 3451 3270 3450
f 3451 3450 3631
f 3631 3450 3630
f 3631 3630 3811
f 3811 3630 3810
f 3811 3810 3991
f 3991 3810 3990
f 3991 3990 4171
f 4171 3990 4170
f 4171 4170 4351
f 4351 4170 4350
f 4351 4350 4531
f 4531 4350 4530
f 4531 4530 4711
f 4711 4530 4710
f 4711 4710 4891
f 4891 4710 4890
f 4891 4890 5071
f 5071 4890 5070
f 5071 5070 5250
f 5071 5250 5251
f 5251 5250 5430
f 5251 5430 5431
f 5431 5430 5610
f 5431 5610 5611
f 5611 5610 5790
f 5611 5790 5791
f 5791 5790 5970
f 5791 5970 5971
f 5971 5970 6150
f 5971 6150 6151
f 6151 6150 6330
f 6151 6330 6331
f 6331 6330 6510
f 6331 6510 6511
f 6511 6510 6690
f 6511 6690 6691
f 6691 6690 6870
f 6691 6870 6871
f 6871 6870 7050
f 6871 7050 7051
f 7051 7050 7230
f 7051 7230 7231
f 7231 7230 7410
f 7231 7410 7411
f 7411 7410 7590
f 7411 7590 7591
f 7591 7590 7770
f 7591 7770 7771
f 7771 7770 7950
f 7771 7950 7951
f 7951 7950 8130
f 7951 8130 8131
f 8131 8130 8310
f 8131 8310 8311
f 8311 8310 8490
f 8311 8490 8491
f 8491 8490 8670
f 8491 8670 8671
f 8671 8670 8850
f 8671 8850 8851
f 8851 8850 9030
f 8851 9030 9031
f 9031 9030 9210
f 9031 9210 9211
f 9211 9210 9390
f 9211 9390 9391
f 9391 9390 9570
f 9391 9570 9571
f 9571 9570 9750
f 9571 9750 9751
f 9751 9750 9930
f 9751 9930 9931
f 9931 9930 10110
f 9931 10110 10111
f 10111 10110 10290
f 10111 10290 10291
f 10291 10290 10470
f 10291 10470 10471
f 10471 10470 10650
f 10471 10650 10651
f 10651 10650 10830
f 10651 10830 10831
f 10831 10830 11010
f 10831 11010 11011
f 11011 11010 11190
f 11011 11190 11191
f 11191 11190 11370
f 11191 11370 11371
f 11371 11370 11550
f 11371 11550 11551
f 11551 11550 11730
f 11551 11730 11731
f 11731 11730 11910
f 11731 11910 11911
f 11911 11910 12091
f 12091 11910 12090
f 12091 12090 12271
f 12271 12090 12270
f 12271 12270 12451
f 12451 12270 12450
f 12451 12450 12631
f 12631 12450 12630
f 12631 12630 12811
f 12811 12630 12810
f 12811 12810 12991
f 12991 12810 12990
f 12991 12990 13171
f 13171 12990 13170
f 13171 13170 13351
f 13351 13170 13350
f 13351 13350 13531
f 13531 13350 13530
f 13531 13530 13711
f 13711 13530 13710
f 13711 13710 13891
f 13891 13710 13890
f 13891 13890 14071
f 14071 13890 14070
f 14071 14070 14251
f 14251 14070 14250
f 14251 14250 14431
f 14431 14250 14430
f 14431 14430 14611
f 14611 14430 14610
f 14611 14610 14791
f 14791 14610 14790
f 14791 14790 14971
f 14971 14790 14970
f 14971 14970 15151
f 15151 14970 15150
f 15151 15150 15331
f 15331 15150 15330
f 15331 15330 15511
f 15511 15330 15510
f 15511 15510 15691
f 15691 15510 15690
f 15691 15690 15871
f 15871 15690 15870
f 15871 15870 16022
f 30 1 29
f 30 29 210
f 210 29 209
f 210 209 390
f 390 209 389
f 390 389 570
f 570 389 569
f 570 569 750
f 750 569 749
f 750 749 930
f 930 749 929
f 930 929 1110
f 1110 929 1109
f 1110 1109 1290
f 1290 1109 1289
f 1290 1289 1470
f 1470 1289 1469
f 1470 1469 1650
f 1650 1469 1649
f 1650 1649 1830
f 1830 1649 1829
f 1830 1829 2010
f 2010 1829 2009
f 2010 2009 2190
f 2190 2009 2189
f 2190 2189 2370
f 2370 2189 2369
f 2370 2369 2550
f 2550 2369 2549
f 2550 2549 2730
f 2730 2549 2729
f 2730 2729 2910
f 2910 2729 2909
f 2910 2909 3090
f 3090 2909 3089
f 3090 3089 3270
f 3270 3089 3269
f 3270 3269 3450
f 3450 3269 3449
f 3450 3449 3630
f 3630 3449 3629
f 3630 3629 3810
f 3810 3629 3809
f 3810 3809 3990
f 3990 3809 3989
f 3990 3989 4170
f 4170 3989 4169
f 4170 4169 4350
f 4350 4169 4349
f 4350 4349 4530
f 4530 4349 4529
f 4530 4529 4710
f 4710 4529 4709
f 4710 4709 4890
f 4890 4709 4889
f 4890 4889 5070
f 5070 4889 5069
f 5070 5069 5250
f 5250 5069 5249
f 5250 5249 5430
f 5430 5249 5429
f 5430 5429 5610
f 5610 5429 5609
f 5610 5609 5790
f 5790 5609 5789
f 5790 5789 5970
f 5970 5789 5969
f 5970 5969 6150
f 6150 5969 6149
f 6150 6149 6330
f 6330 6149 6329
f 6330 6329 6510
f 6510 6329 6509
f 6510 6509 6690
f 6690 6509 6689
f 6690 6689 6870
f 6870 6689 6869
f 6870 6869 7050
f 7050 6869 7049
f 7050 7049 7230
f 7230 7049 7229
f 7230 7229 7410
f 7410 7229 7409
f 7410 7409 7590
f 7590 7409 7589
f 7590 7589 7770
f 7770 7589 7769
f 7770 7769 7950
f 7950 7769 7949
f 7950 7949 8130
f 8130 7949 8129
f 8130 8129 8310
f 8310 8129 8309
f 8310 8309 8490
f 8490 8309 8489
f 8490 8489 8670
f 8670 8489 8669
f 8670 8669 8850
f 8850 8669 8849
f 8850 8849 9030
f 9030 8849 9029
f 9030 9029 9210
f 9210 9029 9209
f 9210 9209 9390
f 9390 9209 9389
f 9390 9389 9570
f 9570 9389 9569
f 9570 9569 9750
f 9750 9569 9749
f 9750 9749 9930
f 9930 9749 9929
f 9930 9929 10110
f 10110 9929 10109
f 10110 10109 10290
f 10290 10109 10289
f 10290 10289 10470
f 10470 10289 10469
f 10470 10469 10650
f 10650 10469 10649
f 10650 10649 10830
f 10830 10649 10829
f 10830 10829 11010
f 11010 10829 11009
f 11010 11009 11190
f 11190 11009 11189
f 11190 11189 11370
f 11370 11189 11369
f 11370 11369 11550
f 11550 11369 11549
f 11550 11549 11730
f 11730 11549 11729
f 11730 11729 11909
f 11730 11909 11910
f 11910 11909 12090
f 12090 11909 12089
f 12090 12089 12270
f 12270 12089 12269
f 12270 12269 12450
f 12450 12269 12449
f 12450 12449 12630
f 12630 12449 12629
f 12630 12629 12810
f 12810 12629 12809
f 12810 12809 12990
f 12990 12809 12989
f 12990 12989 13170
f 13170 12989 13169
f 13170 13169 13350
f 13350 13169 13349
f 13350 13349 13530
f 13530 13349 13529
f 13530 13529 13710
f 13710 13529 13709
f 13710 13709 13890
f 13890 13709 13889
f 13890 13889 14070
f 14070 13889 14069
f 14070 14069 14250
f 14250 14069 14249
f 14250 14249 14430
f 14430 14249 14429
f 14430 14429 14610
f 14610 14429 14609
f 14610 14609 14790
f 14790 14609 14789
f 14790 14789 14970
f 14970 14789 14969
f 14970 14969 15150
f 15150 14969 15149
f 15150 15149 15330
f 15330 15149 15329
f 15330 15329 15510
f 15510 15329 15509
f 15510 15509 15690
f 15690 15509 15689
f 15690 15689 15870
f 15870 15689 15869
f 15870 15869 16022
f 29 1 28
f 29 28 209
f 209 28 208
f 209 208 389
f 389 208 388
f 389 388 569
f 569 388 568
f 569 568 749
f 749 568 748
f 749 748 929
f 929 748 928
f 929 928 1109
f 1109 928 1108
f 1109 1108 1289
f 1289 1108 1288
f 1289 1288 1469
f 1469 1288 1468
f 1469 1468 1649
f 1649 1468 1648
f 1649 1648 1829
f 1829 1648 1828
f 1829 1828 2009
f 2009 1828 2008
f 2009 2008 2189
f 2189 2008 2188
f 2189 2188 2368
f 2189 2368 2369
f 2369 2368 2549
f 2549 2368 2548
f 2549 2548 2729
f 2729 2548 2728
f 2729 2728 2909
f 2909 2728 2908
f 2909 2908 3089
f 3089 2908 3088
f 3089 3088 3269
f 3269 3088 3268
f 3269 3268 3449
f 3449 3268 3448
f 3449 3448 3629
f 3629 3448 3628
f 3629 3628 3809
f 3809 3628 3808
f 3809 3808 3989
f 3989 3808 3988
f 3989 3988 4169
f 4169 3988 4168
f 4169 4168 4349
f 4349 4168 4348
f 4349 4348 4529
f 4529 4348 4528
f 4529 4528 4709
f 4709 4528 4708
f 4709 4708 4889
f 4889 4708 4888
f 4889 4888 5069
f 5069 4888 5068
f 5069 5068 5249
f 5249 5068 5248
f 5249 5248 5429
f 5429 5248 5428
f 5429 5428 5609
f 5609 5428 5608
f 5609 5608 5789
f 5789 5608 5788
f 5789 5788 5969
f 5969 5788 5968
f 5969 5968 6149
f 6149 5968 6148
f 6149 6148 6329
f 6329 6148 6328
f 6329 6328 6509
f 6509 6328 6508
f 6509 6508 6689
f 6689 6508 6688
f 6689 6688 6869
f 6869 6688 6868
f 6869 6868 7049
f 7049 6868 7048
f 7049 7048 7229
f 7229 7048 7228
f 7229 7228 7409
f 7409 7228 7408
f 7409 7408 7589
f 7589 7408 7588
f 7589 7588 7769
f 7769 7588 7768
f 7769 7768 7949
f 7949 7768 7948
f 7949 7948 8129
f 8129 7948 8128
f 8129 8128 8309
f 8309 8128 8308
f 8309 8308 8489
f 8489 8308 8488
f 8489 8488 8669
f 8669 8488 8668
f 8669 8668 8849
f 8849 8668 8848
f 8849 8848 9029
f 9029 8848 9028
f 9029 9028 9209
f 9209 9028 9208
f 9209 9208 9389
f 9389 9208 9388
f 9389 9388 9569
f 9569 9388 9568
f 9569 9568 9749
f 9749 9568 9748
f 9749 9748 9929
f 9929 9748 9928
f 9929 9928 10109
f 10109 9928 10108
f 10109 10108 10289
f 10289 10108 10288
f 10289 10288 10469
f 10469 10288 10468
f 10469 10468 10649
f 10649 10468 10648
f 10649 10648 10829
f 10829 10648 10828
f 10829 10828 11009
f 11009 10828 11008
f 11009 11008 11189
f 11189 11008 11188
f 11189 11188 11369
f 11369 11188 11368
f 11369 11368 11549
f 11549 11368 11548
f 11549 11548 11729
f 11729 11548 11728
f 11729 11728 11909
f 11909 11728 11908
f 11909 11908 12089
f 12089 11908 12088
f 12089 12088 12269
f 12269 12088 12268
f 12269 12268 12449
f 12449 12268 12448
f 12449 12448 12629
f 12629 12448 12628
f 12629 12628 12809
f 12809 12628 12808
f 12809 12808 12989
f 12989 12808 12988
f 12989 12988 13169
f 13169 12988 13168
f 13169 13168 13349
f 13349 13168 13348
f 13349 13348 13529
f 13529 13348 13528
f 13529 13528 13709
f 13709 13528 13708
f 13709 13708 13889
f 13889 13708 13888
f 13889 13888 14069
f 14069 13888 14068
f 14069 14068 14249
f 14249 14068 14248
f 14249 14248 14429
f 14429 14248 14428
f 14429 14428 14609
f 14609 14428 14608
f 14609 14608 14789
f 14789 14608 14788
f 14789 14788 14969
f 14969 14788 14968
f 14969 14968 15149
f 15149 14968 15148
f 15149 15148 15329
f 15329 15148 15328
f 15329 15328 15509
f 15509 15328 15508
f 15509 15508 15689
f 15689 15508 15688
f 15689 15688 15869
f 15869 15688 15868
f 15869 15868 16022
f 28 1 27
f 28 27 208
f 208 27 207
f 208 207 388
f 388 207 387
f 388 387 568
f 568 387 567
f 568 567 748
f 748 567 747
f 748 747 928
f 928 747 927
f 928 927 1108
f 1108 927 1107
f 1108 1107 1288
f 1288 1107 1287
f 1288 1287 1468
f 1468 1287 1467
f 1468 1467 1648
f 1648 1467 1647
f 1648 1647 1828
f 1828 1647 1827
f 1828 1827 2008
f 2008 1827 2007
f 2008 2007 2188
f 2188 2007 2187
f 2188 2187 2367
f 2188 2367 2368
f 2368 2367 2547
f 2368 2547 2548
f 2548 2547 2727
f 2548 2727 2728
f 2728 2727 2907
f 2728 2907 2908
f 2908 2907 3087
f 2908 3087 3088
f 3088 3087 3267
f 3088 3267 3268
f 3268 3267 3447
f 3268 3447 3448
f 3448 3447 3627
f 3448 3627 3628
f 3628 3627 3807
f 3628 3807 3808
f 3808 3807 3987
f 3808 3987 3988
f 3988 3987 4167
f 3988 4167 4168
f 4168 4167 4347
f 4168 4347 4348
f 4348 4347 4527
f 4348 4527 4528
f 4528 4527 4707
f 4528 4707 4708
f 4708 4707 4887
f 4708 4887 4888
f 4888 4887 5067
f 4888 5067 5068
f 5068 5067 5247
f 5068 5247 5248
f 5248 5247 5427
f 5248 5427 5428
f 5428 5427 5607
f 5428 5607 5608
f 5608 5607 5787
f 5608 5787 5788
f 5788 5787 5967
f 5788 5967 5968
f 5968 5967 6147
f 5968 6147 6148
f 6148 6147 6327
f 6148 6327 6328
f 6328 6327 6507
f 6328 6507 6508
f 6508 6507 6687
f 6508 6687 6688
f 6688 6687 6867
f 6688 6867 6868
f 6868 6867 7047
f 6868 7047 7048
f 7048 7047 7227
f 7048 7227 7228
f 7228 7227 7407
f 7228 7407 7408
f 7408 7407 7587
f 7408 7587 7588
f 7588 7587 7767
f 7588 7767 7768
f 7768 7767 7947
f 7768 7947 7948
f 7948 7947 8127
f 7948 8127 8128
f 8128 8127 8307
f 8128 8307 8308
f 8308 8307 8487
f 8308 8487 8488
f 8488 8487 8667
f 8488 8667 8668
f 8668 8667 8847
f 8668 8847 8848
f 8848 8847 9027
f 8848 9027 9028
f 9028 9027 9208
f 9208 9027 9207
f 9208 9207 9388
f 9388 9207 9387
f 9388 9387 9568
f 9568 9387 9567
f 9568 9567 9748
f 9748 9567 9747
f 9748 9747 9928
f 9928 9747 9927
f 9928 9927 10108
f 10108 9927 10107
f 10108 10107 10288
f 10288 10107 10287
f 10288 10287 10468
f 10468 10287 10467
f 10468 10467 10648
f 10648 10467 10647
f 10648 10647 10828
f 10828 10647 10827
f 10828 10827 11008
f 11008 10827 11007
f 11008 11007 11188
f 11188 11007 11187
f 11188 11187 11368
f 11368 11187 11367
f 11368 11367 11548
f 11548 11367 11547
f 11548 11547 11728
f 11728 11547 11727
f 11728 11727 11908
f 11908 11727 11907
f 11908 11907 12088
f 12088 11907 12087
f 12088 12087 12268
f 12268 12087 12267
f 12268 12267 12448
f 12448 12267 12447
f 12448 12447 12628
f 12628 12447 12627
f 12628 12627 12808
f 12808 12627 12807
f 12808 12807 12988
f 12988 12807 12987
f 12988 12987 13168
f 13168 12987 13167
f 13168 13167 13348
f 13348 13167 13347
f 13348 13347 13528
f 13528 13347 13527
f 13528 13527 13708
f 13708 13527 13707
f 13708 13707 13888
f 13888 13707 13887
f 13888 13887 14068
f 14068 13887 14067
f 14068 14067 14248
f 14248 14067 14247
f 14248 14247 14428
f 14428 14247 14427
f 14428 14427 14608
f 14608 14427 14607
f 14608 14607 14788
f 14788 14607 14787
f 14788 14787 14968
f 14968 14787 14967
f 14968 14967 15148
f 15148 14967 15147
f 15148 15147 15328
f 15328 15147 15327
f 15328 15327 15508
f 15508 15327 15507
f 15508 15507 15688
f 15688 15507 15687
f 15688 15687 15868
f 15868 15687 15867
f 15868 15867 16022
f 27 1 26
f 27 26 207
f 207 26 206
f 207 206 387
f 387 206 386
f 387 386 567
f 567 386 566
f 567 566 747
f 747 566 746
f 747 746 927
f 927 746 926
f 927 926 1107
f 1107 926 1106
f 1107 1106 1287
f 1287 1106 1286
f 1287 1286 1467
f 1467 1286 1466
f 1467 1466 1647
f 1647 1466 1646
f 1647 1646 1827
f 1827 1646 1826
f 1827 1826 2007
f 2007 1826 2006
f 2007 2006 2187
f 2187 2006 2186
f 2187 2186 2367
f 2367 2186 2366
f 2367 2366 2547
f 2547 2366 2546
f 2547 2546 2727
f 2727 2546 2726
f 2727 2726 2907
f 2907 2726 2906
f 2907 2906 3087
f 3087 2906 3086
f 3087 3086 3267
f 3267 3086 3266
f 3267 3266 3447
f 3447 3266 3446
f 3447 3446 3627
f 3627 3446 3626
f 3627 3626 3807
f 3807 3626 3806
f 3807 3806 3987
f 3987 3806 3986
f 3987 3986 4167
f 4167 3986 4166
f 4167 4166 4347
f 4347 4166 4346
f 4347 4346 4527
f 4527 4346 4526
f 4527 4526 4707
f 4707 4526 4706
f 4707 4706 4887
f 4887 4706 4886
f 4887 4886 5067
f 5067 4886 5066
f 5067 5066 5247
f 5247 5066 5246
f 5247 5246 5427
f 5427 5246 5426
f 5427 5426 5607
f 5607 5426 5606
f 5607 5606 5787
f 5787 5606 5786
f 5787 5786 5967
f 5967 5786 5966
f 5967 5966 6147
f 6147 5966 6146
f 6147 6146 6327
f 6327 6146 6326
f 6327 6326 6507
f 6507 6326 6506
f 6507 6506 6687
f 6687 6506 6686
f 6687 6686 6867
f 6867 6686 6866
f 6867 6866 7047
f 7047 6866 7046
f 7047 7046 7227
f 7227 7046 7226
f 7227 7226 7407
f 7407 7226 7406
f 7407 7406 7587
f 7587 7406 7586
f 7587 7586 7767
f 7767 7586 7766
f 7767 7766 7947
f 7947 7766 7946
f 7947 7946 8127
f 8127 7946 8126
f 8127 8126 8307
f 8307 8126 8306
f 8307 8306 8487
f 8487 8306 8486
f 8487 8486 8667
f 8667 8486 8666
f 8667 8666 8847
f 8847 8666 8846
f 8847 8846 9026
f 8847 9026 9027
f 9027 9026 9206
f 9027 9206 9207
f 9207 9206 9386
f 9207 9386 9387
f 9387 9386 9566
f 9387 9566 9567
f 9567 9566 9746
f 9567 9746 9747
f 9747 9746 9926
f 9747 9926 9927
f 9927 9926 10106
f 9927 10106 10107
f 10107 10106 10286
f 10107 10286 10287
f 10287 10286 10466
f 10287 10466 10467
f 10467 10466 10646
f 10467 10646 10647
f 10647 10646 10826
f 10647 10826 10827
f 10827 10826 11006
f 10827 11006 11007
f 11007 11006 11186
f 11007 11186 11187
f 11187 11186 11366
f 11187 11366 11367
f 11367 11366 11546
f 11367 11546 11547
f 11547 11546 11726
f 11547 11726 11727
f 11727 11726 11906
f 11727 11906 11907
f 11907 11906 12086
f 11907 12086 12087
f 12087 12086 12266
f 12087 12266 12267
f 12267 12266 12446
f 12267 12446 12447
f 12447 12446 12626
f 12447 12626 12627
f 12627 12626 12806
f 12627 12806 12807
f 12807 12806 12986
f 12807 12986 12987
f 12987 12986 13166
f 12987 13166 13167
f 13167 13166 13346
f 13167 13346 13347
f 13347 13346 13526
f 13347 13526 13527
f 13527 13526 13706
f 13527 13706 13707
f 13707 13706 13886
f 13707 13886 13887
f 13887 13886 14066
f 13887 14066 14067
f 14067 14066 14246
f 14067 14246 14247
f 14247 14246 14426
f 14247 14426 14427
f 14427 14426 14606
f 14427 14606 14607
f 14607 14606 14786
f 14607 14786 14787
f 14787 14786 14966
f 14787 14966 14967
f 14967 14966 15146
f 14967 15146 15147
f 15147 15146 15326
f 15147 15326 15327
f 15327 15326 15506
f 15327 15506 15507
f 15507 15506 15686
f 15507 15686 15687
f 15687 15686 15866
f 15687 15866 15867
f 15867 15866 16022
f 26 1 25
f 26 25 206
f 206 25 205
f 206 205 386
f 386 205 385
f 386 385 566
f 566 385 565
f 566 565 746
f 746 565 745
f 746 745 926
f 926 745 925
f 926 925 1106
f 1106 925 1105
f 1106 1105 1286
f 1286 1105 1285
f 1286 1285 1466
f 1466 1285 1465
f 1466 1465 1646
f 1646 1465 1645
f 1646 1645 1826
f 1826 1645 1825
f 1826 1825 2006
f 2006 1825 2005
f 2006 2005 2186
f 2186 2005 2185
f 2186 2185 2366
f 2366 2185 2365
f 2366 2365 2546
f 2546 2365 2545
f 2546 2545 2726
f 2726 2545 2725
f 2726 2725 2906
f 2906 2725 2905
f 2906 2905 3086
f 3086 2905 3085
f 3086 3085 3266
f 3266 3085 3265
f 3266 3265 3446
f 3446 3265 3445
f 3446 3445 3626
f 3626 3445 3625
f 3626 3625 3806
f 3806 3625 3805
f 3806 3805 3986
f 3986 3805 3985
f 3986 3985 4166
f 4166 3985 4165
f 4166 4165 4346
f 4346 4165 4345
f 4346 4345 4526
f 4526 4345 4525
f 4526 4525 4706
f 4706 4525 4705
f 4706 4705 4886
f 4886 4705 4885
f 4886 4885 5066
f 5066 4885 5065
f 5066 5065 5246
f 5246 5065 5245
f 5246 5245 5426
f 5426 5245 5425
f 5426 5425 5606
f 5606 5425 5605
f 5606 5605 5786
f 5786 5605 5785
f 5786 5785 5966
f 5966 5785 5965
f 5966 5965 6146
f 6146 5965 6145
f 6146 6145 6326
f 6326 6145 6325
f 6326 6325 6506
f 6506 6325 6505
f 6506 6505 6686
f 6686 6505 6685
f 6686 6685 6866
f 6866 6685 6865
f 6866 6865 7046
f 7046 6865 7045
f 7046 7045 7226
f 7226 7045 7225
f 7226 7225 7406
f 7406 7225 7405
f 7406 7405 7586
f 7586 7405 7585
f 7586 7585 7766
f 7766 7585 7765
f 7766 7765 7946
f 7946 7765 7945
f 7946 7945 8126
f 8126 7945 8125
f 8126 8125 8306
f 8306 8125 8305
f 8306 8305 8486
f 8486 8305 8485
f 8486 8485 8666
f 8666 8485 8665
f 8666 8665 8846
f 8846 8665 8845
f 8846 8845 9026
f 9026 8845 9025
f 9026 9025 9206
f 9206 9025 9205
f 9206 9205 9386
f 9386 9205 9385
f 9386 9385 9566
f 9566 9385 9565
f 9566 9565 9746
f 9746 9565 9745
f 9746 9745 9926
f 9926 9745 9925
f 9926 9925 10106
f 10106 9925 10105
f 10106 10105 10286
f 10286 10105 10285
f 10286 10285 10466
f 10466 10285 10465
f 10466 10465 10646
f 10646 10465 10645
f 10646 10645 10826
f 10826 10645 10825
f 10826 10825 11006
f 11006 10825 11005
f 11006 11005 11186
f 11186 11005 11185
f 11186 11185 11366
f 11366 11185 11365
f 11366 11365 11546
f 11546 11365 11545
f 11546 11545 11726
f 11726 11545 11725
f 11726 11725 11906
f 11906 11725 11905
f 11906 11905 12086
f 12086 11905 12085
f 12086 12085 12266
f 12266 12085 12265
f 12266 12265 12446
f 12446 12265 12445
f 12446 12445 12626
f 12626 12445 12625
f 12626 12625 12806
f 12806 12625 12805
f 12806 12805 12986
f 12986 12805 12985
f 12986 12985 13166
f 13166 12985 13165
f 13166 13165 13346
f 13346 13165 13345
f 13346 13345 13526
f 13526 13345 13525
f 13526 13525 13706
f 13706 13525 13705
f 13706 13705 13886
f 13886 13705 13885
f 13886 13885 14066
f 14066 13885 14065
f 14066 14065 14246
f 14246 14065 14245
f 14246 14245 14426
f 14426 14245 14425
f 14426 14425 14606
f 14606 14425 14605
f 14606 14605 14786
f 14786 14605 14785
f 14786 14785 14966
f 14966 14785 14965
f 14966 14965 15146
f 15146 14965 15145
f 15146 15145 15326
f 15326 15145 15325
f 15326 15325 15506
f 15506 15325 15505
f 15506 15505 15686
f 15686 15505 15685
f 15686 15685 15865
f 15686 15865 15866
f 15866 15865 16022
f 25 1 24
f 25 24 205
f 205 24 204
f 205 204 385
f 385 204 384
f 385 384 565
f 565 384 564
f 565 564 745
f 745 564 744
f 745 744 925
f 925 744 924
f 925 924 1105
f 1105 924 1104
f 1105 1104 1285
f 1285 1104 1284
f 1285 1284 1465
f 1465 1284 1464
f 1465 1464 1645
f 1645 1464 1644
f 1645 1644 1825
f 1825 1644 1824
f 1825 1824 2005
f 2005 1824 2004
f 2005 2004 2185
f 2185 2004 2184
f 2185 2184 2365
f 2365 2184 2364
f 2365 2364 2545
f 2545 2364 2544
f 2545 2544 2725
f 2725 2544 2724
f 2725 2724 2905
f 2905 2724 2904
f 2905 2904 3085
f 3085 2904 3084
f 3085 3084 3265
f 3265 3084 3264
f 3265 3264 3445
f 3445 3264 3444
f 3445 3444 3625
f 3625 3444 3624
f 3625 3624 3805
f 3805 3624 3804
f 3805 3804 3985
f 3985 3804 3984
f 3985 3984 4165
f 4165 3984 4164
f 4165 4164 4345
f 4345 4164 4344
f 4345 4344 4525
f 4525 4344 4524
f 4525 4524 4705
f 4705 4524 4704
f 4705 4704 4885
f 4885 4704 4884
f 4885 4884 5065
f 5065 4884 5064
f 5065 5064 5245
f 5245 5064 5244
f 5245 5244 5425
f 5425 5244 5424
f 5425 5424 5605
f 5605 5424 5604
f 5605 5604 5785
f 5785 5604 5784
f 5785 5784 5965
f 5965 5784 5964
f 5965 5964 6144
f 5965 6144 6145
f 6145 6144 6325
f 6325 6144 6324
f 6325 6324 6505
f 6505 6324 6504
f 6505 6504 6685
f 6685 6504 6684
f 6685 6684 6865
f 6865 6684 6864
f 6865 6864 7045
f 7045 6864 7044
f 7045 7044 7225
f 7225 7044 7224
f 7225 7224 7405
f 7405 7224 7404
f 7405 7404 7585
f 7585 7404 7584
f 7585 7584 7765
f 7765 7584 7764
f 7765 7764 7945
f 7945 7764 7944
f 7945 7944 8125
f 8125 7944 8124
f 8125 8124 8305
f 8305 8124 8304
f 8305 8304 8485
f 8485 8304 8484
f 8485 8484 8665
f 8665 8484 8664
f 8665 8664 8845
f 8845 8664 8844
f 8845 8844 9025
f 9025 8844 9024
f 9025 9024 9205
f 9205 9024 9204
f 9205 9204 9385
f 9385 9204 9384
f 9385 9384 9565
f 9565 9384 9564
f 9565 9564 9745
f 9745 9564 9744
f 9745 9744 9925
f 9925 9744 9924
f 9925 9924 10105
f 10105 9924 10104
f 10105 10104 10285
f 10285 10104 10284
f 10285 10284 10465
f 10465 10284 10464
f 10465 10464 10645
f 10645 10464 10644
f 10645 10644 10825
f 10825 10644 10824
f 10825 10824 11005
f 11005 10824 11004
f 11005 11004 11185
f 11185 11004 11184
f 11185 11184 11365
f 11365 11184 11364
f 11365 11364 11545
f 11545 11364 11544
f 11545 11544 11725
f 11725 11544 11724
f 11725 11724 11905
f 11905 11724 11904
f 11905 11904 12085
f 12085 11904 12084
f 12085 12084 12265
f 12265 12084 12264
f 12265 12264 12445
f 12445 12264 12444
f 12445 12444 12625
f 12625 12444 12624
f 12625 12624 12805
f 12805 12624 12804
f 12805 12804 12985
f 12985 12804 12984
f 12985 12984 13165
f 13165 12984 13164
f 13165 13164 13345
f 13345 13164 13344
f 13345 13344 13525
f 13525 13344 13524
f 13525 13524 13705
f 13705 13524 13704
f 13705 13704 13885
f 13885 13704 13884
f 13885 13884 14065
f 14065 13884 14064
f 14065 14064 14245
f 14245 14064 14244
f 14245 14244 14425
f 14425 14244 14424
f 14425 14424 14605
f 14605 14424 14604
f 14605 14604 14785
f 14785 14604 14784
f 14785 14784 14965
f 14965 14784 14964
f 14965 14964 15145
f 15145 14964 15144
f 15145 15144 15325
f 15325 15144 15324
f 15325 15324 15505
f 15505 15324 15504
f 15505 15504 15685
f 15685 15504 15684
f 15685 15684 15865
f 15865 15684 15864
f 15865 15864 16022
f 24 1 23
f 24 23 204
f 204 23 203
f 204 203 384
f 384 203 383
f 384 383 564
f 564 383 563
f 564 563 744
f 744 563 743
f 744 743 924
f 924 743 923
f 924 923 1104
f 1104 923 1103
f 1104 1103 1284
f 1284 1103 1283
f 1284 1283 1464
f 1464 1283 1463
f 1464 1463 1644
f 1644 1463 1643
f 1644 1643 1824
f 1824 1643 1823
f 1824 1823 2004
f 2004 1823 2003
f 2004 2003 2184
f 2184 2003 2183
f 2184 2183 2364
f 2364 2183 2363
f 2364 2363 2544
f 2544 2363 2543
f 2544 2543 2724
f 2724 2543 2723
f 2724 2723 2904
f 2904 2723 2903
f 2904 2903 3084
f 3084 2903 3083
f 3084 3083 3264
f 3264 3083 3263
f 3264 3263 3444
f 3444 3263 3443
f 3444 3443 3624
f 3624 3443 3623
f 3624 3623 3804
f 3804 3623 3803
f 3804 3803 3984
f 3984 3803 3983
f 3984 3983 4164
f 4164 3983 4163
f 4164 4163 4344
f 4344 4163 4343
f 4344 4343 4524
f 4524 4343 4523
f 4524 4523 4704
f 4704 4523 4703
f 4704 4703 4884
f 4884 4703 4883
f 4884 4883 5064
f 5064 4883 5063
f 5064 5063 5244
f 5244 5063 5243
f 5244 5243 5424
f 5424 5243 5423
f 5424 5423 5604
f 5604 5423 5603
f 5604 5603 5784
f 5784 5603 5783
f 5784 5783 5964
f 5964 5783 5963
f 5964 5963 6143
f 5964 6143 6144
f 6144 6143 6323
f 6144 6323 6324
f 6324 6323 6503
f 6324 6503 6504
f 6504 6503 6683
f 6504 6683 6684
f 6684 6683 6863
f 6684 6863 6864
f 6864 6863 7043
f 6864 7043 7044
f 7044 7043 7223
f 7044 7223 7224
f 7224 7223 7403
f 7224 7403 7404
f 7404 7403 7583
f 7404 7583 7584
f 7584 7583 7763
f 7584 7763 7764
f 7764 7763 7943
f 7764 7943 7944
f 7944 7943 8123
f 7944 8123 8124
f 8124 8123 8303
f 8124 8303 8304
f 8304 8303 8483
f 8304 8483 8484
f 8484 8483 8663
f 8484 8663 8664
f 8664 8663 8843
f 8664 8843 8844
f 8844 8843 9023
f 8844 9023 9024
f 9024 9023 9203
f 9024 9203 9204
f 9204 9203 9383
f 9204 9383 9384
f 9384 9383 9563
f 9384 9563 9564
f 9564 9563 9743
f 9564 9743 9744
f 9744 9743 9923
f 9744 9923 9924
f 9924 9923 10103
f 9924 10103 10104
f 10104 10103 10283
f 10104 10283 10284
f 10284 10283 10463
f 10284 10463 10464
f 10464 10463 10643
f 10464 10643 10644
f 10644 10643 10823
f 10644 10823 10824
f 10824 10823 11003
f 10824 11003 11004
f 11004 11003 11183
f 11004 11183 11184
f 11184 11183 11363
f 11184 11363 11364
f 11364 11363 11543
f 11364 11543 11544
f 11544 11543 11723
f 11544 11723 11724
f 11724 11723 11903
f 11724 11903 11904
f 11904 11903 12083
f 11904 12083 12084
f 12084 12083 12263
f 12084 12263 12264
f 12264 12263 12443
f 12264 12443 12444
f 12444 12443 12623
f 12444 12623 12624
f 12624 12623 12803
f 12624 12803 12804
f 12804 12803 12983
f 12804 12983 12984
f 12984 12983 13164
f 13164 12983 13163
f 13164 13163 13344
f 13344 13163 13343
f 13344 13343 13524
f 13524 13343 13523
f 13524 13523 13704
f 13704 13523 13703
f 13704 13703 13884
f 13884 13703 13883
f 13884 13883 14064
f 14064 13883 14063
f 14064 14063 14244
f 14244 14063 14243
f 14244 14243 14424
f 14424 14243 14423
f 14424 14423 14604
f 14604 14423 14603
f 14604 14603 14784
f 14784 14603 14783
f 14784 14783 14964
f 14964 14783 14963
f 14964 14963 15144
f 15144 14963 15143
f 15144 15143 15324
f 15324 15143 15323
f 15324 15323 15504
f 15504 15323 15503
f 15504 15503 15684
f 15684 15503 15683
f 15684 15683 15864
f 15864 15683 15863
f 15864 15863 16022
f 23 1 22
f 23 22 203
f 203 22 202
f 203 202 383
f 383 202 382
f 383 382 563
f 563 382 562
f 563 562 743
f 743 562 742
f 743 742 923
f 923 742 922
f 923 922 1103
f 1103 922 1102
f 1103 1102 1283
f 1283 1102 1282
f 1283 1282 1463
f 1463 1282 1462
f 1463 1462 1643
f 1643 1462 1642
f 1643 1642 1823
f 1823 1642 1822
f 1823 1822 2003
f 2003 1822 2002
f 2003 2002 2183
f 2183 2002 2182
f 2183 2182 2363
f 2363 2182 2362
f 2363 2362 2543
f 2543 2362 2542
f 2543 2542 2723
f 2723 2542 2722
f 2723 2722 2903
f 2903 2722 2902
f 2903 2902 3083
f 3083 2902 3082
f 3083 3082 3263
f 3263 3082 3262
f 3263 3262 3443
f 3443 3262 3442
f 3443 3442 3623
f 3623 3442 3622
f 3623 3622 3803
f 3803 3622 3802
f 3803 3802 3983
f 3983 3802 3982
f 3983 3982 4163
f 4163 3982 4162
f 4163 4162 4343
f 4343 4162 4342
f 4343 4342 4523
f 4523 4342 4522
f 4523 4522 4703
f 4703 4522 4702
f 4703 4702 4883
f 4883 4702 4882
f 4883 4882 5063
f 5063 4882 5062
f 5063 5062 5243
f 5243 5062 5242
f 5243 5242 5423
f 5423 5242 5422
f 5423 5422 5603
f 5603 5422 5602
f 5603 5602 5783
f 5783 5602 5782
f 5783 5782 5963
f 5963 5782 5962
f 5963 5962 6143
f 6143 5962 6142
f 6143 6142 6323
f 6323 6142 6322
f 6323 6322 6503
f 6503 6322 6502
f 6503 6502 6683
f 6683 6502 6682
f 6683 6682 6863
f 6863 6682 6862
f 6863 6862 7043
f 7043 6862 7042
f 7043 7042 7223
f 7223 7042 7222
f 7223 7222 7403
f 7403 7222 7402
f 7403 7402 7583
f 7583 7402 7582
f 7583 7582 7763
f 7763 7582 7762
f 7763 7762 7943
f 7943 7762 7942
f 7943 7942 8123
f 8123 7942 8122
f 8123 8122 8303
f 8303 8122 8302
f 8303 8302 8483
f 8483 8302 8482
f 8483 8482 8663
f 8663 8482 8662
f 8663 8662 8843
f 8843 8662 8842
f 8843 8842 9023
f 9023 8842 9022
f 9023 9022 9203
f 9203 9022 9202
f 9203 9202 9383
f 9383 9202 9382
f 9383 9382 9563
f 9563 9382 9562
f 9563 9562 9743
f 9743 9562 9742
f 9743 9742 9923
f 9923 9742 9922
f 9923 9922 10103
f 10103 9922 10102
f 10103 10102 10283
f 10283 10102 10282
f 10283 10282 10463
f 10463 10282 10462
f 10463 10462 10643
f 10643 10462 10642
f 10643 10642 10823
f 10823 10642 10822
f 10823 10822 11003
f 11003 10822 11002
f 11003 11002 11183
f 11183 11002 11182
f 11183 11182 11363
f 11363 11182 11362
f 11363 11362 11543
f 11543 11362 11542
f 11543 11542 11723
f 11723 11542 11722
f 11723 11722 11903
f 11903 11722 11902
f 11903 11902 12083
f 12083 11902 12082
f 12083 12082 12263
f 12263 12082 12262
f 12263 12262 12443
f 12443 12262 12442
f 12443 12442 12623
f 12623 12442 12622
f 12623 12622 12803
f 12803 12622 12802
f 12803 12802 12982
f 12803 12982 12983
f 12983 12982 13163
f 13163 12982 13162
f 13163 13162 13343
f 13343 13162 13342
f 13343 13342 13523
f 13523 13342 13522
f 13523 13522 13703
f 13703 13522 13702
f 13703 13702 13883
f 13883 13702 13882
f 13883 13882 14063
f 14063 13882 14062
f 14063 14062 14243
f 14243 14062 14242
f 14243 14242 14423
f 14423 14242 14422
f 14423 14422 14603
f 14603 14422 14602
f 14603 14602 14783
f 14783 14602 14782
f 14783 14782 14963
f 14963 14782 14962
f 14963 14962 15143
f 15143 14962 15142
f 15143 15142 15323
f 15323 15142 15322
f 15323 15322 15503
f 15503 15322 15502
f 15503 15502 15683
f 15683 15502 15682
f 15683 15682 15863
f 15863 15682 15862
f 15863 15862 16022
f 22 1 21
f 22 21 202
f 202 21 201
f 202 201 382
f 382 201 381
f 382 381 562
f 562 381 561
f 562 561 742
f 742 561 741
f 742 741 922
f 922 741 921
f 922 921 1102
f 1102 921 1101
f 1102 1101 1282
f 1282 1101 1281
f 1282 1281 1462
f 1462 1281 1461
f 1462 1461 1642
f 1642 1461 1641
f 1642 1641 1822
f 1822 1641 1821
f 1822 1821 2002
f 2002 1821 2001
f 2002 2001 2182
f 2182 2001 2181
f 2182 2181 2362
f 2362 2181 2361
f 2362 2361 2542
f 2542 2361 2541
f 2542 2541 2722
f 2722 2541 2721
f 2722 2721 2902
f 2902 2721 2901
f 2902 2901 3082
f 3082 2901 3081
f 3082 3081 3262
f 3262 3081 3261
f 3262 3261 3441
f 3262 3441 3442
f 3442 3441 3622
f 3622 3441 3621
f 3622 3621 3802
f 3802 3621 3801
f 3802 3801 3982
f 3982 3801 3981
f 3982 3981 4162
f 4162 3981 4161
f 4162 4161 4342
f 4342 4161 4341
f 4342 4341 4522
f 4522 4341 4521
f 4522 4521 4702
f 4702 4521 4701
f 4702 4701 4882
f 4882 4701 4881
f 4882 4881 5062
f 5062 4881 5061
f 5062 5061 5242
f 5242 5061 5241
f 5242 5241 5422
f 5422 5241 5421
f 5422 5421 5602
f 5602 5421 5601
f 5602 5601 5782
f 5782 5601 5781
f 5782 5781 5962
f 5962 5781 5961
f 5962 5961 6142
f 6142 5961 6141
f 6142 6141 6322
f 6322 6141 6321
f 6322 6321 6502
f 6502 6321 6501
f 6502 6501 6682
f 6682 6501 6681
f 6682 6681 6862
f 6862 6681 6861
f 6862 6861 7042
f 7042 6861 7041
f 7042 7041 7222
f 7222 7041 7221
f 7222 7221 7402
f 7402 7221 7401
f 7402 7401 7582
f 7582 7401 7581
f 7582 7581 7762
f 7762 7581 7761
f 7762 7761 7942
f 7942 7761 7941
f 7942 7941 8122
f 8122 7941 8121
f 8122 8121 8302
f 8302 8121 8301
f 8302 8301 8482
f 8482 8301 8481
f 8482 8481 8662
f 8662 8481 8661
f 8662 8661 8842
f 8842 8661 8841
f 8842 8841 9022
f 9022 8841 9021
f 9022 9021 9202
f 9202 9021 9201
f 9202 9201 9382
f 9382 9201 9381
f 9382 9381 9562
f 9562 9381 9561
f 9562 9561 9742
f 9742 9561 9741
f 9742 9741 9922
f 9922 9741 9921
f 9922 9921 10102
f 10102 9921 10101
f 10102 10101 10282
f 10282 10101 10281
f 10282 10281 10462
f 10462 10281 10461
f 10462 10461 10642
f 10642 10461 10641
f 10642 10641 10822
f 10822 10641 10821
f 10822 10821 11002
f 11002 10821 11001
f 11002 11001 11182
f 11182 11001 11181
f 11182 11181 11362
f 11362 11181 11361
f 11362 11361 11542
f 11542 11361 11541
f 11542 11541 11722
f 11722 11541 11721
f 11722 11721 11902
f 11902 11721 11901
f 11902 11901 12082
f 12082 11901 12081
f 12082 12081 12262
f 12262 12081 12261
f 12262 12261 12442
f 12442 12261 12441
f 12442 12441 12622
f 12622 12441 12621
f 12622 12621 12802
f 12802 12621 12801
f 12802 12801 12982
f 12982 12801 12981
f 12982 12981 13162
f 13162 12981 13161
f 13162 13161 13342
f 13342 13161 13341
f 13342 13341 13522
f 13522 13341 13521
f 13522 13521 13702
f 13702 13521 13701
f 13702 13701 13882
f 13882 13701 13881
f 13882 13881 14062
f 14062 13881 14061
f 14062 14061 14242
f 14242 14061 14241
f 14242 14241 14422
f 14422 14241 14421
f 14422 14421 14602
f 14602 14421 14601
f 14602 14601 14782
f 14782 14601 14781
f 14782 14781 14962
f 14962 14781 14961
f 14962 14961 15142
f 15142 14961 15141
f 15142 15141 15322
f 15322 15141 15321
f 15322 15321 15502
f 15502 15321 15501
f 15502 15501 15682
f 15682 15501 15681
f 15682 15681 15862
f 15862 15681 15861
f 15862 15861 16022
f 21 1 20
f 21 20 201
f 201 20 200
f 201 200 381
f 381 200 380
f 381 380 561
f 561 380 560
f 561 560 741
f 741 560 740
f 741 740 921
f 921 740 920
f 921 920 1101
f 1101 920 1100
f 1101 1100 1281
f 1281 1100 1280
f 1281 1280 1461
f 1461 1280 1460
f 1461 1460 1641
f 1641 1460 1640
f 1641 1640 1821
f 1821 1640 1820
f 1821 1820 2001
f 2001 1820 2000
f 2001 2000 2181
f 2181 2000 2180
f 2181 2180 2361
f 2361 2180 2360
f 2361 2360 2541
f 2541 2360 2540
f 2541 2540 2721
f 2721 2540 2720
f 2721 2720 2901
f 2901 2720 2900
f 2901 2900 3081
f 3081 2900 3080
f 3081 3080 3261
f 3261 3080 3260
f 3261 3260 3440
f 3261 3440 3441
f 3441 3440 3620
f 3441 3620 3621
f 3621 3620 3800
f 3621 3800 3801
f 3801 3800 3980
f 3801 3980 3981
f 3981 3980 4160
f 3981 4160 4161
f 4161 4160 4340
f 4161 4340 4341
f 4341 4340 4520
f 4341 4520 4521
f 4521 4520 4700
f 4521 4700 4701
f 4701 4700 4880
f 4701 4880 4881
f 4881 4880 5060
f 4881 5060 5061
f 5061 5060 5240
f 5061 5240 5241
f 5241 5240 5420
f 5241 5420 5421
f 5421 5420 5600
f 5421 5600 5601
f 5601 5600 5780
f 5601 5780 5781
f 5781 5780 5960
f 5781 5960 5961
f 5961 5960 6140
f 5961 6140 6141
f 6141 6140 6320
f 6141 6320 6321
f 6321 6320 6500
f 6321 6500 6501
f 6501 6500 6680
f 6501 6680 6681
f 6681 6680 6860
f 6681 6860 6861
f 6861 6860 7040
f 6861 7040 7041
f 7041 7040 7220
f 7041 7220 7221
f 7221 7220 7400
f 7221 7400 7401
f 7401 7400 7580
f 7401 7580 7581
f 7581 7580 7760
f 7581 7760 7761
f 7761 7760 7940
f 7761 7940 7941
f 7941 7940 8120
f 7941 8120 8121
f 8121 8120 8300
f 8121 8300 8301
f 8301 8300 8480
f 8301 8480 8481
f 8481 8480 8660
f 8481 8660 8661
f 8661 8660 8840
f 8661 8840 8841
f 8841 8840 9020
f 8841 9020 9021
f 9021 9020 9200
f 9021 9200 9201
f 9201 9200 9380
f 9201 9380 9381
f 9381 9380 9560
f 9381 9560 9561
f 9561 9560 9740
f 9561 9740 9741
f 9741 9740 9920
f 9741 9920 9921
f 9921 9920 10100
f 9921 10100 10101
f 10101 10100 10280
f 10101 10280 10281
f 10281 10280 10461
f 10461 10280 10460
f 10461 10460 10641
f 10641 10460 10640
f 10641 10640 10821
f 10821 10640 10820
f 10821 10820 11001
f 11001 10820 11000
f 11001 11000 11181
f 11181 11000 11180
f 11181 11180 11361
f 11361 11180 11360
f 11361 11360 11541
f 11541 11360 11540
f 11541 11540 11721
f 11721 11540 11720
f 11721 11720 11901
f 11901 11720 11900
f 11901 11900 12081
f 12081 11900 12080
f 12081 12080 12261
f 12261 12080 12260
f 12261 12260 12441
f 12441 12260 12440
f 12441 12440 12621
f 12621 12440 12620
f 12621 12620 12801
f 12801 12620 12800
f 12801 12800 12981
f 12981 12800 12980
f 12981 12980 13161
f 13161 12980 13160
f 13161 13160 13341
f 13341 13160 13340
f 13341 13340 13521
f 13521 13340 13520
f 13521 13520 13701
f 13701 13520 13700
f 13701 13700 13881
f 13881 13700 13880
f 13881 13880 14061
f 14061 13880 14060
f 14061 14060 14241
f 14241 14060 14240
f 14241 14240 14421
f 14421 14240 14420
f 14421 14420 14601
f 14601 14420 14600
f 14601 14600 14781
f 14781 14600 14780
f 14781 14780 14961
f 14961 14780 14960
f 14961 14960 15141
f 15141 14960 15140
f 15141 15140 15321
f 15321 15140 15320
f 15321 15320 15501
f 15501 15320 15500
f 15501 15500 15681
f 15681 15500 15680
f 15681 15680 15861
f 15861 15680 15860
f 15861 15860 16022
f 20 1 19
f 20 19 200
f 200 19 199
f 200 199 380
f 380 199 379
f 380 379 560
f 560 379 559
f 560 559 740
f 740 559 739
f 740 739 920
f 920 739 919
f 920 919 1100
f 1100 919 1099
f 1100 1099 1280
f 1280 1099 1279
f 1280 1279 1460
f 1460 1279 1459
f 1460 1459 1640
f 1640 1459 1639
f 1640 1639 1820
f 1820 1639 1819
f 1820 1819 2000
f 2000 1819 1999
f 2000 1999 2180
f 2180 1999 2179
f 2180 2179 2360
f 2360 2179 2359
f 2360 2359 2540
f 2540 2359 2539
f 2540 2539 2720
f 2720 2539 2719
f 2720 2719 2900
f 2900 2719 2899
f 2900 2899 3080
f 3080 2899 3079
f 3080 3079 3260
f 3260 3079 3259
f 3260 3259 3440
f 3440 3259 3439
f 3440 3439 3620
f 3620 3439 3619
f 3620 3619 3800
f 3800 3619 3799
f 3800 3799 3980
f 3980 3799 3979
f 3980 3979 4160
f 4160 3979 4159
f 4160 4159 4340
f 4340 4159 4339
f 4340 4339 4520
f 4520 4339 4519
f 4520 4519 4700
f 4700 4519 4699
f 4700 4699 4880
f 4880 4699 4879
f 4880 4879 5060
f 5060 4879 5059
f 5060 5059 5240
f 5240 5059 5239
f 5240 5239 5420
f 5420 5239 5419
f 5420 5419 5600
f 5600 5419 5599
f 5600 5599 5780
f 5780 5599 5779
f 5780 5779 5960
f 5960 5779 5959
f 5960 5959 6140
f 6140 5959 6139
f 6140 6139 6320
f 6320 6139 6319
f 6320 6319 6500
f 6500 6319 6499
f 6500 6499 6680
f 6680 6499 6679
f 6680 6679 6860
f 6860 6679 6859
f 6860 6859 7040
f 7040 6859 7039
f 7040 7039 7220
f 7220 7039 7219
f 7220 7219 7400
f 7400 7219 7399
f 7400 7399 7580
f 7580 7399 7579
f 7580 7579 7760
f 7760 7579 7759
f 7760 7759 7940
f 7940 7759 7939
f 7940 7939 8120
f 8120 7939 8119
f 8120 8119 8300
f 8300 8119 8299
f 8300 8299 8480
f 8480 8299 8479
f 8480 8479 8660
f 8660 8479 8659
f 8660 8659 8840
f 8840 8659 8839
f 8840 8839 9020
f 9020 8839 9019
f 9020 9019 9200
f 9200 9019 9199
f 9200 9199 9380
f 9380 9199 9379
f 9380 9379 9560
f 9560 9379 9559
f 9560 9559 9740
f 9740 9559 9739
f 9740 9739 9920
f 9920 9739 9919
f 9920 9919 10100
f 10100 9919 10099
f 10100 10099 10279
f 10100 10279 10280
f 10280 10279 10460
f 10460 10279 10459
f 10460 10459 10640
f 10640 10459 10639
f 10640 10639 10820
f 10820 10639 10819
f 10820 10819 11000
f 11000 10819 10999
f 11000 10999 11180
f 11180 10999 11179
f 11180 11179 11360
f 11360 11179 11359
f 11360 11359 11540
f 11540 11359 11539
f 11540 11539 11720
f 11720 11539 11719
f 11720 11719 11900
f 11900 11719 11899
f 11900 11899 12080
f 12080 11899 12079
f 12080 12079 12260
f 12260 12079 12259
f 12260 12259 12440
f 12440 12259 12439
f 12440 12439 12620
f 12620 12439 12619
f 12620 12619 12800
f 12800 12619 12799
f 12800 12799 12980
f 12980 12799 12979
f 12980 12979 13160
f 13160 12979 13159
f 13160 13159 13340
f 13340 13159 13339
f 13340 13339 13520
f 13520 13339 13519
f 13520 13519 13700
f 13700 13519 13699
f 13700 13699 13880
f 13880 13699 13879
f 13880 13879 14060
f 14060 13879 14059
f 14060 14059 14240
f 14240 14059 14239
f 14240 14239 14420
f 14420 14239 14419
f 14420 14419 14600
f 14600 14419 14599
f 14600 14599 14780
f 14780 14599 14779
f 14780 14779 14960
f 14960 14779 14959
f 14960 14959 15140
f 15140 14959 15139
f 15140 15139 15320
f 15320 15139 15319
f 15320 15319 15500
f 15500 15319 15499
f 15500 15499 15680
f 15680 15499 15679
f 15680 15679 15860
f 15860 15679 15859
f 15860 15859 16022
f 19 1 18
f 19 18 199
f 199 18 198
f 199 198 379
f 379 198 378
f 379 378 558
f 379 558 559
f 559 558 739
f 739 558 738
f 739 738 919
f 919 738 918
f 919 918 1099
f 1099 918 1098
f 1099 1098 1279
f 1279 1098 1278
f 1279 1278 1459
f 1459 1278 1458
f 1459 1458 1639
f 1639 1458 1638
f 1639 1638 1819
f 1819 1638 1818
f 1819 1818 1999
f 1999 1818 1998
f 1999 1998 2179
f 2179 1998 2178
f 2179 2178 2359
f 2359 2178 2358
f 2359 2358 2539
f 2539 2358 2538
f 2539 2538 2719
f 2719 2538 2718
f 2719 2718 2899
f 2899 2718 2898
f 2899 2898 3079
f 3079 2898 3078
f 3079 3078 3259
f 3259 3078 3258
f 3259 3258 3439
f 3439 3258 3438
f 3439 3438 3619
f 3619 3438 3618
f 3619 3618 3799
f 3799 3618 3798
f 3799 3798 3979
f 3979 3798 3978
f 3979 3978 4159
f 4159 3978 4158
f 4159 4158 4339
f 4339 4158 4338
f 4339 4338 4519
f 4519 4338 4518
f 4519 4518 4699
f 4699 4518 4698
f 4699 4698 4879
f 4879 4698 4878
f 4879 4878 5059
f 5059 4878 5058
f 5059 5058 5239
f 5239 5058 5238
f 5239 5238 5419
f 5419 5238 5418
f 5419 5418 5599
f 5599 5418 5598
f 5599 5598 5779
f 5779 5598 5778
f 5779 5778 5959
f 5959 5778 5958
f 5959 5958 6139
f 6139 5958 6138
f 6139 6138 6319
f 6319 6138 6318
f 6319 6318 6499
f 6499 6318 6498
f 6499 6498 6679
f 6679 6498 6678
f 6679 6678 6859
f 6859 6678 6858
f 6859 6858 7039
f 7039 6858 7038
f 7039 7038 7219
f 7219 7038 7218
f 7219 7218 7399
f 7399 7218 7398
f 7399 7398 7579
f 7579 7398 7578
f 7579 7578 7759
f 7759 7578 7758
f 7759 7758 7939
f 7939 7758 7938
f 7939 7938 8119
f 8119 7938 8118
f 8119 8118 8299
f 8299 8118 8298
f 8299 8298 8479
f 8479 8298 8478
f 8479 8478 8659
f 8659 8478 8658
f 8659 8658 8839
f 8839 8658 8838
f 8839 8838 9019
f 9019 8838 9018
f 9019 9018 9199
f 9199 9018 9198
f 9199 9198 9379
f 9379 9198 9378
f 9379 9378 9559
f 9559 9378 9558
f 9559 9558 9739
f 9739 9558 9738
f 9739 9738 9919
f 9919 9738 9918
f 9919 9918 10099
f 10099 9918 10098
f 10099 10098 10279
f 10279 10098 10278
f 10279 10278 10459
f 10459 10278 10458
f 10459 10458 10639
f 10639 10458 10638
f 10639 10638 10819
f 10819 10638 10818
f 10819 10818 10999
f 10999 10818 10998
f 10999 10998 11179
f 11179 10998 11178
f 11179 11178 11359
f 11359 11178 11358
f 11359 11358 11539
f 11539 11358 11538
f 11539 11538 11719
f 11719 11538 11718
f 11719 11718 11899
f 11899 11718 11898
f 11899 11898 12079
f 12079 11898 12078
f 12079 12078 12259
f 12259 12078 12258
f 12259 12258 12439
f 12439 12258 12438
f 12439 12438 12619
f 12619 12438 12618
f 12619 12618 12799
f 12799 12618 12798
f 12799 12798 12979
f 12979 12798 12978
f 12979 12978 13159
f 13159 12978 13158
f 13159 13158 13339
f 13339 13158 13338
f 13339 13338 13519
f 13519 13338 13518
f 13519 13518 13699
f 13699 13518 13698
f 13699 13698 13879
f 13879 13698 13878
f 13879 13878 14059
f 14059 13878 14058
f 14059 14058 14239
f 14239 14058 14238
f 14239 14238 14419
f 14419 14238 14418
f 14419 14418 14599
f 14599 14418 14598
f 14599 14598 14779
f 14779 14598 14778
f 14779 14778 14959
f 14959 14778 14958
f 14959 14958 15139
f 15139 14958 15138
f 15139 15138 15319
f 15319 15138 15318
f 15319 15318 15499
f 15499 15318 15498
f 15499 15498 15679
f 15679 15498 15678
f 15679 15678 15859
f 15859 15678 15858
f 15859 15858 16022
f 18 1 17
f 18 17 198
f 198 17 197
f 198 197 378
f 378 197 377
f 378 377 557
f 378 557 558
f 558 557 737
f 558 737 738
f 738 737 917
f 738 917 918
f 918 917 1097
f 918 1097 1098
f 1098 1097 1277
f 1098 1277 1278
f 1278 1277 1457
f 1278 1457 1458
f 1458 1457 1637
f 1458 1637 1638
f 1638 1637 1817
f 1638 1817 1818
f 1818 1817 1997
f 1818 1997 1998
f 1998 1997 2177
f 1998 2177 2178
f 2178 2177 2357
f 2178 2357 2358
f 2358 2357 2537
f 2358 2537 2538
f 2538 2537 2717
f 2538 2717 2718
f 2718 2717 2897
f 2718 2897 2898
f 2898 2897 3077
f 2898 3077 3078
f 3078 3077 3257
f 3078 3257 3258
f 3258 3257 3437
f 3258 3437 3438
f 3438 3437 3617
f 3438 3617 3618
f 3618 3617 3797
f 3618 3797 3798
f 3798 3797 3977
f 3798 3977 3978
f 3978 3977 4157
f 3978 4157 4158
f 4158 4157 4337
f 4158 4337 4338
f 4338 4337 4517
f 4338 4517 4518
f 4518 4517 4697
f 4518 4697 4698
f 4698 4697 4877
f 4698 4877 4878
f 4878 4877 5057
f 4878 5057 5058
f 5058 5057 5237
f 5058 5237 5238
f 5238 5237 5417
f 5238 5417 5418
f 5418 5417 5597
f 5418 5597 5598
f 5598 5597 5777
f 5598 5777 5778
f 5778 5777 5957
f 5778 5957 5958
f 5958 5957 6137
f 5958 6137 6138
f 6138 6137 6317
f 6138 6317 6318
f 6318 6317 6497
f 6318 6497 6498
f 6498 6497 6677
f 6498 6677 6678
f 6678 6677 6857
f 6678 6857 6858
f 6858 6857 7037
f 6858 7037 7038
f 7038 7037 7217
f 7038 7217 7218
f 7218 7217 7397
f 7218 7397 7398
f 7398 7397 7578
f 7578 7397 7577
f 7578 7577 7758
f 7758 7577 7757
f 7758 7757 7938
f 7938 7757 7937
f 7938 7937 8118
f 8118 7937 8117
f 8118 8117 8298
f 8298 8117 8297
f 8298 8297 8478
f 8478 8297 8477
f 8478 8477 8658
f 8658 8477 8657
f 8658 8657 8838
f 8838 8657 8837
f 8838 8837 9018
f 9018 8837 9017
f 9018 9017 9198
f 9198 9017 9197
f 9198 9197 9378
f 9378 9197 9377
f 9378 9377 9558
f 9558 9377 9557
f 9558 9557 9738
f 9738 9557 9737
f 9738 9737 9918
f 9918 9737 9917
f 9918 9917 10098
f 10098 9917 10097
f 10098 10097 10278
f 10278 10097 10277
f 10278 10277 10458
f 10458 10277 10457
f 10458 10457 10638
f 10638 10457 10637
f 10638 10637 10818
f 10818 10637 10817
f 10818 10817 10998
f 10998 10817 10997
f 10998 10997 11178
f 11178 10997 11177
f 11178 11177 11358
f 11358 11177 11357
f 11358 11357 11538
f 11538 11357 11537
f 11538 11537 11718
f 11718 11537 11717
f 11718 11717 11898
f 11898 11717 11897
f 11898 11897 12078
f 12078 11897 12077
f 12078 12077 12258
f 12258 12077 12257
f 12258 12257 12438
f 12438 12257 12437
f 12438 12437 12618
f 12618 12437 12617
f 12618 12617 12798
f 12798 12617 12797
f 12798 12797 12978
f 12978 12797 12977
f 12978 12977 13158
f 13158 12977 13157
f 13158 13157 13338
f 13338 13157 13337
f 13338 13337 13518
f 13518 13337 13517
f 13518 13517 13698
f 13698 13517 13697
f 13698 13697 13878
f 13878 13697 13877
f 13878 13877 14058
f 14058 13877 14057
f 14058 14057 14238
f 14238 14057 14237
f 14238 14237 14418
f 14418 14237 14417
f 14418 14417 14598
f 14598 14417 14597
f 14598 14597 14778
f 14778 14597 14777
f 14778 14777 14958
f 14958 14777 14957
f 14958 14957 15138
f 15138 14957 15137
f 15138 15137 15318
f 15318 15137 15317
f 15318 15317 15498
f 15498 15317 15497
f 15498 15497 15678
f 15678 15497 15677
f 15678 15677 15858
f 15858 15677 15857
f 15858 15857 16022
f 17 1 16
f 17 16 197
f 197 16 196
f 197 196 377
f 377 196 376
f 377 376 557
f 557 376 556
f 557 556 737
f 737 556 736
f 737 736 917
f 917 736 916
f 917 916 1097
f 1097 916 1096
f 1097 1096 1277
f 1277 1096 1276
f 1277 1276 1457
f 1457 1276 1456
f 1457 1456 1637
f 1637 1456 1636
f 1637 1636 1817
f 1817 1636 1816
f 1817 1816 1997
f 1997 1816 1996
f 1997 1996 2177
f 2177 1996 2176
f 2177 2176 2357
f 2357 2176 2356
f 2357 2356 2537
f 2537 2356 2536
f 2537 2536 2717
f 2717 2536 2716
f 2717 2716 2897
f 2897 2716 2896
f 2897 2896 3077
f 3077 2896 3076
f 3077 3076 3257
f 3257 3076 3256
f 3257 3256 3437
f 3437 3256 3436
f 3437 3436 3617
f 3617 3436 3616
f 3617 3616 3797
f 3797 3616 3796
f 3797 3796 3977
f 3977 3796 3976
f 3977 3976 4157
f 4157 3976 4156
f 4157 4156 4337
f 4337 4156 4336
f 4337 4336 4517
f 4517 4336 4516
f 4517 4516 4697
f 4697 4516 4696
f 4697 4696 4877
f 4877 4696 4876
f 4877 4876 5057
f 5057 4876 5056
f 5057 5056 5237
f 5237 5056 5236
f 5237 5236 5417
f 5417 5236 5416
f 5417 5416 5597
f 5597 5416 5596
f 5597 5596 5777
f 5777 5596 5776
f 5777 5776 5957
f 5957 5776 5956
f 5957 5956 6137
f 6137 5956 6136
f 6137 6136 6317
f 6317 6136 6316
f 6317 6316 6497
f 6497 6316 6496
f 6497 6496 6677
f 6677 6496 6676
f 6677 6676 6857
f 6857 6676 6856
f 6857 6856 7037
f 7037 6856 7036
f 7037 7036 7217
f 7217 7036 7216
f 7217 7216 7396
f 7217 7396 7397
f 7397 7396 7576
f 7397 7576 7577
f 7577 7576 7756
f 7577 7756 7757
f 7757 7756 7936
f 7757 7936 7937
f 7937 7936 8116
f 7937 8116 8117
f 8117 8116 8296
f 8117 8296 8297
f 8297 8296 8476
f 8297 8476 8477
f 8477 8476 8656
f 8477 8656 8657
f 8657 8656 8836
f 8657 8836 8837
f 8837 8836 9016
f 8837 9016 9017
f 9017 9016 9196
f 9017 9196 9197
f 9197 9196 9376
f 9197 9376 9377
f 9377 9376 9556
f 9377 9556 9557
f 9557 9556 9736
f 9557 9736 9737
f 9737 9736 9916
f 9737 9916 9917
f 9917 9916 10096
f 9917 10096 10097
f 10097 10096 10276
f 10097 10276 10277
f 10277 10276 10456
f 10277 10456 10457
f 10457 10456 10636
f 10457 10636 10637
f 10637 10636 10816
f 10637 10816 10817
f 10817 10816 10996
f 10817 10996 10997
f 10997 10996 11176
f 10997 11176 11177
f 11177 11176 11356
f 11177 11356 11357
f 11357 11356 11536
f 11357 11536 11537
f 11537 11536 11716
f 11537 11716 11717
f 11717 11716 11896
f 11717 11896 11897
f 11897 11896 12076
f 11897 12076 12077
f 12077 12076 12256
f 12077 12256 12257
f 12257 12256 12436
f 12257 12436 12437
f 12437 12436 12616
f 12437 12616 12617
f 12617 12616 12796
f 12617 12796 12797
f 12797 12796 12976
f 12797 12976 12977
f 12977 12976 13156
f 12977 13156 13157
f 13157 13156 13336
f 13157 13336 13337
f 13337 13336 13516
f 13337 13516 13517
f 13517 13516 13696
f 13517 13696 13697
f 13697 13696 13876
f 13697 13876 13877
f 13877 13876 14056
f 13877 14056 14057
f 14057 14056 14237
f 14237 14056 14236
f 14237 14236 14417
f 14417 14236 14416
f 14417 14416 14597
f 14597 14416 14596
f 14597 14596 14777
f 14777 14596 14776
f 14777 14776 14957
f 14957 14776 14956
f 14957 14956 15137
f 15137 14956 15136
f 15137 15136 15317
f 15317 15136 15316
f 15317 15316 15497
f 15497 15316 15496
f 15497 15496 15677
f 15677 15496 15676
f 15677 15676 15857
f 15857 15676 15856
f 15857 15856 16022
f 16 1 15
f 16 15 196
f 196 15 195
f 196 195 376
f 376 195 375
f 376 375 556
f 556 375 555
f 556 555 736
f 736 555 735
f 736 735 916
f 916 735 915
f 916 915 1096
f 1096 915 1095
f 1096 1095 1276
f 1276 1095 1275
f 1276 1275 1456
f 1456 1275 1455
f 1456 1455 1636
f 1636 1455 1635
f 1636 1635 1816
f 1816 1635 1815
f 1816 1815 1996
f 1996 1815 1995
f 1996 1995 2176
f 2176 1995 2175
f 2176 2175 2356
f 2356 2175 2355
f 2356 2355 2536
f 2536 2355 2535
f 2536 2535 2716
f 2716 2535 2715
f 2716 2715 2896
f 2896 2715 2895
f 2896 2895 3076
f 3076 2895 3075
f 3076 3075 3256
f 3256 3075 3255
f 3256 3255 3436
f 3436 3255 3435
f 3436 3435 3616
f 3616 3435 3615
f 3616 3615 3796
f 3796 3615 3795
f 3796 3795 3976
f 3976 3795 3975
f 3976 3975 4156
f 4156 3975 4155
f 4156 4155 4336
f 4336 4155 4335
f 4336 4335 4516
f 4516 4335 4515
f 4516 4515 4696
f 4696 4515 4695
f 4696 4695 4876
f 4876 4695 4875
f 4876 4875 5056
f 5056 4875 5055
f 5056 5055 5236
f 5236 5055 5235
f 5236 5235 5416
f 5416 5235 5415
f 5416 5415 5596
f 5596 5415 5595
f 5596 5595 5776
f 5776 5595 5775
f 5776 5775 5956
f 5956 5775 5955
f 5956 5955 6136
f 6136 5955 6135
f 6136 6135 6316
f 6316 6135 6315
f 6316 6315 6496
f 6496 6315 6495
f 6496 6495 6676
f 6676 6495 6675
f 6676 6675 6856
f 6856 6675 6855
f 6856 6855 7036
f 7036 6855 7035
f 7036 7035 7216
f 7216 7035 7215
f 7216 7215 7396
f 7396 7215 7395
f 7396 7395 7576
f 7576 7395 7575
f 7576 7575 7756
f 7756 7575 7755
f 7756 7755 7936
f 7936 7755 7935
f 7936 7935 8116
f 8116 7935 8115
f 8116 8115 8296
f 8296 8115 8295
f 8296 8295 8476
f 8476 8295 8475
f 8476 8475 8656
f 8656 8475 8655
f 8656 8655 8836
f 8836 8655 8835
f 8836 8835 9016
f 9016 8835 9015
f 9016 9015 9196
f 9196 9015 9195
f 9196 9195 9376
f 9376 9195 9375
f 9376 9375 9556
f 9556 9375 9555
f 9556 9555 9736
f 9736 9555 9735
f 9736 9735 9916
f 9916 9735 9915
f 9916 9915 10096
f 10096 9915 10095
f 10096 10095 10276
f 10276 10095 10275
f 10276 10275 10456
f 10456 10275 10455
f 10456 10455 10636
f 10636 10455 10635
f 10636 10635 10816
f 10816 10635 10815
f 10816 10815 10996
f 10996 10815 10995
f 10996 10995 11176
f 11176 10995 11175
f 11176 11175 11356
f 11356 11175 11355
f 11356 11355 11536
f 11536 11355 11535
f 11536 11535 11716
f 11716 11535 11715
f 11716 11715 11896
f 11896 11715 11895
f 11896 11895 12076
f 12076 11895 12075
f 12076 12075 12256
f 12256 12075 12255
f 12256 12255 12436
f 12436 12255 12435
f 12436 12435 12616
f 12616 12435 12615
f 12616 12615 12796
f 12796 12615 12795
f 12796 12795 12976
f 12976 12795 12975
f 12976 12975 13156
f 13156 12975 13155
f 13156 13155 13336
f 13336 13155 13335
f 13336 13335 13516
f 13516 13335 13515
f 13516 13515 13696
f 13696 13515 13695
f 13696 13695 13876
f 13876 13695 13875
f 13876 13875 14055
f 13876 14055 14056
f 14056 14055 14236
f 14236 14055 14235
f 14236 14235 14416
f 14416 14235 14415
f 14416 14415 14596
f 14596 14415 14595
f 14596 14595 14776
f 14776 14595 14775
f 14776 14775 14956
f 14956 14775 14955
f 14956 14955 15136
f 15136 14955 15135
f 15136 15135 15316
f 15316 15135 15315
f 15316 15315 15496
f 15496 15315 15495
f 15496 15495 15676
f 15676 15495 15675
f 15676 15675 15856
f 15856 15675 15855
f 15856 15855 16022
f 15 1 14
f 15 14 195
f 195 14 194
f 195 194 375
f 375 194 374
f 375 374 555
f 555 374 554
f 555 554 735
f 735 554 734
f 735 734 915
f 915 734 914
f 915 914 1095
f 1095 914 1094
f 1095 1094 1275
f 1275 1094 1274
f 1275 1274 1455
f 1455 1274 1454
f 1455 1454 1635
f 1635 1454 1634
f 1635 1634 1815
f 1815 1634 1814
f 1815 1814 1995
f 1995 1814 1994
f 1995 1994 2175
f 2175 1994 2174
f 2175 2174 2355
f 2355 2174 2354
f 2355 2354 2535
f 2535 2354 2534
f 2535 2534 2715
f 2715 2534 2714
f 2715 2714 2895
f 2895 2714 2894
f 2895 2894 3075
f 3075 2894 3074
f 3075 3074 3255
f 3255 3074 3254
f 3255 3254 3435
f 3435 3254 3434
f 3435 3434 3615
f 3615 3434 3614
f 3615 3614 3795
f 3795 3614 3794
f 3795 3794 3975
f 3975 3794 3974
f 3975 3974 4155
f 4155 3974 4154
f 4155 4154 4335
f 4335 4154 4334
f 4335 4334 4514
f 4335 4514 4515
f 4515 4514 4695
f 4695 4514 4694
f 4695 4694 4875
f 4875 4694 4874
f 4875 4874 5055
f 5055 4874 5054
f 5055 5054 5235
f 5235 5054 5234
f 5235 5234 5415
f 5415 5234 5414
f 5415 5414 5595
f 5595 5414 5594
f 5595 5594 5775
f 5775 5594 5774
f 5775 5774 5955
f 5955 5774 5954
f 5955 5954 6135
f 6135 5954 6134
f 6135 6134 6315
f 6315 6134 6314
f 6315 6314 6495
f 6495 6314 6494
f 6495 6494 6675
f 6675 6494 6674
f 6675 6674 6855
f 6855 6674 6854
f 6855 6854 7035
f 7035 6854 7034
f 7035 7034 7215
f 7215 7034 7214
f 7215 7214 7395
f 7395 7214 7394
f 7395 7394 7575
f 7575 7394 7574
f 7575 7574 7755
f 7755 7574 7754
f 7755 7754 7935
f 7935 7754 7934
f 7935 7934 8115
f 8115 7934 8114
f 8115 8114 8295
f 8295 8114 8294
f 8295 8294 8475
f 8475 8294 8474
f 8475 8474 8655
f 8655 8474 8654
f 8655 8654 8835
f 8835 8654 8834
f 8835 8834 9015
f 9015 8834 9014
f 9015 9014 9195
f 9195 9014 9194
f 9195 9194 9375
f 9375 9194 9374
f 9375 9374 9555
f 9555 9374 9554
f 9555 9554 9735
f 9735 9554 9734
f 9735 9734 9915
f 9915 9734 9914
f 9915 9914 10095
f 10095 9914 10094
f 10095 10094 10275
f 10275 10094 10274
f 10275 10274 10455
f 10455 10274 10454
f 10455 10454 10635
f 10635 10454 10634
f 10635 10634 10815
f 10815 10634 10814
f 10815 10814 10995
f 10995 10814 10994
f 10995 10994 11175
f 11175 10994 11174
f 11175 11174 11355
f 11355 11174 11354
f 11355 11354 11535
f 11535 11354 11534
f 11535 11534 11715
f 11715 11534 11714
f 11715 11714 11895
f 11895 11714 11894
f 11895 11894 12075
f 12075 11894 12074
f 12075 12074 12255
f 12255 12074 12254
f 12255 12254 12435
f 12435 12254 12434
f 12435 12434 12615
f 12615 12434 12614
f 12615 12614 12795
f 12795 12614 12794
f 12795 12794 12975
f 12975 12794 12974
f 12975 12974 13155
f 13155 12974 13154
f 13155 13154 13335
f 13335 13154 13334
f 13335 13334 13515
f 13515 13334 13514
f 13515 13514 13695
f 13695 13514 13694
f 13695 13694 13875
f 13875 13694 13874
f 13875 13874 14055
f 14055 13874 14054
f 14055 14054 14235
f 14235 14054 14234
f 14235 14234 14415
f 14415 14234 14414
f 14415 14414 14595
f 14595 14414 14594
f 14595 14594 14775
f 14775 14594 14774
f 14775 14774 14955
f 14955 14774 14954
f 14955 14954 15135
f 15135 14954 15134
f 15135 15134 15315
f 15315 15134 15314
f 15315 15314 15495
f 15495 15314 15494
f 15495 15494 15675
f 15675 15494 15674
f 15675 15674 15855
f 15855 15674 15854
f 15855 15854 16022
f 14 1 13
f 14 13 194
f 194 13 193
f 194 193 374
f 374 193 373
f 374 373 554
f 554 373 553
f 554 553 734
f 734 553 733
f 734 733 914
f 914 733 913
f 914 913 1094
f 1094 913 1093
f 1094 1093 1274
f 1274 1093 1273
f 1274 1273 1454
f 1454 1273 1453
f 1454 1453 1634
f 1634 1453 1633
f 1634 1633 1814
f 1814 1633 1813
f 1814 1813 1994
f 1994 1813 1993
f 1994 1993 2174
f 2174 1993 2173
f 2174 2173 2354
f 2354 2173 2353
f 2354 2353 2534
f 2534 2353 2533
f 2534 2533 2714
f 2714 2533 2713
f 2714 2713 2894
f 2894 2713 2893
f 2894 2893 3074
f 3074 2893 3073
f 3074 3073 3254
f 3254 3073 3253
f 3254 3253 3434
f 3434 3253 3433
f 3434 3433 3614
f 3614 3433 3613
f 3614 3613 3794
f 3794 3613 3793
f 3794 3793 3974
f 3974 3793 3973
f 3974 3973 4154
f 4154 3973 4153
f 4154 4153 4334
f 4334 4153 4333
f 4334 4333 4513
f 4334 4513 4514
f 4514 4513 4693
f 4514 4693 4694
f 4694 4693 4873
f 4694 4873 4874
f 4874 4873 5053
f 4874 5053 5054
f 5054 5053 5233
f 5054 5233 5234
f 5234 5233 5413
f 5234 5413 5414
f 5414 5413 5593
f 5414 5593 5594
f 5594 5593 5773
f 5594 5773 5774
f 5774 5773 5953
f 5774 5953 5954
f 5954 5953 6133
f 5954 6133 6134
f 6134 6133 6313
f 6134 6313 6314
f 6314 6313 6493
f 6314 6493 6494
f 6494 6493 6673
f 6494 6673 6674
f 6674 6673 6853
f 6674 6853 6854
f 6854 6853 7033
f 6854 7033 7034
f 7034 7033 7213
f 7034 7213 7214
f 7214 7213 7393
f 7214 7393 7394
f 7394 7393 7573
f 7394 7573 7574
f 7574 7573 7753
f 7574 7753 7754
f 7754 7753 7933
f 7754 7933 7934
f 7934 7933 8113
f 7934 8113 8114
f 8114 8113 8293
f 8114 8293 8294
f 8294 8293 8473
f 8294 8473 8474
f 8474 8473 8653
f 8474 8653 8654
f 8654 8653 8833
f 8654 8833 8834
f 8834 8833 9013
f 8834 9013 9014
f 9014 9013 9193
f 9014 9193 9194
f 9194 9193 9373
f 9194 9373 9374
f 9374 9373 9553
f 9374 9553 9554
f 9554 9553 9733
f 9554 9733 9734
f 9734 9733 9913
f 9734 9913 9914
f 9914 9913 10093
f 9914 10093 10094
f 10094 10093 10273
f 10094 10273 10274
f 10274 10273 10453
f 10274 10453 10454
f 10454 10453 10633
f 10454 10633 10634
f 10634 10633 10813
f 10634 10813 10814
f 10814 10813 10993
f 10814 10993 10994
f 10994 10993 11173
f 10994 11173 11174
f 11174 11173 11354
f 11354 11173 11353
f 11354 11353 11534
f 11534 11353 11533
f 11534 11533 11714
f 11714 11533 11713
f 11714 11713 11894
f 11894 11713 11893
f 11894 11893 12074
f 12074 11893 12073
f 12074 12073 12254
f 12254 12073 12253
f 12254 12253 12434
f 12434 12253 12433
f 12434 12433 12614
f 12614 12433 12613
f 12614 12613 12794
f 12794 12613 12793
f 12794 12793 12974
f 12974 12793 12973
f 12974 12973 13154
f 13154 12973 13153
f 13154 13153 13334
f 13334 13153 13333
f 13334 13333 13514
f 13514 13333 13513
f 13514 13513 13694
f 13694 13513 13693
f 13694 13693 13874
f 13874 13693 13873
f 13874 13873 14054
f 14054 13873 14053
f 14054 14053 14234
f 14234 14053 14233
f 14234 14233 14414
f 14414 14233 14413
f 14414 14413 14594
f 14594 14413 14593
f 14594 14593 14774
f 14774 14593 14773
f 14774 14773 14954
f 14954 14773 14953
f 14954 14953 15134
f 15134 14953 15133
f 15134 15133 15314
f 15314 15133 15313
f 15314 15313 15494
f 15494 15313 15493
f 15494 15493 15674
f 15674 15493 15673
f 15674 15673 15854
f 15854 15673 15853
f 15854 15853 16022
f 13 1 12
f 13 12 193
f 193 12 192
f 193 192 373
f 373 192 372
f 373 372 553
f 553 372 552
f 553 552 733
f 733 552 732
f 733 732 913
f 913 732 912
f 913 912 1093
f 1093 912 1092
f 1093 1092 1273
f 1273 1092 1272
f 1273 1272 1453
f 1453 1272 1452
f 1453 1452 1633
f 1633 1452 1632
f 1633 1632 1813
f 1813 1632 1812
f 1813 1812 1993
f 1993 1812 1992
f 1993 1992 2173
f 2173 1992 2172
f 2173 2172 2353
f 2353 2172 2352
f 2353 2352 2533
f 2533 2352 2532
f 2533 2532 2713
f 2713 2532 2712
f 2713 2712 2893
f 2893 2712 2892
f 2893 2892 3073
f 3073 2892 3072
f 3073 3072 3253
f 3253 3072 3252
f 3253 3252 3433
f 3433 3252 3432
f 3433 3432 3613
f 3613 3432 3612
f 3613 3612 3793
f 3793 3612 3792
f 3793 3792 3973
f 3973 3792 3972
f 3973 3972 4153
f 4153 3972 4152
f 4153 4152 4333
f 4333 4152 4332
f 4333 4332 4513
f 4513 4332 4512
f 4513 4512 4693
f 4693 4512 4692
f 4693 4692 4873
f 4873 4692 4872
f 4873 4872 5053
f 5053 4872 5052
f 5053 5052 5233
f 5233 5052 5232
f 5233 5232 5413
f 5413 5232 5412
f 5413 5412 5593
f 5593 5412 5592
f 5593 5592 5773
f 5773 5592 5772
f 5773 5772 5953
f 5953 5772 5952
f 5953 5952 6133
f 6133 5952 6132
f 6133 6132 6313
f 6313 6132 6312
f 6313 6312 6493
f 6493 6312 6492
f 6493 6492 6673
f 6673 6492 6672
f 6673 6672 6853
f 6853 6672 6852
f 6853 6852 7033
f 7033 6852 7032
f 7033 7032 7213
f 7213 7032 7212
f 7213 7212 7393
f 7393 7212 7392
f 7393 7392 7573
f 7573 7392 7572
f 7573 7572 7753
f 7753 7572 7752
f 7753 7752 7933
f 7933 7752 7932
f 7933 7932 8113
f 8113 7932 8112
f 8113 8112 8293
f 8293 8112 8292
f 8293 8292 8473
f 8473 8292 8472
f 8473 8472 8653
f 8653 8472 8652
f 8653 8652 8833
f 8833 8652 8832
f 8833 8832 9013
f 9013 8832 9012
f 9013 9012 9193
f 9193 9012 9192
f 9193 9192 9373
f 9373 9192 9372
f 9373 9372 9553
f 9553 9372 9552
f 9553 9552 9733
f 9733 9552 9732
f 9733 9732 9913
f 9913 9732 9912
f 9913 9912 10093
f 10093 9912 10092
f 10093 10092 10273
f 10273 10092 10272
f 10273 10272 10453
f 10453 10272 10452
f 10453 10452 10633
f 10633 10452 10632
f 10633 10632 10813
f 10813 10632 10812
f 10813 10812 10993
f 10993 10812 10992
f 10993 10992 11172
f 10993 11172 11173
f 11173 11172 11353
f 11353 11172 11352
f 11353 11352 11533
f 11533 11352 11532
f 11533 11532 11713
f 11713 11532 11712
f 11713 11712 11893
f 11893 11712 11892
f 11893 11892 12073
f 12073 11892 12072
f 12073 12072 12253
f 12253 12072 12252
f 12253 12252 12433
f 12433 12252 12432
f 12433 12432 12613
f 12613 12432 12612
f 12613 12612 12793
f 12793 12612 12792
f 12793 12792 12973
f 12973 12792 12972
f 12973 12972 13153
f 13153 12972 13152
f 13153 13152 13333
f 13333 13152 13332
f 13333 13332 13513
f 13513 13332 13512
f 13513 13512 13693
f 13693 13512 13692
f 13693 13692 13873
f 13873 13692 13872
f 13873 13872 14053
f 14053 13872 14052
f 14053 14052 14233
f 14233 14052 14232
f 14233 14232 14413
f 14413 14232 14412
f 14413 14412 14593
f 14593 14412 14592
f 14593 14592 14773
f 14773 14592 14772
f 14773 14772 14953
f 14953 14772 14952
f 14953 14952 15133
f 15133 14952 15132
f 15133 15132 15313
f 15313 15132 15312
f 15313 15312 15493
f 15493 15312 15492
f 15493 15492 15673
f 15673 15492 15672
f 15673 15672 15853
f 15853 15672 15852
f 15853 15852 16022
f 12 1 11
f 12 11 192
f 192 11 191
f 192 191 372
f 372 191 371
f 372 371 552
f 552 371 551
f 552 551 732
f 732 551 731
f 732 731 912
f 912 731 911
f 912 911 1092
f 1092 911 1091
f 1092 1091 1272
f 1272 1091 1271
f 1272 1271 1452
f 1452 1271 1451
f 1452 1451 1631
f 1452 1631 1632
f 1632 1631 1812
f 1812 1631 1811
f 1812 1811 1992
f 1992 1811 1991
f 1992 1991 2172
f 2172 1991 2171
f 2172 2171 2352
f 2352 2171 2351
f 2352 2351 2532
f 2532 2351 2531
f 2532 2531 2712
f 2712 2531 2711
f 2712 2711 2892
f 2892 2711 2891
f 2892 2891 3072
f 3072 2891 3071
f 3072 3071 3252
f 3252 3071 3251
f 3252 3251 3432
f 3432 3251 3431
f 3432 3431 3612
f 3612 3431 3611
f 3612 3611 3792
f 3792 3611 3791
f 3792 3791 3972
f 3972 3791 3971
f 3972 3971 4152
f 4152 3971 4151
f 4152 4151 4332
f 4332 4151 4331
f 4332 4331 4512
f 4512 4331 4511
f 4512 4511 4692
f 4692 4511 4691
f 4692 4691 4872
f 4872 4691 4871
f 4872 4871 5052
f 5052 4871 5051
f 5052 5051 5232
f 5232 5051 5231
f 5232 5231 5412
f 5412 5231 5411
f 5412 5411 5592
f 5592 5411 5591
f 5592 5591 5772
f 5772 5591 5771
f 5772 5771 5952
f 5952 5771 5951
f 5952 5951 6132
f 6132 5951 6131
f 6132 6131 6312
f 6312 6131 6311
f 6312 6311 6492
f 6492 6311 6491
f 6492 6491 6672
f 6672 6491 6671
f 6672 6671 6852
f 6852 6671 6851
f 6852 6851 7032
f 7032 6851 7031
f 7032 7031 7212
f 7212 7031 7211
f 7212 7211 7392
f 7392 7211 7391
f 7392 7391 7572
f 7572 7391 7571
f 7572 7571 7752
f 7752 7571 7751
f 7752 7751 7932
f 7932 7751 7931
f 7932 7931 8112
f 8112 7931 8111
f 8112 8111 8292
f 8292 8111 8291
f 8292 8291 8472
f 8472 8291 8471
f 8472 8471 8652
f 8652 8471 8651
f 8652 8651 8832
f 8832 8651 8831
f 8832 8831 9012
f 9012 8831 9011
f 9012 9011 9192
f 9192 9011 9191
f 9192 9191 9372
f 9372 9191 9371
f 9372 9371 9552
f 9552 9371 9551
f 9552 9551 9732
f 9732 9551 9731
f 9732 9731 9912
f 9912 9731 9911
f 9912 9911 10092
f 10092 9911 10091
f 10092 10091 10272
f 10272 10091 10271
f 10272 10271 10452
f 10452 10271 10451
f 10452 10451 10632
f 10632 10451 10631
f 10632 10631 10812
f 10812 10631 10811
f 10812 10811 10992
f 10992 10811 10991
f 10992 10991 11172
f 11172 10991 11171
f 11172 11171 11352
f 11352 11171 11351
f 11352 11351 11532
f 11532 11351 11531
f 11532 11531 11712
f 11712 11531 11711
f 11712 11711 11892
f 11892 11711 11891
f 11892 11891 12072
f 12072 11891 12071
f 12072 12071 12252
f 12252 12071 12251
f 12252 12251 12432
f 12432 12251 12431
f 12432 12431 12612
f 12612 12431 12611
f 12612 12611 12792
f 12792 12611 12791
f 12792 12791 12972
f 12972 12791 12971
f 12972 12971 13152
f 13152 12971 13151
f 13152 13151 13332
f 13332 13151 13331
f 13332 13331 13512
f 13512 13331 13511
f 13512 13511 13692
f 13692 13511 13691
f 13692 13691 13872
f 13872 13691 13871
f 13872 13871 14052
f 14052 13871 14051
f 14052 14051 14232
f 14232 14051 14231
f 14232 14231 14412
f 14412 14231 14411
f 14412 14411 14592
f 14592 14411 14591
f 14592 14591 14772
f 14772 14591 14771
f 14772 14771 14952
f 14952 14771 14951
f 14952 14951 15132
f 15132 14951 15131
f 15132 15131 15312
f 15312 15131 15311
f 15312 15311 15492
f 15492 15311 15491
f 15492 15491 15672
f 15672 15491 15671
f 15672 15671 15852
f 15852 15671 15851
f 15852 15851 16022
f 11 1 10
f 11 10 191
f 191 10 190
f 191 190 371
f 371 190 370
f 371 370 551
f 551 370 550
f 551 550 731
f 731 550 730
f 731 730 911
f 911 730 910
f 911 910 1091
f 1091 910 1090
f 1091 1090 1271
f 1271 1090 1270
f 1271 1270 1451
f 1451 1270 1450
f 1451 1450 1630
f 1451 1630 1631
f 1631 1630 1810
f 1631 1810 1811
f 1811 1810 1990
f 1811 1990 1991
f 1991 1990 2170
f 1991 2170 2171
f 2171 2170 2350
f 2171 2350 2351
f 2351 2350 2530
f 2351 2530 2531
f 2531 2530 2710
f 2531 2710 2711
f 2711 2710 2890
f 2711 2890 2891
f 2891 2890 3070
f 2891 3070 3071
f 3071 3070 3250
f 3071 3250 3251
f 3251 3250 3430
f 3251 3430 3431
f 3431 3430 3610
f 3431 3610 3611
f 3611 3610 3790
f 3611 3790 3791
f 3791 3790 3970
f 3791 3970 3971
f 3971 3970 4150
f 3971 4150 4151
f 4151 4150 4330
f 4151 4330 4331
f 4331 4330 4510
f 4331 4510 4511
f 4511 4510 4690
f 4511 4690 4691
f 4691 4690 4870
f 4691 4870 4871
f 4871 4870 5050
f 4871 5050 5051
f 5051 5050 5230
f 5051 5230 5231
f 5231 5230 5410
f 5231 5410 5411
f 5411 5410 5590
f 5411 5590 5591
f 5591 5590 5770
f 5591 5770 5771
f 5771 5770 5950
f 5771 5950 5951
f 5951 5950 6130
f 5951 6130 6131
f 6131 6130 6310
f 6131 6310 6311
f 6311 6310 6490
f 6311 6490 6491
f 6491 6490 6670
f 6491 6670 6671
f 6671 6670 6850
f 6671 6850 6851
f 6851 6850 7030
f 6851 7030 7031
f 7031 7030 7210
f 7031 7210 7211
f 7211 7210 7390
f 7211 7390 7391
f 7391 7390 7570
f 7391 7570 7571
f 7571 7570 7750
f 7571 7750 7751
f 7751 7750 7930
f 7751 7930 7931
f 7931 7930 8110
f 7931 8110 8111
f 8111 8110 8290
f 8111 8290 8291
f 8291 8290 8470
f 8291 8470 8471
f 8471 8470 8651
f 8651 8470 8650
f 8651 8650 8831
f 8831 8650 8830
f 8831 8830 9011
f 9011 8830 9010
f 9011 9010 9191
f 9191 9010 9190
f 9191 9190 9371
f 9371 9190 9370
f 9371 9370 9551
f 9551 9370 9550
f 9551 9550 9731
f 9731 9550 9730
f 9731 9730 9911
f 9911 9730 9910
f 9911 9910 10091
f 10091 9910 10090
f 10091 10090 10271
f 10271 10090 10270
f 10271 10270 10451
f 10451 10270 10450
f 10451 10450 10631
f 10631 10450 10630
f 10631 10630 10811
f 10811 10630 10810
f 10811 10810 10991
f 10991 10810 10990
f 10991 10990 11171
f 11171 10990 11170
f 11171 11170 11351
f 11351 11170 11350
f 11351 11350 11531
f 11531 11350 11530
f 11531 11530 11711
f 11711 11530 11710
f 11711 11710 11891
f 11891 11710 11890
f 11891 11890 12071
f 12071 11890 12070
f 12071 12070 12251
f 12251 12070 12250
f 12251 12250 12431
f 12431 12250 12430
f 12431 12430 12611
f 12611 12430 12610
f 12611 12610 12791
f 12791 12610 12790
f 12791 12790 12971
f 12971 12790 12970
f 12971 12970 13151
f 13151 12970 13150
f 13151 13150 13331
f 13331 13150 13330
f 13331 13330 13511
f 13511 13330 13510
f 13511 13510 13691
f 13691 13510 13690
f 13691 13690 13871
f 13871 13690 13870
f 13871 13870 14051
f 14051 13870 14050
f 14051 14050 14231
f 14231 14050 14230
f 14231 14230 14411
f 14411 14230 14410
f 14411 14410 14591
f 14591 14410 14590
f 14591 14590 14771
f 14771 14590 14770
f 14771 14770 14951
f 14951 14770 14950
f 14951 14950 15131
f 15131 14950 15130
f 15131 15130 15311
f 15311 15130 15310
f 15311 15310 15491
f 15491 15310 15490
f 15491 15490 15671
f 15671 15490 15670
f 15671 15670 15851
f 15851 15670 15850
f 15851 15850 16022
f 10 1 9
f 10 9 190
f 190 9 189
f 190 189 370
f 370 189 369
f 370 369 550
f 550 369 549
f 550 549 730
f 730 549 729
f 730 729 910
f 910 729 909
f 910 909 1090
f 1090 909 1089
f 1090 1089 1270
f 1270 1089 1269
f 1270 1269 1450
f 1450 1269 1449
f 1450 1449 1630
f 1630 1449 1629
f 1630 1629 1810
f 1810 1629 1809
f 1810 1809 1990
f 1990 1809 1989
f 1990 1989 2170
f 2170 1989 2169
f 2170 2169 2350
f 2350 2169 2349
f 2350 2349 2530
f 2530 2349 2529
f 2530 2529 2710
f 2710 2529 2709
f 2710 2709 2890
f 2890 2709 2889
f 2890 2889 3070
f 3070 2889 3069
f 3070 3069 3250
f 3250 3069 3249
f 3250 3249 3430
f 3430 3249 3429
f 3430 3429 3610
f 3610 3429 3609
f 3610 3609 3790
f 3790 3609 3789
f 3790 3789 3970
f 3970 3789 3969
f 3970 3969 4150
f 4150 3969 4149
f 4150 4149 4330
f 4330 4149 4329
f 4330 4329 4510
f 4510 4329 4509
f 4510 4509 4690
f 4690 4509 4689
f 4690 4689 4870
f 4870 4689 4869
f 4870 4869 5050
f 5050 4869 5049
f 5050 5049 5230
f 5230 5049 5229
f 5230 5229 5410
f 5410 5229 5409
f 5410 5409 5590
f 5590 5409 5589
f 5590 5589 5770
f 5770 5589 5769
f 5770 5769 5950
f 5950 5769 5949
f 5950 5949 6130
f 6130 5949 6129
f 6130 6129 6310
f 6310 6129 6309
f 6310 6309 6490
f 6490 6309 6489
f 6490 6489 6670
f 6670 6489 6669
f 6670 6669 6850
f 6850 6669 6849
f 6850 6849 7030
f 7030 6849 7029
f 7030 7029 7210
f 7210 7029 7209
f 7210 7209 7390
f 7390 7209 7389
f 7390 7389 7570
f 7570 7389 7569
f 7570 7569 7750
f 7750 7569 7749
f 7750 7749 7930
f 7930 7749 7929
f 7930 7929 8110
f 8110 7929 8109
f 8110 8109 8290
f 8290 8109 8289
f 8290 8289 8469
f 8290 8469 8470
f 8470 8469 8649
f 8470 8649 8650
f 8650 8649 8829
f 8650 8829 8830
f 8830 8829 9009
f 8830 9009 9010
f 9010 9009 9189
f 9010 9189 9190
f 9190 9189 9369
f 9190 9369 9370
f 9370 9369 9549
f 9370 9549 9550
f 9550 9549 9729
f 9550 9729 9730
f 9730 9729 9909
f 9730 9909 9910
f 9910 9909 10089
f 9910 10089 10090
f 10090 10089 10269
f 10090 10269 10270
f 10270 10269 10449
f 10270 10449 10450
f 10450 10449 10629
f 10450 10629 10630
f 10630 10629 10809
f 10630 10809 10810
f 10810 10809 10989
f 10810 10989 10990
f 10990 10989 11169
f 10990 11169 11170
f 11170 11169 11349
f 11170 11349 11350
f 11350 11349 11529
f 11350 11529 11530
f 11530 11529 11709
f 11530 11709 11710
f 11710 11709 11889
f 11710 11889 11890
f 11890 11889 12069
f 11890 12069 12070
f 12070 12069 12249
f 12070 12249 12250
f 12250 12249 12429
f 12250 12429 12430
f 12430 12429 12609
f 12430 12609 12610
f 12610 12609 12789
f 12610 12789 12790
f 12790 12789 12969
f 12790 12969 12970
f 12970 12969 13149
f 12970 13149 13150
f 13150 13149 13329
f 13150 13329 13330
f 13330 13329 13509
f 13330 13509 13510
f 13510 13509 13689
f 13510 13689 13690
f 13690 13689 13869
f 13690 13869 13870
f 13870 13869 14049
f 13870 14049 14050
f 14050 14049 14229
f 14050 14229 14230
f 14230 14229 14409
f 14230 14409 14410
f 14410 14409 14589
f 14410 14589 14590
f 14590 14589 14769
f 14590 14769 14770
f 14770 14769 14949
f 14770 14949 14950
f 14950 14949 15129
f 14950 15129 15130
f 15130 15129 15309
f 15130 15309 15310
f 15310 15309 15490
f 15490 15309 15489
f 15490 15489 15670
f 15670 15489 15669
f 15670 15669 15850
f 15850 15669 15849
f 15850 15849 16022
f 9 1 8
f 9 8 189
f 189 8 188
f 189 188 369
f 369 188 368
f 369 368 549
f 549 368 548
f 549 548 729
f 729 548 728
f 729 728 909
f 909 728 908
f 909 908 1089
f 1089 908 1088
f 1089 1088 1269
f 1269 1088 1268
f 1269 1268 1449
f 1449 1268 1448
f 1449 1448 1629
f 1629 1448 1628
f 1629 1628 1809
f 1809 1628 1808
f 1809 1808 1989
f 1989 1808 1988
f 1989 1988 2169
f 2169 1988 2168
f 2169 2168 2349
f 2349 2168 2348
f 2349 2348 2529
f 2529 2348 2528
f 2529 2528 2709
f 2709 2528 2708
f 2709 2708 2889
f 2889 2708 2888
f 2889 2888 3069
f 3069 2888 3068
f 3069 3068 3249
f 3249 3068 3248
f 3249 3248 3429
f 3429 3248 3428
f 3429 3428 3609
f 3609 3428 3608
f 3609 3608 3789
f 3789 3608 3788
f 3789 3788 3969
f 3969 3788 3968
f 3969 3968 4149
f 4149 3968 4148
f 4149 4148 4329
f 4329 4148 4328
f 4329 4328 4509
f 4509 4328 4508
f 4509 4508 4689
f 4689 4508 4688
f 4689 4688 4869
f 4869 4688 4868
f 4869 4868 5049
f 5049 4868 5048
f 5049 5048 5229
f 5229 5048 5228
f 5229 5228 5409
f 5409 5228 5408
f 5409 5408 5589
f 5589 5408 5588
f 5589 5588 5769
f 5769 5588 5768
f 5769 5768 5949
f 5949 5768 5948
f 5949 5948 6129
f 6129 5948 6128
f 6129 6128 6309
f 6309 6128 6308
f 6309 6308 6489
f 6489 6308 6488
f 6489 6488 6669
f 6669 6488 6668
f 6669 6668 6849
f 6849 6668 6848
f 6849 6848 7029
f 7029 6848 7028
f 7029 7028 7209
f 7209 7028 7208
f 7209 7208 7389
f 7389 7208 7388
f 7389 7388 7569
f 7569 7388 7568
f 7569 7568 7749
f 7749 7568 7748
f 7749 7748 7929
f 7929 7748 7928
f 7929 7928 8109
f 8109 7928 8108
f 8109 8108 8289
f 8289 8108 8288
f 8289 8288 8469
f 8469 8288 8468
f 8469 8468 8649
f 8649 8468 8648
f 8649 8648 8829
f 8829 8648 8828
f 8829 8828 9009
f 9009 8828 9008
f 9009 9008 9189
f 9189 9008 9188
f 9189 9188 9369
f 9369 9188 9368
f 9369 9368 9549
f 9549 9368 9548
f 9549 9548 9729
f 9729 9548 9728
f 9729 9728 9909
f 9909 9728 9908
f 9909 9908 10089
f 10089 9908 10088
f 10089 10088 10269
f 10269 10088 10268
f 10269 10268 10449
f 10449 10268 10448
f 10449 10448 10629
f 10629 10448 10628
f 10629 10628 10809
f 10809 10628 10808
f 10809 10808 10989
f 10989 10808 10988
f 10989 10988 11169
f 11169 10988 11168
f 11169 11168 11349
f 11349 11168 11348
f 11349 11348 11529
f 11529 11348 11528
f 11529 11528 11709
f 11709 11528 11708
f 11709 11708 11889
f 11889 11708 11888
f 11889 11888 12069
f 12069 11888 12068
f 12069 12068 12249
f 12249 12068 12248
f 12249 12248 12429
f 12429 12248 12428
f 12429 12428 12609
f 12609 12428 12608
f 12609 12608 12789
f 12789 12608 12788
f 12789 12788 12969
f 12969 12788 12968
f 12969 12968 13149
f 13149 12968 13148
f 13149 13148 13329
f 13329 13148 13328
f 13329 13328 13509
f 13509 13328 13508
f 13509 13508 13689
f 13689 13508 13688
f 13689 13688 13869
f 13869 13688 13868
f 13869 13868 14049
f 14049 13868 14048
f 14049 14048 14229
f 14229 14048 14228
f 14229 14228 14409
f 14409 14228 14408
f 14409 14408 14589
f 14589 14408 14588
f 14589 14588 14769
f 14769 14588 14768
f 14769 14768 14949
f 14949 14768 14948
f 14949 14948 15129
f 15129 14948 15128
f 15129 15128 15308
f 15129 15308 15309
f 15309 15308 15489
f 15489 15308 15488
f 15489 15488 15669
f 15669 15488 15668
f 15669 15668 15849
f 15849 15668 15848
f 15849 15848 16022
f 8 1 7
f 8 7 188
f 188 7 187
f 188 187 368
f 368 187 367
f 368 367 548
f 548 367 547
f 548 547 728
f 728 547 727
f 728 727 908
f 908 727 907
f 908 907 1088
f 1088 907 1087
f 1088 1087 1268
f 1268 1087 1267
f 1268 1267 1448
f 1448 1267 1447
f 1448 1447 1628
f 1628 1447 1627
f 1628 1627 1808
f 1808 1627 1807
f 1808 1807 1988
f 1988 1807 1987
f 1988 1987 2168
f 2168 1987 2167
f 2168 2167 2348
f 2348 2167 2347
f 2348 2347 2528
f 2528 2347 2527
f 2528 2527 2708
f 2708 2527 2707
f 2708 2707 2888
f 2888 2707 2887
f 2888 2887 3068
f 3068 2887 3067
f 3068 3067 3248
f 3248 3067 3247
f 3248 3247 3428
f 3428 3247 3427
f 3428 3427 3608
f 3608 3427 3607
f 3608 3607 3788
f 3788 3607 3787
f 3788 3787 3968
f 3968 3787 3967
f 3968 3967 4148
f 4148 3967 4147
f 4148 4147 4328
f 4328 4147 4327
f 4328 4327 4508
f 4508 4327 4507
f 4508 4507 4688
f 4688 4507 4687
f 4688 4687 4868
f 4868 4687 4867
f 4868 4867 5048
f 5048 4867 5047
f 5048 5047 5228
f 5228 5047 5227
f 5228 5227 5408
f 5408 5227 5407
f 5408 5407 5587
f 5408 5587 5588
f 5588 5587 5768
f 5768 5587 5767
f 5768 5767 5948
f 5948 5767 5947
f 5948 5947 6128
f 6128 5947 6127
f 6128 6127 6308
f 6308 6127 6307
f 6308 6307 6488
f 6488 6307 6487
f 6488 6487 6668
f 6668 6487 6667
f 6668 6667 6848
f 6848 6667 6847
f 6848 6847 7028
f 7028 6847 7027
f 7028 7027 7208
f 7208 7027 7207
f 7208 7207 7388
f 7388 7207 7387
f 7388 7387 7568
f 7568 7387 7567
f 7568 7567 7748
f 7748 7567 7747
f 7748 7747 7928
f 7928 7747 7927
f 7928 7927 8108
f 8108 7927 8107
f 8108 8107 8288
f 8288 8107 8287
f 8288 8287 8468
f 8468 8287 8467
f 8468 8467 8648
f 8648 8467 8647
f 8648 8647 8828
f 8828 8647 8827
f 8828 8827 9008
f 9008 8827 9007
f 9008 9007 9188
f 9188 9007 9187
f 9188 9187 9368
f 9368 9187 9367
f 9368 9367 9548
f 9548 9367 9547
f 9548 9547 9728
f 9728 9547 9727
f 9728 9727 9908
f 9908 9727 9907
f 9908 9907 10088
f 10088 9907 10087
f 10088 10087 10268
f 10268 10087 10267
f 10268 10267 10448
f 10448 10267 10447
f 10448 10447 10628
f 10628 10447 10627
f 10628 10627 10808
f 10808 10627 10807
f 10808 10807 10988
f 10988 10807 10987
f 10988 10987 11168
f 11168 10987 11167
f 11168 11167 11348
f 11348 11167 11347
f 11348 11347 11528
f 11528 11347 11527
f 11528 11527 11708
f 11708 11527 11707
f 11708 11707 11888
f 11888 11707 11887
f 11888 11887 12068
f 12068 11887 12067
f 12068 12067 12248
f 12248 12067 12247
f 12248 12247 12428
f 12428 12247 12427
f 12428 12427 12608
f 12608 12427 12607
f 12608 12607 12788
f 12788 12607 12787
f 12788 12787 12968
f 12968 12787 12967
f 12968 12967 13148
f 13148 12967 13147
f 13148 13147 13328
f 13328 13147 13327
f 13328 13327 13508
f 13508 13327 13507
f 13508 13507 13688
f 13688 13507 13687
f 13688 13687 13868
f 13868 13687 13867
f 13868 13867 14048
f 14048 13867 14047
f 14048 14047 14228
f 14228 14047 14227
f 14228 14227 14408
f 14408 14227 14407
f 14408 14407 14588
f 14588 14407 14587
f 14588 14587 14768
f 14768 14587 14767
f 14768 14767 14948
f 14948 14767 14947
f 14948 14947 15128
f 15128 14947 15127
f 15128 15127 15308
f 15308 15127 15307
f 15308 15307 15488
f 15488 15307 15487
f 15488 15487 15668
f 15668 15487 15667
f 15668 15667 15848
f 15848 15667 15847
f 15848 15847 16022
f 7 1 6
f 7 6 187
f 187 6 186
f 187 186 367
f 367 186 366
f 367 366 547
f 547 366 546
f 547 546 727
f 727 546 726
f 727 726 907
f 907 726 906
f 907 906 1087
f 1087 906 1086
f 1087 1086 1267
f 1267 1086 1266
f 1267 1266 1447
f 1447 1266 1446
f 1447 1446 1627
f 1627 1446 1626
f 1627 1626 1807
f 1807 1626 1806
f 1807 1806 1987
f 1987 1806 1986
f 1987 1986 2167
f 2167 1986 2166
f 2167 2166 2347
f 2347 2166 2346
f 2347 2346 2527
f 2527 2346 2526
f 2527 2526 2707
f 2707 2526 2706
f 2707 2706 2887
f 2887 2706 2886
f 2887 2886 3067
f 3067 2886 3066
f 3067 3066 3247
f 3247 3066 3246
f 3247 3246 3427
f 3427 3246 3426
f 3427 3426 3607
f 3607 3426 3606
f 3607 3606 3787
f 3787 3606 3786
f 3787 3786 3967
f 3967 3786 3966
f 3967 3966 4147
f 4147 3966 4146
f 4147 4146 4327
f 4327 4146 4326
f 4327 4326 4507
f 4507 4326 4506
f 4507 4506 4687
f 4687 4506 4686
f 4687 4686 4867
f 4867 4686 4866
f 4867 4866 5047
f 5047 4866 5046
f 5047 5046 5227
f 5227 5046 5226
f 5227 5226 5407
f 5407 5226 5406
f 5407 5406 5586
f 5407 5586 5587
f 5587 5586 5766
f 5587 5766 5767
f 5767 5766 5946
f 5767 5946 5947
f 5947 5946 6126
f 5947 6126 6127
f 6127 6126 6306
f 6127 6306 6307
f 6307 6306 6486
f 6307 6486 6487
f 6487 6486 6666
f 6487 6666 6667
f 6667 6666 6846
f 6667 6846 6847
f 6847 6846 7026
f 6847 7026 7027
f 7027 7026 7206
f 7027 7206 7207
f 7207 7206 7386
f 7207 7386 7387
f 7387 7386 7566
f 7387 7566 7567
f 7567 7566 7746
f 7567 7746 7747
f 7747 7746 7926
f 7747 7926 7927
f 7927 7926 8106
f 7927 8106 8107
f 8107 8106 8286
f 8107 8286 8287
f 8287 8286 8466
f 8287 8466 8467
f 8467 8466 8646
f 8467 8646 8647
f 8647 8646 8826
f 8647 8826 8827
f 8827 8826 9006
f 8827 9006 9007
f 9007 9006 9186
f 9007 9186 9187
f 9187 9186 9366
f 9187 9366 9367
f 9367 9366 9546
f 9367 9546 9547
f 9547 9546 9726
f 9547 9726 9727
f 9727 9726 9906
f 9727 9906 9907
f 9907 9906 10086
f 9907 10086 10087
f 10087 10086 10266
f 10087 10266 10267
f 10267 10266 10446
f 10267 10446 10447
f 10447 10446 10626
f 10447 10626 10627
f 10627 10626 10806
f 10627 10806 10807
f 10807 10806 10986
f 10807 10986 10987
f 10987 10986 11166
f 10987 11166 11167
f 11167 11166 11346
f 11167 11346 11347
f 11347 11346 11526
f 11347 11526 11527
f 11527 11526 11706
f 11527 11706 11707
f 11707 11706 11886
f 11707 11886 11887
f 11887 11886 12066
f 11887 12066 12067
f 12067 12066 12246
f 12067 12246 12247
f 12247 12246 12426
f 12247 12426 12427
f 12427 12426 12607
f 12607 12426 12606
f 12607 12606 12787
f 12787 12606 12786
f 12787 12786 12967
f 12967 12786 12966
f 12967 12966 13147
f 13147 12966 13146
f 13147 13146 13327
f 13327 13146 13326
f 13327 13326 13507
f 13507 13326 13506
f 13507 13506 13687
f 13687 13506 13686
f 13687 13686 13867
f 13867 13686 13866
f 13867 13866 14047
f 14047 13866 14046
f 14047 14046 14227
f 14227 14046 14226
f 14227 14226 14407
f 14407 14226 14406
f 14407 14406 14587
f 14587 14406 14586
f 14587 14586 14767
f 14767 14586 14766
f 14767 14766 14947
f 14947 14766 14946
f 14947 14946 15127
f 15127 14946 15126
f 15127 15126 15307
f 15307 15126 15306
f 15307 15306 15487
f 15487 15306 15486
f 15487 15486 15667
f 15667 15486 15666
f 15667 15666 15847
f 15847 15666 15846
f 15847 15846 16022
f 6 1 5
f 6 5 186
f 186 5 185
f 186 185 366
f 366 185 365
f 366 365 546
f 546 365 545
f 546 545 726
f 726 545 725
f 726 725 906
f 906 725 905
f 906 905 1086
f 1086 905 1085
f 1086 1085 1266
f 1266 1085 1265
f 1266 1265 1446
f 1446 1265 1445
f 1446 1445 1626
f 1626 1445 1625
f 1626 1625 1806
f 1806 1625 1805
f 1806 1805 1986
f 1986 1805 1985
f 1986 1985 2166
f 2166 1985 2165
f 2166 2165 2346
f 2346 2165 2345
f 2346 2345 2526
f 2526 2345 2525
f 2526 2525 2706
f 2706 2525 2705
f 2706 2705 2886
f 2886 2705 2885
f 2886 2885 3066
f 3066 2885 3065
f 3066 3065 3246
f 3246 3065 3245
f 3246 3245 3426
f 3426 3245 3425
f 3426 3425 3606
f 3606 3425 3605
f 3606 3605 3786
f 3786 3605 3785
f 3786 3785 3966
f 3966 3785 3965
f 3966 3965 4146
f 4146 3965 4145
f 4146 4145 4326
f 4326 4145 4325
f 4326 4325 4506
f 4506 4325 4505
f 4506 4505 4686
f 4686 4505 4685
f 4686 4685 4866
f 4866 4685 4865
f 4866 4865 5046
f 5046 4865 5045
f 5046 5045 5226
f 5226 5045 5225
f 5226 5225 5406
f 5406 5225 5405
f 5406 5405 5586
f 5586 5405 5585
f 5586 5585 5766
f 5766 5585 5765
f 5766 5765 5946
f 5946 5765 5945
f 5946 5945 6126
f 6126 5945 6125
f 6126 6125 6306
f 6306 6125 6305
f 6306 6305 6486
f 6486 6305 6485
f 6486 6485 6666
f 6666 6485 6665
f 6666 6665 6846
f 6846 6665 6845
f 6846 6845 7026
f 7026 6845 7025
f 7026 7025 7206
f 7206 7025 7205
f 7206 7205 7386
f 7386 7205 7385
f 7386 7385 7566
f 7566 7385 7565
f 7566 7565 7746
f 7746 7565 7745
f 7746 7745 7926
f 7926 7745 7925
f 7926 7925 8106
f 8106 7925 8105
f 8106 8105 8286
f 8286 8105 8285
f 8286 8285 8466
f 8466 8285 8465
f 8466 8465 8646
f 8646 8465 8645
f 8646 8645 8826
f 8826 8645 8825
f 8826 8825 9006
f 9006 8825 9005
f 9006 9005 9186
f 9186 9005 9185
f 9186 9185 9366
f 9366 9185 9365
f 9366 9365 9546
f 9546 9365 9545
f 9546 9545 9726
f 9726 9545 9725
f 9726 9725 9906
f 9906 9725 9905
f 9906 9905 10086
f 10086 9905 10085
f 10086 10085 10266
f 10266 10085 10265
f 10266 10265 10446
f 10446 10265 10445
f 10446 10445 10626
f 10626 10445 10625
f 10626 10625 10806
f 10806 10625 10805
f 10806 10805 10986
f 10986 10805 10985
f 10986 10985 11166
f 11166 10985 11165
f 11166 11165 11346
f 11346 11165 11345
f 11346 11345 11526
f 11526 11345 11525
f 11526 11525 11706
f 11706 11525 11705
f 11706 11705 11886
f 11886 11705 11885
f 11886 11885 12066
f 12066 11885 12065
f 12066 12065 12246
f 12246 12065 12245
f 12246 12245 12425
f 12246 12425 12426
f 12426 12425 12606
f 12606 12425 12605
f 12606 12605 12786
f 12786 12605 12785
f 12786 12785 12966
f 12966 12785 12965
f 12966 12965 13146
f 13146 12965 13145
f 13146 13145 13326
f 13326 13145 13325
f 13326 13325 13506
f 13506 13325 13505
f 13506 13505 13686
f 13686 13505 13685
f 13686 13685 13866
f 13866 13685 13865
f 13866 13865 14046
f 14046 13865 14045
f 14046 14045 14226
f 14226 14045 14225
f 14226 14225 14406
f 14406 14225 14405
f 14406 14405 14586
f 14586 14405 14585
f 14586 14585 14766
f 14766 14585 14765
f 14766 14765 14946
f 14946 14765 14945
f 14946 14945 15126
f 15126 14945 15125
f 15126 15125 15306
f 15306 15125 15305
f 15306 15305 15486
f 15486 15305 15485
f 15486 15485 15666
f 15666 15485 15665
f 15666 15665 15846
f 15846 15665 15845
f 15846 15845 16022
f 5 1 4
f 5 4 185
f 185 4 184
f 185 184 365
f 365 184 364
f 365 364 545
f 545 364 544
f 545 544 725
f 725 544 724
f 725 724 905
f 905 724 904
f 905 904 1085
f 1085 904 1084
f 1085 1084 1265
f 1265 1084 1264
f 1265 1264 1445
f 1445 1264 1444
f 1445 1444 1625
f 1625 1444 1624
f 1625 1624 1805
f 1805 1624 1804
f 1805 1804 1985
f 1985 1804 1984
f 1985 1984 2165
f 2165 1984 2164
f 2165 2164 2345
f 2345 2164 2344
f 2345 2344 2525
f 2525 2344 2524
f 2525 2524 2704
f 2525 2704 2705
f 2705 2704 2885
f 2885 2704 2884
f 2885 2884 3065
f 3065 2884 3064
f 3065 3064 3245
f 3245 3064 3244
f 3245 3244 3425
f 3425 3244 3424
f 3425 3424 3605
f 3605 3424 3604
f 3605 3604 3785
f 3785 3604 3784
f 3785 3784 3965
f 3965 3784 3964
f 3965 3964 4145
f 4145 3964 4144
f 4145 4144 4325
f 4325 4144 4324
f 4325 4324 4505
f 4505 4324 4504
f 4505 4504 4685
f 4685 4504 4684
f 4685 4684 4865
f 4865 4684 4864
f 4865 4864 5045
f 5045 4864 5044
f 5045 5044 5225
f 5225 5044 5224
f 5225 5224 5405
f 5405 5224 5404
f 5405 5404 5585
f 5585 5404 5584
f 5585 5584 5765
f 5765 5584 5764
f 5765 5764 5945
f 5945 5764 5944
f 5945 5944 6125
f 6125 5944 6124
f 6125 6124 6305
f 6305 6124 6304
f 6305 6304 6485
f 6485 6304 6484
f 6485 6484 6665
f 6665 6484 6664
f 6665 6664 6845
f 6845 6664 6844
f 6845 6844 7025
f 7025 6844 7024
f 7025 7024 7205
f 7205 7024 7204
f 7205 7204 7385
f 7385 7204 7384
f 7385 7384 7565
f 7565 7384 7564
f 7565 7564 7745
f 7745 7564 7744
f 7745 7744 7925
f 7925 7744 7924
f 7925 7924 8105
f 8105 7924 8104
f 8105 8104 8285
f 8285 8104 8284
f 8285 8284 8465
f 8465 8284 8464
f 8465 8464 8645
f 8645 8464 8644
f 8645 8644 8825
f 8825 8644 8824
f 8825 8824 9005
f 9005 8824 9004
f 9005 9004 9185
f 9185 9004 9184
f 9185 9184 9365
f 9365 9184 9364
f 9365 9364 9545
f 9545 9364 9544
f 9545 9544 9725
f 9725 9544 9724
f 9725 9724 9905
f 9905 9724 9904
f 9905 9904 10085
f 10085 9904 10084
f 10085 10084 10265
f 10265 10084 10264
f 10265 10264 10445
f 10445 10264 10444
f 10445 10444 10625
f 10625 10444 10624
f 10625 10624 10805
f 10805 10624 10804
f 10805 10804 10985
f 10985 10804 10984
f 10985 10984 11165
f 11165 10984 11164
f 11165 11164 11345
f 11345 11164 11344
f 11345 11344 11525
f 11525 11344 11524
f 11525 11524 11705
f 11705 11524 11704
f 11705 11704 11885
f 11885 11704 11884
f 11885 11884 12065
f 12065 11884 12064
f 12065 12064 12245
f 12245 12064 12244
f 12245 12244 12425
f 12425 12244 12424
f 12425 12424 12605
f 12605 12424 12604
f 12605 12604 12785
f 12785 12604 12784
f 12785 12784 12965
f 12965 12784 12964
f 12965 12964 13145
f 13145 12964 13144
f 13145 13144 13325
f 13325 13144 13324
f 13325 13324 13505
f 13505 13324 13504
f 13505 13504 13685
f 13685 13504 13684
f 13685 13684 13865
f 13865 13684 13864
f 13865 13864 14045
f 14045 13864 14044
f 14045 14044 14225
f 14225 14044 14224
f 14225 14224 14405
f 14405 14224 14404
f 14405 14404 14585
f 14585 14404 14584
f 14585 14584 14765
f 14765 14584 14764
f 14765 14764 14945
f 14945 14764 14944
f 14945 14944 15125
f 15125 14944 15124
f 15125 15124 15305
f 15305 15124 15304
f 15305 15304 15485
f 15485 15304 15484
f 15485 15484 15665
f 15665 15484 15664
f 15665 15664 15845
f 15845 15664 15844
f 15845 15844 16022
f 4 1 3
f 4 3 184
f 184 3 183
f 184 183 364
f 364 183 363
f 364 363 544
f 544 363 543
f 544 543 724
f 724 543 723
f 724 723 904
f 904 723 903
f 904 903 1084
f 1084 903 1083
f 1084 1083 1264
f 1264 1083 1263
f 1264 1263 1444
f 1444 1263 1443
f 1444 1443 1624
f 1624 1443 1623
f 1624 1623 1804
f 1804 1623 1803
f 1804 1803 1984
f 1984 1803 1983
f 1984 1983 2164
f 2164 1983 2163
f 2164 2163 2344
f 2344 2163 2343
f 2344 2343 2524
f 2524 2343 2523
f 2524 2523 2703
f 2524 2703 2704
f 2704 2703 2883
f 2704 2883 2884
f 2884 2883 3063
f 2884 3063 3064
f 3064 3063 3243
f 3064 3243 3244
f 3244 3243 3423
f 3244 3423 3424
f 3424 3423 3603
f 3424 3603 3604
f 3604 3603 3783
f 3604 3783 3784
f 3784 3783 3963
f 3784 3963 3964
f 3964 3963 4143
f 3964 4143 4144
f 4144 4143 4323
f 4144 4323 4324
f 4324 4323 4503
f 4324 4503 4504
f 4504 4503 4683
f 4504 4683 4684
f 4684 4683 4863
f 4684 4863 4864
f 4864 4863 5043
f 4864 5043 5044
f 5044 5043 5223
f 5044 5223 5224
f 5224 5223 5403
f 5224 5403 5404
f 5404 5403 5583
f 5404 5583 5584
f 5584 5583 5763
f 5584 5763 5764
f 5764 5763 5943
f 5764 5943 5944
f 5944 5943 6123
f 5944 6123 6124
f 6124 6123 6303
f 6124 6303 6304
f 6304 6303 6483
f 6304 6483 6484
f 6484 6483 6663
f 6484 6663 6664
f 6664 6663 6843
f 6664 6843 6844
f 6844 6843 7023
f 6844 7023 7024
f 7024 7023 7203
f 7024 7203 7204
f 7204 7203 7383
f 7204 7383 7384
f 7384 7383 7563
f 7384 7563 7564
f 7564 7563 7743
f 7564 7743 7744
f 7744 7743 7923
f 7744 7923 7924
f 7924 7923 8103
f 7924 8103 8104
f 8104 8103 8283
f 8104 8283 8284
f 8284 8283 8463
f 8284 8463 8464
f 8464 8463 8643
f 8464 8643 8644
f 8644 8643 8823
f 8644 8823 8824
f 8824 8823 9003
f 8824 9003 9004
f 9004 9003 9183
f 9004 9183 9184
f 9184 9183 9363
f 9184 9363 9364
f 9364 9363 9543
f 9364 9543 9544
f 9544 9543 9724
f 9724 9543 9723
f 9724 9723 9904
f 9904 9723 9903
f 9904 9903 10084
f 10084 9903 10083
f 10084 10083 10264
f 10264 10083 10263
f 10264 10263 10444
f 10444 10263 10443
f 10444 10443 10624
f 10624 10443 10623
f 10624 10623 10804
f 10804 10623 10803
f 10804 10803 10984
f 10984 10803 10983
f 10984 10983 11164
f 11164 10983 11163
f 11164 11163 11344
f 11344 11163 11343
f 11344 11343 11524
f 11524 11343 11523
f 11524 11523 11704
f 11704 11523 11703
f 11704 11703 11884
f 11884 11703 11883
f 11884 11883 12064
f 12064 11883 12063
f 12064 12063 12244
f 12244 12063 12243
f 12244 12243 12424
f 12424 12243 12423
f 12424 12423 12604
f 12604 12423 12603
f 12604 12603 12784
f 12784 12603 12783
f 12784 12783 12964
f 12964 12783 12963
f 12964 12963 13144
f 13144 12963 13143
f 13144 13143 13324
f 13324 13143 13323
f 13324 13323 13504
f 13504 13323 13503
f 13504 13503 13684
f 13684 13503 13683
f 13684 13683 13864
f 13864 13683 13863
f 13864 13863 14044
f 14044 13863 14043
f 14044 14043 14224
f 14224 14043 14223
f 14224 14223 14404
f 14404 14223 14403
f 14404 14403 14584
f 14584 14403 14583
f 14584 14583 14764
f 14764 14583 14763
f 14764 14763 14944
f 14944 14763 14943
f 14944 14943 15124
f 15124 14943 15123
f 15124 15123 15304
f 15304 15123 15303
f 15304 15303 15484
f 15484 15303 15483
f 15484 15483 15664
f 15664 15483 15663
f 15664 15663 15844
f 15844 15663 15843
f 15844 15843 16022
f 3 1 2
f 3 2 183
f 183 2 182
f 183 182 363
f 363 182 362
f 363 362 543
f 543 362 542
f 543 542 723
f 723 542 722
f 723 722 903
f 903 722 902
f 903 902 1083
f 1083 902 1082
f 1083 1082 1263
f 1263 1082 1262
f 1263 1262 1443
f 1443 1262 1442
f 1443 1442 1623
f 1623 1442 1622
f 1623 1622 1803
f 1803 1622 1802
f 1803 1802 1983
f 1983 1802 1982
f 1983 1982 2163
f 2163 1982 2162
f 2163 2162 2343
f 2343 2162 2342
f 2343 2342 2523
f 2523 2342 2522
f 2523 2522 2703
f 2703 2522 2702
f 2703 2702 2883
f 2883 2702 2882
f 2883 2882 3063
f 3063 2882 3062
f 3063 3062 3243
f 3243 3062 3242
f 3243 3242 3423
f 3423 3242 3422
f 3423 3422 3603
f 3603 3422 3602
f 3603 3602 3783
f 3783 3602 3782
f 3783 3782 3963
f 3963 3782 3962
f 3963 3962 4143
f 4143 3962 4142
f 4143 4142 4323
f 4323 4142 4322
f 4323 4322 4503
f 4503 4322 4502
f 4503 4502 4683
f 4683 4502 4682
f 4683 4682 4863
f 4863 4682 4862
f 4863 4862 5043
f 5043 4862 5042
f 5043 5042 5223
f 5223 5042 5222
f 5223 5222 5403
f 5403 5222 5402
f 5403 5402 5583
f 5583 5402 5582
f 5583 5582 5763
f 5763 5582 5762
f 5763 5762 5943
f 5943 5762 5942
f 5943 5942 6123
f 6123 5942 6122
f 6123 6122 6303
f 6303 6122 6302
f 6303 6302 6483
f 6483 6302 6482
f 6483 6482 6663
f 6663 6482 6662
f 6663 6662 6843
f 6843 6662 6842
f 6843 6842 7023
f 7023 6842 7022
f 7023 7022 7203
f 7203 7022 7202
f 7203 7202 7383
f 7383 7202 7382
f 7383 7382 7563
f 7563 7382 7562
f 7563 7562 7743
f 7743 7562 7742
f 7743 7742 7923
f 7923 7742 7922
f 7923 7922 8103
f 8103 7922 8102
f 8103 8102 8283
f 8283 8102 8282
f 8283 8282 8463
f 8463 8282 8462
f 8463 8462 8643
f 8643 8462 8642
f 8643 8642 8823
f 8823 8642 8822
f 8823 8822 9003
f 9003 8822 9002
f 9003 9002 9183
f 9183 9002 9182
f 9183 9182 9363
f 9363 9182 9362
f 9363 9362 9542
f 9363 9542 9543
f 9543 9542 9722
f 9543 9722 9723
f 9723 9722 9902
f 9723 9902 9903
f 9903 9902 10082
f 9903 10082 10083
f 10083 10082 10262
f 10083 10262 10263
f 10263 10262 10442
f 10263 10442 10443
f 10443 10442 10622
f 10443 10622 10623
f 10623 10622 10802
f 10623 10802 10803
f 10803 10802 10982
f 10803 10982 10983
f 10983 10982 11162
f 10983 11162 11163
f 11163 11162 11342
f 11163 11342 11343
f 11343 11342 11522
f 11343 11522 11523
f 11523 11522 11702
f 11523 11702 11703
f 11703 11702 11882
f 11703 11882 11883
f 11883 11882 12062
f 11883 12062 12063
f 12063 12062 12242
f 12063 12242 12243
f 12243 12242 12422
f 12243 12422 12423
f 12423 12422 12602
f 12423 12602 12603
f 12603 12602 12782
f 12603 12782 12783
f 12783 12782 12962
f 12783 12962 12963
f 12963 12962 13142
f 12963 13142 13143
f 13143 13142 13322
f 13143 13322 13323
f 13323 13322 13502
f 13323 13502 13503
f 13503 13502 13682
f 13503 13682 13683
f 13683 13682 13862
f 13683 13862 13863
f 13863 13862 14042
f 13863 14042 14043
f 14043 14042 14222
f 14043 14222 14223
f 14223 14222 14402
f 14223 14402 14403
f 14403 14402 14582
f 14403 14582 14583
f 14583 14582 14762
f 14583 14762 14763
f 14763 14762 14942
f 14763 14942 14943
f 14943 14942 15122
f 14943 15122 15123
f 15123 15122 15302
f 15123 15302 15303
f 15303 15302 15482
f 15303 15482 15483
f 15483 15482 15662
f 15483 15662 15663
f 15663 15662 15842
f 15663 15842 15843
f 15843 15842 16022
