# NASA PDS Cartesian plate model; only mission-derived coverage flag 0 is retained
# source /var/folders/1d/8mhxhkdj2n319hrdpdvy5r940000gn/T/tmp.vO2AIgIASu/wild2.tab
# archived plates 17518; measured plates 12364
v -0.0001 -0.0000 -1339.0000
v 63.1988 30.4350 -1338.4531
v 15.6055 68.3724 -1338.1736
v -43.7293 54.8356 -1338.2933
v -70.1490 -0.0000 -1338.5231
v -43.7293 -54.8356 -1338.2933
v 15.6054 -68.3724 -1338.1736
v 63.1990 -30.4346 -1338.4531
v 140.5311 0.0000 -1337.0652
v 124.4055 65.2930 -1336.7568
v 79.7726 115.5705 -1336.0905
v 16.9212 139.3581 -1335.6429
v -49.7854 131.2750 -1335.8021
v 208.7688 33.0657 -1334.5448
v -105.1398 93.1442 -1336.4286
v 188.2494 95.9179 -1333.9521
v -136.4395 33.6289 -1336.9855
v 149.2883 149.2883 -1332.9940
v -136.4395 -33.6289 -1336.9855
v 95.7801 187.9790 -1332.0360
v -105.1398 -93.1442 -1336.4286
v 32.9889 208.2837 -1331.4435
v -49.7854 -131.2750 -1335.8021
v -32.9889 208.2837 -1331.4435
v -95.7801 187.9791 -1332.0360
v 16.9209 -139.3582 -1335.6429
v -149.2883 149.2883 -1332.9940
v 79.7718 -115.5711 -1336.0905
v -188.2494 95.9179 -1333.9521
v 124.4058 -65.2923 -1336.7568
v -208.7688 33.0657 -1334.5448
v 282.9449 0.0000 -1331.1514
v -208.7688 -33.0657 -1334.5448
v 274.6543 67.6964 -1330.8188
v -188.2494 -95.9179 -1333.9521
v 250.2978 131.3664 -1329.8895
v -149.2883 -149.2883 -1332.9940
v 211.3794 187.2661 -1328.5886
v -95.7801 -187.9790 -1332.0360
v -32.9889 -208.2837 -1331.4435
v 160.2539 232.1678 -1327.1996
v 353.7247 34.8388 -1326.5060
v 32.9889 -208.2837 -1331.4435
v 99.9501 263.5472 -1326.0649
v 95.7801 -187.9791 -1332.0360
v 339.9554 103.1243 -1325.8201
v 33.9585 279.6724 -1325.4194
v 149.2883 -149.2883 -1332.9940
v 313.0057 167.3050 -1324.5548
v -33.9585 279.6724 -1325.4194
v 188.2494 -95.9179 -1333.9521
v 274.0097 224.8739 -1322.9030
v -99.9492 263.5476 -1326.0649
v 208.7688 -33.0657 -1334.5448
v 224.5718 273.6415 -1321.1257
v -160.2523 232.1689 -1327.1996
v 166.6657 311.8096 -1319.4933
v -211.3811 187.2642 -1328.5886
v 102.5346 338.0112 -1318.2375
v -250.2985 131.3651 -1329.8895
v 34.6042 351.3422 -1317.5712
v -274.6546 67.6954 -1330.8188
v -34.6042 351.3422 -1317.5712
v -282.9449 -0.0000 -1331.1514
v 429.1782 0.0000 -1320.8749
v -102.5346 338.0111 -1318.2375
v -274.6546 -67.6954 -1330.8188
v 423.2090 70.6211 -1320.5134
v -166.6657 311.8096 -1319.4933
v -250.2985 -131.3650 -1329.8895
v 405.4915 139.2057 -1319.4673
v -224.5718 273.6415 -1321.1257
v -211.3811 -187.2642 -1328.5886
v 376.5866 203.7989 -1317.8506
v -274.0097 224.8739 -1322.9030
v -160.2524 -232.1688 -1327.1996
v 337.3970 262.6062 -1315.8628
v -313.0057 167.3051 -1324.5548
v 503.0392 35.9781 -1313.8091
v -99.9492 -263.5476 -1326.0649
v -339.9554 103.1244 -1325.8201
v 289.0945 314.0401 -1313.6945
v 492.5221 107.1414 -1313.0715
v -33.9580 -279.6725 -1325.4194
v -353.7247 34.8388 -1326.5060
v 233.0904 356.7713 -1311.6021
v 471.7542 175.9548 -1311.6617
v -353.7247 -34.8388 -1326.5060
v 33.9580 -279.6725 -1325.4194
v 170.9539 389.7360 -1309.8046
v 441.2506 240.9414 -1309.7013
v -339.9554 -103.1243 -1325.8201
v 99.9493 -263.5475 -1326.0649
v 104.3692 412.1452 -1308.4921
v 401.7498 300.7463 -1307.3580
v -313.0057 -167.3050 -1324.5548
v 160.2523 -232.1689 -1327.1996
v 35.0901 423.4779 -1307.7979
v 354.1707 354.1707 -1304.8187
v -274.0097 -224.8739 -1322.9030
v 211.3811 -187.2643 -1328.5886
v -35.0901 423.4779 -1307.7979
v 299.5801 400.1919 -1302.2886
v -224.5718 -273.6415 -1321.1257
v 250.2985 -131.3650 -1329.8895
v -104.3727 412.1443 -1308.4921
v -166.6657 -311.8096 -1319.4933
v 239.1535 437.9763 -1299.9827
v 274.6545 -67.6955 -1330.8188
v -170.9526 389.7366 -1309.8046
v 174.1326 466.8687 -1298.0782
v -102.5345 -338.0112 -1318.2375
v 581.2714 0.0000 -1305.5570
v -233.0910 356.7709 -1311.6021
v 105.8068 486.3870 -1296.7151
v -34.6043 -351.3422 -1317.5712
v 576.3217 74.3085 -1305.1550
v -289.0967 314.0381 -1313.6945
v 34.6041 -351.3422 -1317.5712
v 35.4904 496.2224 -1296.0056
v 561.5880 147.2659 -1303.9949
v -337.3956 262.6080 -1315.8628
v 102.5345 -338.0112 -1318.2375
v -35.4904 496.2224 -1296.0056
v 537.3878 217.5640 -1302.1586
v -376.5869 203.7983 -1317.8506
v 166.6657 -311.8096 -1319.4933
v -105.8093 486.3864 -1296.7151
v 504.2220 283.9731 -1299.7560
v 224.5718 -273.6415 -1321.1257
v -405.4925 139.2029 -1319.4673
v -174.1367 466.8672 -1298.0782
v 659.0619 37.6866 -1295.5947
v 462.7746 345.3778 -1296.9696
v 274.0097 -224.8739 -1322.9030
v -423.2086 70.6234 -1320.5134
v -239.1505 437.9780 -1299.9827
v 650.0674 112.4986 -1294.7930
v 313.0056 -167.3051 -1324.5548
v 413.8542 400.7950 -1293.9823
v -429.1782 -0.0000 -1320.8749
v -299.5787 400.1930 -1302.2886
v 632.2484 185.6444 -1293.2424
v 339.9554 -103.1244 -1325.8201
v 358.3743 449.3875 -1290.9951
v -423.2086 -70.6234 -1320.5134
v -354.1707 354.1707 -1304.8187
v 605.9197 256.0639 -1291.0149
v 353.7247 -34.8389 -1326.5060
v 297.3186 490.4579 -1288.1904
v -401.7508 300.7448 -1307.3580
v -405.4925 -139.2029 -1319.4673
v 571.5598 322.7741 -1288.2617
v -441.2523 240.9383 -1309.7013
v -376.5869 -203.7983 -1317.8506
v 231.7208 523.4624 -1285.7604
v 529.7404 384.8789 -1285.1077
v -471.7526 175.9589 -1311.6617
v -337.3956 -262.6080 -1315.8628
v 162.6367 547.9777 -1283.8420
v 481.1498 441.5960 -1281.7396
v -492.5215 107.1439 -1313.0715
v -289.0967 -314.0381 -1313.6945
v 91.1372 563.7141 -1282.5630
v 426.5402 492.2534 -1278.3359
v -503.0391 35.9789 -1313.8091
v -233.0910 -356.7709 -1311.6021
v 18.2943 570.4924 -1282.0057
v 366.7063 536.2916 -1275.0660
v 741.4000 0.0000 -1284.1426
v -503.0391 -35.9789 -1313.8091
v -54.8168 568.2332 -1282.1976
v -170.9527 -389.7366 -1309.8046
v 302.4763 573.2559 -1272.0900
v 737.0948 77.4718 -1283.7183
v -492.5215 -107.1439 -1313.0715
v -104.3727 -412.1443 -1308.4921
v -127.1208 556.9590 -1283.1204
v 234.6918 602.8019 -1269.5685
v 724.2547 153.9451 -1282.4711
v -471.7526 -175.9589 -1311.6617
v -35.0916 -423.4778 -1307.7979
v -197.5473 536.8021 -1284.7283
v 164.1969 624.6682 -1267.6260
v 703.0875 228.4470 -1280.4532
v -441.2523 -240.9383 -1309.7013
v 35.0916 -423.4778 -1307.7979
v -265.0222 507.9984 -1286.9207
v 91.8255 638.6620 -1266.3341
v -401.7509 -300.7448 -1307.3580
v 673.9453 300.0598 -1277.7772
v 824.1936 39.2611 -1270.5859
v 104.3728 -412.1443 -1308.4921
v -328.4785 470.8978 -1289.5516
v 18.4175 644.6805 -1265.7728
v -354.1707 -354.1707 -1304.8187
v 637.2777 367.9325 -1274.5557
v 170.9525 -389.7366 -1309.8046
v 816.1797 117.3489 -1269.7305
v -55.1994 642.6725 -1265.9598
v -386.8741 425.9901 -1292.4751
v -299.5787 -400.1930 -1302.2886
v 593.6445 431.3080 -1270.9529
v 800.2758 194.1453 -1268.0615
v 233.0908 -356.7710 -1311.6021
v -439.1948 373.8899 -1295.4897
v -128.1983 632.6575 -1266.8955
v -239.1505 -437.9779 -1299.9827
v 543.6699 489.5226 -1267.1338
v 289.0966 -314.0381 -1313.6945
v 776.7102 268.8219 -1265.6377
v -484.4887 315.3646 -1298.4039
v -174.1366 -466.8672 -1298.0782
v -199.7305 614.7075 -1268.5171
v 488.0237 542.0052 -1263.2540
v 337.3956 -262.6080 -1315.8628
v 745.8265 340.6082 -1262.5681
v -105.8093 -486.3864 -1296.7151
v -268.9725 588.9801 -1270.7714
v -521.8873 251.3245 -1301.0167
v 376.5870 -203.7981 -1317.8506
v 427.4198 588.2928 -1259.4954
v -35.4914 -496.2224 -1296.0056
v -550.6448 182.8230 -1303.1543
v -335.0900 555.6824 -1273.5334
v 708.0540 408.7952 -1258.9788
v 405.4925 -139.2028 -1319.4673
v 362.5824 628.0113 -1256.0227
v 663.8826 472.7478 -1254.9950
v -397.2206 515.1315 -1276.6698
v -570.1658 111.0356 -1304.6709
v 35.4914 -496.2224 -1296.0056
v 423.2086 -70.6235 -1320.5134
v 294.2332 660.8588 -1252.9657
v 613.8762 531.9269 -1250.7933
v 105.8093 -486.3864 -1296.7151
v -454.5493 467.7171 -1280.0289
v -580.0327 37.2347 -1305.4565
v 223.0948 686.6152 -1250.4542
v 911.8725 0.0000 -1255.0847
v 558.6135 585.8563 -1246.5077
v 174.1367 -466.8672 -1298.0782
v -506.2449 413.9584 -1283.4414
v -580.0327 -37.2346 -1305.4565
v 907.9822 80.5628 -1254.6396
v 498.7076 634.1587 -1242.3059
v 149.8773 705.1172 -1248.5835
v -551.5416 354.4507 -1286.7203
v 239.1503 -437.9781 -1299.9827
v -570.1658 -111.0355 -1304.6709
v -589.7093 289.9430 -1289.6963
v 434.7765 676.5248 -1238.3390
v 299.5787 -400.1929 -1302.2886
v 75.2824 716.2646 -1247.4404
v 896.3602 160.3247 -1253.3130
v -550.6448 -182.8230 -1303.1543
v 877.1740 238.5086 -1251.1610
v 354.1707 -354.1707 -1304.8187
v -0.0000 719.9849 -1247.0507
v 367.4263 712.7083 -1234.7327
v -620.1243 221.2554 -1292.2090
v -521.8874 -251.3245 -1301.0167
v 401.7509 -300.7448 -1307.3580
v -642.2441 149.3486 -1294.1068
v -75.2825 716.2646 -1247.4404
v 850.6828 314.3683 -1248.2566
v 297.2628 742.5261 -1231.6129
v -484.4887 -315.3646 -1298.4039
v 1000.7708 41.3922 -1236.9054
v 441.2523 -240.9383 -1309.7013
v 224.8711 765.8425 -1229.0801
v 817.2383 387.2163 -1244.7051
v -655.6829 75.2273 -1295.2919
v -149.8772 705.1172 -1248.5835
v 993.1914 123.8011 -1235.9807
v -439.1948 -373.8899 -1295.4897
v 471.7527 -175.9588 -1311.6617
v 150.8258 782.5573 -1227.2098
v -660.1885 -0.0001 -1295.6927
v -223.0948 686.6152 -1250.4542
v 777.2739 456.4343 -1240.6438
v 978.1344 205.0931 -1234.1621
v -386.8742 -425.9900 -1292.4751
v 492.5215 -107.1441 -1313.0715
v 731.2645 521.4711 -1236.2023
v -655.6829 -75.2272 -1295.2919
v 75.6847 792.6135 -1226.0693
v -294.2332 660.8588 -1252.9657
v -328.4785 -470.8978 -1289.5516
v 503.0391 -35.9789 -1313.8091
v 955.8007 284.5533 -1231.5121
v -642.2441 -149.3486 -1294.1068
v -362.5825 628.0112 -1256.0227
v -0.0000 795.9681 -1225.6835
v 679.7345 581.8502 -1231.5261
v 926.4755 361.5121 -1228.1160
v -265.0221 -507.9984 -1286.9207
v -620.1243 -221.2556 -1292.2090
v -75.6847 792.6135 -1226.0693
v 623.2424 637.1857 -1226.7853
v -427.4197 588.2928 -1259.4954
v -197.5473 -536.8022 -1284.7283
v 890.5237 435.3499 -1224.0825
v -589.7093 -289.9429 -1289.6963
v -150.8243 782.5576 -1227.2098
v -488.0237 542.0052 -1263.2540
v 562.3376 687.1450 -1222.1091
v -127.1206 -556.9590 -1283.1204
v 848.3680 505.5181 -1219.5363
v -551.5416 -354.4506 -1286.7203
v 497.5825 731.4727 -1217.6434
v -224.8764 765.8409 -1229.0801
v -543.6699 489.5226 -1267.1338
v 800.4937 571.5411 -1214.6324
v -54.8150 -568.2333 -1282.1976
v -506.2450 -413.9584 -1283.4414
v -297.2602 742.5270 -1231.6129
v 18.2972 -570.4923 -1282.0057
v -593.6445 431.3079 -1270.9529
v 429.5320 769.9797 -1213.5336
v 1095.0255 0.0000 -1216.1492
v -454.5493 -467.7171 -1280.0289
v 747.3871 633.0056 -1209.4955
v -367.4299 712.7064 -1234.7327
v 358.7165 802.5030 -1209.8768
v 1091.2991 84.8224 -1215.6661
v -637.2777 367.9325 -1274.5557
v 91.1400 -563.7136 -1282.5630
v 689.5803 689.5803 -1204.2887
v -397.2207 -515.1315 -1276.6698
v -434.7730 676.5271 -1238.3390
v 1080.1750 168.9363 -1214.2393
v -673.9453 300.0597 -1277.7772
v 285.6581 828.9487 -1206.7946
v 162.6406 -547.9765 -1283.8420
v 627.5880 740.9907 -1199.1439
v -335.0899 -555.6824 -1273.5334
v -498.7099 634.1569 -1242.3059
v 1061.7979 251.6500 -1211.9132
v 231.7252 -523.4604 -1285.7604
v -703.0875 228.4470 -1280.4532
v 210.8504 849.2285 -1204.3513
v -268.9725 -588.9801 -1270.7714
v 561.9274 787.0287 -1194.2013
v -558.6094 585.8602 -1246.5077
v 1036.3893 332.3053 -1208.7474
v 297.3142 -490.4606 -1288.1904
v -724.2547 153.9450 -1282.4711
v 134.7751 863.2976 -1202.6200
v 493.1061 827.5379 -1189.5928
v -199.7306 -614.7075 -1268.5171
v 1191.0852 44.0425 -1191.8992
v -613.8771 531.9259 -1250.7933
v -737.0948 77.4718 -1283.7183
v 358.3712 -449.3900 -1290.9951
v 421.5992 862.3962 -1185.4196
v 1004.2762 410.2915 -1204.8534
v 57.9026 871.1212 -1201.6411
v -128.1982 -632.6575 -1266.8955
v 1183.5820 131.7757 -1190.8951
v -663.8784 472.7536 -1254.9950
v 413.8514 -400.7979 -1293.9823
v -741.4000 -0.0001 -1284.1426
v -19.3104 872.6887 -1201.4468
v 965.8198 485.0536 -1200.3275
v -55.1981 -642.6727 -1265.9598
v 347.8755 891.5280 -1181.7903
v 1168.6578 218.4593 -1188.9010
v -708.0540 408.7953 -1258.9788
v 462.7729 -345.3801 -1296.9696
v 18.4129 -644.6806 -1265.7728
v -737.0948 -77.4718 -1283.7183
v 921.4609 556.1042 -1195.3113
v -96.4100 867.9936 -1202.0375
v 272.3715 914.8823 -1178.7904
v -745.8294 340.6018 -1262.5681
v 1146.5164 303.4258 -1185.9878
v 871.6597 623.0259 -1189.9384
v 504.2210 -283.9748 -1299.7560
v -724.2546 -153.9452 -1282.4711
v -172.9340 857.0397 -1203.3885
v 91.8277 -638.6617 -1266.3341
v 1117.4277 386.0444 -1182.2330
v -776.7097 268.8232 -1265.6377
v 195.5080 932.4203 -1176.4823
v 537.3870 -217.5657 -1302.1586
v -703.0875 -228.4470 -1280.4532
v 164.1933 -624.6691 -1267.6260
v -248.4428 839.8594 -1205.4839
v 117.6849 944.1190 -1174.9125
v 816.9047 685.4644 -1184.3500
v 1081.7417 465.7395 -1177.7429
v -800.2771 194.1398 -1268.0615
v 561.5878 -147.2669 -1303.9949
v 234.6951 -602.8007 -1269.5685
v -673.9453 -300.0597 -1277.7772
v -322.4321 816.4929 -1208.2588
v 39.2908 949.9714 -1174.1199
v -816.1793 117.3515 -1269.7305
v 757.6904 743.1362 -1178.6871
v 1039.8643 541.9974 -1172.6376
v 302.4743 -573.2570 -1272.0900
v 576.3216 -74.3088 -1305.1550
v -637.2777 -367.9324 -1274.5557
v -394.4409 786.9939 -1211.6405
v 694.5064 795.8163 -1173.0840
v -824.1938 39.2573 -1270.5859
v 992.2532 614.3770 -1167.0585
v -39.2907 949.9714 -1174.1199
v 366.7103 -536.2889 -1275.0660
v -593.6445 -431.3079 -1270.9529
v -463.9346 751.4677 -1215.5399
v 1292.9381 0.0000 -1164.1667
v 627.8440 843.3397 -1167.6813
v -117.6849 944.1190 -1174.9125
v -824.1938 -39.2572 -1270.5859
v 426.5392 -492.2543 -1278.3359
v 939.3763 682.4968 -1161.1329
v -543.6699 -489.5226 -1267.1338
v 558.1588 885.5798 -1162.5907
v 1289.1320 91.1610 -1163.6383
v -195.5063 932.4207 -1176.4823
v -530.4127 710.0242 -1219.8440
v -816.1793 -117.3517 -1269.7305
v 481.1535 -441.5920 -1281.7396
v 881.7375 746.0577 -1155.0165
v -488.0237 -542.0052 -1263.2540
v -593.3029 662.8511 -1224.4230
v -800.2772 -194.1398 -1268.0615
v 1277.7539 181.6213 -1162.0591
v -272.3731 914.8818 -1178.7904
v 485.8970 922.4517 -1157.9237
v 819.8261 804.8144 -1148.8434
v 529.7404 -384.8789 -1285.1077
v -427.4199 -588.2927 -1259.4954
v -776.7097 -268.8232 -1265.6377
v -652.0704 610.1752 -1229.1556
v 1258.9554 270.6966 -1159.4763
v -347.8786 891.5268 -1181.7903
v 411.4729 953.9031 -1153.7771
v 571.5571 -322.7790 -1288.2617
v 754.1320 858.5886 -1142.7552
v -362.5824 -628.0113 -1256.0227
v -706.1556 552.2652 -1233.8804
v 1396.9072 47.2062 -1131.8390
v -745.8295 -340.6017 -1262.5681
v 1232.9703 357.7396 -1155.9567
v 335.2829 979.9006 -1150.2322
v -421.6053 862.3932 -1185.4196
v 605.9202 -256.0627 -1291.0149
v 685.1182 907.2438 -1136.8722
v -294.2333 -660.8587 -1252.9657
v 1389.1805 141.2658 -1130.7377
v -754.9894 489.5092 -1238.4594
v 257.6929 1000.4285 -1147.3562
v -708.0540 -408.7952 -1258.9788
v -493.0989 827.5422 -1189.5928
v 1200.1251 442.1476 -1151.6006
v 632.2471 -185.6489 -1293.2424
v 613.2323 950.6935 -1131.3143
v -223.0949 -686.6152 -1250.4542
v -663.8784 -472.7536 -1254.9950
v -561.9232 787.0317 -1194.2013
v 1373.8237 234.2748 -1128.5603
v -798.0452 422.3112 -1242.7310
v 1160.8046 523.3845 -1146.5219
v 650.0678 -112.4966 -1294.7930
v 179.0574 1015.4847 -1145.2086
v 538.8966 988.8909 -1126.1948
v -149.8775 -705.1172 -1248.5835
v -613.8771 -531.9258 -1250.7933
v -834.8062 351.2118 -1246.5576
v 1351.0432 325.5641 -1125.3696
v 659.0616 -37.6898 -1295.5947
v -627.5854 740.9927 -1199.1439
v 1115.4399 600.9692 -1140.8409
v 99.7063 1025.0614 -1143.8188
v 462.4976 1021.8021 -1121.5986
v -75.2823 -716.2646 -1247.4404
v -558.6094 -585.8601 -1246.5077
v -689.5803 689.5803 -1204.2887
v -864.8217 276.7650 -1249.7937
v 1321.1177 414.5045 -1121.2413
v 19.9604 1029.1633 -1143.2169
v 1064.5127 674.5079 -1134.7051
v 384.4001 1049.4236 -1117.6106
v -498.7099 -634.1568 -1242.3059
v 0.0000 -719.9849 -1247.0507
v -747.3893 633.0031 -1209.4955
v -887.6973 199.6604 -1252.3340
v -59.8617 1027.7959 -1143.4176
v 1284.4297 500.5277 -1116.2948
v 1008.5167 743.6649 -1128.2546
v -434.7732 -676.5270 -1238.3390
v 75.2824 -716.2646 -1247.4404
v 304.9420 1071.7565 -1114.2942
v -903.1271 120.5991 -1254.0815
v -800.4965 571.5370 -1214.6324
v -139.4504 1020.9547 -1144.4133
v 947.9491 808.1784 -1121.6302
v 1241.3849 583.1276 -1110.6372
v 149.8771 -705.1172 -1248.5835
v -367.4300 -712.7064 -1234.7327
v 224.4362 1088.8226 -1111.7133
v -910.8979 40.3283 -1254.9714
v -848.3724 505.5107 -1219.5363
v 883.3044 867.8511 -1114.9724
v 1192.4587 661.8698 -1104.4070
v -218.4816 1008.6422 -1146.1895
v 223.0949 -686.6152 -1250.4542
v 1506.8185 0.0000 -1094.7677
v 143.1763 1100.6224 -1109.8960
v -297.2603 -742.5270 -1231.6129
v -890.5206 435.3561 -1224.0825
v -910.8979 -40.3282 -1254.9714
v 1502.8752 97.4853 -1094.1975
v -296.6449 990.8422 -1148.7013
v -224.8766 -765.8409 -1229.0801
v 815.0704 922.5439 -1108.4216
v 1138.1532 736.3944 -1097.7487
v 294.2333 -660.8587 -1252.9657
v 61.4451 1107.1740 -1108.8777
v -903.1271 -120.5993 -1254.0815
v -926.4743 361.5151 -1228.1160
v -373.5717 967.5807 -1151.9192
v 1491.0948 194.2596 -1092.4988
v -150.8241 -782.5577 -1227.2098
v 743.6924 972.1571 -1102.0917
v 362.5824 -628.0113 -1256.0227
v -20.4866 1108.4834 -1108.6727
v 1078.9701 806.4152 -1090.8010
v -955.8002 284.5549 -1231.5121
v -887.6973 -199.6604 -1252.3340
v -448.9357 938.8508 -1155.7760
v -75.6917 -792.6128 -1226.0693
v 669.6031 1016.6334 -1096.0962
v -102.3518 1104.5559 -1109.2878
v 427.4196 -588.2929 -1259.4954
v 1471.6309 289.6295 -1089.7128
v 1015.4216 871.7120 -1083.7086
v -864.8217 -276.7650 -1249.7937
v -978.1348 205.0914 -1234.1621
v -183.8820 1095.3823 -1110.7092
v 488.0238 -542.0052 -1263.2540
v 0.0000 -795.9681 -1225.6835
v -522.3234 904.6905 -1160.1978
v 593.2047 1055.9636 -1090.5491
v 1618.5804 50.3620 -1051.6272
v 1444.7448 382.9430 -1085.9155
v 948.0062 932.1271 -1076.6099
v -993.1920 123.7967 -1235.9807
v -834.8062 -351.2118 -1246.5576
v 75.6913 -792.6129 -1226.0693
v -593.3429 865.1296 -1165.0876
v -264.8056 1080.9454 -1112.9083
v 543.6699 -489.5225 -1267.1338
v 514.8609 1090.1372 -1085.5306
v -1000.7711 41.3847 -1236.9054
v -798.0452 -422.3113 -1242.7310
v 1610.5316 150.7238 -1050.4617
v 877.1918 987.5570 -1069.6307
v 1410.7764 473.5921 -1081.2015
v 150.8242 -782.5577 -1227.2098
v -661.5819 820.2295 -1170.3491
v 593.6444 -431.3080 -1270.9529
v 434.9109 1119.1812 -1081.1277
v -754.9894 -489.5092 -1238.4594
v -344.8209 1061.2496 -1115.8639
v -1000.7711 -41.3847 -1236.9054
v 803.4303 1037.9476 -1062.8970
v 1594.5409 250.0089 -1048.1578
v 1370.1324 561.0386 -1075.6823
v -726.5598 770.1174 -1175.8707
v 224.8766 -765.8409 -1229.0801
v 637.2776 -367.9326 -1274.5557
v 353.6550 1143.1102 -1077.3940
v 1323.2698 644.8130 -1069.4811
v -993.1920 -123.7966 -1235.9807
v -423.6360 1036.2783 -1119.5267
v 297.2603 -742.5270 -1231.6129
v 727.1309 1083.2689 -1056.5094
v -706.1556 -552.2651 -1233.8804
v -787.8261 714.9084 -1181.5186
v 1570.8286 347.5310 -1044.7756
v 673.9453 -300.0596 -1277.7772
v -978.1348 -205.0914 -1234.1621
v 271.3806 1161.9525 -1074.3829
v -500.9395 1006.0042 -1123.8259
v -652.0703 -610.1754 -1229.1556
v 1270.6954 724.5186 -1062.7393
v 367.4300 -712.7064 -1234.7327
v 648.6758 1123.5397 -1050.5748
v 1539.6953 442.6524 -1040.3912
v 703.0875 -228.4469 -1280.4532
v -844.8713 654.8300 -1187.1665
v 568.4091 1158.7822 -1045.1753
v -576.3467 970.4471 -1128.6909
v 188.3477 1175.7505 -1072.1481
v -955.8002 -284.5548 -1231.5121
v -593.3030 -662.8511 -1224.4230
v 1212.9325 799.8455 -1055.6035
v 1501.5492 534.7958 -1035.1193
v 434.7729 -676.5272 -1238.3390
v 724.2546 -153.9451 -1282.4711
v -897.2179 590.1020 -1192.6658
v -926.4744 -361.5151 -1228.1160
v -649.5039 929.6235 -1134.0437
v 486.6415 1189.0306 -1040.3799
v -530.4127 -710.0242 -1219.8440
v 104.8026 1184.5159 -1070.7094
v 498.7099 -634.1568 -1242.3059
v 1150.5061 870.5439 -1048.2151
v 1456.8463 623.4513 -1029.0791
v 737.0948 -77.4719 -1283.7183
v -944.3511 521.0734 -1197.8752
v -720.0032 883.5667 -1139.7783
v 403.6537 1214.3408 -1036.2578
v 558.6091 -585.8604 -1246.5077
v 20.9738 1188.2744 -1070.0938
v -890.5207 -435.3560 -1224.0825
v -463.9347 -751.4676 -1215.5399
v -985.8180 448.1000 -1202.6610
v 1083.9321 936.4409 -1040.7148
v 1735.7053 0.0000 -1002.1100
v 1406.0698 708.1852 -1022.3909
v -787.4265 832.3311 -1145.7816
v -848.3724 -505.5107 -1219.5363
v -394.4409 -786.9939 -1211.6405
v 613.8771 -531.9258 -1250.7933
v -62.9094 1187.0239 -1070.3013
v 319.6984 1234.7510 -1032.8531
v 1731.5013 104.7366 -1001.5100
v -800.4966 -571.5370 -1214.6324
v 1013.6956 997.4120 -1033.2266
v -851.2830 776.0486 -1151.9264
v -1021.1528 371.6693 -1206.8895
v 1349.7792 788.6525 -1015.2126
v 663.8785 -472.7534 -1254.9950
v -322.4320 -816.4929 -1208.2588
v -146.6262 1180.7651 -1071.3317
v 235.0114 1250.3163 -1030.2163
v 1288.4988 864.5759 -1007.6749
v 1718.9235 208.7152 -999.7100
v -911.1190 714.8708 -1158.0924
v -1049.9498 292.2822 -1210.4270
v -248.4430 -839.8594 -1205.4839
v 940.2792 1053.3976 -1025.8851
v -747.3893 -633.0030 -1209.4955
v 708.0540 -408.7953 -1258.9788
v -229.9525 1169.4849 -1073.1718
v 149.7974 1261.0684 -1028.3724
v 864.1175 1104.3821 -1018.8082
v -1071.8801 210.5081 -1213.1840
v 1222.7727 935.7498 -999.9192
v -689.5804 -689.5803 -1204.2887
v 1698.1769 311.2020 -996.7700
v 745.8293 -340.6019 -1262.5681
v -172.9341 -857.0397 -1203.3885
v -966.4470 648.9850 -1164.1311
v -312.6374 1153.1624 -1075.7948
v 64.2559 1267.0312 -1027.3403
v 1669.5277 411.5030 -992.7500
v 1853.2520 54.4283 -944.6862
v -627.5854 -740.9927 -1199.1439
v -1086.6570 127.0186 -1215.0717
v 785.6001 1150.3567 -1012.0839
v -96.4102 -867.9936 -1202.0375
v 776.7097 -268.8232 -1265.6377
v 1153.1218 1002.0438 -992.0818
v -1016.7487 578.6974 -1169.9011
v -394.4154 1131.7800 -1079.1672
v -21.4217 1268.2223 -1027.1327
v -1094.0951 42.4517 -1216.0302
v 1633.3680 508.9783 -987.7500
v 1844.4668 162.8859 -943.4603
v -561.9233 -787.0317 -1194.2013
v 705.0986 1191.3737 -1005.8181
v 800.2772 -194.1397 -1268.0615
v -19.3166 -872.6885 -1201.4468
v -1061.5491 504.3330 -1175.2609
v 1080.0477 1063.3812 -984.2935
v -475.0588 1105.3035 -1083.2489
v -107.0558 1264.6493 -1027.7557
v 816.1793 -117.3517 -1269.7305
v -493.0991 -827.5421 -1189.5928
v 57.9055 -871.1210 -1201.6411
v -1094.0951 -42.4517 -1216.0302
v 622.9315 1227.4828 -1000.0872
v -1100.3918 426.2837 -1180.0763
v 1590.1669 603.0698 -981.8900
v 1827.0394 270.1590 -941.0452
v -554.2464 1073.6951 -1087.9662
v 1004.0112 1119.7277 -976.6685
v -421.6051 -862.3933 -1185.4196
v -192.4580 1256.2959 -1029.1969
v 824.1938 -39.2570 -1270.5859
v -1086.6570 -127.0185 -1215.0717
v 1801.2141 375.4960 -937.4949
v 925.4404 1171.1046 -969.3214
v 134.7720 -863.2982 -1202.6200
v -1132.8176 345.0619 -1184.2058
v 539.3926 1258.7461 -994.9617
v -631.6661 1036.9506 -1093.2657
v 1540.4438 693.2985 -975.3000
v -1071.8801 -210.5080 -1213.1840
v -277.4409 1243.1356 -1031.4373
v -347.8788 -891.5267 -1181.7903
v 210.8547 -849.2274 -1204.3513
v -1158.4761 261.2011 -1187.5575
v 1484.7543 779.2589 -968.1150
v 844.7202 1217.5458 -962.3445
v 1767.3683 478.2032 -932.9005
v 454.7308 1285.2251 -990.4946
v -706.9579 995.0439 -1099.0470
v -272.3730 -914.8819 -1178.7904
v -1049.9498 -292.2822 -1210.4270
v -361.7912 1225.1544 -1034.4642
v -1177.0358 175.3002 -1190.0182
v 285.6569 -828.9491 -1206.7946
v 1423.6860 860.6465 -960.4850
v 762.1877 1259.1119 -955.8197
v -779.7397 947.9882 -1105.2164
v 369.1805 1306.9891 -986.7386
v 1725.9491 577.6520 -927.3618
v -195.5066 -932.4206 -1176.4823
v -1188.2710 87.9910 -1191.5244
v -445.2930 1202.3000 -1038.2339
v -1021.1528 -371.6692 -1206.8895
v 358.7234 -802.4999 -1209.8768
v 282.9404 1324.0944 -983.7291
v 1677.5133 673.3088 -921.0150
v -849.6084 895.8326 -1111.6803
v 678.1587 1295.8868 -949.8287
v -117.6801 -944.1196 -1174.9125
v 1357.8049 937.2255 -952.5450
v 429.5332 -769.9789 -1213.5336
v -985.8180 -448.0999 -1202.6610
v -527.7029 1174.5211 -1042.6958
v 592.8962 1327.9598 -944.4368
v -1192.0265 -0.0001 -1192.0265
v 196.1920 1336.5985 -981.5014
v 1974.2083 0.0000 -878.9742
v -39.2846 -949.9717 -1174.1199
v -916.1052 838.6324 -1118.2980
v 1622.6395 764.7189 -913.9918
v -944.3512 -521.0733 -1197.8752
v 1287.6892 1008.8394 -944.4400
v 1969.6112 112.6265 -878.3600
v -608.7565 1141.7778 -1047.7996
v 497.5775 -731.4760 -1217.6434
v -1188.2710 -87.9909 -1191.5244
v 506.6291 1355.4012 -939.6875
v 109.1046 1344.5355 -980.0731
v -978.7728 776.5172 -1124.9558
v -688.1422 1104.0431 -1053.4823
v 1213.8800 1075.4053 -936.3050
v 39.2841 -949.9717 -1174.1199
v -897.2180 -590.1019 -1192.6658
v 562.3399 -687.1432 -1222.1091
v 1561.9377 851.5289 -906.4329
v -1177.0358 -175.3001 -1190.0182
v 1955.9033 224.4189 -876.5378
v 117.6801 -944.1196 -1174.9125
v 1496.0425 933.4738 -898.4880
v -844.8714 -654.8300 -1187.1665
v -1037.1205 709.6530 -1131.5133
v 21.8292 1347.9287 -979.4559
v 419.5661 1378.2986 -935.6300
v -765.5622 1061.2443 -1059.6497
v 1136.8816 1136.8816 -928.2600
v 623.2400 -637.1880 -1226.7853
v -1158.4761 -261.2011 -1187.5575
v 1933.2944 334.5697 -873.5524
v 195.5066 -932.4206 -1176.4823
v -1090.6442 638.2662 -1137.8231
v -840.6457 1013.3901 -1066.2261
v 679.7387 -581.8452 -1231.5261
v -65.4807 1346.7977 -979.6616
v 331.8804 1396.7314 -932.3022
v 1425.5591 1010.3646 -890.2935
v -787.8262 -714.9084 -1181.5186
v -1132.8176 -345.0618 -1184.2058
v 1057.1545 1193.2791 -920.4150
v 2092.1428 58.6998 -803.4144
v 272.3730 -914.8818 -1178.7904
v 1902.1254 442.3200 -869.4768
v -1138.8472 562.6555 -1143.7450
v -912.9889 960.4769 -1073.0983
v 975.1274 1244.6591 -912.8800
v -726.5598 -770.1174 -1175.8707
v 731.2643 -521.4713 -1236.2023
v -152.6794 1341.1334 -980.6844
v -1100.3918 -426.2836 -1180.0763
v 243.7316 1410.7615 -929.7316
v 1351.0859 1082.0989 -881.9901
v 347.8788 -891.5267 -1181.7903
v 155.2528 1420.4425 -927.9397
v 2082.4155 175.6497 -802.2031
v 777.2697 -456.4413 -1240.6438
v -1181.2507 483.1902 -1149.1449
v -661.5822 -820.2293 -1170.3491
v -982.1629 902.5440 -1080.1530
v -1061.5491 -504.3329 -1175.2609
v 1862.8503 546.9809 -864.4089
v -239.6147 1330.9229 -982.5183
v 891.1733 1291.0867 -905.7400
v 1273.1711 1148.6274 -873.7001
v 421.6055 -862.3931 -1185.4196
v -593.3431 -865.1294 -1165.0876
v -326.1455 1316.1200 -985.1398
v 1816.0143 647.9539 -858.4666
v -1217.3834 400.3023 -1153.8756
v 66.5734 1425.8053 -926.9376
v 817.2391 -387.2147 -1244.7051
v -1016.7487 -578.6974 -1169.9011
v -1047.7057 839.6710 -1087.2643
v 2063.1250 291.2647 -799.8128
v 1192.3340 1209.9694 -865.5465
v 493.0988 -827.5423 -1189.5928
v 805.6199 1332.6605 -899.0750
v 850.6811 -314.3730 -1248.2566
v -1246.8396 314.5034 -1157.8235
v 2034.5837 404.7039 -796.3043
v -412.0573 1296.6920 -988.5255
v -966.4470 -648.9849 -1164.1311
v -522.3232 -904.6906 -1160.1978
v -1109.1331 771.9877 -1094.3000
v -22.1934 1426.8757 -926.7361
v 1762.2278 744.7240 -851.7797
v 561.9233 -787.0316 -1194.2013
v 1109.0321 1266.1681 -857.6289
v 718.7567 1369.4773 -892.9500
v 877.1751 -238.5042 -1251.1610
v -1269.2695 226.3655 -1160.8882
v -448.9358 -938.8508 -1155.7760
v -497.1810 1272.5780 -992.6400
v -1165.9432 699.6835 -1101.1218
v -110.9322 1423.6638 -927.3406
v -911.1190 -714.8707 -1158.0924
v 1997.2374 515.1933 -791.7639
v 630.8319 1401.6492 -887.4250
v 627.5855 -740.9927 -1199.1439
v 1702.1395 836.8850 -844.4869
v 896.3596 -160.3277 -1253.3130
v -373.5717 -967.5807 -1151.9192
v -1284.3811 136.5127 -1162.9758
v 1023.6705 1317.3091 -850.0381
v 1951.6522 622.0486 -786.3023
v -581.3251 1243.7079 -997.4421
v -1217.6244 623.0093 -1107.5850
v -851.2831 -776.0486 -1151.9264
v 1636.4255 924.1303 -836.7346
v 689.5802 -689.5804 -1204.2887
v -199.5245 1416.1394 -928.7349
v 936.6251 1363.5115 -842.8651
v 542.0559 1429.2860 -882.5500
v 907.9827 -80.5563 -1254.6396
v -296.6450 -990.8422 -1148.7013
v -1291.9846 45.6139 -1164.0330
v -287.8508 1404.2910 -930.9188
v 747.3893 -633.0029 -1209.4955
v -787.4266 -832.3311 -1145.7816
v -1263.6691 542.2881 -1113.5447
v -664.2049 1210.0345 -1002.8792
v 1898.4746 724.6874 -780.0452
v -218.4815 -1008.6422 -1146.1895
v 1565.7351 1006.2379 -828.6567
v 848.2057 1404.8944 -836.1779
v 452.6133 1452.4862 -878.3650
v 2209.1902 0.0000 -717.8094
v -720.0032 -883.5667 -1139.7783
v -375.8018 1388.0625 -933.8708
v 800.4965 -571.5372 -1214.6324
v -1303.5918 457.9167 -1118.8624
v -1291.9846 -45.6138 -1164.0330
v -745.5739 1171.4897 -1008.8923
v 2204.0410 121.6002 -717.2253
v 1838.4006 822.6298 -773.1251
v -139.4545 -1020.9541 -1144.4133
v -649.5039 -929.6235 -1134.0437
v 1490.7266 1083.0763 -820.3959
v 848.3724 -505.5109 -1219.5363
v 362.6512 1471.3286 -874.8950
v 758.6748 1441.5763 -830.0308
v -1336.9543 370.3680 -1123.4187
v -1284.3811 -136.5126 -1162.9758
v -463.1887 1367.4103 -937.5688
v -825.1364 1127.9843 -1015.3931
v 1772.1556 915.5161 -765.6818
v 1412.0018 1154.5870 -812.0782
v 272.3020 1485.9069 -872.1750
v 668.2675 1473.7002 -824.4830
v -59.8567 -1027.7963 -1143.4176
v 890.5206 -435.3563 -1224.0825
v -576.3466 -970.4472 -1128.6909
v -902.5163 1079.5121 -1022.3055
v 2188.6921 242.2444 -715.4918
v -1269.2695 -226.3657 -1160.8882
v -1363.3457 280.1773 -1127.0876
v -549.8678 1342.2507 -941.9750
v 19.9586 -1029.1635 -1143.2169
v -500.9395 -1006.0041 -1123.8259
v 2163.4033 361.0080 -712.6519
v 181.6815 1496.2754 -870.2200
v 1700.4884 1003.0919 -757.8622
v 926.4743 -361.5153 -1228.1160
v 1330.1206 1220.7756 -803.8214
v 577.1680 1501.3809 -819.5709
v -635.6769 1312.5044 -947.0565
v -977.3517 1026.0337 -1029.5294
v -1246.8396 -314.5033 -1157.8235
v -1382.4384 187.9450 -1129.7748
v 99.7135 -1025.0605 -1143.8188
v 2316.9858 62.7654 -621.0622
v 1624.0959 1085.1863 -749.7953
v -423.6359 -1036.2783 -1119.5267
v 1245.6021 1281.6951 -795.7355
v 955.8000 -284.5553 -1231.5121
v 90.8821 1502.4752 -869.0400
v -720.3484 1278.0997 -952.7589
v -1217.3834 -400.3023 -1153.8756
v -1049.2461 967.5381 -1036.9590
v 485.5379 1524.7354 -815.3306
v 2128.6021 477.0318 -708.7799
v -1394.0042 94.3250 -1131.4236
v 179.0573 -1015.4847 -1145.2086
v 978.1348 -205.0916 -1234.1621
v 393.5012 1543.8678 -811.7895
v -344.8210 -1061.2496 -1115.8639
v 1158.8906 1337.4305 -787.9099
v 1543.6714 1161.7324 -741.6174
v 2084.8606 589.5435 -703.9747
v 2306.2039 187.7879 -619.9907
v -1181.2507 -483.1901 -1149.1449
v -803.6552 1238.9399 -959.0222
v -1397.8756 -0.0001 -1131.9774
v -1117.7073 904.1006 -1044.4708
v -0.0001 1504.5372 -868.6450
v 257.6858 -1000.4304 -1147.3562
v 993.1919 -123.7971 -1235.9807
v 2284.8547 311.3052 -617.8813
v -1394.0042 -94.3249 -1131.4236
v -264.8059 -1080.9453 -1112.9083
v -90.8820 1502.4752 -869.0400
v 301.1689 1558.8766 -808.9747
v -1138.8538 -562.6590 -1143.7517
v 1070.4011 1388.1190 -780.4382
v 1459.8335 1232.7207 -733.4430
v 1000.7711 -41.3851 -1236.9054
v 335.2845 -979.9000 -1150.2322
v -1182.2704 835.7934 -1051.9358
v -885.3344 1194.9332 -965.7812
v 2032.8285 697.8721 -698.3444
v -183.8741 -1095.3837 -1110.7092
v -1382.4384 -187.9449 -1129.7748
v 980.4611 1433.8805 -773.3813
v 1373.1672 1298.2173 -725.3869
v -1090.6442 -638.2662 -1137.8231
v -181.6814 1496.2754 -870.2200
v 2253.3042 432.3724 -614.7858
v 411.4679 -953.9054 -1153.7771
v 208.6249 1569.8193 -806.8954
v -1242.4358 762.7385 -1059.2125
v -965.0175 1146.0359 -972.9541
v -102.3498 -1104.5560 -1109.2878
v -1466.6250 278.0230 -1110.0818
v -1363.3457 -280.1772 -1127.0876
v 1973.2692 801.4742 -692.0219
v 115.9451 1576.7627 -805.5698
v 2212.0999 550.1238 -610.7844
v 485.9005 -922.4498 -1157.9237
v -1037.1206 -709.6529 -1131.5133
v -1042.3656 1092.1848 -980.4537
v -1479.0846 251.6026 -1154.6476
v 889.3854 1474.8806 -766.8124
v -272.3126 1485.9049 -872.1750
v 1284.1714 1358.3103 -717.5386
v -20.4901 -1108.4834 -1108.6727
v -1297.6685 685.1967 -1066.1719
v 1906.9670 899.9212 -685.1401
v -1488.1694 198.4321 -1132.8824
v -1336.9543 -370.3680 -1123.4187
v -362.6460 1471.3300 -874.8950
v -978.7728 -776.5172 -1124.9558
v 1193.2990 1413.1488 -709.9879
v -1347.4406 603.4166 -1072.6552
v -1116.9854 1033.3264 -988.1713
v 23.1920 1579.7269 -804.9978
v 558.1555 -885.5819 -1162.5907
v 61.4351 -1107.1746 -1108.8777
v 2161.9158 663.8119 -605.9756
v 797.4097 1511.2584 -760.7765
v -1303.5918 -457.9167 -1118.8624
v -916.1052 -838.6324 -1118.2980
v 1834.7151 992.9002 -677.8319
v -452.6208 1452.4840 -878.3650
v 627.8483 -843.3365 -1167.6813
v -1391.2617 517.7374 -1078.5331
v 143.1799 -1100.6219 -1109.8960
v 704.7452 1543.1731 -755.3221
v -1188.4050 969.5157 -996.0032
v 1100.9353 1462.8861 -702.8062
v -69.5751 1578.7390 -805.1884
v 1757.3108 1080.2128 -670.2332
v 2416.7485 0.0000 -513.6957
v -1263.6691 -542.2880 -1113.5447
v 2103.5408 772.8020 -600.4757
v -849.6085 -895.8325 -1111.6803
v 694.5049 -795.8177 -1173.0840
v -162.2965 1573.7874 -806.1373
v 224.4343 -1088.8231 -1111.7133
v -1428.6271 428.6361 -1083.6703
v -542.0507 1429.2880 -882.5500
v -1256.1486 900.7737 -1003.8133
v 2411.0376 129.6031 -513.2217
v 611.5515 1570.7598 -750.4820
v 2037.8000 876.5994 -594.4039
v 1007.4117 1507.6981 -696.0581
v -1217.6243 -623.0095 -1107.5850
v 757.6955 -743.1310 -1178.6871
v -779.7399 -947.9881 -1105.2164
v 304.9344 -1071.7587 -1114.2942
v -1319.7272 827.1890 -1011.4764
v 1675.4952 1161.7607 -662.4676
v -254.9174 1564.8564 -807.8443
v 912.9979 1547.7567 -689.7938
v -630.8369 1401.6470 -887.4250
v -1165.9432 -699.6834 -1101.1218
v -706.9579 -995.0439 -1099.0470
v 517.9688 1594.1442 -746.2845
v 1589.9867 1237.5345 -654.6587
v 2394.0210 258.1230 -511.8141
v 816.9045 -685.4645 -1184.3500
v -1378.5811 748.9757 -1018.8563
v -718.7497 1369.4810 -892.9500
v 1965.5560 974.8254 -587.8842
v 384.4078 -1049.4209 -1117.6106
v -347.3705 1551.8840 -810.2913
v 424.1014 1613.4451 -742.7540
v 817.9219 1583.2433 -684.0599
v -1109.1332 -771.9877 -1094.3000
v -631.6663 -1036.9504 -1093.2657
v 2366.0073 384.5137 -509.5084
v 1887.6646 1067.2412 -581.0410
v 871.6552 -623.0323 -1189.9384
v -439.5550 1534.8312 -813.4738
v 462.4991 -1021.8014 -1121.5986
v -1432.1763 666.3444 -1025.8058
v -805.6246 1332.6576 -899.0750
v 1501.4045 1307.5729 -646.9055
v 2498.4944 65.9756 -395.8606
v 722.3593 1614.3175 -678.8887
v -1524.2726 134.3485 -1109.1736
v 921.4620 -556.1024 -1195.3113
v -554.2465 -1073.6951 -1087.9662
v -1047.7057 -839.6710 -1087.2643
v 330.0296 1628.7672 -739.9109
v 538.8932 -988.8927 -1126.1948
v -1479.9912 579.5851 -1032.1891
v 1804.9561 1153.7053 -573.9933
v -531.4161 1513.5892 -817.3645
v 2327.5264 507.8105 -506.3690
v -891.1642 1291.0929 -905.7400
v 235.8226 1640.1863 -737.7674
v -1505.8339 48.7961 -1094.6266
v 965.8173 -485.0584 -1200.3275
v -475.0586 -1105.3036 -1083.2489
v 1410.3372 1371.9958 -639.3099
v -982.1630 -902.5439 -1080.1530
v 626.4581 1641.1420 -674.3123
v 2486.7847 197.3659 -395.1065
v 613.2406 -950.6882 -1131.3143
v 1718.2026 1234.1855 -566.8525
v -1505.8339 -48.7960 -1094.6266
v 2279.2590 627.1534 -502.4768
v 1004.2777 -410.2877 -1204.8534
v -1521.4773 489.1377 -1037.8641
v 1317.2849 1430.9518 -631.9553
v -622.7873 1488.0914 -821.9453
v -394.4153 -1131.7802 -1079.1672
v -975.1293 1244.6576 -912.8800
v 2463.6113 327.0981 -393.6220
v -912.9890 -960.4768 -1073.0983
v 685.1213 -907.2415 -1136.8722
v 141.5276 1647.7701 -736.3357
v -1556.1663 395.4184 -1042.7006
v -1497.9561 -146.0050 -1093.4862
v 530.3198 1663.8571 -670.3523
v -1057.1440 1193.2885 -920.4150
v 1628.1256 1308.7236 -559.7221
v -312.6375 -1153.1624 -1075.7948
v 754.1306 -858.5898 -1142.7552
v 1036.3881 -332.3092 -1208.7474
v 2222.0186 741.8171 -497.9298
v -840.6458 -1013.3900 -1066.2261
v -713.5749 1458.1980 -827.1797
v 434.0281 1682.5859 -667.0267
v 1222.6715 1484.6069 -624.9096
v -1583.6296 299.0295 -1046.5947
v 47.1820 1651.5461 -735.6157
v -1482.3152 -242.1540 -1091.2410
v 1535.3557 1377.4314 -552.6925
v 2429.4014 454.1322 -391.4444
v -803.5562 1423.8156 -833.0317
v -1136.8816 1136.8816 -928.2600
v 2156.6865 851.2159 -492.8318
v 1061.7991 -251.6447 -1211.9132
v 819.8202 -804.8205 -1148.8434
v -229.9526 -1169.4849 -1073.1718
v 1126.8761 1533.1697 -618.2411
v -765.5625 -1061.2440 -1059.6497
v -47.1819 1651.5461 -735.6157
v 2384.8083 577.5363 -388.6349
v 337.6428 1697.4443 -664.3532
v -1603.5161 200.5529 -1049.4486
v -1459.0978 -336.5910 -1087.9376
v 1080.1746 -168.9387 -1214.2393
v 881.7415 -746.0530 -1155.0165
v -146.6325 -1180.7643 -1071.3317
v -1213.8894 1075.3945 -936.3050
v -892.5742 1384.7917 -839.4557
v 1440.4464 1440.4464 -545.8390
v -688.1421 -1104.0431 -1053.4823
v -1543.9224 -426.0205 -1145.0334
v 241.1999 1708.5013 -662.3356
v 1030.1879 1576.8196 -611.9927
v 2084.1975 954.8979 -487.2931
v -141.5275 1647.7701 -736.3357
v 1091.2997 -84.8142 -1215.6661
v -608.7565 -1141.7778 -1047.7996
v -1287.6875 1008.8416 -944.4400
v -1615.5541 100.6230 -1051.1860
v -1428.6271 -428.6360 -1083.6703
v -1532.1650 -470.7701 -1124.7574
v -62.9156 -1187.0236 -1070.3013
v 2330.6011 696.4968 -385.2621
v 939.3762 -682.4969 -1161.1329
v 2005.5049 1052.5698 -481.4279
v -980.3344 1341.0283 -846.3972
v 144.7295 1715.8492 -660.9918
v 1343.8936 1497.9779 -539.2365
v -527.7030 -1174.5211 -1042.6958
v -235.8226 1640.1863 -737.7674
v 20.9692 -1188.2744 -1070.0938
v -1391.2617 -517.7373 -1078.5331
v -1593.8195 -41.0397 -1038.3315
v -1565.5303 -9.3991 -997.3977
v -1357.8113 937.2164 -952.5450
v 932.8723 1615.7823 -606.2172
v 2267.6873 810.3380 -381.4091
v 2563.4697 0.0000 -269.4315
v -1066.5914 1292.3612 -853.7881
v 992.2498 -614.3824 -1167.0585
v 1246.1014 1550.2201 -532.9395
v -330.0439 1628.7643 -739.9109
v 835.1154 1650.2334 -600.9423
v -445.2932 -1202.3000 -1038.2339
v 2557.3350 135.1526 -269.1618
v 1921.5072 1144.0486 -475.3402
v 104.7986 -1184.5162 -1070.7094
v 1039.8682 -541.9899 -1172.6376
v -1347.4407 -603.4164 -1072.6552
v 48.2433 1719.5013 -660.3145
v -1423.6829 860.6517 -960.4850
v -1150.9590 1238.7096 -861.5514
v 2197.0208 918.5427 -377.1620
v -1297.6686 -685.1966 -1066.1719
v 1833.0688 1229.2742 -469.1319
v -361.7908 -1225.1545 -1034.4642
v -48.2432 1719.5013 -660.3145
v 1081.7423 -465.7380 -1177.7429
v 188.3460 -1175.7507 -1072.1481
v -424.0927 1613.4474 -742.7540
v 1147.4210 1597.4111 -527.0022
v 737.0751 1680.3630 -596.1989
v -1621.1591 -244.5405 -1066.4492
v -1484.7584 779.2511 -968.1150
v 2119.5876 1020.7402 -372.6097
v 2539.0332 269.1224 -268.3580
v -1233.0963 1179.9386 -869.6006
v -1242.4359 -762.7385 -1059.2125
v 1048.1117 1639.7563 -521.4583
v 1117.4263 -386.0484 -1182.2330
v -277.4407 -1243.1357 -1031.4373
v -1632.4771 -344.9990 -1143.1108
v 271.3782 -1161.9531 -1074.3829
v 638.8665 1706.3379 -592.0086
v -1540.4413 693.3040 -975.3000
v -144.7295 1715.8492 -660.9918
v -1312.5232 1116.0178 -877.8360
v -517.9688 1594.1442 -746.2845
v 1740.9999 1308.2776 -462.8987
v -1627.5664 -386.8403 -1110.2987
v 2508.9473 400.7738 -267.0441
v 2601.8264 68.1312 -136.4027
v 1146.5137 -303.4361 -1185.9878
v -1182.2705 -835.7934 -1051.9358
v -192.4644 -1256.2950 -1029.1969
v 353.6552 -1143.1101 -1077.3940
v -611.5599 1570.7565 -750.4820
v -1576.4863 -429.4450 -1122.0465
v -1638.1328 -414.1767 -1158.5652
v 2036.3591 1116.6993 -367.8400
v -1590.1689 603.0643 -981.8900
v 948.4123 1677.4878 -516.3466
v 540.5734 1728.3113 -588.3900
v -1388.7941 1046.8737 -886.1486
v -1557.9719 -459.8065 -1077.4401
v -241.1999 1708.5013 -662.3356
v 1168.6586 -218.4554 -1188.9010
v 434.9107 -1119.1812 -1081.1277
v -107.0624 -1264.6488 -1027.7557
v 1645.9972 1381.1556 -456.7196
v 1948.2527 1206.3068 -362.9342
v -1117.7073 -904.1005 -1044.4708
v 848.4859 1710.8154 -511.6930
v 442.2510 1746.4124 -585.3555
v 2467.6812 529.0610 -265.2577
v -337.6427 1697.4443 -664.3532
v -704.7315 1543.1793 -755.3221
v 2589.4282 203.7924 -136.1258
v -1576.4092 -41.8855 -930.0385
v -1633.3654 508.9867 -987.7500
v 1183.5819 -131.7768 -1190.8951
v 1548.7052 1448.0819 -450.6715
v -1479.9912 -579.5850 -1032.1891
v -1461.3380 972.5659 -894.4157
v 514.8632 -1090.1361 -1085.5306
v -21.4284 -1268.2222 -1027.1327
v -797.4046 1511.2612 -760.7765
v 2416.0049 653.0690 -263.0459
v -1049.2462 -967.5381 -1036.9590
v -1661.6460 -109.1722 -993.7551
v 2564.8975 337.6752 -135.5805
v -1529.6088 893.1151 -902.5013
v 1191.0848 -44.0499 -1191.8992
v 1856.1372 1289.5637 -357.9706
v 748.4609 1739.9207 -507.5157
v 343.9345 1760.7587 -582.9173
v -1655.9116 -136.7809 -1057.7748
v -434.0190 1682.5884 -667.0267
v -1669.5292 411.4969 -992.7500
v 593.2081 -1055.9617 -1090.5491
v -1432.1881 -666.3190 -1025.8058
v 64.2521 -1267.0315 -1027.3403
v -977.3575 -1026.0397 -1029.5353
v -1679.8319 -205.6621 -1055.5836
v -1671.4601 -178.2734 -1005.1853
v 1449.6615 1509.2603 -444.8167
v 648.4242 1764.9884 -503.8327
v -1698.1747 311.2138 -996.7700
v -889.3880 1474.8789 -766.8124
v 1760.7903 1366.5524 -353.0179
v -530.3314 1663.8534 -670.3523
v -1592.9738 808.7214 -910.2691
v 2354.8301 772.0114 -260.4640
v 669.6065 -1016.6312 -1096.0962
v -1673.9036 -244.4348 -1017.2013
v 149.7928 -1261.0688 -1028.3724
v -1378.5811 -748.9756 -1018.8563
v 2528.7158 468.6698 -134.7813
v 245.6413 1771.4451 -581.0848
v 1349.3268 1564.9100 -439.2072
v -902.5161 -1079.5122 -1022.3055
v -1690.7177 -322.1242 -1040.3429
v -1718.9238 208.7130 -999.7100
v 2285.1731 885.2821 -257.5749
v -980.4711 1433.8737 -773.3813
v -626.4609 1641.1409 -674.3123
v 743.6974 -972.1533 -1102.0917
v -825.1367 -1127.9840 -1015.3931
v 147.3715 1778.5242 -579.8580
v 548.4443 1786.1837 -500.6596
v -1650.8469 719.5563 -917.5784
v 2481.6118 595.7823 -133.7513
v 235.0067 -1250.3171 -1030.2163
v 1662.9032 1437.4219 -348.1371
v -1716.3401 -403.3541 -1062.8477
v -1479.4279 -931.0325 -1141.4556
v -1070.3915 1388.1263 -780.4382
v -1702.5770 625.9879 -924.2838
v 1248.0847 1615.2816 -433.8888
v -1256.1487 -900.7736 -1003.8133
v 815.0753 -922.5397 -1108.4216
v -1731.5004 104.7509 -1001.5100
v 1563.0850 1502.3787 -343.3831
v -745.5740 -1171.4896 -1008.8923
v 319.6960 -1234.7517 -1032.8531
v -722.3563 1614.3187 -678.8887
v 49.1205 1782.0500 -579.2431
v 2208.0723 992.4257 -254.4411
v 448.5421 1803.6299 -498.0015
v 1146.2477 1660.6255 -428.8990
v 2424.4426 718.1526 -132.5167
v -1158.8881 1337.4329 -787.9099
v 883.3105 -867.8450 -1114.9724
v -1747.5745 528.3566 -930.2402
v -1188.4050 -969.5157 -996.0032
v -817.9107 1583.2490 -684.0599
v 403.6512 -1214.3416 -1036.2578
v -664.2047 -1210.0345 -1002.8792
v -1735.7053 -0.0002 -1002.1100
v -49.1205 1782.0500 -579.2431
v 2617.0000 0.0000 0.0000
v 348.7376 1817.4418 -495.8662
v 2124.5952 1093.1549 -251.1286
v 1461.8323 1561.6453 -338.7980
v 2358.1938 835.0803 -131.1079
v -1639.5979 -82.0256 -956.5711
v -1611.4904 -105.5377 -906.4043
v 947.9548 -808.1717 -1121.6302
v 2610.7273 136.8224 0.0000
v -1116.9854 -1033.3264 -988.1713
v 486.6395 -1189.0314 -1040.3799
v -1245.6066 1281.6906 -795.7355
v 1044.0599 1701.1837 -424.2667
v -1785.2634 427.2198 -935.3203
v -581.3256 -1243.7078 -997.4421
v -1663.5858 -150.9005 -954.3152
v -913.0059 1547.7520 -689.7938
v 1359.5969 1615.4886 -334.4241
v -147.3714 1778.5242 -579.8580
v 249.0216 1827.7230 -494.2616
v 1008.5232 -743.6560 -1128.2546
v -1815.1566 323.1000 -939.4062
v -1330.1315 1220.7640 -803.8214
v 21.3651 -1351.0048 -1029.7509
v -633.2235 1810.3296 -649.6741
v 941.7103 1737.1974 -420.0170
v 2035.7306 1187.3030 -247.6959
v -1007.4116 1507.6982 -696.0581
v 568.4090 -1158.7822 -1045.1753
v -1042.3657 -1092.1848 -980.4537
v -497.1811 -1272.5780 -992.6400
v -251.7256 1863.1488 -623.7605
v 2283.9294 946.0346 -129.5577
v 149.3823 1834.5385 -493.1901
v -1813.1467 -300.1968 -1006.2492
v -688.3970 1783.7445 -654.8640
v 1064.5083 -674.5149 -1134.7051
v -965.0176 -1146.0358 -972.9541
v 1942.4465 1274.8478 -244.2025
v 2592.0325 272.4336 0.0000
v -1525.7035 -878.8071 -1113.7881
v -1559.6814 -871.1405 -1065.8868
v 1256.7070 1664.1504 -330.2879
v -1836.8196 216.7193 -942.3980
v 648.6758 -1123.5397 -1050.5748
v -1411.9958 1154.5944 -812.0782
v 2202.7241 1050.6455 -127.8991
v -412.0572 -1296.6920 -988.5255
v -1100.9276 1462.8920 -702.8062
v 839.3406 1768.8741 -416.1665
v 727.1307 -1083.2690 -1056.5094
v 1115.4357 -600.9771 -1140.8409
v -1751.3066 -396.0876 -1014.8828
v -343.9471 1760.7561 -582.9173
v 1153.4595 1707.9126 -326.4193
v 2561.3130 405.6721 0.0000
v 2601.8264 68.1312 136.4027
v -885.3345 -1194.9332 -965.7812
v 49.7877 1837.9365 -492.6543
v -1547.4028 -1007.9699 -1115.4644
v -830.0825 1712.1489 -675.2714
v 737.0506 1796.4271 -412.7318
v -1849.9579 108.7413 -944.2276
v -1740.1586 -441.0711 -994.5641
v -326.1459 -1316.1199 -985.1398
v -1490.7267 1083.0762 -820.3959
v 1845.5936 1355.8473 -240.6987
v -1861.8209 630.6988 -900.6238
v -1489.1323 -1033.9331 -1098.5288
v 803.4323 -1037.9460 -1062.8970
v 1160.8018 -523.3906 -1146.5219
v -1193.3086 1413.1406 -709.9879
v -1633.3654 -508.9866 -987.7500
v -1763.0164 -521.1917 -1017.2702
v 2115.6172 1148.6863 -126.1637
v -239.6146 -1330.9229 -982.5183
v -803.6552 -1238.9399 -959.0222
v -1565.7402 1006.2300 -828.6567
v -1842.5022 572.9935 -891.5782
v -442.2660 1746.4086 -585.3555
v 1745.9413 1430.4465 -237.2305
v 1050.0594 1747.0122 -322.8354
v -120.0127 1924.1067 -506.2177
v -1284.1740 1358.3079 -717.5386
v -938.8618 1673.0317 -705.0622
v -893.0518 1637.2249 -649.6348
v -931.6550 1670.6266 -663.8366
v -955.8640 1659.7502 -656.9406
v -1724.3157 -576.4459 -1044.3965
v -1729.6770 -594.3937 -1014.1458
v -1854.3539 -0.0002 -944.8405
v 2519.1799 535.4683 0.0000
v 2589.4282 203.7924 136.1258
v 877.1937 -987.5553 -1069.6307
v 1200.1228 -442.1538 -1151.6006
v 634.9006 1820.0355 -409.7233
v 2023.6161 1240.0735 -124.3822
v -152.6840 -1341.1329 -980.6844
v -164.8445 1897.3375 -521.4047
v -720.3488 -1278.0995 -952.7589
v -1590.1691 -603.0641 -981.8900
v -971.3331 1673.2812 -706.4618
v -1616.0967 -85.9974 -860.6111
v -1620.7024 -66.4825 -814.8174
v -1636.4174 924.1448 -836.7346
v 2466.4529 660.8841 0.0000
v 2564.8975 337.6752 135.5805
v 1232.9691 -357.7439 -1155.9567
v -605.6301 1837.3864 -617.8494
v 532.9206 1839.8602 -407.1493
v 948.0081 -932.1252 -1076.6099
v -1373.1647 1298.2200 -725.3869
v -223.5878 1890.0183 -541.0880
v -239.3818 1871.0758 -507.9106
v 946.6790 1781.7043 -319.5550
v 1644.1667 1498.8538 -233.8385
v -1702.1365 836.8912 -844.4869
v -65.4927 -1346.7971 -979.6616
v -635.6766 -1312.5045 -947.0565
v -1540.4414 -693.3039 -975.3000
v -1728.8618 -202.4213 -876.8679
v -1459.8250 1232.7311 -733.4430
v 1927.6394 1324.8298 -122.5823
v 1258.9543 -270.7014 -1159.4763
v 1015.4246 -871.7084 -1083.7086
v -2.9536 -1410.3148 -1006.8801
v 843.4241 1812.1958 -316.5874
v -549.8676 -1342.2509 -941.9750
v 1540.8420 1561.3191 -230.5574
v -1812.4695 -272.6864 -948.4172
v 431.1225 1856.0281 -405.0141
v 17.4031 -1331.1993 -983.9983
v 6.5030 -1385.0905 -962.0964
v 2404.0713 781.1301 0.0000
v 2528.7158 468.6698 134.7813
v -1762.2291 744.7208 -851.7797
v 1828.5183 1403.0714 -120.7893
v 1277.7535 -181.6236 -1162.0591
v -1572.5325 -854.9530 -1019.5021
v -1573.8711 -904.9792 -998.2927
v 1078.9729 -806.4115 -1090.8010
v -1797.9409 -344.0164 -987.1911
v -1840.7212 -341.4898 -942.0541
v 54.8961 -1294.6604 -941.2223
v -789.9795 1724.7489 -610.3972
v -823.5236 1710.7733 -577.8402
v -1543.6772 1161.7247 -741.6174
v -463.1886 -1367.4103 -937.5688
v -1850.6340 679.2508 -867.8632
v -1597.3285 -957.2314 -1087.5394
v -1599.7107 -936.8193 -1041.8986
v -1572.0439 -915.3926 -1022.1143
v -67.8763 1950.7528 -498.0822
v 2333.0828 895.5866 0.0000
v -1830.3403 -410.9415 -972.9749
v 2481.6118 595.7823 133.7513
v 114.5407 -1320.0809 -924.3888
v 740.3787 1838.7074 -313.9452
v 1289.1318 -91.1628 -1163.6383
v 1436.4424 1618.0974 -227.4142
v 1138.1556 -736.3906 -1097.7487
v -1547.6400 -986.6771 -1069.9832
v -1562.5786 -1042.1887 -1047.7943
v -1897.0365 621.8797 -863.3178
v 329.4973 1868.6715 -403.3258
v -1792.2585 -511.6210 -969.7104
v -375.8019 -1388.0625 -933.8708
v 637.5784 1861.4083 -311.6331
v 1726.9755 1474.9764 -119.0245
v -1624.0961 1085.1862 -749.7953
v -919.8123 1666.5808 -590.4087
v 1331.3607 1669.4752 -224.4331
v 196.2036 -1336.5969 -981.5014
v -1907.0343 582.6027 -882.1562
v -1778.2827 -576.8730 -995.0540
v -1744.5587 -541.8331 -952.0113
v 228.0164 1877.8766 -402.0867
v -585.7339 1822.8170 -541.0015
v 1192.4620 -661.8637 -1104.4070
v -1700.4833 1003.1008 -757.8622
v -1535.4932 -1151.6663 -1052.9678
v -972.3725 1676.0822 -619.5981
v 2254.5752 1003.8016 0.0000
v 2563.4697 0.0000 269.4315
v 1623.6549 1540.7909 -117.3079
v 2424.4426 718.1526 132.5167
v -1689.5828 -569.1328 -934.8417
v -287.8516 -1404.2909 -930.9188
v -630.3994 1806.8075 -519.6296
v -644.0823 1776.8345 -500.7455
v -248.1968 1915.1437 -495.8842
v 282.9428 -1324.0938 -983.7291
v -1287.6876 -1008.8415 -944.4400
v 1241.3878 -583.1213 -1110.6372
v -1030.1906 1576.8180 -611.9927
v -1902.1245 442.3236 -869.4768
v -199.5290 -1416.1388 -928.7349
v -1744.5197 -662.2281 -955.2460
v 535.0372 1880.4550 -309.6558
v 2169.6277 1105.4805 0.0000
v 2557.3350 135.1526 269.1618
v 369.1761 -1306.9904 -986.7386
v 1225.9149 1715.7413 -221.6338
v 2358.1938 835.0803 131.1079
v -690.8774 1769.5444 -556.4377
v -674.0816 1746.0160 -545.5201
v -660.8320 1796.5725 -526.9537
v -643.0479 1736.0559 -493.9246
v 126.6409 1883.6998 -401.2966
v -1213.8895 -1075.3945 -936.3050
v -1772.1621 915.5037 -765.6818
v -1799.9594 -755.4876 -975.6118
v 432.7482 1895.9996 -308.0195
v 1284.4323 -500.5214 -1116.2948
v 1519.0687 1600.7644 -115.6541
v -1388.0801 -1261.9930 -1045.6550
v -110.9193 -1423.6649 -927.3406
v -1766.4032 -196.1985 -828.7149
v 25.3239 1886.1876 -400.9577
v 11.8057 2063.4858 -385.5547
v 1120.3447 1757.1674 -219.0310
v -1838.4021 822.6265 -773.1251
v -333.7133 1781.9774 -445.8347
v -378.9442 1845.9093 -431.6486
v -1933.2954 334.5635 -873.5524
v 454.7415 -1285.2213 -990.4946
v -1126.8816 1533.1656 -618.2411
v -1136.8817 -1136.8816 -928.2600
v -1824.0044 -314.2404 -899.7230
v -1791.8762 -287.2685 -872.2604
v -1733.1940 -303.1767 -834.3259
v -1786.5730 -275.2348 -851.6136
v 1413.6617 1655.1853 -114.0767
v -1592.9739 -808.7213 -910.2691
v 1321.1204 -414.4957 -1121.2413
v 2079.2922 1200.4800 0.0000
v -1955.9052 224.4034 -876.5378
v -1222.6791 1484.6007 -624.9096
v 2539.0332 269.1224 268.3580
v 2283.9294 946.0346 129.5577
v -22.2091 -1467.5846 -984.3861
v -1850.7286 -383.0653 -894.8074
v 330.6886 1908.1473 -306.7258
v 539.3950 -1258.7451 -994.9617
v -1898.4731 724.6911 -780.0452
v -85.0988 1978.5630 -422.9833
v -451.2606 1806.0127 -449.1702
v -492.1650 1792.7814 -439.2661
v 6.3854 -1434.6512 -940.9731
v -1057.1442 -1193.2885 -920.4150
v 1014.8306 1794.0139 -216.6363
v 1984.5294 1288.7686 0.0000
v 2498.4944 65.9756 395.8606
v 1351.0454 -325.5546 -1125.3696
v -1860.3784 -397.3365 -916.1299
v -1861.1569 -452.1872 -905.6572
v 2202.7241 1050.6455 127.8991
v 2508.9473 400.7738 267.0441
v -1634.0363 -1011.1326 -1041.6521
v -1655.5017 -1008.8177 -1016.7831
v -1630.9506 -983.6583 -986.1531
v -1632.0110 -977.9379 -973.0018
v 228.8144 1916.9874 -305.7762
v -940.0594 1710.5272 -576.4561
v -1969.6107 112.6356 -878.3600
v 51.2546 -1395.1292 -898.7303
v -975.1294 -1244.6576 -912.8800
v -171.9382 1910.7482 -360.0367
v -554.6847 1782.0923 -460.1609
v -541.6907 1717.9193 -426.0147
v -570.1132 1808.7186 -446.3467
v 622.9275 -1227.4849 -1000.0872
v -1317.2949 1430.9425 -631.9553
v 1307.7971 1704.3544 -112.5872
v 909.5031 1826.5273 -214.4590
v -1882.8029 -479.3259 -943.2339
v -1865.3708 -521.3821 -922.4933
v -1648.7075 -1055.5684 -996.1561
v 1373.8254 -234.2648 -1128.5603
v -1410.3252 1372.0083 -639.3099
v -615.8097 1820.9014 -489.0908
v -621.0828 1783.4070 -479.8852
v -612.4980 1803.1201 -474.7660
v -589.9907 1745.6599 -441.3748
v -1856.8879 -563.2807 -893.1113
v -1574.2727 -1096.4316 -1025.8397
v -1598.4740 -1155.7002 -1002.9894
v 1201.7377 1748.5391 -111.1930
v 138.5921 -1288.9646 -880.6481
v -2032.4944 535.7182 -794.1451
v 705.1063 -1191.3691 -1005.8181
v -891.1646 -1291.0925 -905.7400
v -1974.2083 -0.0002 -878.9742
v 1886.2312 1370.4271 0.0000
v -1048.1057 1639.7601 -521.4583
v 2486.7847 197.3659 395.1065
v 127.0741 1922.5776 -305.1708
v 2115.6172 1148.6863 126.1637
v 1389.1816 -141.2551 -1130.7377
v -1572.3132 -1216.0111 -1029.2084
v -1720.9998 -560.4158 -887.1185
v 2467.6812 529.0610 265.2577
v -694.9123 1724.5596 -444.6807
v 243.7317 -1410.7615 -929.7316
v -2031.1901 447.2928 -856.9196
v -2054.4436 508.5759 -831.4039
v -1969.6107 -112.6355 -878.3600
v 804.4445 1854.9283 -212.5053
v -1147.4294 1597.4052 -527.0022
v 1785.1820 1445.6119 0.0000
v 44.8649 2058.9382 -373.0398
v 67.6531 2086.0703 -336.5686
v 785.6017 -1150.3556 -1012.0839
v -1501.3954 1307.5833 -646.9055
v 2463.6113 327.0981 393.6220
v -724.9186 1673.3452 -417.8524
v -757.2718 1740.0281 -428.1879
v -805.6250 -1332.6575 -899.0750
v 2023.6161 1240.0735 124.3822
v 1396.9077 -47.1947 -1131.8390
v -2093.2771 370.6841 -835.7300
v -2094.7490 439.9820 -813.4041
v 2416.0049 653.0690 263.0459
v 1095.7015 1788.0222 -109.9013
v 331.8730 -1396.7333 -932.3022
v 699.7076 1879.4290 -210.7816
v -1420.3649 -1253.6306 -997.8746
v -1796.5073 -727.1494 -962.0288
v -1761.1486 -756.9400 -943.3231
v -1782.9552 -727.2478 -931.3751
v -1962.3175 943.8513 -731.7087
v -1967.0872 880.2506 -723.5532
v -69.1370 2033.3383 -321.4433
v -797.5979 1675.2074 -423.8069
v -1805.9640 -190.7705 -780.4155
v -1789.5973 -233.6668 -760.4649
v -2071.6958 345.2709 -852.9210
v -2060.4753 306.3960 -824.9469
v -2078.9316 328.6749 -812.0172
v 864.1133 -1104.3854 -1018.8082
v -1233.0964 -1179.9385 -869.6006
v -1303.5048 1573.9323 -528.7676
v -718.7495 -1369.4811 -892.9500
v 989.8483 1823.0737 -108.7180
v -1589.9800 1237.5430 -654.6587
v -83.3845 2006.0620 -366.1633
v -134.4671 1937.6437 -337.7429
v -1737.8037 -283.6422 -788.5327
v -1791.1713 -255.6868 -805.8186
v 419.5732 -1378.2964 -935.6300
v -837.2697 1680.8458 -471.8537
v -833.1386 1656.9440 -424.4425
v 940.2866 -1053.3910 -1025.8851
v 1682.0636 1514.5370 0.0000
v -447.1115 1778.7118 -351.2067
v -1656.8108 -874.2767 -855.9517
v -630.8368 -1401.6470 -887.4250
v 1927.6394 1324.8298 122.5823
v 2429.4014 454.1322 391.4444
v 595.3057 1900.2036 -209.2911
v 2354.8301 772.0114 260.4640
v -2082.4167 175.6342 -802.2031
v -901.0635 1660.4513 -466.5494
v -939.4790 1679.0038 -456.5919
v -1150.9591 -1238.7095 -861.5514
v -524.8644 1800.2609 -398.0791
v -547.4252 1712.3177 -369.2230
v -1648.6147 -892.3696 -901.9991
v -1679.5521 -955.3204 -880.7495
v 1577.4702 1577.4702 0.0000
v 1013.6969 -997.4106 -1033.2266
v 506.6288 -1355.4012 -939.6875
v -2023.1394 734.1239 -760.1152
v -1737.9487 1132.8687 -683.1847
v 1828.5183 1403.0714 120.7893
v 491.2271 1917.4128 -208.0367
v 2384.8083 577.5363 388.6349
v 884.2747 1853.9203 -107.6462
v -542.0507 -1429.2880 -882.5500
v -1650.0596 -963.8305 -926.2430
v -1682.1567 -1047.7024 -948.2920
v -1675.1447 -1024.6809 -905.9097
v -226.7423 1873.2300 -295.6211
v 2285.1731 885.2821 257.5749
v -607.4433 1705.3339 -391.5938
v 3.0848 -1485.4702 -919.6153
v 39.2721 -1449.4586 -876.7487
v -2043.5177 605.5119 -761.8797
v -2081.3562 605.8325 -726.0378
v -1440.4464 1440.4464 -545.8390
v -1883.1389 -505.5015 -872.2599
v -1795.8994 -498.3845 -811.9383
v -1066.5913 -1292.3615 -853.7881
v -2092.1428 58.6947 -803.4144
v -1664.9919 -1052.3608 -974.1851
v -1668.1317 -1112.9266 -973.6398
v -1672.9474 -1093.9958 -928.9333
v 1083.9270 -936.4468 -1040.7148
v 592.8866 -1327.9641 -944.4368
v 779.0463 1880.7842 -106.6889
v -269.8994 1884.8772 -323.9281
v 76.3094 -1363.6105 -855.0599
v -2060.2915 549.2411 -739.5607
v -1878.3386 -553.0743 -851.4876
v -980.3348 -1341.0281 -846.3972
v -452.6208 -1452.4839 -878.3650
v -2092.1428 -58.6946 -803.4144
v -1834.7168 992.8974 -677.8319
v 1471.8730 1634.6809 0.0000
v 2416.7485 0.0000 513.6957
v 678.1631 -1295.8845 -949.8287
v -1662.5446 -1163.4340 -959.8982
v 125.1962 -1322.4717 -813.1042
v 145.3423 -1477.5295 -908.7075
v 387.4474 1931.1779 -207.0197
v -387.4609 1831.8193 -327.3573
v 1726.9755 1474.9764 119.0245
v -735.6006 1711.5802 -387.6350
v -2074.8169 467.1615 -774.1653
v -2033.7196 439.5945 -744.6988
v -2048.9370 504.3290 -719.2589
v 1150.5122 -870.5359 -1048.2151
v -1816.0187 -647.9415 -858.4666
v 2330.6011 696.4968 385.2621
v -1535.3459 1377.4423 -552.6925
v -1670.2584 -1232.5907 -973.3368
v -1980.4355 978.0183 -660.4727
v 2208.0723 992.4257 254.4411
v 1365.6694 1686.4611 0.0000
v 2411.0376 129.6031 513.2217
v -1241.1792 1627.9250 -471.9957
v -892.5743 -1384.7917 -839.4557
v 762.1853 -1259.1134 -955.8197
v -362.6466 -1471.3297 -874.8950
v -2025.2654 372.1074 -769.6489
v -2079.2795 397.9607 -790.7762
v 283.9157 1941.5930 -206.2399
v -769.2465 1704.4851 -399.9950
v 674.1926 1903.8608 -105.8484
v 1623.6549 1540.7909 117.3079
v -1603.8093 -1256.8237 -960.3681
v -2006.3535 950.9278 -693.9269
v -2004.0472 909.1182 -658.5876
v 1212.9337 -799.8438 -1055.6035
v 2267.6873 810.3380 381.4091
v 2124.5952 1093.1549 251.1286
v -124.2429 1964.9886 -289.1410
v -272.3125 -1485.9049 -872.1750
v -1279.2543 1601.0607 -493.6959
v -1762.2292 -744.7207 -851.7797
v -1476.5354 -1254.9424 -948.3794
v -440.5231 1756.3907 -324.7364
v -1679.0513 1248.9298 -617.6010
v -1689.1353 1266.2571 -571.4152
v -1984.2167 831.3181 -714.9963
v -2030.0874 882.0327 -691.9223
v 569.7169 1923.3320 -105.1267
v 844.7097 -1217.5531 -962.3445
v -803.5558 -1423.8157 -833.0317
v -184.8267 1896.7356 -251.5519
v -156.0328 1923.7655 -220.8760
v -1349.5760 1505.4482 -505.1743
v -1318.2086 1532.4510 -476.9870
v 1270.6914 -724.5255 -1062.7393
v 1259.1771 1733.1085 0.0000
v -2063.1235 -291.2750 -799.8128
v -518.4470 1728.2931 -306.3451
v -900.2917 1631.7507 -401.9551
v -2076.3655 813.5515 -668.1502
v 180.5786 1948.7611 -205.7005
v -181.6786 -1496.2758 -870.2200
v -713.5753 -1458.1979 -827.1797
v 2394.0210 258.1230 511.8141
v 1519.0687 1600.7644 115.6541
v -1634.0802 -843.7008 -812.1195
v -261.3791 1870.5142 -236.1169
v -259.5196 1852.9844 -215.9474
v -2034.5839 -404.7037 -796.3043
v 925.4441 -1171.1018 -969.3214
v 2197.0208 918.5427 377.1620
v -2095.5647 717.1050 -728.9905
v -2114.9783 718.4321 -708.0639
v -996.0448 1664.7971 -418.9250
v -563.4939 1702.6526 -311.8791
v 1152.6415 1774.9121 0.0000
v 2035.7306 1187.3030 247.6959
v 2316.9858 62.7654 621.0622
v 77.3678 1952.7234 -205.4005
v 1323.2744 -644.8037 -1069.4811
v -1713.4034 -946.6298 -830.7740
v 465.5912 1939.3267 -104.5238
v 1004.0072 -1119.7312 -976.6685
v 1413.6617 1655.1853 114.0767
v 2366.0073 384.5137 509.5084
v -90.8952 -1502.4744 -869.0400
v -622.7872 -1488.0914 -821.9453
v 1370.1323 -561.0390 -1075.6823
v -2111.4399 648.0719 -734.5692
v -2095.5679 675.3157 -691.4253
v -2077.1606 633.2682 -671.6295
v -1834.7301 1115.1831 -630.7783
v -1099.7548 1693.2148 -426.4309
v -626.0687 1675.3885 -311.6909
v -1661.3942 -997.3984 -860.7022
v 27.9918 2072.5088 -202.2298
v 1942.4465 1274.8478 244.2025
v 2119.5876 1020.7402 372.6097
v 361.7786 1951.9827 -104.0413
v -1997.2401 -515.1832 -791.7639
v -370.9899 1817.3029 -247.2412
v -364.9332 1775.4561 -215.5128
v -343.2986 1844.3683 -215.4770
v -2111.0310 550.1577 -690.4588
v -2100.3589 575.8545 -645.7595
v -1930.8881 1097.7443 -578.4216
v 1080.0570 -1063.3717 -984.2935
v -1652.0741 -1066.8125 -890.6157
v -1654.9757 -1039.2516 -829.3374
v -1633.0266 -1081.3682 -812.9553
v -1193.2908 1682.1687 -401.2851
v -669.3018 1652.1780 -311.3819
v 1410.7738 -473.5998 -1081.2015
v 40.9183 -1427.4022 -831.4094
v 42.5908 -1497.6134 -855.8725
v -2148.8721 -17.5899 -725.0079
v -17.3104 2045.7539 -216.9672
v 1046.2349 1812.1322 0.0000
v -1951.6481 -622.0620 -786.3023
v -531.4158 -1513.5894 -817.3645
v 2306.2039 187.7879 619.9907
v -1653.6119 -1136.0712 -910.0346
v -1674.1464 -1204.9908 -911.1095
v -1641.4850 -1108.7384 -863.2728
v -1645.4120 -1177.9556 -880.3948
v -1635.0402 -1150.6178 -831.9333
v -440.8854 1828.5443 -280.3970
v -421.9397 1790.6523 -256.5160
v -1969.2488 1005.3315 -612.8183
v -1968.5393 963.5677 -575.9258
v 1307.7971 1704.3544 112.5872
v -1221.2816 1655.1151 -432.7345
v 72.3618 -1393.3118 -788.2003
v 58.3670 -1469.8506 -811.5415
v -743.5568 1633.8528 -320.7954
v -1946.5168 -105.7601 -721.6342
v -1920.8479 -73.9927 -678.0102
v -1951.8250 -135.9713 -654.6771
v 2327.5264 507.8105 506.3690
v 1153.1235 -1002.0419 -992.0818
v -129.9461 1992.6129 -225.1620
v -108.0570 2019.7601 -187.8174
v 940.0918 1845.0339 0.0000
v 258.2220 1961.3903 -103.6791
v 1444.7474 -382.9328 -1085.9155
v -1676.0554 -1274.2252 -930.1835
v -2227.9680 442.2411 -684.7703
v 1845.5936 1355.8473 240.6987
v 2036.3591 1116.6993 367.8400
v -1987.1190 936.3808 -616.4569
v -1978.6108 894.4582 -587.1194
v 133.2152 -1510.5112 -841.2562
v -1295.7996 1559.5793 -440.1618
v -1266.8005 1586.6101 -409.6789
v 2284.8547 311.3052 617.8813
v -439.5551 -1534.8312 -813.4738
v -2007.9486 -201.4465 -741.5743
v -1976.0142 -167.1462 -698.4039
v -817.4235 1599.3126 -309.3055
v 1201.7377 1748.5391 111.1930
v -137.1685 1950.9817 -180.6172
v -186.1261 1874.7736 -170.7278
v -1560.5819 -1267.4814 -896.8907
v -1589.4028 -1331.6827 -880.2308
v 2279.2590 627.1534 502.4768
v -2163.4011 361.0201 -712.6519
v -2267.4299 366.5939 -682.4674
v -2004.2773 867.3699 -620.8008
v 154.8548 1967.6171 -103.4373
v 1222.7681 -935.7558 -999.9192
v -347.3706 -1551.8840 -810.2913
v 1745.9413 1430.4465 237.2305
v -2036.8483 -262.6245 -718.3860
v -1297.7102 1517.8671 -400.7274
v 1948.2527 1206.3068 362.9342
v 1471.6309 -289.6300 -1089.7128
v -903.1629 1578.8638 -273.8408
v -2188.6912 242.2522 -715.4918
v -1756.5780 1260.4172 -521.1125
v -228.5107 1861.8490 -183.9766
v -227.2266 1855.6989 -173.0434
v 834.2900 1873.8462 0.0000
v -1838.4022 -822.6263 -773.1251
v -2006.0973 -299.7056 -699.4743
v 272.3126 -1485.9049 -872.1750
v -1029.6138 1671.6514 -316.1760
v -966.5471 1583.5823 -280.4104
v -1330.1315 -1220.7639 -803.8214
v 1288.5046 -864.5670 -1007.6749
v -254.9096 -1564.8578 -807.8443
v 1491.0938 -194.2683 -1092.4988
v 1095.7015 1788.0222 109.9013
v -286.6811 1829.1824 -174.1137
v -263.5535 1843.9790 -172.6254
v -2136.1013 731.3096 -661.0836
v -2103.3003 695.0709 -642.3224
v 2253.3042 432.3724 614.7858
v 362.6459 -1471.3300 -874.8950
v 728.8703 1898.7719 0.0000
v 1349.7794 -788.6522 -1015.2126
v 48.2976 2099.6807 -163.3655
v 62.7145 2126.9614 -118.8086
v -1533.4304 1521.5935 -465.7394
v -1533.7472 1503.6877 -435.1403
v -1245.6067 -1281.6906 -795.7355
v 2222.0186 741.8171 497.9298
v -1097.3094 1698.5214 -329.4842
v -2204.0408 121.6044 -717.2253
v 1644.1667 1498.8538 233.8385
v 1856.1372 1289.5637 357.9706
v -1750.9458 -940.3839 -782.6182
v -2107.8042 643.7366 -620.8787
v -349.5635 1802.7155 -171.8683
v 989.8483 1823.0737 108.7180
v 1502.8759 -97.4762 -1094.1975
v -162.3020 -1573.7867 -806.1373
v -1559.6208 1490.5624 -461.7020
v 2212.0999 550.1238 610.7844
v -64.4828 1963.0425 -96.2843
v -39.8446 2031.9014 -99.1646
v -1162.4666 1709.1692 -372.5569
v -1171.0259 1667.5616 -326.7307
v -2282.3604 48.9243 -712.2021
v -2252.5881 11.4409 -693.2193
v 1406.0737 -708.1962 -1022.3964
v 452.6208 -1452.4839 -878.3650
v -1706.4254 -993.2832 -810.1561
v -1718.8439 -1047.8287 -788.1517
v -1949.8893 1111.4761 -531.5898
v -1960.8799 1057.5479 -509.6842
v 2156.6865 851.2159 492.8318
v 1540.8420 1561.3191 230.5574
v -1158.8882 -1337.4327 -787.9099
v 1760.7903 1366.5524 353.0179
v -69.5647 -1578.7394 -805.1884
v -1597.6156 1415.3407 -453.6758
v -108.5344 1978.0093 -149.7949
v -102.5573 1936.1588 -117.9891
v -78.6974 2005.0337 -120.1254
v -89.1547 1894.1759 -93.3653
v -2142.8096 -64.6080 -704.3260
v -1240.1958 1613.6873 -376.8839
v -1202.4733 1640.5673 -354.8427
v 623.8466 1920.0026 0.0000
v 2209.1902 0.0000 717.8094
v -1698.2239 -1088.9852 -768.5101
v 276.8057 2129.8596 -51.5343
v -1957.7955 1032.6652 -565.3946
v -1961.7264 986.3027 -533.9708
v -2156.6284 503.6494 -620.6066
v 1456.8497 -623.4435 -1029.0791
v 542.0514 -1429.2877 -882.5500
v -1693.8099 1345.4843 -459.7967
v 884.2747 1853.9203 107.6462
v -1620.5333 -1123.3246 -787.4495
v -1615.1154 -1104.8993 -753.3574
v -1281.1743 1545.1017 -358.2261
v -1271.8993 1572.4596 -308.7214
v -140.1952 1909.2786 -140.1242
v -146.4054 1867.6334 -96.5619
v 48.2238 -1381.6550 -741.0023
v 23.1889 -1579.7271 -804.9978
v 519.2066 1937.7052 0.0000
v -1980.7306 907.7279 -556.9543
v -1973.7815 931.9489 -511.9885
v -1070.3916 -1388.1263 -780.4382
v -2229.5913 452.7646 -660.8351
v 174.0298 2138.3799 -71.7709
v 222.3322 2123.3345 -22.3650
v 2204.0410 121.6002 717.2253
v 2161.9158 663.8119 605.9756
v -1681.3451 -1246.6288 -866.5947
v -1686.9526 -1315.8114 -882.0854
v -1663.0118 -1219.4154 -825.8275
v -1673.7075 -1288.5096 -836.4012
v -1640.6956 -1192.2542 -788.9002
v -1664.6324 -1261.1453 -786.6780
v -1953.9756 -186.3566 -633.4020
v 1436.4424 1618.0974 227.4142
v 2084.1975 954.8979 487.2931
v 75.5958 -1441.4893 -767.3128
v 86.2683 -1508.0801 -792.4253
v 55.1378 -1357.4602 -696.0343
v 73.2308 -1421.0464 -721.6792
v 97.1027 -1482.3054 -747.7371
v 779.0463 1880.7842 106.6889
v 1501.5493 -534.7957 -1035.1193
v -2054.0964 -800.0325 -815.8027
v -2062.2344 -775.8003 -774.9436
v 1662.9032 1437.4219 348.1371
v -980.4709 -1433.8738 -773.3813
v -249.0721 1814.3143 -114.3865
v -193.6747 1840.9004 -109.3952
v -2285.8315 380.5899 -635.6891
v 630.8369 -1401.6470 -887.4250
v 92.5534 2153.9807 -89.1383
v -1569.8062 -1299.3026 -829.6464
v 1539.6921 -442.6633 -1040.3912
v -2015.2062 -232.4897 -674.4703
v -2013.2581 -281.1895 -653.4982
v -601.1397 1697.7544 -160.9976
v -2068.9150 -849.4097 -798.8129
v 718.7495 -1369.4811 -892.9500
v -1388.1833 1491.8773 -371.8578
v 1331.3607 1669.4752 224.4331
v -2328.6492 292.4012 -656.9587
v -2342.8423 305.6130 -615.6727
v 2005.5049 1052.5698 481.4279
v -309.1697 1837.6520 -143.6934
v -310.1024 1827.7311 -138.8018
v -302.6146 1787.7048 -121.1591
v 1563.0850 1502.3787 343.3831
v 414.9085 1951.9913 0.0000
v 417.8455 2069.7842 51.5813
v 1.4803 2058.7227 -80.5906
v 33.3291 2085.7036 -52.8692
v 68.0569 2112.6396 -27.9186
v 201.3495 -1532.5043 -825.0293
v -1538.7915 -1346.7775 -833.0504
v -1508.0742 -1302.4692 -767.4952
v -2163.4011 -361.0199 -712.6519
v -889.3878 -1474.8792 -766.8124
v -1963.4264 1268.1083 -438.7508
v -621.7667 1697.2208 -142.9436
v -2327.9485 221.7779 -681.3594
v -2380.2942 209.4632 -658.8849
v -2228.0796 746.8461 -542.5604
v 2103.5408 772.8020 600.4757
v 2188.6921 242.2444 715.4918
v 1570.8298 -347.5257 -1044.7756
v 252.5961 -1547.2517 -784.1564
v 674.1926 1903.8608 105.8484
v -1373.1648 -1298.2198 -725.3869
v -1474.3427 -1338.3531 -748.7996
v 805.6245 -1332.6578 -899.0750
v -28.4294 1989.9525 -72.6150
v -60.7899 1921.2300 -62.2758
v -31.1325 1948.2513 -32.4368
v -63.0425 1879.5079 -22.5348
v -23.2431 2017.3853 -19.1484
v 330.1638 2116.3066 3.9580
v 299.4161 2107.6033 47.2594
v 2092.1428 58.6998 803.4144
v -1958.5818 1150.7479 -440.0445
v -2342.3267 95.5932 -683.5518
v -2380.7671 150.9538 -656.4489
v -2402.8030 92.5582 -633.7565
v -2238.5200 719.4856 -590.9558
v -2252.3652 656.2488 -586.1639
v -1156.8408 1694.8485 -281.9432
v 2037.8000 876.5994 594.4039
v -797.4044 -1511.2614 -760.7765
v -2128.5989 -477.0467 -708.7799
v 569.7169 1923.3320 105.1267
v 1225.9149 1715.7413 221.6338
v 2163.4033 361.0080 712.6519
v 1594.5404 -250.0123 -1048.1578
v -1813.9886 -1015.3418 -756.9803
v -1823.8256 -997.8947 -710.8069
v -109.7176 1852.7661 -35.9441
v -1977.1096 1121.8773 -484.1768
v -1998.9241 1063.5634 -461.4958
v 262.7239 2112.2485 15.3155
v 218.9758 2081.6328 18.4426
v 261.7256 2108.4287 35.6427
v 1921.5072 1144.0486 475.3402
v 1461.8323 1561.6453 338.7980
v -2436.2722 2.5515 -667.5723
v -2448.0193 72.0568 -635.3090
v -2287.9973 581.8001 -584.9979
v -2285.3210 650.9905 -566.6857
v -2283.6287 609.2487 -530.7401
v 891.1641 -1291.0930 -905.7400
v -1720.2930 1470.8799 -360.2412
v -1654.4265 1459.3949 -332.5340
v -1639.4408 1429.9738 -325.4422
v -1284.1741 -1358.3077 -717.5386
v -704.7314 -1543.1793 -755.3221
v -2084.8660 -589.5252 -703.9747
v -1797.7212 -1058.2620 -737.0311
v -1789.5057 -1104.4449 -716.5034
v 393.4985 -1543.8684 -811.7895
v -1965.2438 1006.2722 -488.2560
v -2018.9761 1005.9643 -438.9396
v 1120.3447 1757.1674 219.0310
v -151.4465 1825.9609 -54.1271
v -2308.8503 -60.7815 -668.0703
v -2406.6992 -29.4044 -636.7024
v 152.2731 2125.6711 -2.8977
v -2305.9031 512.8110 -588.6259
v 1610.5304 -150.7367 -1050.4617
v -1193.3087 -1413.1406 -709.9879
v 1359.5969 1615.4886 334.4241
v 1833.0688 1229.2742 469.1319
v -1783.9165 1416.9082 -415.7526
v -1747.9064 1443.8373 -392.0454
v -2273.2864 -719.2519 -711.1157
v -1681.5697 -1110.3492 -703.1257
v 2082.4155 175.6497 802.2031
v 485.5484 -1524.7319 -815.3306
v -530.1687 1752.3555 -110.9704
v 975.1294 -1244.6575 -912.8800
v -1990.6555 946.5101 -465.3140
v -2266.2258 -93.0815 -650.0093
v -2373.7048 -123.7356 -615.2775
v 465.5912 1939.3267 104.5238
v -611.5600 -1570.7563 -750.4820
v -2344.3096 449.2368 -561.6819
v -199.8997 1798.6084 -67.1959
v 91.4858 2070.4893 -12.9790
v 134.8200 2097.2781 3.6534
v 83.0781 2156.1086 19.8400
v 73.6322 2029.0436 41.8330
v 1965.5560 974.8254 587.8842
v -1856.2214 1348.8717 -366.8363
v -2245.7817 -736.0741 -772.4287
v -2252.4692 -777.6991 -728.4125
v 2128.6021 477.0318 708.7799
v -1611.2531 -1152.8630 -732.5175
v -1621.3881 -1135.5610 -686.3282
v 1057.1439 -1193.2887 -920.4150
v 1618.5806 -50.3573 -1051.6272
v -1100.9277 -1462.8918 -702.8062
v -2331.0747 383.6918 -586.9778
v -2294.6626 348.9199 -568.4698
v -2367.7788 390.2853 -538.8794
v 577.1686 -1501.3805 -819.5709
v -270.4302 1804.7275 -65.1796
v -1647.2986 -1233.9073 -744.9464
v -1627.6746 -1208.9941 -710.2234
v -1623.6587 -1256.8530 -689.3928
v -2100.7971 -840.8970 -751.0635
v -1880.6565 1321.7480 -401.7239
v 29.6836 2044.0106 -11.7778
v 1014.8306 1794.0139 216.6363
v -1413.1017 1478.0547 -251.7436
v 1887.6646 1067.2412 581.0410
v 1256.7070 1664.1504 330.2879
v -517.9690 -1594.1442 -746.2845
v 1740.9999 1308.2776 462.8987
v 2084.8606 589.5435 703.9747
v -2284.8525 -311.3205 -617.8813
v -2330.9744 284.7623 -544.7481
v 1136.8815 -1136.8818 -928.2600
v 49.6277 -1409.1761 -674.5209
v 87.0098 -1464.9839 -701.5530
v -1633.3042 -1303.4294 -779.3616
v -1624.9452 -1276.0441 -728.9682
v -1580.2328 -1310.2114 -716.8530
v -1566.6388 -1291.2535 -689.2335
v -2103.3809 -891.4026 -729.7620
v -1924.4457 1294.9781 -417.9229
v -1960.2267 1226.3132 -404.2737
v -1942.0862 1253.5088 -363.3316
v 322.1753 2093.1826 73.3153
v 362.3226 2120.0305 93.0328
v 2063.1250 291.2647 799.8128
v -1113.4546 1675.2494 -218.1318
v -1076.4354 1617.0410 -199.0462
v -28.7308 1906.4514 2.8078
v -54.2916 1837.6063 6.5854
v -16.4021 1975.5166 11.8137
v -9.3922 1933.6476 42.6149
v 909.5031 1826.5273 214.4590
v -424.0929 -1613.4473 -742.7540
v -1007.4120 -1507.6980 -696.0581
v 668.2806 -1473.6943 -824.4830
v -2260.8618 774.9039 -452.4326
v 1153.4595 1707.9126 326.4193
v 111.6991 -1547.3057 -773.1311
v 107.8626 -1314.7711 -654.3514
v 119.3933 -1522.8086 -728.2213
v 137.6952 -1586.3033 -753.8827
v 97.7962 -1368.3438 -632.5142
v -2374.1436 175.0132 -611.4651
v -2367.1118 248.7513 -587.6204
v -2347.8733 207.0231 -567.8850
v -1523.2428 -1336.6953 -699.8256
v -1906.9702 -899.9147 -685.1401
v -2071.0837 -924.3589 -711.2483
v -1994.3948 1199.3481 -429.7700
v -1980.1638 1163.4282 -393.0295
v -1106.2494 1639.6499 -206.9952
v -1165.9916 1670.0427 -198.9548
v -913.0060 -1547.7520 -689.7938
v 290.4043 2098.3706 91.5966
v 758.6746 -1441.5764 -830.0308
v -1641.3788 1492.9110 -319.8603
v -1612.5179 1473.9797 -295.7610
v 1213.8893 -1075.3948 -936.3050
v -124.3217 1811.2701 15.7292
v -2253.3049 -432.3685 -614.7858
v 2034.5837 404.7039 796.3043
v -2276.3984 678.3640 -516.8233
v -2242.2988 705.3167 -491.2696
v -2407.1399 112.2132 -587.9783
v -765.0037 1644.6003 -121.5870
v 1804.9561 1153.7053 573.9933
v -330.0436 -1628.7644 -739.9109
v 1287.6873 -1008.8418 -944.4400
v 1645.9972 1381.1556 456.7196
v -1203.5165 1653.8866 -199.3140
v -1262.8955 1627.3523 -200.4685
v 2032.8285 697.8721 698.3444
v 261.5938 -1593.7908 -758.3709
v -1605.3195 1439.4098 -299.9759
v -2212.0950 -550.1434 -610.7844
v -156.8235 1784.2854 -11.3699
v -2286.1216 636.7914 -469.8625
v -2461.5623 30.5051 -584.6742
v -2451.8801 44.6387 -563.6534
v -2436.1636 1.4884 -543.6633
v -1878.0336 -1069.3010 -685.8031
v -1885.5085 -1050.9265 -639.8023
v 804.4445 1854.9283 212.5053
v 848.1932 -1404.9020 -836.1779
v -235.8289 -1640.1854 -737.7674
v -817.9108 -1583.2490 -684.0599
v -825.1454 1624.5524 -108.2655
v -2077.9861 1053.0366 -410.3575
v -2133.6619 1104.8992 -374.6801
v 1050.0594 1747.0122 322.8354
v 1718.2026 1234.1855 566.8525
v 479.4783 2094.4695 198.4930
v 514.0001 2097.1667 207.1399
v -1289.7957 1600.2898 -232.9704
v -1706.0804 1419.2853 -327.8623
v -1776.5741 1430.0875 -268.3184
v 1548.7052 1448.0819 450.6715
v -2311.2905 540.4065 -524.9383
v -2284.7439 567.4911 -492.1026
v -2344.3284 499.2434 -455.4727
v 1357.8113 -937.2162 -952.5450
v -1828.0117 -1098.5977 -668.2758
v -2421.5083 -81.1758 -606.6813
v -2459.6787 -38.7684 -607.3905
v -2435.5544 -11.6894 -572.2250
v -2411.3103 -53.8360 -558.0575
v 1974.2083 0.0000 878.9742
v -722.3560 -1614.3190 -678.8887
v 699.7076 1879.4290 210.7816
v -2113.0713 989.3851 -386.7249
v -2152.4521 1035.9515 -377.4405
v 1997.2374 515.1933 791.7639
v -2221.6628 -677.0263 -669.3499
v -2209.8079 -650.8427 -624.7421
v -2179.0745 -687.8959 -605.8253
v -1362.9374 1532.2559 -183.2492
v -1838.3031 1376.0771 -325.6795
v -1810.1401 1403.1278 -294.3812
v 936.6246 -1363.5120 -842.8651
v -141.5243 -1647.7704 -736.3357
v -1792.4994 -1133.7405 -649.7101
v -2390.5452 451.9570 -512.8995
v -2371.8833 472.1843 -487.3373
v -2205.2356 -146.0072 -566.6873
v -2289.4490 -130.5257 -581.7596
v -2335.2122 -138.6144 -556.3949
v -2368.7466 -96.2984 -561.5814
v -2283.8916 -156.3813 -515.5790
v 59.0830 2056.8066 114.3534
v -306.3817 1793.1616 46.4281
v 1973.2692 801.4742 692.0219
v 1969.6112 112.6265 878.3600
v 1423.6831 -860.6512 -960.4850
v -2107.9456 920.5446 -411.4398
v -2235.5417 940.5613 -376.5969
v -2182.9790 967.1808 -368.8824
v 1023.6594 -1317.3177 -850.0381
v -2252.3098 -819.4618 -690.9891
v -2285.0513 -773.4919 -689.1524
v -2258.4209 -812.2355 -669.9451
v -2242.3486 -734.8624 -646.7520
v -2201.3140 -767.7850 -628.5800
v -1682.6514 -1138.8977 -636.4659
v -1909.2179 1308.0029 -278.1064
v -1385.4215 1505.1051 -220.0180
v -2389.0173 403.1711 -491.7041
v -626.4611 -1641.1407 -674.3123
v -2160.1953 -226.8170 -527.6866
v -2271.1582 -222.1285 -540.8412
v -2226.4019 -182.6912 -498.5915
v 946.6790 1781.7043 319.5550
v 303.7394 2051.7407 128.6878
v 319.8169 2096.7666 134.3897
v 345.2998 2078.5596 147.0385
v 1951.6522 622.0486 786.3023
v 1628.1256 1308.7236 559.7221
v -12.5502 2002.9747 66.5697
v -51.2494 1865.0820 62.1240
v 1449.6615 1509.2603 444.8167
v -2214.8972 -861.8599 -689.5427
v -2219.6455 -834.2654 -626.4757
v -47.1702 -1651.5465 -735.6157
v -35.6850 -1329.9489 -553.1307
v -1006.3748 1552.1113 -88.7627
v -1560.3813 -1209.9194 -648.4684
v 595.3057 1900.2036 209.2911
v 1906.9670 899.9212 685.1401
v -1922.6794 1280.7172 -323.5687
v -2387.7261 332.7262 -516.3328
v -2417.5588 334.3888 -485.0576
v 1484.7587 -779.2507 -968.1150
v 1109.0321 -1266.1681 -857.6289
v 843.4241 1812.1958 316.5874
v 4.7125 -1384.5314 -580.3725
v -91.8392 1796.4879 80.4057
v -2091.6416 -914.7721 -664.0218
v -2220.8159 -903.4960 -646.2623
v -2137.3743 -911.8441 -615.2812
v -2271.6995 802.6219 -383.4977
v 1535.3557 1377.4314 552.6925
v -530.3319 -1663.8533 -670.3523
v -1529.6494 -1246.9738 -629.5565
v -1515.7131 -1219.9719 -585.0906
v 1349.3268 1564.9100 439.2072
v 1540.4415 -693.3035 -975.3000
v -2365.5251 -380.6326 -537.3022
v -2465.6738 238.4162 -517.9824
v -2488.5271 242.5113 -487.9824
v -2480.1035 196.4520 -467.4714
v 77.9243 -1447.2500 -655.4345
v 1955.9033 224.4189 876.5378
v -2052.0190 -939.7479 -658.5003
v -2047.4636 -925.0248 -600.6091
v 150.2832 2068.5610 180.8143
v -434.0197 -1682.5881 -667.0267
v -1578.0891 -1386.9220 -629.3109
v -2265.3994 733.2322 -410.4915
v -2287.0647 664.3243 -410.4824
v -480.6984 1763.1815 -7.6741
v 2060.5833 11.3371 1040.6700
v 2022.1216 62.4904 1043.9562
v 2005.7900 16.0720 1040.2471
v 1192.3257 -1209.9774 -865.5465
v -1229.8439 1681.8464 -115.4048
v -2365.1274 -451.3859 -561.6765
v -2368.9509 -502.4124 -540.2848
v 1898.4746 724.6874 780.0452
v -2490.0481 100.2720 -536.2548
v -2486.6023 169.4763 -518.6818
v -2482.6538 127.6772 -484.9279
v 132.5247 -1496.1107 -683.7017
v 151.8368 -1559.1949 -709.4316
v 159.3896 -1627.0450 -734.3220
v 115.4120 -1410.7220 -612.6631
v 119.2142 -1480.0791 -637.2793
v 479.2840 2058.9001 221.8631
v 505.2869 2075.5242 245.7977
v 1590.1688 -603.0645 -981.8900
v -1965.5610 -974.8152 -587.8842
v 1273.1730 -1148.6255 -873.7001
v -2297.4617 595.2333 -421.3548
v -2293.1619 622.6946 -367.0186
v -563.9348 1737.0569 14.2004
v 740.3787 1838.7074 313.9452
v -2313.3276 -501.3425 -589.7411
v -2338.1301 -560.8607 -566.8434
v 1933.2944 334.5697 873.5524
v -2475.7627 56.3990 -516.4775
v -2422.1050 28.5780 -499.2087
v -2488.4622 72.6825 -470.1033
v 169.9150 -1530.4979 -665.2645
v 214.3886 -1654.3158 -717.1454
v 168.7033 -1601.8809 -689.5223
v -2155.0632 1063.5082 -316.4451
v -2139.1960 1132.5027 -310.8612
v 2049.1792 84.6131 1019.2440
v 1990.8060 127.3500 1038.0414
v -1749.2443 1415.3983 -198.6616
v 1440.4464 1440.4464 545.8390
v -337.6428 -1697.4443 -664.3532
v 1248.0847 1615.2816 433.8888
v -1840.0795 -1011.1737 -597.5986
v -1845.7891 -1062.9623 -576.0735
v -1410.3252 -1372.0082 -639.3099
v -2330.8044 526.5096 -410.0540
v -2298.6562 -615.7939 -594.0212
v 1633.3652 -508.9874 -987.7500
v -2407.7771 -36.5212 -524.5785
v -2371.3557 -68.7233 -500.5859
v -2384.3916 -5.7010 -480.7964
v -2345.3101 -39.4223 -462.4843
v 1757.9131 1039.4489 684.6810
v -1368.5837 1559.8567 -119.3222
v 637.5784 1861.4083 311.6331
v -2165.3169 994.4242 -327.4463
v 1351.0784 -1082.1083 -881.9901
v -241.2093 -1708.5000 -662.3356
v -1870.0927 1362.3959 -198.9213
v -1856.6697 -1088.7788 -620.7590
v -1804.0701 -1117.0458 -603.4142
v -1317.2950 -1430.9425 -631.9553
v 1956.6168 198.6248 968.6994
v 2021.7848 196.1047 1029.0442
v 2044.7108 153.9640 1044.4750
v 1146.2477 1660.6255 428.8990
v 316.2710 -1662.6830 -703.3399
v -2375.5469 430.4681 -446.2489
v -2371.1743 457.9035 -391.9958
v 325.7105 2046.3527 204.1086
v 1879.1768 862.8867 791.9609
v -2302.8728 -666.9980 -572.5986
v -2307.1006 -718.2289 -551.1818
v -2329.0820 -111.2217 -503.8410
v -47.6474 1892.5410 117.1181
v -34.5514 1961.5934 125.3801
v -26.4171 1919.7041 155.0923
v -16.0889 1988.7975 166.0240
v -60.9581 1851.0137 167.5410
v -1869.8356 1334.8738 -257.6527
v 1692.4237 1075.7859 686.2994
v 1660.5662 1064.7716 684.9158
v 1669.5291 -411.4976 -992.7500
v -2413.2029 361.8180 -430.7871
v -2416.8115 389.4036 -368.8249
v 1425.5610 -1010.3618 -890.2935
v -2172.9954 -734.9686 -585.1489
v -2177.2263 -786.1684 -563.7265
v -2181.8337 -766.6332 -517.9321
v -2276.3530 -755.3008 -532.2675
v 1902.1254 442.3200 869.4768
v -144.7179 -1715.8502 -660.9918
v -2356.6138 -180.0073 -498.1708
v -2370.7837 -170.0645 -463.8865
v -2255.7927 -222.6527 -429.8977
v -2369.8462 -221.5549 -447.8124
v 242.1555 2056.0127 272.0304
v 1343.8936 1497.9779 539.2365
v 2029.5088 244.5137 1021.6711
v -1718.1963 -1234.1945 -566.8525
v -2222.5984 895.6426 -357.7516
v -2246.9211 829.7354 -348.9311
v -2298.2825 872.3470 -336.9120
v -2274.6514 899.4500 -301.2644
v 1698.1746 -311.2144 -996.7700
v -1222.6796 -1484.6002 -624.9096
v 1965.7463 53.4576 1030.6226
v 1891.8171 32.2265 1054.2366
v -1445.3600 1464.3533 -124.5805
v -79.2972 1823.8002 126.7742
v 424.0922 -1613.4475 -742.7540
v -416.5434 1775.3843 84.9000
v 535.0372 1880.4550 309.6558
v 1675.4952 1161.7607 662.4676
v -2217.9922 -873.5117 -585.1518
v -2162.9280 -829.8801 -543.6344
v -2493.2358 266.4060 -432.8813
v -2467.6763 293.4665 -399.1075
v -2234.3992 -235.3968 -476.8966
v -2293.7058 -308.8580 -451.5228
v -1099.4844 1597.1908 -56.3195
v -1170.2706 1694.1259 -18.4181
v -1126.8817 -1533.1656 -618.2411
v 489.5886 -1663.5880 -740.1182
v 505.1909 -1728.1777 -765.5820
v 1044.0599 1701.1837 424.2667
v -2272.1711 760.8759 -345.4767
v -2275.1819 788.4310 -284.0893
v 1246.1014 1550.2201 532.9395
v 1496.0358 -933.4844 -898.4880
v -757.3467 1659.0057 21.1032
v -185.6009 1801.9908 129.1239
v 1781.4835 998.0300 734.2701
v 1793.0870 955.6384 792.9362
v -463.9408 1748.6528 72.1655
v 1827.0394 270.1590 941.0452
v -5.2257 -1367.1509 -534.1969
v -48.2405 -1719.5013 -660.3145
v -2166.6646 -902.2946 -567.7163
v -2133.8643 -938.5223 -548.9486
v 1902.8374 101.3124 1064.5037
v 1718.9237 -208.7133 -999.7100
v -2507.9456 206.5873 -420.0092
v -2491.1550 234.7817 -375.7505
v 432.7482 1895.9996 308.0195
v 1589.9867 1237.5345 654.6587
v -1698.3679 -1385.9943 -641.8004
v -1674.1819 -1354.8550 -598.0734
v 1561.9393 -851.5260 -906.4329
v -2298.8813 692.0597 -340.5851
v 48.2397 -1719.5015 -660.3145
v -2120.8171 1159.7192 -270.1413
v -2125.5037 1187.3198 -207.1355
v 941.7103 1737.1974 420.0170
v -2140.6443 -990.7489 -527.3452
v 1862.8503 546.9809 864.4089
v 1920.3226 623.2949 936.2592
v 1897.0044 593.6163 935.2328
v -2474.2993 149.2979 -446.7702
v -2484.3755 95.7004 -424.9310
v -2473.3835 171.0472 -401.3728
v -2484.7024 117.0021 -379.4444
v 611.5600 -1570.7563 -750.4820
v -2421.1721 -452.5852 -512.1929
v -2393.3159 -490.8414 -493.0741
v -2424.5342 -432.5735 -466.4857
v 1701.4784 1052.5989 742.3549
v -1030.1907 -1576.8179 -611.9927
v -1535.3461 -1377.4421 -552.6925
v 1801.2141 375.4960 937.4949
v 1931.6498 157.2510 1011.5811
v 1864.5798 189.9409 1035.8300
v 1731.5004 -104.7511 -1001.5100
v -2330.4407 581.5622 -293.4596
v -2323.3564 650.7036 -279.3879
v -2154.8555 1091.0463 -258.1594
v -2146.8042 1118.4133 -207.4786
v 0.9713 2016.0348 208.0336
v 52.3553 2042.6903 216.8932
v 6.5295 1974.1865 240.2317
v 1811.8569 867.9370 832.2350
v -918.0103 1601.1212 38.1805
v 1622.6340 -764.7305 -913.9918
v -2469.5872 30.7771 -450.3357
v -2510.3945 35.7114 -401.9475
v -266.5650 1779.1038 172.4558
v -2473.8545 -593.6915 -510.4018
v 1147.4210 1597.4111 527.0022
v -1574.0786 -1434.8146 -608.4830
v 1816.0143 647.9539 858.4666
v 144.7180 -1715.8502 -660.9918
v -1382.5804 1587.6211 -47.3314
v 330.6886 1908.1473 306.7258
v 1632.8715 1023.4844 749.2299
v -2335.7122 554.1191 -346.8497
v -2364.3672 512.8365 -281.6088
v 704.7322 -1543.1790 -755.3221
v -1851.9268 1389.6069 -157.9935
v -1806.0502 1374.5966 -106.2394
v -2166.5183 1021.9354 -267.8260
v -2170.6108 1049.5479 -205.3882
v 1875.0441 253.9975 1035.9153
v -932.8721 -1615.7823 -606.2172
v -10.7889 1946.9600 198.4756
v -28.8164 1877.9857 194.9781
v -16.6141 1905.3025 241.6691
v 1501.4045 1307.5729 646.9055
v 1833.3246 5.6915 1052.2599
v 1775.8240 48.4116 1070.2020
v -2448.3977 -663.3800 -555.8867
v -2457.7170 -637.2566 -491.6857
v -2419.0623 -671.1380 -473.3398
v -1571.4899 -1554.4679 -593.7314
v 1799.2809 912.4246 816.9166
v 169.5283 -1438.3655 -595.4267
v 185.1007 -1502.9707 -620.8912
v 223.3611 -1629.3054 -672.3318
v 187.8463 -1572.7552 -645.4369
v 190.4165 -1408.5376 -551.4595
v 203.3603 -1545.0936 -601.0814
v 839.3406 1768.8741 416.1665
v 1048.1117 1639.7563 521.4583
v 1677.5157 -673.3029 -921.0150
v 797.4044 -1511.2614 -760.7765
v -2365.7195 485.3541 -338.7739
v -2373.1299 443.7337 -294.0528
v -1433.6793 1491.6879 -77.3755
v 282.2963 2030.3124 278.8250
v -835.1121 -1650.2350 -600.9423
v -2260.6584 926.7487 -256.3003
v -2255.3435 954.1799 -202.9564
v -2519.6538 -88.4282 -404.5140
v -2487.9482 -125.1197 -385.6682
v -2417.0652 -705.6543 -548.5726
v -2407.7905 -747.5923 -519.9640
v 239.1966 -1459.7284 -579.3066
v 259.7589 -1664.1046 -653.8211
v 228.7305 -1605.7384 -627.2498
v 1767.3683 478.2032 932.9005
v 1725.9462 -577.6608 -927.3618
v -708.4575 1711.9728 95.2784
v 1832.0033 74.9868 1074.4314
v 1783.9177 117.5517 1083.2852
v 737.0506 1796.4271 412.7318
v 1679.2393 966.7172 838.0673
v 1740.5309 961.0150 860.8801
v -2397.9861 416.6181 -328.5262
v -2435.8926 347.9807 -312.8391
v -2403.8384 374.9699 -285.3098
v -1343.9069 -1497.9661 -539.2365
v -2292.5574 858.0188 -246.4066
v 195.3913 2039.3273 329.3432
v -2015.7244 1268.0431 -137.6928
v -1989.9091 1295.1279 -104.1551
v -2328.1748 -180.9832 -400.3580
v -2333.6255 -232.6797 -378.8507
v -2348.2634 -167.7079 -353.4570
v -2382.5315 -789.7468 -506.7772
v -2332.4893 -806.0556 -461.6608
v 1766.0209 774.3138 902.9473
v 889.3878 -1474.8792 -766.8124
v 1543.6714 1161.7324 741.6174
v -161.4483 1775.8368 218.8476
v -768.0359 1685.4569 94.3233
v -2459.7737 320.8661 -348.2570
v -737.0696 -1680.3655 -596.1989
v 1410.3372 1371.9958 639.3099
v 1767.3700 -478.1972 -932.9005
v 364.7184 -1692.6088 -685.6967
v 380.1974 -1664.9697 -641.3450
v -1246.0985 -1550.2224 -532.9395
v -2159.3062 -807.0305 -498.4292
v -2229.3655 -884.7846 -472.2890
v -2240.0249 -818.2255 -447.1795
v -2422.5327 -339.4736 -396.8223
v -2301.7397 816.4005 -199.9816
v 948.4123 1677.4878 516.3466
v 1640.0143 981.6138 779.9014
v 1700.1217 1027.4496 821.4100
v 1663.0371 1008.7468 816.1467
v 1716.2701 993.6148 860.7890
v 1839.5166 144.1348 1088.0768
v 1796.6458 186.6085 1091.9036
v -2041.0552 1240.9320 -171.7218
v -1247.2059 1667.9032 -2.6063
v -638.8576 -1706.3412 -592.0086
v -1832.1810 -1397.2643 -541.2759
v -226.7450 1753.0498 231.4412
v 1748.5522 818.2668 894.7278
v -2459.4690 198.0573 -356.9070
v -2503.8284 252.3431 -326.6213
v -2480.5374 210.9563 -309.9321
v 466.2209 -1722.5127 -717.3251
v 500.2593 -1758.2709 -698.6503
v 443.1435 -1710.4297 -670.2026
v -508.5470 1734.9360 152.4561
v 980.4716 -1433.8734 -773.3813
v -1628.2913 1412.4114 -64.8929
v -2226.8145 -905.1667 -517.9360
v -2236.6665 -959.2368 -497.3372
v -2208.8953 -926.0400 -452.6385
v -2330.1843 720.1096 -251.8874
v -2318.4189 678.1287 -225.6997
v -2303.6140 747.1564 -219.0713
v 1317.2849 1430.9518 631.9553
v 1883.2133 651.8044 959.5176
v 1877.3544 615.8669 954.0630
v 1789.2002 590.5161 946.7700
v -2111.3145 1214.5988 -162.3633
v -2140.5383 1145.8235 -155.0555
v -2126.6536 1173.1047 -109.9912
v 634.9006 1820.0355 409.7233
v 848.4859 1710.8154 511.6930
v 1801.2122 -375.5055 -937.4949
v 1845.6282 435.3596 1069.7687
v 22.2035 2001.4386 283.5754
v 61.6407 2028.3031 303.9700
v 15.6696 1959.8004 327.4531
v 1655.1809 1050.6326 786.1698
v -1351.3148 1642.1350 39.4277
v 1707.2822 22.0467 1077.9006
v 536.7609 -1764.9189 -746.7303
v -1744.7292 -1432.8306 -571.8952
v -1838.8846 -1520.3381 -544.0229
v -2478.3911 140.9065 -334.4328
v 1070.3910 -1388.1267 -780.4382
v -1147.4296 -1597.4050 -527.0022
v -2109.8896 -1027.8315 -508.4358
v -2173.5437 -982.6719 -479.5215
v -2232.7126 -1001.0330 -463.5933
v -2199.8643 -1043.3490 -457.7440
v -626.5201 1723.8772 170.6635
v -2503.8640 -523.9052 -460.5215
v -2520.1785 -454.3601 -423.8570
v -2511.6719 -496.2311 -394.5098
v -1763.7454 1401.3890 -88.6327
v -1735.8949 1386.6896 -19.4746
v 1459.8335 1232.7207 733.4430
v 1766.9773 871.1927 860.8713
v 1741.3027 921.3304 874.6064
v -2334.4553 609.1239 -231.1147
v 1827.0403 -270.1526 -941.0452
v -2155.5789 1076.8000 -161.4373
v -2138.4902 1104.0406 -119.4581
v -540.5611 -1728.3152 -588.3900
v 532.9206 1839.8602 407.1493
v 1734.7615 696.1636 933.1439
v -1378.9161 1615.0742 7.6010
v -8.1429 1932.6838 291.9672
v -1048.1062 -1639.7598 -521.4583
v -2560.5862 36.8278 -352.8818
v -2566.2856 55.9513 -307.0089
v 1828.0597 469.4850 1032.3281
v 1781.9735 502.9647 1020.0322
v -2469.4929 -566.2242 -456.1452
v -2449.1448 -539.0620 -417.2972
v -2490.6187 -607.6537 -398.1693
v -343.5222 1767.7620 236.6269
v 1806.5225 255.7170 1103.2831
v 1774.1975 298.0147 1096.9226
v 1706.0983 91.3397 1099.9407
v -2351.3008 540.1612 -235.7549
v -2334.6743 567.4059 -193.3228
v 626.4611 -1641.1407 -674.3123
v -2218.3953 1008.5977 -121.6924
v -442.2661 -1746.4086 -585.3555
v 1158.8878 -1337.4330 -787.9099
v 1373.1672 1298.2173 725.3869
v 1628.9755 940.0497 828.1376
v 1676.4327 925.0168 878.3577
v 1631.5752 898.2495 863.1907
v 1844.4661 -162.8949 -943.4603
v -2562.5901 -34.8435 -377.0853
v -2564.1199 -84.9706 -355.8590
v -2601.4978 -29.1964 -328.8305
v -1445.1390 1519.4027 -7.8318
v 1222.6715 1484.6069 624.9096
v -120.7663 1807.6818 257.3643
v -88.4834 1837.2356 290.1541
v -2110.2180 -1197.6500 -490.0710
v -2088.3484 -1170.4893 -452.7105
v 748.4609 1739.9207 507.5157
v 1765.2786 747.4517 922.5325
v 1712.0273 751.4278 972.9507
v -2475.9678 -635.3982 -470.7874
v -2463.6482 -677.3528 -445.1210
v -2362.3660 471.0608 -245.9817
v -1911.6423 1348.8650 -62.7635
v -433.0074 1761.4314 196.8172
v 1817.5692 568.7626 1006.7415
v -2246.5115 981.5702 -153.0047
v -1584.8848 -1538.1682 -565.4727
v -1559.8507 -1577.5375 -546.1486
v -1557.9294 -1555.3759 -500.8256
v -948.4182 -1677.4844 -516.3466
v 161.0499 2033.9890 376.7137
v 1869.9806 393.1976 1083.8242
v 1884.2994 351.1974 1107.5543
v 1803.8735 366.7891 1089.1801
v 1826.6980 324.6510 1104.6958
v 1745.3865 340.2521 1087.1571
v 1722.2197 160.3424 1105.2883
v -2532.4270 -121.6855 -337.0151
v -2399.2434 -166.8878 -304.3365
v -2090.7517 -1239.7198 -471.3074
v 722.3561 -1614.3188 -678.8887
v 431.1225 1856.0281 405.0141
v -2400.6511 -713.2023 -453.5424
v -2345.2214 -740.3002 -436.4014
v -2474.8940 -718.9291 -396.6842
v -2416.1621 -747.5576 -385.8514
v 1245.6067 -1281.6904 -795.7355
v -343.9476 -1760.7561 -582.9173
v 1126.8761 1533.1697 618.2411
v 648.4242 1764.9884 503.8327
v 1853.2522 -54.4212 -944.6862
v 194.2061 -1598.2842 -579.3104
v -2412.7295 402.6270 -218.2447
v -1960.3755 1322.1400 -74.1931
v -1186.1570 1660.1102 71.5151
v 1703.4567 813.2299 961.2507
v -848.4772 -1710.8198 -511.6930
v -2360.1548 886.6537 -122.6711
v 123.2774 2060.4133 361.6458
v 71.2952 2013.9149 390.6924
v 1737.0767 566.4055 959.1816
v 817.9108 -1583.2490 -684.0599
v 1330.1309 -1220.7645 -803.8214
v -1877.7822 -1187.4518 -472.2444
v -2358.2305 -804.4152 -434.1864
v -2256.9773 -803.6733 -400.4983
v -1517.9257 1423.8329 -16.9338
v -1505.6047 1451.1556 29.6496
v 1780.3302 408.9373 1074.3384
v 1587.5875 38.2971 1097.4291
v 1751.6805 229.1204 1097.7527
v 1680.8009 202.7936 1107.7186
v 228.2184 -1371.8671 -508.7084
v 241.4565 -1508.3065 -558.3519
v 249.5314 -1646.8422 -607.6263
v 232.9008 -1632.1552 -560.9671
v 231.3748 -1349.2025 -463.4742
v 1284.1714 1358.3103 717.5386
v -2532.1797 280.3159 -240.7711
v 1565.7351 1006.2379 828.6567
v -2033.8499 1254.1216 -24.1576
v -1237.6375 1672.9376 86.6374
v -2287.4631 774.3973 -176.2021
v -535.9769 1735.6427 237.7681
v -1911.2471 -1336.8778 -465.7936
v -2474.4243 -268.1531 -323.2877
v -2563.8962 -353.7637 -295.7534
v 1625.2207 856.6062 906.8986
v 1681.4438 841.4244 948.6543
v 1580.0319 804.6982 916.4150
v 1626.3146 814.8309 943.4001
v -245.6502 -1771.4440 -581.0848
v 264.5046 -1428.1124 -535.6577
v 282.4807 -1541.2393 -540.1797
v 284.3306 -1469.5968 -515.9619
v 270.5251 -1404.2905 -490.6291
v -2273.2246 -881.1320 -423.6784
v 39.5383 1986.9177 362.8793
v 1690.5227 618.8141 964.7607
v -748.4638 -1739.9194 -507.5157
v -2604.0818 184.7444 -250.7333
v -2560.8457 211.5301 -234.0009
v 1411.9957 -1154.5945 -812.0782
v 913.0060 -1547.7520 -689.7938
v -2120.0979 1200.5198 -57.8370
v 329.4973 1868.6715 403.3258
v 1193.2990 1413.1488 709.9879
v 1701.8772 480.4793 1039.1176
v 1743.8116 451.3083 1072.0280
v -269.6088 1737.4543 246.1166
v 1639.5968 64.9407 1105.6769
v 1582.3069 107.6589 1123.4329
v -2308.8608 705.4927 -176.4452
v -2318.7078 733.1772 -108.4675
v 1721.1531 271.3889 1089.6675
v -147.3779 -1778.5237 -579.8580
v -1920.0853 -1409.6172 -485.8109
v -1893.2300 -1449.9979 -470.3159
v -1882.8685 -1374.9253 -446.7115
v 548.4443 1786.1837 500.6596
v 1030.1879 1576.8196 611.9927
v -2533.7222 -433.8703 -367.7277
v -2520.0063 -357.4386 -344.3638
v -2554.7874 -420.9724 -320.7520
v 379.5119 -1643.8455 -595.8315
v -2224.5676 -973.6474 -412.9956
v -2279.4666 -930.9758 -397.5546
v -648.4120 -1764.9929 -503.8327
v -56.9020 1864.2321 318.1445
v -39.3065 1891.4541 359.6260
v 1606.3361 877.9936 880.5206
v 1661.1000 883.5163 930.7205
v 1543.2999 878.1956 902.6535
v 1007.4114 -1507.6984 -696.0581
v -2513.7041 148.0651 -286.4369
v -2629.1646 157.6755 -284.9765
v -2628.4646 115.9100 -248.0902
v -2590.7097 142.7574 -226.0716
v -2148.6899 1062.4623 -72.0358
v -2129.6477 1131.4005 -69.5290
v -2127.8770 1089.6394 -33.6559
v -2318.9546 636.3956 -187.6007
v -2327.4126 664.0792 -120.9500
v -2349.8408 595.1686 -120.2030
v 1651.8196 672.1721 995.4247
v 435.5899 -1692.0942 -624.1998
v 489.5652 -1832.5833 -655.7233
v 482.9916 -1722.4508 -606.4865
v 430.1216 -1672.9103 -578.3453
v -1855.6388 -1456.2097 -518.4736
v -1826.2297 -1494.6984 -501.3029
v 228.0164 1877.8766 402.0867
v -2508.2141 -473.0706 -348.4395
v -2480.7449 -511.4803 -329.2936
v -2528.1797 -459.7214 -301.5452
v -2193.2439 -1015.9304 -405.6795
v -2132.0042 -1031.2019 -368.7488
v 1752.2198 562.1951 1047.2578
v 1675.1180 510.8022 1009.7343
v 1644.0083 134.1395 1122.3312
v 1685.5896 313.7386 1086.4264
v 1490.7264 -1083.0764 -820.3959
v 1490.7266 1083.0763 820.3959
v -1854.2820 1361.1592 36.3564
v -2576.7444 73.1005 -260.7974
v -2649.6101 46.9899 -248.5793
v -2626.0449 74.0862 -212.8705
v -115.0672 1795.9276 353.3924
v -49.1236 -1782.0499 -579.2431
v 529.8953 -1795.8009 -679.6590
v 511.1723 -1732.4617 -653.9678
v 515.2423 -1780.3171 -633.1470
v -2181.7051 1035.4828 -98.6441
v -2200.4634 994.0560 -42.9573
v -2365.7539 526.1650 -125.7566
v -1597.6157 -1415.3406 -453.6758
v -1803.5000 -1536.8544 -485.6603
v -1789.9728 -1509.5408 -440.2596
v 1555.4329 918.9500 894.0283
v -2482.5205 -533.5659 -374.6300
v -2468.2258 -577.2816 -354.5391
v -2465.7109 -554.9031 -309.2558
v -2452.2773 -598.9796 -289.1023
v -1453.5060 1547.0688 58.7189
v -1457.4852 1574.6571 121.0412
v 1565.7404 -1006.2299 -828.6567
v -384.9991 1765.3207 295.1281
v -2170.0601 -1085.5956 -448.9632
v -2137.9622 -1127.8871 -442.3849
v -2143.6548 -1058.5288 -415.9764
v -2116.7263 -1100.7244 -404.4140
v -2094.8467 -1073.6023 -367.0552
v 1100.9270 -1462.8923 -702.8062
v -548.4441 -1786.1838 -500.6596
v 176.6968 2000.3109 450.1222
v -749.0636 1698.4344 230.5315
v 1669.0475 799.8777 998.1837
v 1626.2642 773.0803 981.0239
v 1660.6663 743.0502 1011.5161
v 1100.9353 1462.8861 702.8062
v 448.5421 1803.6299 498.0015
v 603.3163 -1815.6434 -663.8076
v 49.1236 -1782.0499 -579.2431
v -2608.6282 -10.6536 -282.8548
v -2667.8264 -91.2512 -272.7997
v -2667.5352 -21.9755 -252.1916
v -2648.6523 -64.0841 -232.8470
v -1933.3553 1334.9778 54.2332
v 932.8723 1615.7823 606.2172
v 1637.9669 567.6483 1046.3738
v 1515.9209 11.9833 1108.1565
v 1430.5504 27.6553 1094.5404
v 1412.0018 1154.5870 812.0782
v 1713.0375 382.5514 1080.8319
v 1645.4929 356.1710 1087.5815
v 1605.4746 398.5967 1088.6508
v 1600.2013 176.6333 1127.0691
v -178.8960 1769.4919 356.5504
v -2375.1702 498.7954 -175.1325
v -2430.3267 430.4571 -142.7852
v -2377.8369 457.0812 -134.9932
v -2280.0425 940.3710 -83.0593
v -2249.2407 967.3736 -54.3257
v -2473.7312 -649.6631 -376.9066
v -2469.0244 -691.5013 -343.8940
v -2462.1272 -624.3400 -333.8586
v -2081.0281 -1143.1086 -401.2998
v -2055.8684 -1185.2823 -388.0256
v -2061.0732 -1115.9066 -362.1068
v -1495.1421 1478.4825 78.0133
v 115.7428 2051.6421 433.5869
v 87.2817 1999.3999 471.2999
v -1072.2899 1553.7925 168.6020
v -2664.9954 -104.2882 -303.1602
v -2613.5232 -133.0354 -285.7345
v -2463.3579 -171.3906 -254.2723
v -2715.0508 -159.7346 -248.1184
v 1636.4176 -924.1442 -836.7346
v -2010.2828 1281.2340 11.5601
v -1973.3953 1308.1437 34.4235
v 1540.8136 788.7558 967.4952
v 348.7376 1817.4418 495.8662
v 1193.3080 -1413.1411 -709.9879
v 835.1154 1650.2334 600.9423
v -448.5583 -1803.6260 -498.0015
v -2319.6970 913.5190 -103.2528
v -2349.1292 872.2332 -37.2754
v -2293.5784 898.8430 -32.4297
v -2455.7288 -761.0204 -377.6265
v -2452.8938 -733.5242 -321.8935
v -2429.9197 -775.6728 -306.5023
v -2080.2695 -1281.6425 -443.8445
v -2076.6904 -1212.4506 -426.3889
v -2056.0874 -1254.5485 -408.7272
v -2036.6217 -1227.3566 -369.0425
v 1626.5115 619.0039 1064.4136
v 1520.9792 81.1742 1124.1816
v 1462.3735 54.6390 1122.2809
v 1675.3552 424.9413 1079.6509
v 1637.4222 245.2801 1112.0416
v 1581.7075 278.7747 1101.1191
v 147.3779 -1778.5237 -579.8580
v 1702.1364 -836.8914 -844.4869
v -1170.3300 1601.4568 163.5822
v -1287.4832 1661.4291 176.3598
v 1284.1741 -1358.3077 -717.5386
v -2499.8821 -257.0145 -275.9993
v -2734.3081 -228.6932 -250.4337
v -2566.3354 -262.4437 -225.7692
v -837.2069 1652.2260 214.3132
v 1425.5591 1010.3646 890.2935
v -1399.6406 -1537.7538 -441.9787
v -2106.8442 1227.8380 -12.1434
v -2082.3704 1213.1853 60.2606
v -348.7342 -1817.4424 -495.8662
v -2515.6421 307.5894 -198.2635
v -2489.1897 334.6492 -165.3320
v -2434.8782 -872.3879 -381.1021
v -2397.7415 -789.6355 -366.0529
v -2425.7466 -845.0188 -331.4331
v -2060.8450 -1323.7501 -425.0309
v -2042.6030 -1365.8033 -405.0906
v -2042.8055 -1296.5032 -383.9884
v -2023.9391 -1338.6000 -364.6295
v -2370.7915 845.0870 -74.8342
v -2354.8799 803.0881 -52.6278
v -2322.2356 760.7740 -46.5673
v 1007.4117 1507.6981 696.0581
v 1525.9583 836.1925 955.8086
v 547.3107 1815.9412 578.9448
v 584.0103 1817.6593 601.6056
v -267.3626 1729.8937 354.6567
v 1330.1206 1220.7756 803.8214
v -2564.3850 -332.5554 -250.2553
v -598.2414 1709.1700 239.3999
v 1520.2728 150.4577 1145.7668
v -1339.2651 1655.2126 182.3107
v 1603.7036 509.3532 1035.0144
v 1620.7794 467.1981 1086.2964
v 1529.3153 313.0500 1103.9686
v -896.9938 1618.3529 197.9225
v -2121.1533 1158.7963 -19.2395
v -2110.0378 1186.1326 28.5028
v -2103.5042 1144.2494 59.7489
v -29.8014 1918.8138 408.9245
v -13.5626 1946.0558 451.7160
v -1933.9839 -1374.1569 -397.5802
v -1954.6328 -1381.4998 -393.9919
v -2409.8962 -914.5670 -367.6523
v -2316.8579 -926.8174 -353.9688
v -2389.9209 -887.3791 -328.4738
v -2326.0901 -909.1506 -307.8437
v -2363.2546 -860.2948 -295.7416
v -2540.7444 238.7390 -194.9298
v -2536.0071 196.9162 -161.9342
v -2535.3435 266.1619 -141.6786
v 1762.2292 -744.7206 -851.7797
v 284.9612 -1660.6321 -543.5857
v 217.5696 -1475.1576 -465.7102
v -2338.7166 691.7830 -51.5677
v 1373.1648 -1298.2198 -725.3869
v 249.0216 1827.7230 494.2616
v 912.9979 1547.7567 689.7938
v -1755.3950 1372.7971 95.4040
v 737.0751 1680.3630 596.1989
v -1298.8031 -1590.7322 -436.5085
v -249.0348 -1827.7212 -494.2616
v -2568.7761 -405.2457 -274.2856
v -2551.7812 -447.8356 -254.3889
v -2553.3308 -377.5895 -229.9301
v -2561.5000 -430.3945 -208.2277
v 1245.6021 1281.6951 795.7355
v -1423.5568 1601.5878 146.7440
v -1387.9908 1628.5214 170.8964
v 297.5864 -1584.6362 -520.1429
v 297.0540 -1513.9573 -495.7597
v 297.4798 -1634.1733 -499.0215
v -1892.4423 -1428.2856 -424.9072
v -1886.1279 -1404.3405 -379.8963
v -1890.2412 -1396.8167 -360.1134
v -2112.2302 1116.9060 9.7124
v -2145.5339 1048.1626 20.9495
v -2120.4976 1075.2787 55.2623
v 1547.8120 745.7103 995.8091
v 1613.7430 731.5406 1030.6895
v 1545.3324 705.1738 1038.2690
v 1378.3768 1.0150 1086.4377
v 1343.1443 43.3608 1082.9017
v 1305.7576 16.4714 1060.5145
v -2219.4363 -946.2117 -359.4645
v -2234.5273 -943.0741 -338.7583
v -2190.5942 -960.9657 -291.2607
v -2266.5171 -934.6072 -290.9986
v -2556.0525 169.7280 -201.0666
v -2586.2493 100.9358 -192.8071
v -2560.9307 128.0281 -158.7780
v -2546.5227 155.3060 -114.2286
v 1459.8252 -1232.7306 -733.4430
v -93.5725 1823.0924 391.1117
v -67.8945 1850.1769 424.7942
v -2354.1951 622.7524 -57.5360
v 1351.0859 1082.0989 881.9901
v -149.3758 -1834.5389 -493.1901
v -1197.2271 -1638.5608 -431.3502
v 146.9095 1984.1711 509.7698
v 195.4025 1964.4086 508.3696
v 1816.0189 -647.9409 -858.4666
v -2499.9753 -497.8199 -282.4518
v -2573.5996 -506.1797 -231.7059
v -2516.4531 -532.5936 -214.6882
v 408.3315 -1660.3037 -531.3159
v 330.3168 -1550.0292 -477.0293
v 638.8665 1706.3379 592.0086
v -1834.9541 -1467.0277 -434.4126
v -1786.1475 -1482.0985 -385.4716
v -1828.2065 -1439.6384 -382.4348
v -1780.4713 -1460.6755 -345.2416
v -2188.1028 -988.5179 -352.1485
v -2133.3645 -1003.6578 -308.9581
v -681.5701 1683.0541 261.3961
v -2173.2097 1021.1071 -10.8082
v -2178.2202 979.4333 31.6032
v -2657.0259 5.3331 -203.8582
v -2617.6772 32.2113 -183.3733
v -2574.6934 59.0126 -166.4035
v -2560.0291 86.2663 -122.0842
v -2584.4656 17.4116 -119.3872
v -995.0241 1557.6124 239.4466
v -2367.7834 553.7021 -65.3219
v 1485.6221 775.2914 972.4204
v 1862.8466 -546.9940 -864.4089
v 1389.9331 70.0943 1096.1902
v 1403.9346 97.3791 1141.1453
v 1568.3303 621.2784 1091.1990
v 1563.2092 586.0029 1083.6196
v -2458.8804 -530.7301 -264.2815
v -2459.3684 -580.4183 -243.1292
v -1862.3569 1347.0812 140.2004
v 1535.1412 219.4822 1152.3158
v 1543.6777 -1161.7242 -741.6174
v 1541.4733 441.4310 1112.8892
v -1772.2937 -1551.5807 -419.7668
v -1763.0571 -1524.2480 -370.2001
v -482.6031 1748.0273 340.7491
v -2053.4932 -1088.5078 -310.9409
v -2094.0469 -1046.0621 -309.3587
v 817.9219 1583.2433 684.0599
v -1489.1272 1505.9073 130.6745
v -1484.0385 1533.3359 184.2476
v -2646.2444 -36.5817 -176.7025
v -2620.0234 -9.5114 -143.5406
v -2659.9573 -78.1097 -125.8883
v -2263.3818 925.8356 -3.1123
v -2232.4902 952.8372 25.5222
v -764.0282 1656.9255 282.5419
v -2383.2354 484.7018 -71.3052
v -49.7976 -1837.9362 -492.6543
v -1095.1873 -1681.4894 -426.5371
v 1325.0023 953.1947 909.5427
v 526.6526 -1754.3149 -588.4984
v 490.0901 -1698.1803 -561.5283
v 535.4586 -1729.3580 -543.6672
v 1158.8906 1337.4305 787.9099
v -2436.1780 -641.9376 -269.1405
v -2454.1331 -698.7077 -246.7342
v -2442.4148 -623.0631 -223.2296
v -2444.4587 -673.4073 -201.9654
v -1993.4204 1266.7234 91.3229
v -1972.0103 1293.8916 129.1425
v -1762.3900 -1593.5032 -391.7673
v -1737.4261 -1566.4186 -357.3813
v 1468.3203 824.7075 964.3732
v 1432.3900 804.8128 976.1345
v -2043.9393 -1157.9600 -341.0576
v -2038.7782 -1130.5322 -287.5854
v 16.3508 1973.0771 481.3110
v 1451.3422 124.1014 1153.8511
v 1902.1245 -442.3234 -869.4768
v -544.4921 1721.5637 342.0497
v 1549.4154 663.3474 1071.8812
v -2705.7844 -132.3821 -198.5887
v -2702.3394 -174.1844 -164.3500
v -2683.4231 -105.2445 -161.7054
v -2678.1438 -147.0589 -129.2387
v 43.1071 -1524.2084 -407.7324
v -2322.0386 857.5663 32.6196
v -2288.9131 884.5039 59.1052
v -1529.3362 1437.2982 148.5875
v -1522.6385 1464.7057 200.5961
v 1552.3766 503.0800 1099.8490
v 1273.1711 1148.6274 873.7001
v -2490.2351 362.1765 -105.8566
v 722.3593 1614.3175 678.8887
v 1624.0959 -1085.1864 -749.7953
v 587.9872 -1800.4402 -617.2434
v 598.1867 -1774.9139 -572.5134
v -1211.1576 1589.9288 250.5773
v 548.0829 1780.5979 617.0873
v -2466.6238 -725.1253 -291.3022
v -2461.7227 -772.6371 -270.5370
v -2448.0505 -745.7353 -226.0541
v -2404.7439 -777.7308 -208.0444
v -1512.6101 -1532.7017 -341.0663
v -2028.4080 1239.7985 66.6256
v -2004.6116 1197.6455 81.2193
v -1986.0851 1224.8596 121.8096
v -2018.1373 -1200.1410 -328.4137
v -2007.4994 -1242.0846 -301.1116
v -1995.8196 -1173.0016 -291.4921
v 1700.4829 -1003.1013 -757.8622
v -2714.4895 -201.4830 -211.0948
v -2738.0986 -270.4026 -209.2042
v -2717.4890 -243.1988 -170.6244
v -2689.2231 -216.1807 -139.4508
v 638.8577 -1706.3411 -592.0086
v -992.8930 -1719.7416 -422.0919
v -2337.0894 830.3165 -11.3163
v -2324.2065 788.3284 13.8062
v -579.3732 1694.6232 317.2522
v -62.0174 1877.5981 477.5944
v -40.5309 1904.7559 515.3220
v -49.1095 1835.6263 502.7016
v 1426.1925 846.6731 944.5521
v 1209.2246 32.3301 1057.6698
v -1628.1617 1411.4523 185.5336
v -293.5004 -1327.0706 -307.3173
v -2522.1826 293.4771 -95.9085
v -2511.4749 320.7922 -47.7751
v -892.5160 1645.7963 252.0795
v -1293.0675 1650.8890 231.6712
v 1463.1995 667.3304 1034.2218
v 1440.2234 193.5608 1185.4866
v 264.5624 1887.2145 568.4340
v 1933.2954 -334.5638 -873.5524
v 1192.3340 1209.9694 865.5465
v -2410.8811 -817.7266 -287.3374
v -2354.9177 -832.9025 -245.3208
v -2411.4006 -790.2171 -228.3451
v 442.2510 1746.4124 585.3555
v -2021.3607 -1269.3741 -346.2075
v -2002.2397 -1311.4271 -327.1004
v -1975.7153 -1284.3680 -294.2383
v 149.3759 -1834.5389 -493.1901
v -2084.8853 1171.4668 100.2469
v -2085.2971 1129.7281 138.2228
v 737.0688 -1680.3658 -596.1989
v -890.5172 -1753.5608 -418.0397
v -2585.4558 -319.6533 -203.2801
v -2714.3804 -312.5282 -194.5408
v -2698.2712 -354.5628 -172.5273
v -2694.6992 -285.3640 -155.0636
v -2688.0249 -327.1908 -123.9480
v 1070.4011 1388.1190 780.4382
v -2365.2322 719.7399 32.5021
v 1955.9052 -224.4037 -876.5378
v -2546.1890 224.5988 -93.6346
v -2552.5061 182.9210 -49.9723
v -2545.4250 252.0934 -35.9014
v -1699.7539 1385.1499 196.1894
v -635.4693 1668.0593 312.9441
v -100.2969 1781.4474 435.1723
v -83.2966 1808.6941 477.2382
v -1410.8267 -1589.2201 -336.5829
v -2339.2844 -902.4666 -281.3080
v -2340.0537 -902.4358 -280.5700
v -2309.3784 -875.4520 -251.7160
v -2274.5042 -917.7586 -247.8175
v -2262.8337 -890.4413 -200.6205
v -2305.7771 -847.9952 -196.7135
v -966.5223 1577.7778 302.6371
v 1357.2615 889.5854 973.5352
v 1312.4896 862.8201 958.2944
v 1772.1617 -915.5044 -765.6818
v 1278.6146 86.2028 1107.6288
v 1247.0210 59.2133 1079.6521
v 249.0348 -1827.7212 -494.2616
v 195.6550 1922.8511 579.1337
v -2008.8632 -1380.6012 -341.6175
v -1998.5430 -1353.2673 -293.1008
v 622.1808 1686.7849 667.8521
v 1439.6753 762.9349 1006.6635
v 1455.7712 720.9133 1028.6946
v 1394.7601 694.4172 1029.1202
v -2103.7312 1102.5177 97.5483
v 1486.6968 595.1330 1111.5370
v 1509.5638 552.9956 1127.0294
v -417.1057 1760.2267 432.0488
v 1481.9371 373.1581 1149.4515
v -2606.9246 -377.8464 -180.6219
v -2576.9038 -415.1985 -161.6591
v -2669.0681 -396.7996 -163.1506
v -2592.3152 -400.0146 -115.0908
v -2367.5347 650.5275 13.8340
v -2364.4043 608.7033 48.3648
v -2565.6541 113.9039 -58.1806
v -1779.3740 1358.9583 214.5946
v 1838.4020 -822.6268 -773.1251
v 980.4611 1433.8805 773.3813
v -1308.2039 -1640.4607 -332.3247
v -705.3986 1641.7023 321.9721
v -2219.8108 -943.8543 -227.7684
v -2228.5859 -932.7866 -196.1105
v 266.7739 -1625.1815 -451.3528
v -180.0622 1755.2783 453.7169
v 835.1130 -1650.2346 -600.9423
v -1819.2153 -1412.2472 -332.6599
v -1896.1113 -1386.9812 -333.7176
v -1864.8530 -1402.4631 -269.3780
v -1464.8945 1560.5551 224.2475
v -1439.5864 1587.6429 258.2766
v 1969.6106 -112.6364 -878.3600
v -788.1776 -1783.1597 -414.3971
v 1343.2164 931.5725 949.5220
v 1286.2184 905.0128 946.0798
v -2166.1575 1006.7837 78.4398
v -2140.0457 1033.8480 111.7088
v -2567.1726 -482.1956 -186.7032
v -2557.0681 -527.5891 -166.3113
v -2546.8701 -452.5665 -142.6958
v -2539.2717 -499.0136 -122.1250
v 343.9345 1760.7587 582.9173
v 1324.3743 112.9505 1121.9104
v 1348.0597 140.0744 1157.5342
v -466.0835 1733.5149 420.8402
v 1109.0321 1266.1681 857.6289
v 1374.6909 778.2633 973.3696
v 1372.3987 765.7006 991.3799
v 1383.4076 742.7997 1016.1894
v -2366.0566 581.2028 -8.5090
v -2395.3525 512.4261 -1.1320
v -2580.2622 44.8585 -64.9771
v 272.5045 -1502.4750 -448.5336
v 332.0074 -1669.7247 -480.3771
v 283.5993 -1547.4924 -428.2162
v 362.3296 -1706.9697 -461.4369
v 1458.1880 260.5333 1169.6050
v 1464.7421 637.2559 1095.1702
v 1415.5781 610.5641 1084.1614
v -2140.4417 -976.0417 -243.6435
v -2125.4578 -1018.0293 -220.5467
v -1927.3783 1320.6431 144.5015
v 1422.3984 457.6654 1131.7961
v 1443.6134 415.5587 1148.8982
v -1806.7014 -1454.2352 -307.1432
v -685.9451 -1808.7114 -411.1724
v -1511.7584 1492.0457 248.5609
v 1898.4730 -724.6914 -780.0452
v -2478.7878 -566.8527 -196.2743
v -2458.5186 -608.1942 -176.6101
v -2566.9890 -581.0858 -144.4835
v -2551.9810 -624.5132 -124.4428
v -2252.4895 911.4373 82.4139
v -2234.6975 938.6463 123.7027
v 12.8130 1889.6333 559.8661
v 11.9699 1958.9240 581.5872
v 37.3454 1916.7383 594.6523
v 35.2092 1847.4980 575.8085
v 932.8721 -1615.7823 -606.2172
v -1205.1057 -1686.6301 -328.3184
v -2648.0891 -50.7995 -78.8675
v -2631.0061 -23.5571 -36.8881
v 1277.0381 946.9259 917.3887
v 1159.7596 5.6430 1046.9691
v -2063.9282 -1060.8060 -242.4037
v -1739.6273 -1497.1078 -334.3597
v -1716.6646 -1539.2472 -318.9578
v -1690.0210 -1512.1677 -286.2209
v -1735.5907 -1469.6501 -279.7765
v -1969.8763 1252.0994 164.6401
v -1946.8397 1279.2239 200.8641
v 1317.3148 820.9869 991.2032
v 1313.3728 779.6068 997.5919
v 1277.9441 794.0118 992.8053
v 1375.1849 167.1368 1189.8092
v 1403.7747 652.5131 1057.9902
v 1353.6797 625.8348 1047.8762
v 1448.5675 341.8663 1176.6271
v -1223.9276 1583.4633 303.8992
v -1144.0231 1558.5389 300.4905
v 1485.5538 484.1251 1129.3007
v 1455.9889 526.3766 1120.2775
v 1406.7944 499.6840 1109.3005
v -251.6422 1728.9581 464.3584
v -2453.9678 -655.8403 -155.8199
v 889.3854 1474.8806 766.8124
v 1030.1899 -1576.8182 -611.9927
v -1101.7662 -1728.0294 -324.5906
v -2662.6797 -119.7938 -85.6869
v -2536.5259 390.4991 -2.6787
v -8.5263 1862.4656 521.9885
v -18.8661 1931.9156 552.8814
v -1986.6266 -1145.6390 -241.8854
v -2058.5396 -1102.6692 -210.0139
v -5.2839 -1593.2501 -383.1429
v -20.4898 -1528.4985 -357.7052
v 1951.6482 -622.0615 -786.3023
v -583.8760 -1830.4087 -408.3802
v -574.5118 1680.3085 408.5940
v 213.1368 1904.9584 631.2164
v 434.0281 1682.5859 667.0267
v -1969.4478 1182.8024 143.3095
v -1969.1217 1210.3223 201.4727
v 1146.2877 75.1437 1080.8724
v 1023.6705 1317.3091 850.0381
v -896.3683 1631.6345 351.8549
v 486.5507 -1678.2178 -515.8138
v 510.6509 -1717.9839 -496.4241
v 532.6573 -1758.5865 -476.8862
v -1621.5419 1397.1113 275.1953
v -2439.4578 -720.8871 -181.2075
v -2393.7166 -751.8890 -163.3715
v -2441.4888 -700.3167 -135.5982
v -2407.1958 -735.9538 -116.9410
v -1347.9504 1641.1392 286.7529
v -1265.6731 1606.6520 282.7263
v -2340.8081 816.1175 88.3065
v -2351.3511 774.5402 136.0586
v -2330.4082 843.4582 136.7321
v -336.2793 1758.6686 437.0140
v 1368.7162 236.5197 1216.9684
v 1347.6710 696.1241 1034.8776
v 1997.2404 -515.1821 -791.7639
v -2691.2698 -257.8603 -99.9013
v -2688.1179 -188.6785 -82.0392
v -2688.5161 -230.3920 -44.0940
v 1372.5173 389.2346 1159.0575
v -1995.4720 -1214.7452 -254.2765
v -1984.2484 -1187.4075 -206.6257
v -2551.1970 279.7173 28.1552
v 1432.1306 568.5305 1105.7472
v 1384.2798 541.8190 1093.4821
v -481.9887 -1848.3966 -406.0266
v 635.8572 1687.3500 749.7983
v -2044.7129 1156.5607 157.5106
v -2038.0941 1114.7146 188.6951
v -1992.2698 1141.4454 202.9109
v -625.6561 1653.6556 399.5059
v 1126.8817 -1533.1655 -618.2411
v 592.0847 -1745.8260 -523.0850
v 139.7715 1859.0328 629.3706
v 168.5285 1886.0562 660.0744
v 171.3164 1816.7374 636.4724
v -2358.3623 -808.5058 -190.2545
v -2311.4385 -839.0569 -172.5020
v -2330.7712 -775.9771 -146.7699
v -2287.7920 -808.1284 -128.7347
v -998.3665 -1764.8937 -321.1569
v -939.3022 1604.8502 334.8326
v 1213.8800 1075.4053 936.3050
v 1130.1608 982.6935 917.6772
v -1408.2438 1614.6417 286.4966
v -2341.1960 746.8558 67.7668
v 936.6251 1363.5115 842.8651
v -327.7390 -1319.4923 -259.3990
v -1967.6133 -1256.9869 -243.5803
v -1984.3771 -1325.9686 -248.3048
v -1970.7507 -1298.6814 -202.9954
v -1959.8184 -1229.5823 -192.6461
v -2674.2380 -369.1783 -99.6773
v -2684.7551 -299.7677 -68.6165
v -2670.3452 -341.7472 -44.9676
v -417.3941 1718.4751 469.8874
v 1191.0491 101.9087 1096.1201
v -2575.7288 210.8583 30.9282
v 1222.6788 -1484.6008 -624.9096
v 1343.5149 278.6957 1203.7207
v 797.4097 1511.2584 760.7765
v 1339.5963 734.4016 1014.1591
v 1297.7697 697.6145 1024.1190
v -158.5707 1740.6826 529.0077
v -127.5619 1767.6830 557.5430
v -2115.5466 1060.9576 146.5206
v -2092.2554 1088.0925 182.5068
v -2029.4752 1072.7834 217.9301
v 1359.5778 431.2052 1133.9814
v 1368.0934 583.8433 1071.5314
v 1309.8730 553.1019 1058.8347
v 2034.5839 -404.7037 -796.3043
v -669.6517 1626.8726 383.5161
v -895.0423 -1797.4550 -318.0313
v -2267.7732 -870.9252 -154.5188
v -2268.4827 -849.8212 -109.0037
v -2259.8933 -904.7161 -107.4055
v 577.8770 1694.5933 763.1119
v 78.1401 1874.2972 592.8307
v 112.8605 1976.4434 633.3219
v 96.3330 1901.5106 633.7361
v 96.3541 1832.2435 612.8143
v 337.6428 1697.4443 664.3532
v -241.7514 -1355.6770 -289.9117
v -2371.7222 678.1097 76.3484
v -2409.7700 637.0042 150.6449
v -1986.5605 -1395.1937 -267.1182
v -1983.1940 -1367.7563 -211.8715
v -1450.3326 1546.0688 306.2208
v -1416.4863 1573.0015 332.0001
v -2541.5198 -428.9990 -97.6168
v -2619.3171 -389.5437 -67.6892
v -2561.8833 -415.8521 -50.6928
v -2649.4807 -383.8255 -27.5424
v -2563.5027 141.3924 -1.7899
v -2563.3171 99.6374 35.6104
v 748.4639 -1739.9194 -507.5157
v -477.6189 1701.5771 458.4439
v 2063.1235 -291.2754 -799.8128
v 1186.8860 874.0794 949.4120
v 1254.3835 155.8829 1151.9282
v 1210.1250 129.1078 1136.1870
v -2165.4817 992.5318 173.8270
v -2134.0989 1019.5136 202.0075
v -2142.4504 -948.4641 -183.2317
v -2132.6770 -921.1247 -134.1935
v -2242.3403 -910.1549 -135.2261
v -223.8788 1714.2604 533.5916
v 704.7452 1543.1731 755.3221
v -741.3254 1600.5590 394.2272
v -278.7558 -1873.6976 -402.6501
v 1258.6622 727.5474 1029.0825
v 1378.9370 338.4238 1179.0068
v 1409.4896 305.1055 1198.4990
v 1321.3445 320.8242 1187.5608
v 1317.2947 -1430.9427 -631.9553
v -1972.6875 -1437.1906 -242.9396
v -1971.3766 -1478.9680 -206.6365
v -1915.6329 1306.2178 229.2000
v -1860.6497 1332.8315 234.6048
v -1888.2773 1291.5276 298.8402
v 66.3189 1943.7668 625.1499
v 20.6280 1805.9863 627.4502
v 515.2205 1695.4709 733.9280
v 1293.9351 621.7028 1049.7428
v 1339.4637 473.2979 1115.8350
v -2420.0364 540.3661 81.1804
v -2529.7505 -473.7493 -77.3441
v -2567.5801 -537.9860 -52.3984
v -2541.8230 -457.2544 -31.0141
v -1071.6674 1534.6005 370.5395
v 283.3304 1806.1755 690.2670
v 260.1833 1759.2590 684.2827
v -1485.3060 1519.1295 281.5074
v -2569.2080 72.2136 -17.1811
v -2605.5859 3.5476 -2.9589
v -2601.2886 30.9651 51.3671
v -543.0297 1707.2970 436.6530
v -791.8586 -1825.9409 -315.2249
v 1136.8816 1136.8816 928.2600
v 243.4556 -1613.2032 -404.2195
v 279.5832 -1648.0969 -385.6895
v -2126.1465 -990.4901 -161.4174
v -2124.4465 -963.0210 -104.5745
v -2088.7429 -1005.3790 -101.4752
v -2198.1682 965.5690 146.9191
v -2220.0430 924.1600 205.5989
v 1086.5679 48.6299 1080.0659
v 1410.3250 -1372.0085 -639.3099
v 848.4764 -1710.8201 -511.6930
v -279.5902 1687.6798 528.9067
v 2082.4167 -175.6345 -802.2031
v -1791.9597 -1422.5316 -253.4902
v -1737.3887 -1449.9539 -236.2886
v -1716.2108 -1420.0251 -192.3442
v -854.3684 1616.6906 407.3313
v -2578.5718 -565.3315 -100.2631
v -2556.7441 -607.4524 -83.7660
v -2544.3179 -580.1564 -37.2903
v -2531.1311 -573.2936 -35.0109
v -1940.3873 1237.3538 232.1945
v -1910.7185 1264.3893 262.0403
v 1296.5281 182.6938 1169.7119
v 1322.9979 209.7662 1202.6167
v -2667.8958 -92.1859 -22.1750
v -2670.9600 -64.6239 39.2570
v -1192.6199 1561.2937 391.2419
v -28.3243 1821.0481 578.6746
v -1579.3613 1423.9117 292.9399
v -1556.0110 1451.0548 328.8800
v 1207.9130 786.8039 994.9640
v 200.0606 1843.7758 667.1954
v 242.0370 1801.3185 664.2319
v 257.1120 1846.0422 685.4055
v 230.7435 1870.7777 696.0429
v 1314.5986 363.2316 1157.6545
v 1235.7100 610.5864 1048.6080
v 322.4976 -1652.1744 -434.2327
v 356.7044 -1687.8617 -415.5714
v 283.8196 -1575.5083 -361.6492
v 364.1851 -1734.3301 -394.9902
v -688.9385 -1850.5226 -312.7469
v 1301.7316 515.6890 1114.7133
v -177.3296 -1881.2072 -401.6355
v -2088.8997 -1032.8976 -159.7996
v -2063.1116 -1075.0865 -147.1320
v 948.4182 -1677.4844 -516.3466
v -2297.0559 870.4144 163.0027
v -2242.7493 897.0359 169.0529
v -1703.0083 -1483.4315 -218.6943
v -1666.4270 -1449.4202 -174.7975
v -2488.8425 -648.5268 -107.8546
v -2453.5442 -683.7497 -89.2703
v -2504.6616 -691.8268 -58.9218
v -2549.7297 -649.3491 -52.9654
v -2584.0474 418.8020 101.6877
v -2533.9517 445.4814 111.7830
v -2574.5745 376.9208 130.1103
v -348.1649 1703.0680 499.0843
v -1979.6635 1168.7655 249.2253
v -1950.9922 1195.8041 280.0230
v -2691.9126 -161.0603 -19.9010
v -2687.0754 -133.6298 33.9110
v -2679.8645 -175.5063 64.5050
v 397.0282 -1742.4576 -442.8098
v 611.5515 1570.7598 750.4820
v -1318.4100 1574.1748 355.9479
v -1281.4708 1577.5802 380.2376
v 1501.3951 -1307.5835 -646.9055
v -93.3555 1794.6323 582.9949
v 2092.1428 -58.6945 -803.4144
v 1284.1587 252.1770 1202.5549
v -2020.8839 -1117.5215 -150.3410
v -2351.3960 802.0840 194.5823
v -2313.3816 828.9489 216.3414
v 1276.6681 403.2939 1158.8146
v -1629.4458 -1527.4243 -248.6637
v -1635.6996 -1507.9004 -201.3483
v -1615.0452 -1549.0424 -181.7128
v 1233.8824 707.7097 1025.1938
v -2350.1829 -762.3969 -99.9142
v -2458.8591 -734.3732 -65.5692
v -2372.8250 -750.1528 -52.8262
v -2457.3665 -776.1724 -29.4424
v 492.1123 -1753.5651 -428.5157
v -2575.3499 349.3913 72.3771
v 758.6748 1441.5763 830.0308
v -586.2757 -1871.3784 -310.6022
v -2681.5388 -272.2863 -13.2470
v -2695.3926 -202.7622 21.0292
v -2681.5051 -244.7435 45.1848
v -2018.1964 1100.1282 265.5261
v -1990.3491 1127.1865 297.1081
v -937.4444 1590.5758 429.0813
v 1057.1545 1193.2791 920.4150
v 1019.9228 22.2320 1085.9437
v -413.6493 1693.2618 495.4075
v -24.6610 -1650.5714 -360.6353
v -36.9014 -1584.6201 -335.4153
v -24.3682 -1629.0487 -315.1945
v -31.3899 -1560.9871 -290.3457
v 1048.1055 -1639.7603 -521.4583
v -1718.3811 1371.2260 310.2229
v -1389.6096 1600.0851 364.5403
v -1397.1042 1558.4657 409.3475
v -1989.7006 -1159.8008 -142.8922
v -1957.5812 -1202.0992 -136.3244
v 601.1673 1651.8732 790.8713
v 572.2699 1676.1686 803.9777
v 581.5459 1616.0488 817.1868
v 1116.2583 144.9224 1130.7737
v -2406.6819 706.2263 168.5754
v -2339.8350 760.1229 220.9721
v -2406.8547 733.7369 227.2212
v 1589.9801 -1237.5428 -654.6587
v -2275.0359 -781.5819 -84.1864
v -2313.3801 -775.6624 -35.9734
v 1242.7430 294.6287 1204.9912
v -483.8714 -1888.6587 -308.7954
v -2612.6135 239.0080 125.0127
v 1147.4296 -1597.4050 -527.0022
v 18.8967 -1491.2018 -315.0674
v -2653.7063 -314.5094 -2.5589
v -2624.3562 -356.7393 6.6707
v -2646.9294 -287.0812 49.3734
v -2607.3872 -329.5283 48.7575
v 1299.4401 457.2635 1148.4496
v -2105.4763 1046.5419 232.8368
v -2058.3708 1031.5198 283.4012
v -1021.0585 1541.8325 403.2606
v -977.0970 1545.6741 398.8226
v -474.7208 1675.2844 535.1616
v 668.2675 1473.7002 824.4830
v -1953.6793 -1271.4509 -161.0008
v -1949.1633 -1244.0026 -106.8973
v -1784.1815 1344.8188 315.2912
v -1772.9083 1302.8549 341.9562
v -1413.8101 1531.2196 366.9922
v 975.1274 1244.6591 912.8800
v -1488.7415 -1590.4032 -228.9665
v 1675.4913 -1161.7664 -662.4676
v 618.0797 -1773.5852 -461.8962
v 652.1481 -1809.3284 -443.2228
v 482.2059 1654.7604 769.3271
v 532.2092 1705.3197 800.4000
v 514.7130 1660.5118 805.6408
v 501.7624 1628.0510 800.7433
v 525.5816 1634.4071 812.5490
v -2421.0791 664.6949 220.0420
v -2249.3376 -820.6931 -64.9138
v -2251.6819 -877.3507 -56.8627
v 62.0352 1791.0632 683.5193
v 285.1826 1744.6000 756.1858
v 1080.0477 1063.3812 984.2935
v 126.6343 -1883.7003 -401.2966
v -2580.7302 169.1958 73.3316
v -2622.4248 128.1203 151.1503
v 1183.7102 198.8260 1182.5917
v 1146.5836 171.9340 1159.9779
v -2618.9619 -426.1024 -19.4480
v -2600.2546 -398.9164 20.9732
v -2577.9456 -441.0261 36.9944
v -2567.5073 -371.9502 47.8275
v 818.5489 1403.6788 881.8032
v 832.3600 1358.6711 876.1407
v -2145.9600 977.9706 251.0199
v -2097.8501 1004.6710 263.0469
v 1091.9286 904.5455 956.3196
v 1057.6396 879.8420 981.0867
v -1972.7990 -1409.6788 -184.3543
v -1964.8309 -1340.5179 -171.1508
v -1946.5583 -1313.3163 -130.3070
v -1966.8308 -1382.2603 -131.6322
v 1217.0862 336.8142 1192.1892
v -1383.9630 -1644.4404 -225.9017
v -1841.0486 1318.2561 311.7132
v -1815.5272 1276.0687 324.6411
v -1811.5669 1234.2388 358.3741
v -536.0286 1692.9541 525.9581
v -1485.0093 1504.8915 377.2558
v 1168.6923 598.5339 1067.1998
v 1246.0985 -1550.2224 -532.9395
v -250.0644 -1337.6304 -243.8519
v -381.7086 -1902.4880 -307.3296
v -2457.9238 568.5412 176.2390
v -2447.9983 595.8978 225.1251
v -2152.0803 -893.2699 -56.9835
v -2136.1438 -935.3012 -34.8003
v -2640.9373 59.1935 148.1217
v -2581.4048 -468.5161 -18.1299
v -2554.6746 -510.7058 -6.3753
v -2551.1580 -483.2453 48.7029
v 1757.3086 -1080.2164 -670.2332
v -1960.3287 -1451.6262 -158.8337
v -1934.2729 -1493.8441 -146.4108
v -2188.2771 951.1718 233.4121
v -2196.9148 909.5430 279.3077
v -2150.9495 936.2864 293.4007
v 787.3798 1368.9916 865.1932
v -1167.1293 1552.6069 452.0774
v 1343.9069 -1497.9659 -539.2365
v 1229.2157 225.5789 1197.1295
v -1918.4521 1222.7535 307.0616
v -1889.9550 1249.7955 338.0215
v -279.7215 -1912.9784 -306.2080
v -1533.3202 1478.1782 365.4268
v 228.0129 -1877.8770 -402.0867
v -588.6339 1666.3164 518.2778
v -2099.8569 -977.6627 -32.2696
v -2522.7959 472.8125 159.4866
v -2496.5371 499.8997 192.6172
v -2489.9497 527.3026 244.7260
v 1200.5450 515.3282 1128.8995
v 1213.9331 492.1942 1150.3223
v 1834.7173 -992.8963 -677.8319
v -2526.1821 -622.2198 -17.2327
v -2528.8452 -552.9030 6.2544
v -2517.9167 -594.8393 33.2718
v -2662.4451 -37.2704 89.5086
v -2668.0857 -78.9073 132.5260
v -2660.6553 -9.7521 146.2594
v 891.1733 1291.0867 905.7400
v -1915.8790 -1535.8969 -126.5990
v -1892.8824 -1578.0421 -111.2384
v -108.6113 1753.1335 635.2875
v -70.4004 1780.0098 656.8723
v -1278.6715 -1693.2227 -223.0094
v -2275.7756 855.8610 238.5146
v -2235.8313 882.7018 258.4232
v -2245.8574 841.1213 305.6629
v -1250.1302 1559.0789 433.2387
v -1293.2430 1559.3237 440.9051
v -1219.7418 1532.2174 446.3795
v 1004.0112 1119.7277 976.6685
v 1068.5598 118.2061 1118.3506
v -1964.7239 1154.2646 330.8378
v -1935.6327 1181.2834 361.2143
v -1641.5868 1383.2261 390.5969
v -1606.9076 1410.1627 415.5854
v -2059.1316 -1047.5957 -92.5060
v -2064.3723 -1020.0076 -28.9714
v -2030.5747 -1062.3260 -24.0392
v -2553.3416 404.0444 168.0760
v -2551.2808 431.5627 224.5589
v -616.3186 1639.2545 486.5207
v 1029.5127 988.1954 954.3425
v 1057.1798 984.1645 977.6224
v 1023.9894 942.9830 956.9183
v 998.6771 949.5726 975.8026
v -2496.4070 -664.4755 -8.4093
v -2476.5762 -706.5465 9.9984
v -2497.7251 -636.9407 51.3420
v -2675.9451 -106.3072 81.6377
v -2672.0967 -148.1301 115.4855
v 1440.4462 -1440.4467 -545.8390
v 545.3917 1613.4226 827.7979
v 535.1072 1603.6000 824.6589
v 525.4904 1603.1143 854.8163
v 545.0342 1553.9379 850.1257
v -1173.1405 -1737.0289 -220.3063
v 318.5217 -1681.8668 -367.3670
v 293.5175 -1621.0742 -341.2268
v 342.3225 -1721.7560 -347.9592
v 299.2366 -1668.2645 -320.5222
v -177.9274 -1920.1863 -305.4305
v -2306.6523 787.0910 247.4183
v -2274.4490 814.0566 274.7943
v -915.3958 1575.9697 503.8203
v -180.4052 1726.8193 646.1350
v 124.0130 1775.7850 719.7171
v 1906.9702 -899.9146 -685.1401
v -2002.8473 1085.6482 346.7413
v -1972.2295 1112.6550 375.6655
v -1986.6395 -1132.3322 -87.3682
v -2036.9341 -1089.7239 -76.3775
v -1995.3944 -1104.6541 -20.4340
v -1696.0659 1356.6194 384.7237
v -2629.6001 308.5352 162.3271
v -2626.7698 336.0307 218.0729
v -2608.9089 293.9735 238.3918
v -2591.3564 362.9467 242.3561
v 925.4404 1171.1046 969.3214
v -698.0911 1613.1157 506.9988
v -2455.9666 -748.6618 27.6845
v -2435.5549 -790.7486 45.5324
v -2669.0093 -217.4630 91.5993
v -2653.5088 -259.4779 114.2045
v -2660.8806 -190.0809 142.2266
v -1610.5807 -1476.3423 -157.6877
v -1588.3353 -1516.8920 -138.1650
v 351.7403 -1576.1823 -299.9406
v 978.3542 977.2007 959.9489
v 1973.2732 -801.4647 -692.0219
v -2401.1089 691.8647 259.2278
v -2364.6682 718.8020 282.5287
v -2321.8157 745.5872 299.6288
v 488.3754 1598.8204 811.8720
v -1957.8519 -1174.5829 -77.5862
v -1954.9340 -1147.0903 -21.9399
v 291.7643 1702.7407 787.4022
v 809.7496 1338.0306 890.7524
v 1223.2417 447.7397 1169.5938
v 1535.3461 -1377.4421 -552.6925
v -2031.6766 1058.6161 316.1105
v -2044.5511 1017.0601 366.0966
v -1387.5035 1516.5315 437.6313
v -1377.6581 1474.6210 465.7062
v -2627.7107 197.4863 177.1621
v -2631.8345 266.8217 202.0457
v -2621.0720 224.8896 229.2244
v -2602.0332 182.8191 248.4148
v -1748.5153 1329.9869 376.8914
v -1750.8224 1288.2722 416.6870
v -1711.8243 1315.1437 437.5077
v -2263.7712 -805.1136 -18.4145
v -2439.1650 -818.2170 -9.4463
v -2409.0747 -860.4872 -0.9299
v -2401.8533 -833.0781 50.5723
v 495.2773 -1730.8885 -383.2781
v 490.9165 -1782.1382 -361.8472
v -1067.5587 -1776.1547 -217.8070
v -2560.2463 -344.5208 99.2837
v -2614.2080 -301.8730 113.8264
v -2557.0364 -317.0911 154.6686
v 1003.1433 91.7886 1123.0508
v -26.2213 -1608.4111 -269.5979
v -2420.1309 622.9152 256.6904
v -2399.2397 650.1053 294.9945
v 1628.1278 -1308.7211 -559.7221
v 1081.5643 214.7833 1185.1855
v -1933.1895 -1286.0131 -84.7441
v -1938.2268 -1216.6490 -58.9709
v -1910.2030 -1258.8771 -48.4753
v -1080.4469 1499.3447 501.5165
v 457.2528 1610.0603 803.9477
v 444.5336 1565.1598 826.7458
v 987.3011 1026.4702 972.1532
v -2114.0044 963.1842 316.2096
v -2082.2234 990.1823 343.9936
v -248.4244 1700.4366 653.3345
v -2613.6423 155.5076 201.1482
v -2610.2485 113.6926 235.4409
v 525.9974 -1789.3755 -409.8264
v 561.7888 -1824.4258 -391.2808
v 574.3881 -1868.8206 -371.0634
v -1449.4913 1490.0764 439.0240
v 209.6582 1718.3629 770.6366
v -1519.0687 -1600.7645 -115.6541
v 2032.8335 -697.8575 -698.3444
v 13.4108 -1521.5176 -248.0946
v 48.7336 -1627.6313 -253.8590
v -2252.2810 -849.8083 2.1908
v -2175.3608 -865.3728 23.9706
v -2244.3423 -822.4229 52.9947
v -1778.5782 1261.2156 385.0110
v -1790.4183 1219.6469 433.9992
v -44.6822 1765.3380 728.0836
v 868.4595 11.4976 1077.6727
v -2561.6973 -413.8031 79.7792
v -2539.9294 -386.6226 117.2385
v 1095.2578 751.5599 1034.1687
v -809.5925 1587.4758 556.1910
v -2452.8618 554.2160 267.3903
v -2424.6956 581.2676 298.6723
v 844.7202 1217.5458 962.3445
v -1963.4965 -1424.0514 -97.2938
v -1956.1744 -1354.9232 -83.4530
v -1950.1270 -1396.7715 -51.7229
v -1931.9017 -1327.8096 -48.4035
v -1182.0806 1526.4030 492.4198
v -592.5974 1652.1520 618.1396
v 95.1154 -1630.3003 -302.6485
v 127.0573 -1922.5789 -305.1708
v -962.1310 -1810.8004 -215.5199
v -1413.6615 -1655.1855 -114.0767
v -2160.9685 894.7049 340.6463
v -2121.0901 921.5715 360.6178
v -2654.8826 17.6543 199.1512
v -2635.7539 86.6080 201.5886
v -2635.5667 44.8539 238.9879
v 349.7577 1565.6503 830.3987
v -2137.7642 -907.7355 25.2276
v -1569.4038 1437.0359 437.8355
v -1530.0624 1463.8973 458.3331
v 1158.0118 268.5341 1228.3220
v 1105.8784 241.8910 1220.1703
v -2533.5640 -525.2755 69.2748
v -2557.8533 -455.6236 113.6420
v -2532.0559 -497.7793 126.2943
v -1891.5588 1208.0748 377.1407
v -1835.0190 1192.9047 418.6017
v 1718.2042 -1234.2001 -566.8551
v 1153.7682 379.6342 1215.7617
v 919.2545 38.1622 1087.0948
v 945.3832 65.2423 1120.3431
v 2084.8657 -589.5256 -703.9747
v -1950.0267 -1466.0383 -72.7318
v -1939.9222 -1507.9596 -44.9158
v -2526.6968 458.6778 259.3012
v -2503.9685 485.8153 295.8322
v -2476.2029 512.8425 327.4901
v 1048.5918 806.0385 1019.9143
v 1129.6843 511.0384 1161.9980
v 707.3243 -1840.9146 -407.5243
v -856.9349 -1841.2252 -213.4534
v -1268.5098 1534.9463 506.9775
v -2070.1489 -992.3823 35.0851
v -2114.3213 -949.9025 40.1743
v -2667.7322 -51.4092 190.6510
v -2639.8528 -24.3741 222.2019
v -2631.7014 -66.2475 251.9050
v -644.8327 1625.5109 610.0953
v 1804.9602 -1153.6990 -573.9933
v -2212.7537 868.0598 332.1711
v -2220.5327 826.4262 377.2519
v -2513.9321 -567.3688 87.8898
v -2500.7466 -609.3389 112.7206
v -2509.1440 -539.9296 141.7403
v -1578.8600 1395.4327 484.5347
v -1943.3549 1139.6586 406.2414
v -1892.3046 1166.3396 415.4332
v 2128.6084 -477.0482 -708.7830
v -1914.1414 -1550.1516 -32.2403
v 1112.4673 311.0544 1234.7201
v 228.8241 -1916.9863 -305.7762
v -2563.7678 390.0219 274.1909
v -2527.9958 416.9207 298.1144
v -2518.0569 375.0233 326.0914
v 630.8319 1401.6492 887.4250
v -1307.7972 -1704.3542 -112.5872
v 1153.0208 447.8780 1182.2186
v -2036.3579 -1034.7128 40.0253
v -2663.7310 -120.7263 165.8825
v -2651.7622 -162.6995 191.8951
v -2650.9070 -93.4517 211.9750
v -2639.6738 -135.3831 238.7007
v -2283.9963 772.4681 321.5866
v -2256.9712 799.5459 353.9602
v -2262.0869 757.8499 396.4695
v -1350.0916 1501.6934 497.5657
v -1303.0890 1528.4200 510.6599
v -1282.8973 1528.7894 512.9640
v 1078.6793 688.2325 1073.1980
v -2478.2603 -678.9984 70.1101
v -2482.1553 -651.4130 132.3409
v -2449.4607 -693.7278 138.3477
v -683.1616 1598.6340 588.6418
v 482.6414 1582.4120 865.9108
v 506.2272 1580.6071 905.5447
v 762.1877 1259.1119 955.8197
v -1975.4602 1070.9364 416.3410
v -1946.1447 1097.9841 446.5200
v -1675.0558 1342.0210 460.4635
v -1635.1337 1368.8822 480.4046
v 839.3530 -1768.8683 -416.1665
v 330.6919 -1908.1470 -306.7258
v -1768.8119 -1566.8398 -76.5088
v -1757.6158 -1539.4890 -28.8588
v 244.1148 1661.7903 870.9769
v 1887.6609 -1067.2477 -581.0410
v 1042.6426 187.9166 1164.2866
v -752.0417 -1867.6539 -211.6147
v -2595.4614 321.2581 283.8781
v -2552.1877 348.0635 300.5718
v -2580.8706 279.2786 307.3652
v -2542.6907 306.1686 328.9781
v -1201.7374 -1748.5392 -111.1930
v -988.6662 1549.6860 516.1035
v 2163.4011 -361.0204 -712.6519
v -1982.3951 -1077.3833 25.4971
v -1944.8126 -1119.7632 26.7693
v -2646.3687 -232.0392 165.7834
v -2613.1108 -274.3724 171.2380
v -2596.4788 -247.1313 213.6615
v -2639.1453 -204.6466 217.2784
v -2454.8713 -721.1579 85.0958
v -2429.5173 -763.3208 98.1780
v -2408.3472 -736.1678 136.2200
v -2315.9534 -751.9629 143.0447
v -2327.9856 703.9248 343.1390
v -2289.2778 730.8221 364.2525
v -2286.4758 689.0220 399.1132
v -115.4157 -1506.8346 -204.8579
v -1402.8723 1461.1648 503.1315
v -1362.6088 1460.1461 547.2135
v 335.1814 -1703.2419 -301.9825
v -2012.7372 1044.0616 393.8637
v -2025.9393 1002.5137 444.1759
v -1722.3525 1273.5435 485.2366
v -1688.1184 1300.4961 510.6488
v 1965.5610 -974.8152 -587.8842
v -1703.1588 -1582.1750 -43.8552
v -647.4785 -1890.2675 -210.0071
v 2188.6912 -242.2525 -715.4918
v -2602.9119 252.0991 270.1673
v -2592.4045 210.1740 297.5917
v -2567.4739 237.2737 331.9901
v -1926.0907 -1189.3459 -12.2185
v -1913.2740 -1162.0541 33.8891
v -8.1147 1750.4912 788.8156
v 941.7255 -1737.1892 -420.0170
v -2561.7522 -289.4749 217.6894
v -2379.3401 -805.9179 87.3021
v -2225.1099 -795.2592 92.9167
v -2335.7080 -779.1602 103.6513
v -2211.2280 -767.9542 137.9807
v -2376.1165 677.2137 331.1408
v -2405.6577 608.4570 338.7633
v -2365.0266 635.2999 358.0121
v -2325.1350 662.1568 377.9681
v -2349.4856 593.2895 380.5784
v 385.9184 -1753.6520 -329.9682
v 397.0710 -1798.6459 -309.6523
v 350.5211 -1626.1709 -278.7361
v 380.8063 -1734.3146 -284.1386
v 382.6671 -1662.6768 -259.9246
v -1483.8649 1456.5109 525.9573
v -1406.8988 1433.3707 531.5134
v -1435.7266 1416.2635 551.0167
v -2090.9231 948.5726 389.9648
v -2057.0029 975.5047 415.6809
v -1757.9301 1246.6196 461.1087
v -1767.2330 1205.0280 507.6544
v -1095.7018 -1788.0220 -109.9013
v 365.2840 1522.6765 841.5918
v -2609.9514 141.2132 293.6269
v -2593.5649 99.1814 315.3663
v -2584.5789 168.3150 327.6026
v 1044.0447 -1701.1931 -424.2667
v -1930.6864 -1300.3044 8.8927
v -1911.1733 -1231.3368 10.9467
v -1893.9619 -1204.1257 52.8106
v -1921.0776 -1272.9327 58.0777
v -550.2621 1678.9625 635.7407
v 678.1587 1295.8868 949.8287
v -12.1701 -1559.9390 -179.6783
v 2037.7987 -876.6026 -594.4039
v 142.5052 1677.7318 873.0348
v -2552.3462 -428.1694 166.7940
v -2549.8696 -358.9510 185.3086
v -2528.9585 -401.0457 202.6879
v -2517.4333 -442.9850 229.1230
v -1131.9880 1496.2137 527.4447
v -1102.2578 1458.9805 555.2702
v 516.8496 -1821.1698 -342.5893
v -2162.7166 -838.0374 70.2241
v -2139.8523 -810.9315 106.6321
v 974.2514 161.5476 1171.8364
v -101.9982 1724.5500 820.9876
v -2426.8975 539.5410 338.3734
v -2397.4766 566.5632 368.4353
v -2389.8557 524.7001 398.6465
v 2204.0408 -121.6042 -717.2253
v -543.2161 -1909.2522 -208.6346
v -1552.0374 1422.5294 517.1301
v -1488.2919 1407.2108 551.6125
v -989.8483 -1823.0736 -108.7180
v -2135.5642 880.0414 412.1592
v -2099.0447 906.9462 435.3775
v 537.2016 1498.3680 918.7349
v 512.5631 1519.7329 929.2397
v 512.3836 1448.3326 925.7108
v -1798.2413 1178.0365 479.1286
v 1033.1776 284.8736 1252.8116
v -899.1129 1561.4607 584.1580
v -2623.8372 2.8855 265.2304
v -2611.1133 71.9771 273.8395
v -2595.1067 29.9398 295.9604
v -2576.2986 57.1596 336.2672
v 2103.5464 -772.7873 -600.4757
v 4.2875 -1574.6932 -226.3229
v -1942.3679 -1369.3779 -0.7427
v -1923.3875 -1342.1735 39.4097
v 568.6967 -1849.7284 -325.1915
v 524.4709 -1796.6923 -297.6742
v 586.6422 -1891.9784 -305.3630
v 1099.9235 422.2938 1230.1787
v 857.5550 80.9538 1109.1007
v -2533.7590 -470.2450 186.4145
v -2509.3486 -512.4031 200.4171
v -2129.7612 -880.3474 75.9779
v -2102.8486 -922.5609 87.5635
v -2095.7292 -853.4172 101.5966
v -2089.3135 -895.2650 132.9652
v 1067.1395 554.1431 1175.4785
v -1195.7948 1497.6787 532.9441
v -1216.8398 1520.7131 547.4545
v 592.8962 1327.9598 944.4368
v -439.2989 -1924.7190 -207.4984
v -2508.0300 444.1298 337.3224
v -2479.1790 471.1352 367.9363
v -2423.1003 497.6996 372.2671
v -2425.6238 456.0030 412.2697
v -377.3773 1675.1002 719.3597
v 1000.5349 662.6062 1137.5027
v 1146.2357 -1660.6337 -428.8990
v -1611.9453 1354.2615 554.0579
v -1568.3557 1381.0383 570.4529
v -2176.6160 853.2258 393.3314
v -2187.0107 811.6476 440.9321
v -2150.9722 838.5425 464.6069
v -1907.2385 1124.8401 467.4192
v -1850.0074 1151.3940 470.6365
v 65.4438 -1599.4894 -209.5919
v 633.3431 -1894.5135 -354.1750
v -1959.7126 -1438.3412 -4.8995
v -1944.1992 -1480.3861 17.6981
v -1935.7177 -1411.2385 30.4109
v -1918.3987 -1453.2955 51.2592
v -1904.9419 -1384.2242 59.1528
v -2618.2019 -38.9362 297.3450
v -2610.3811 -80.8487 327.3635
v -2594.4802 -11.8188 332.9232
v 455.2843 1539.4012 912.1430
v 483.2460 1489.8258 934.6336
v 440.1067 1459.5903 933.3434
v -2061.7039 -965.0262 85.4057
v -2050.5903 -937.6645 133.1401
v -2499.2224 -581.8633 169.7324
v -2494.6172 -554.4139 223.7596
v -2472.6641 -596.5560 240.1409
v 856.5231 1108.8151 1063.2596
v -2483.8855 401.9462 351.5714
v -2471.0178 359.9982 376.7171
v -2452.0027 428.9129 379.2617
v -2440.5203 386.9770 405.7426
v -1277.8273 1511.2482 569.7549
v -1331.7651 1487.1459 575.9146
v -1237.1500 1471.2985 580.5906
v -884.2744 -1853.9204 -107.6462
v 2161.9155 -663.8125 -605.9756
v 1248.0759 -1615.2883 -433.8888
v 1057.1337 464.7690 1233.9198
v 44.2060 1735.3816 834.3420
v 47.0335 1693.5725 869.1741
v 890.6992 107.9175 1135.5797
v -205.2031 1740.5194 824.5904
v 747.7766 -1907.3171 -325.8670
v -2217.6025 784.6412 411.9973
v -2227.4248 743.0385 459.0429
v -1653.9790 1327.4589 536.1842
v 935.0450 806.9555 1068.6377
v -1899.1122 -1522.8914 11.7265
v -1802.9493 -1469.4545 35.8212
v -1866.2683 -1495.9122 38.4732
v -1753.7706 -1442.7688 46.8134
v -1958.0492 1056.4183 495.5772
v -1921.5098 1083.3339 518.7728
v -2619.6348 -177.4864 256.9170
v -2622.3127 -108.1650 280.4114
v -2604.2920 -150.2079 300.5769
v -1016.0464 1508.3943 580.1076
v -960.4299 1534.9819 584.8855
v -968.4625 1493.3553 630.2033
v -1987.0231 -1049.7672 88.4255
v -2039.7971 -1007.1112 101.8178
v -2481.2161 -623.9290 189.9204
v -2447.6438 -666.2493 195.0753
v -335.6562 -1936.7924 -206.5995
v 405.1237 1462.1963 919.2603
v -779.0466 -1880.7842 -106.6889
v -2508.2212 333.1090 354.1607
v -2493.2607 291.0819 377.2869
v -2473.6199 318.2823 416.7957
v 785.6001 1150.3567 1012.0839
v 1047.2164 353.9092 1260.1589
v -504.4667 1663.9456 687.5507
v -1719.5526 -1512.6328 -7.1156
v -1693.4125 -1485.5540 26.1079
v -2259.4966 716.0603 431.5374
v -2263.2217 674.3945 472.7141
v -34.3101 1709.1809 851.6785
v -1698.6011 1258.9188 558.3488
v -262.9765 1686.4572 763.4266
v -248.7312 1713.7421 808.1482
v 506.6291 1355.4012 939.6875
v -2593.9363 -219.6427 269.6764
v -2551.5046 -262.1418 266.2752
v -2585.7488 -192.2905 320.2429
v -2543.1404 -234.7562 316.6722
v -1992.2716 1029.4771 470.1490
v -2011.5131 988.0435 526.2830
v 908.6102 1034.3220 1090.1801
v 871.1340 1032.8354 1098.2979
v 2212.0950 -550.1434 -610.7844
v -163.2518 -1500.5576 -165.6109
v -1947.7488 -1092.1764 88.0711
v 909.9224 135.1122 1175.4829
v 1349.3218 -1564.9144 -439.2072
v 1051.5100 607.2168 1166.0411
v -2397.0208 -708.8467 183.7625
v -2309.4131 -724.5676 195.2140
v -1031.0206 1466.8857 632.1201
v 843.4242 -1812.1957 -316.5874
v 367.5072 1495.9396 899.6481
v -2548.9839 195.2388 351.7093
v -2535.2556 264.2743 359.3646
v -2519.0618 222.2508 381.2884
v -2500.3394 180.1916 400.7855
v -2492.5620 249.3180 414.1812
v -789.9915 1572.9108 633.3120
v 981.9326 258.2153 1243.8186
v -1376.9496 1418.6213 598.6236
v -1675.2811 -1555.1328 -12.3046
v -1652.6086 -1527.9763 24.2646
v 2253.3049 -432.3690 -614.7858
v 145.3552 1635.9285 907.8546
v -2314.8672 620.2233 405.6225
v -2307.5955 578.3439 436.1713
v -2285.7800 647.2413 436.0133
v -2287.6731 605.5400 475.4084
v 1449.6592 -1509.2623 -444.8167
v -154.3296 -1546.4563 -145.1347
v -2560.5864 -331.2441 254.1375
v -2551.4338 -303.8788 303.7685
v -2530.2908 -345.9767 320.9245
v -2513.5298 -277.0077 325.6493
v -1732.6166 1231.9889 532.7214
v -1741.5585 1190.3726 578.9160
v -2066.1763 933.9128 462.1151
v -2040.0177 961.0037 495.3362
v -1887.3254 -1134.9608 67.3114
v -2196.0491 -740.6737 181.7867
v -674.1924 -1903.8608 -105.8484
v 946.6732 -1781.7075 -319.5550
v 1018.9276 507.1640 1233.2448
v 920.7811 903.9713 1082.3712
v -2578.3816 126.4646 359.1865
v -2545.6372 153.4239 386.0474
v -2524.0796 111.3068 402.7987
v 961.3260 756.8748 1096.6790
v -1650.1760 -1597.2902 1.0155
v -1624.5791 -1570.2074 34.7685
v -1516.8728 1365.9426 616.7874
v -1454.6313 1392.4093 615.1558
v -863.8569 1546.6407 646.1565
v -2340.6763 551.3718 409.6309
v -2335.3396 509.5278 442.0497
v -2307.5154 536.5939 473.6563
v -2550.5715 -373.1792 282.0307
v -2518.4109 -415.4749 288.5446
v -1891.0969 -1245.9075 87.6022
v -1883.0103 -1176.7728 100.6985
v -1860.6176 -1218.8994 116.6505
v -1817.2747 1136.6182 535.0784
v -1776.8361 1163.4382 554.4960
v -569.7174 -1923.3319 -105.1267
v -2113.6082 865.4321 487.0049
v -2079.9714 892.4222 513.0131
v -2088.5046 -826.0117 153.0983
v -2130.9751 -783.5399 156.5374
v -2070.0317 -798.8002 193.7273
v -641.1155 1611.2162 702.5629
v -617.8681 1638.3396 738.5719
v 403.3663 -1774.7076 -264.6392
v 421.0455 -1696.6664 -241.5599
v 428.6124 -1814.0055 -245.3336
v 436.7227 -1860.2252 -224.7987
v -166.3894 1656.3589 862.2512
v 705.0986 1191.3737 1005.8181
v 2284.8525 -311.3205 -617.8813
v -1166.9049 1446.9362 589.9056
v -1110.3291 1417.3289 600.5632
v -1173.8821 1407.7375 639.2568
v 461.0308 1504.4130 966.3289
v 463.0331 1452.9231 943.4181
v -2564.4993 15.1737 362.4482
v -2557.5234 84.3505 376.6122
v -2540.7412 42.3081 397.9810
v -2517.1423 0.1756 412.7604
v 1548.7024 -1448.0848 -450.6715
v 796.6323 1089.8323 1069.3834
v 834.7685 1085.3712 1087.5353
v 1014.2802 555.2676 1221.1042
v 894.1855 981.8430 1094.9639
v 885.7509 935.7455 1107.7178
v -1581.3508 1339.5177 620.5691
v 1050.0470 -1747.0197 -322.8354
v -2510.8794 -484.8822 260.3690
v -2491.4666 -526.9423 279.1973
v -2521.9307 -457.1752 329.5204
v -2391.2498 482.9421 437.5563
v -2385.0842 441.1019 469.1736
v -2339.3752 467.8360 483.5111
v -904.0378 1519.7926 626.4758
v -915.2552 1478.2289 674.8679
v 249.6787 1578.1913 940.7407
v 922.9100 785.9915 1139.9784
v 464.0701 -1728.7938 -223.5311
v -1885.1519 -1315.2961 60.9539
v -1852.2124 -1288.3279 87.6237
v -1829.3676 -1261.1946 124.0397
v 935.8049 231.4704 1229.8768
v -2052.8877 -868.3560 156.2734
v -2025.8280 -841.2805 188.6145
v -2006.3167 -883.3860 207.3522
v -1874.0812 1110.0514 531.4501
v 2306.2043 -187.7815 -619.9907
v -2160.5371 796.9789 511.4183
v -2123.9680 823.8760 534.5808
v -688.0992 1584.4860 689.4474
v 41.3070 1651.9230 912.2784
v 54.6152 1582.4240 878.5233
v -469.0178 1649.1213 749.3903
v -426.3698 1634.1693 804.2429
v -184.5049 1698.4257 842.1796
v -1471.8733 -1634.6805 0.0000
v -2582.6091 -53.7820 359.0280
v -2551.0938 -26.8052 387.0656
v -2540.2236 -68.7367 414.1436
v -1232.3696 1443.6846 662.6840
v 558.7066 -1832.3629 -279.0104
v 608.8360 -1932.5090 -285.8372
v -465.5913 -1939.3267 -104.5238
v -1883.2527 -1426.3602 75.7881
v -1823.6667 -1399.8544 76.7430
v -1863.5413 -1357.4238 77.6729
v -1824.7887 -1330.5615 98.7334
v -1793.4604 -1372.8412 106.0454
v -1745.3391 -1346.1312 118.0654
v -2466.6169 -569.1010 292.7571
v -2414.1453 414.0448 438.7519
v -2441.3865 345.2441 444.1473
v -2408.3469 372.2290 470.7281
v -1638.4307 1312.9595 617.2131
v -2032.6226 -979.7205 153.3589
v -2032.6984 -910.4625 174.3513
v -2017.6904 -952.4656 197.4249
v -970.5365 1451.6332 669.7612
v 1645.9969 -1381.1560 -456.7196
v -2198.1575 770.0858 489.2619
v -2208.1514 728.4807 536.4801
v -1928.3494 1041.6984 562.9518
v -1893.0836 1068.6139 587.3606
v 224.3265 1620.3727 927.6521
v 833.1570 955.3484 1095.4098
v 1006.1304 598.4160 1216.8540
v 902.6014 867.3950 1124.4325
v 894.1684 815.9587 1107.1509
v 77.3718 -1952.7233 -205.4005
v -756.6500 1558.1207 697.1566
v -1365.6692 -1686.4612 0.0000
v -51.2531 1667.7079 905.6060
v -0.0398 1625.0978 893.7264
v -45.0502 1529.0602 857.8055
v -2591.5935 -122.8961 346.7917
v -2573.0264 -164.9925 366.4347
v -2564.6492 -95.8343 379.2543
v -2553.0588 -137.7771 405.6279
v 1153.4709 -1707.9048 -326.4193
v -266.2133 1672.2843 862.5994
v 2316.9854 -62.7767 -621.0622
v 623.9437 -1855.5127 -262.5746
v 704.3231 -1943.4469 -271.5702
v 620.3984 -1906.4470 -241.2023
v 698.4366 -1995.3173 -250.0300
v -1346.8636 1445.6490 628.0640
v 771.3281 54.8872 1133.8812
v -361.7784 -1951.9827 -104.0413
v 622.9315 1227.4828 1000.0872
v -1722.0214 -1415.7927 74.6421
v -1704.0905 -1388.5847 115.8003
v -2394.8792 -681.3408 240.1681
v -2443.5015 -638.7618 249.5398
v -2383.8411 -654.0233 287.9803
v -2432.6299 -611.4402 297.5267
v 1741.0020 -1308.2748 -462.8987
v -2460.6001 276.3049 441.7945
v -2429.5779 303.3090 470.3203
v -2414.0933 261.2740 492.9354
v 987.9650 396.6587 1279.7966
v -1989.8735 -1022.2173 149.6585
v -1984.7980 -994.7794 203.2330
v -1672.2015 1286.0023 591.3339
v -1680.9574 1244.3879 637.3583
v -2240.8440 701.5074 509.5742
v -2244.1643 659.8129 550.3444
v -1971.0548 1014.8991 545.6998
v -1975.8322 973.2155 587.8836
v 180.5752 -1948.7615 -205.7005
v 1256.7128 -1664.1462 -330.2879
v 140.6518 1594.2593 949.9651
v 794.5764 997.6464 1101.9194
v -2542.0464 -207.2521 374.0914
v -2505.3152 -249.6222 376.1922
v -2532.4441 -179.8840 423.2922
v 873.2048 891.3419 1183.9915
v 922.9553 745.3323 1159.1178
v -94.0052 1640.9115 888.4068
v -87.3750 1571.5282 861.1013
v -56.1651 1598.5195 889.4401
v -91.7915 1502.3285 844.4566
v -1393.7936 1377.1570 652.4605
v -1356.0026 1404.0341 674.4423
v -567.2462 1623.2507 785.7430
v -1680.8220 -1458.2345 72.4302
v -1661.2361 -1431.0588 111.9925
v -327.6967 1645.7909 863.4955
v -2292.5439 -697.3149 237.4068
v -2207.1423 -712.9720 250.9771
v -2288.7915 -669.8531 292.2483
v -1943.1030 -1064.7433 142.0671
v -1950.3353 -1037.0986 207.5349
v -2490.6921 207.5296 449.9379
v -2456.1016 234.4624 475.0270
v -2432.7029 192.3127 489.9930
v -1707.2283 1217.3051 604.2355
v -1722.3413 1175.8268 656.4140
v 278.5786 1494.1959 987.9720
v -2264.6428 632.6406 511.6410
v -2259.7251 590.8046 544.4584
v -2049.3452 919.4217 541.9176
v -2014.9200 946.3459 567.1458
v -2012.2538 904.5537 602.1409
v -1259.1775 -1733.1082 0.0000
v -1045.7137 1425.3914 683.8865
v -204.9593 -1512.5277 -114.7691
v -208.9572 -1547.1088 -95.7538
v 1833.0729 -1229.2682 -469.1319
v -2501.9607 -318.9554 352.0456
v -2503.4622 -291.3876 411.9665
v 74.7525 1609.6025 917.5557
v 65.6132 1540.4810 905.4718
v 91.3021 1567.5671 939.1381
v -816.7042 1531.6091 696.6628
v -820.5500 1489.9253 737.9573
v -1634.6426 -1500.7628 65.3997
v -1599.8413 -1543.1152 69.3729
v -1595.5208 -1473.9036 86.1141
v -1571.5703 -1516.0587 100.5474
v 781.1816 1041.6888 1084.3275
v -2135.5935 -755.9595 219.4740
v -2139.6509 -728.3547 281.8649
v -1478.2452 1351.0542 675.5187
v -124.8632 1683.1779 880.6299
v -132.7434 1614.0378 867.3355
v -132.0033 1544.7566 845.7158
v -1905.3716 -1107.1278 143.1942
v -1883.9620 -1149.2534 160.1048
v -643.2871 1597.0040 800.6794
v 283.9058 -1941.5945 -206.2399
v -385.7666 1661.0161 823.5264
v -357.3014 1618.7675 833.5959
v 855.4512 921.2971 1161.3423
v 1359.5970 -1615.4885 -334.4241
v -2493.1082 138.2956 431.3773
v -2464.5498 96.0566 441.3620
v -2469.3928 165.4024 466.9442
v -2447.0200 123.2757 482.9115
v 887.9875 783.5029 1165.7393
v -1762.5409 1148.9862 636.7510
v -1152.6416 -1774.9121 0.0000
v -2309.1343 494.8669 512.7980
v -2288.8765 563.7695 514.1307
v -2288.9021 522.0429 551.7286
v 1921.5109 -1144.0422 -475.3402
v -159.6993 -1572.2169 -108.5406
v -149.8011 -1572.7139 -78.8803
v -2087.7297 850.7970 558.0704
v -2049.4287 877.6663 579.5572
v -2034.9016 835.6534 603.0987
v 539.3926 1258.7461 994.9617
v 963.4294 327.8018 1282.5895
v -1113.1688 1398.9940 690.5323
v 267.3232 1536.1401 961.2733
v -2505.7590 -388.1356 334.8051
v -2501.1362 -429.9987 367.9154
v -2494.7336 -360.8301 382.6389
v -2481.8840 -402.7777 407.7995
v -1570.7610 -1585.3582 78.8637
v -1538.3186 -1558.3702 106.0091
v 745.9629 124.5874 1179.2821
v 1461.8273 -1561.6501 -338.7980
v 387.4643 -1931.1744 -207.0197
v -2075.1616 -771.2092 257.1624
v -875.8334 1505.0739 695.2744
v -876.5524 1463.3370 733.5399
v 0.8430 1514.0603 909.5381
v 952.7599 439.0066 1276.2280
v -1857.7819 -1191.4391 172.3961
v -1546.1318 1324.6809 682.5962
v -2503.8042 69.1941 420.7914
v -2473.5103 26.9398 429.1086
v -2454.3416 54.1541 469.0685
v -2435.4075 12.0715 488.3681
v -661.3035 1569.8031 759.6255
v -193.0307 1587.5448 867.0757
v 372.6278 1415.5804 1023.0406
v 736.3253 1039.3993 1111.4550
v 943.0040 550.1952 1268.9778
v -1849.1642 1095.3795 603.4260
v -1807.9797 1122.2188 622.1388
v -2333.7017 425.9991 515.6024
v -2309.5332 453.1128 550.7360
v 776.7966 919.6149 1100.9248
v 819.0910 913.8315 1146.5547
v -2116.3843 781.9929 564.8268
v -2073.7253 808.8036 582.1155
v -2062.4688 766.8610 608.8083
v -2490.1572 -499.4359 336.4022
v -2477.3147 -472.1248 382.4716
v -2444.6904 -514.4642 388.5411
v -1195.3446 1372.3269 710.2548
v 454.6921 -1831.5704 -180.6231
v -2011.5646 -814.0319 233.3258
v -1993.1445 -856.0752 253.0997
v -1803.2089 -1303.3881 136.3614
v -1774.7227 -1276.3484 167.3289
v -1816.9266 -1233.9017 170.5155
v 2005.5106 -1052.5587 -481.4279
v -937.0280 1436.8501 733.4702
v -1046.2347 -1812.1322 0.0000
v -2488.6982 -42.0931 422.8712
v -2472.2334 -84.1291 444.5343
v -2465.0977 -14.9727 458.5564
v -2457.0535 -56.8307 488.3562
v -1597.8076 1298.0400 674.0245
v -11.1781 1556.0094 883.5712
v -36.9301 1487.1731 887.5315
v -51.6048 -1970.7190 -103.3164
v 770.0229 151.7048 1214.5295
v -733.8994 1543.5017 771.2372
v 921.2012 481.2914 1269.1305
v -234.2285 1629.9879 869.2846
v -268.2180 1561.2795 881.1877
v -2369.7664 399.0723 491.9463
v -2368.7163 357.3045 528.5026
v -2330.7451 384.1809 550.3086
v -1903.0846 1027.0206 634.5911
v -1867.7083 1053.9464 658.9047
v 339.1930 1462.2649 1001.4016
v 331.0444 1414.4904 1022.3967
v 1563.0719 -1502.3925 -343.3831
v -2164.7676 755.2924 553.0685
v -2152.0583 713.3090 578.3596
v -2100.1484 739.9500 586.7124
v 704.8094 1123.7848 1096.1785
v 728.8577 1082.3638 1083.4081
v 449.7505 -1784.0752 -201.3871
v 493.2536 -1745.0992 -159.0433
v 470.7271 -1874.5959 -160.6582
v -1413.6615 -1655.1855 114.0767
v -2458.6252 -541.7331 343.5291
v -2425.0586 -584.0410 348.6912
v -2408.1384 -556.8038 390.8243
v 925.6011 592.2425 1248.2177
v -1277.1466 1389.5681 696.6609
v -1281.6979 1339.0199 726.8543
v 2084.2046 -954.8826 -487.2931
v 845.6620 818.7569 1172.4092
v -1723.8761 -1318.9567 155.8081
v -1998.0509 -925.2612 236.9327
v -1972.1152 -898.2043 270.3785
v 121.5395 1552.8276 1005.9880
v 51.6048 -1970.7190 -103.3164
v -940.0921 -1845.0338 0.0000
v -2520.7483 -110.8075 432.9042
v -2500.6479 -152.9018 451.0668
v -2454.0105 -126.1612 464.5068
v -2438.2290 -168.1884 486.8426
v -989.6836 1410.2170 725.8408
v -1648.5228 1271.3682 664.5118
v -1667.5848 1229.9436 720.4952
v 1662.9110 -1437.4127 -348.1371
v -94.7304 1460.6191 884.8635
v 616.0223 -1957.7031 -219.7728
v 496.5094 -1694.3063 -180.3949
v 583.3568 -1949.4974 -171.9650
v -2397.4028 330.2787 497.7283
v -2388.0664 288.3530 526.2725
v -2356.6306 315.3624 554.4092
v -777.9561 1516.7329 755.3008
v -1939.0664 1000.0986 610.8438
v -1934.4857 958.2684 643.9954
v -1903.4589 985.2692 672.5082
v -329.7907 1576.5570 844.5941
v -297.2258 1603.5302 871.6310
v -2210.3433 686.7952 576.1685
v -2206.7542 644.9658 610.2629
v -2138.7830 671.3198 603.1103
v -525.4319 1608.3215 841.4277
v -2370.1223 -626.7441 333.2125
v -2269.0708 -642.6810 331.6805
v -2346.8901 -599.6107 369.2527
v -2269.3193 -615.1572 390.4029
v 295.6025 1452.1545 1009.1011
v 252.8963 1425.3561 991.8652
v 841.2368 205.5443 1262.7079
v 788.8967 178.9057 1254.7688
v -1677.7472 -1361.4760 148.8308
v -1673.5931 -1334.0524 203.3038
v -1978.4834 -967.3658 255.6171
v -1953.5775 -1009.5259 269.1358
v -1352.0261 1362.2112 708.1661
v 900.9707 634.4141 1234.4374
v -2509.2314 -222.0453 438.4527
v -2480.9897 -194.9966 469.6577
v -2459.4250 -237.1194 486.4012
v 850.3058 713.5040 1197.0173
v 830.7555 871.8854 1172.8700
v 56.0671 1498.8862 952.2546
v 90.9388 1525.8170 977.0587
v 600.5103 -1843.5813 -215.4309
v 616.5272 -1886.6053 -195.4629
v 676.5333 -1982.7666 -202.9948
v -1694.9406 1202.8856 688.4285
v -1067.0109 1383.9927 742.0126
v 416.0366 1342.7273 1047.7488
v 886.4865 301.5757 1298.4031
v 2156.6938 -851.1974 -492.8318
v -1307.7972 -1704.3542 112.5872
v -2392.5161 219.1674 509.6751
v -2381.0933 177.2386 536.2131
v -2364.2419 246.1977 540.8499
v -2350.5671 204.2428 565.2151
v -1970.0428 931.3608 619.8506
v -1956.6423 889.3846 644.4872
v -1922.6798 916.3298 670.1693
v -2203.2964 -685.5336 305.7481
v -2208.5161 -657.9258 369.2596
v -2166.7944 -700.3566 366.5412
v -817.2369 1448.1152 772.3202
v -2239.7031 618.0102 583.6074
v -2233.3201 576.1204 615.0049
v -1633.9030 -1403.9893 144.0796
v -1628.2035 -1376.5715 197.0478
v -595.0970 1581.9728 850.2045
v 154.8549 -1967.6171 -103.4373
v -1920.1603 -1079.3510 215.9593
v -1933.5363 -1051.6168 287.3384
v -834.2900 -1873.8461 0.0000
v 1760.7926 -1366.5494 -353.0179
v -221.9819 -1530.9836 -49.3557
v -1401.0054 1335.5123 696.9835
v -1423.9150 1294.1644 756.6866
v 2222.0120 -741.8373 -497.9298
v 748.1099 -2003.3632 -187.0137
v -2477.5911 -333.5744 424.5569
v -2478.5842 -264.3155 446.4306
v -2460.4465 -306.3779 466.4890
v 886.6558 523.6276 1264.9161
v -1201.7374 -1748.5392 111.1930
v -1740.6581 1134.3745 711.6642
v 705.4939 1000.0198 1091.6085
v 662.0591 966.6307 1094.0199
v -1127.1289 1359.6602 746.2098
v -2409.5588 150.1609 505.2215
v -2399.4792 108.2461 533.0602
v -2364.9922 135.2055 558.2318
v 775.7888 887.0414 1129.8936
v 828.2524 771.6987 1203.9106
v -2095.6443 -743.3417 335.4155
v 348.5771 1367.7620 1033.0934
v 258.2214 -1961.3904 -103.6791
v -1997.6819 862.5710 625.6458
v -1980.9865 820.5107 647.0788
v -2266.3179 549.1595 588.3909
v -2262.8884 507.3497 622.6501
v -1584.4783 -1446.5741 133.9109
v -1550.2224 -1488.8960 138.4056
v -1532.5962 -1461.6665 179.8480
v -1571.5001 -1419.2615 179.8493
v 1856.1345 -1289.5679 -357.9706
v -728.8699 -1898.7721 0.0000
v -1883.2161 -1121.7310 217.8465
v -877.6215 1421.6007 772.1389
v -203.3103 -1490.1952 -56.2038
v -164.6729 -1557.3439 -32.3483
v -660.9696 1555.5610 855.3406
v -429.1478 1550.7146 882.0705
v 804.4321 -1854.9337 -212.5053
v 833.0621 -2018.5601 -171.9919
v -1489.2618 1309.5005 723.7387
v -1490.7246 1267.7640 762.7143
v -2464.2937 -375.5490 449.2793
v -2448.9775 -417.5998 472.0685
v -2445.5237 -348.3539 489.6390
v 195.8796 1468.0687 1009.3466
v -1840.8013 1081.0282 691.4120
v -1791.2627 1107.6890 702.0306
v -2424.9126 81.1634 499.1363
v -2406.5896 39.1083 519.0113
v -2391.1628 66.3734 562.5869
v -2021.9280 -786.3256 301.8095
v 852.0405 565.9615 1260.7664
v -1515.1300 -1531.2402 142.0873
v -1503.9707 -1503.9175 189.7985
v 782.7421 248.2854 1281.6316
v -38.3727 1445.4412 926.4886
v -1.0612 1472.3317 948.9368
v -2022.8099 793.7083 628.9952
v -2010.8214 751.7357 654.9819
v 2279.2542 -627.1701 -502.4768
v -1804.9435 -1206.5709 217.4205
v -1855.1704 -1163.9717 228.3424
v -1803.6133 -1179.0823 274.6167
v -2304.7949 411.2932 583.7366
v -2287.2312 480.2448 587.6777
v -2279.2061 438.3692 617.5042
v 690.2277 1090.5422 1151.3224
v 652.0627 1019.3472 1110.4171
v 288.1875 1341.2467 1032.9174
v 727.4885 877.3416 1126.3739
v 778.5910 769.4827 1189.3844
v -705.2002 1528.7853 839.5672
v -462.3326 1593.0197 876.5419
v -2463.4128 -444.8354 427.5275
v -2440.3882 -487.0172 442.8678
v -2422.5684 -459.7636 484.1437
v -2389.0142 -502.0945 489.3034
v -1572.4460 1283.3701 745.5687
v -1570.6443 1241.5780 781.3948
v 893.5698 370.7318 1312.4742
v 836.3739 344.1753 1309.2238
v -1095.7018 -1788.0220 109.9013
v 1948.2461 -1206.3175 -362.9342
v 361.7784 -1951.9827 -104.0413
v 449.1696 1280.1482 1066.2812
v 456.8960 1268.1887 1099.6775
v 151.2310 1510.5763 1014.8904
v 105.0168 1483.8317 1001.0316
v 116.5231 1441.8859 1027.4923
v 2327.5237 -507.8235 -506.3690
v -1981.3801 -828.7478 300.2260
v -1957.4718 -870.9084 314.7056
v -1980.0172 -801.2653 357.3778
v -623.8468 -1920.0024 0.0000
v -2420.3250 -29.9512 511.3789
v -2400.8020 -72.0092 530.0836
v -2384.3579 -3.0376 535.1177
v -2365.9988 -45.0985 554.9580
v -1868.7019 1012.2162 697.4394
v -1839.0046 1039.2300 727.2303
v -1500.3307 -1573.2457 165.3825
v 909.5158 -1826.5210 -214.4590
v -1768.1052 -1248.9253 219.4063
v -1758.1427 -1221.5771 268.2618
v -1205.0673 1331.4304 751.6520
v -2323.0103 342.3281 580.4171
v -2299.2566 369.4342 615.9554
v -2276.9182 327.2974 631.9558
v -2092.3831 698.0719 616.7845
v -2058.3694 725.0279 642.4261
v -2053.0640 683.2024 674.8754
v 556.1823 1146.7312 1105.7806
v 809.9531 583.2588 1210.3641
v -954.0414 1395.3790 787.4576
v 596.7253 1028.6021 1116.1964
v 272.6838 1383.2727 1010.3267
v 832.0900 274.9732 1292.4486
v 2036.3494 -1116.7174 -367.8400
v -989.8483 -1823.0736 108.7180
v -2350.2476 -572.0162 430.9728
v -2407.2004 -529.3016 448.3885
v -2341.7815 -544.6480 481.2743
v -283.0745 1519.7826 933.1036
v 462.2564 -1927.5126 -138.9324
v -782.9876 1475.0686 797.7333
v -743.6977 1501.9193 818.2686
v 778.3670 818.6924 1225.4698
v -1629.0653 1256.8151 741.7755
v -1636.4688 1215.1716 786.4782
v -528.1951 1566.6049 881.6383
v -512.0756 1524.5940 903.6620
v -519.2064 -1937.7053 0.0000
v 1014.8372 -1794.0103 -216.6363
v -1950.4923 -940.3024 287.0598
v -1925.2258 -913.2175 321.1426
v -2429.7478 -99.0755 499.5638
v -2404.9526 -141.2374 513.1899
v -2382.1580 -114.0898 549.6567
v -1719.6179 -1291.5010 210.1652
v -1704.7668 -1264.2260 254.2932
v -1901.6642 943.4982 708.3575
v -1871.3506 970.5134 737.5657
v 397.9236 1322.7579 1090.5604
v 380.7722 1284.8804 1079.6257
v 860.5057 413.0408 1306.8243
v 67.5710 1456.9395 978.7122
v 87.3816 1414.8564 997.1560
v -2341.7886 273.3571 577.6425
v -2311.3440 300.3553 606.7181
v -2290.5933 258.2670 624.2537
v -1353.7681 1320.4878 747.4119
v -1284.3260 1295.8542 756.7846
v -2130.9939 629.4493 633.1541
v -2085.7000 656.2179 647.9022
v -2074.4216 614.2747 674.5801
v 2366.0059 -384.5228 -509.5084
v 527.6842 1206.2086 1099.7644
v 494.9089 -1793.9415 -138.0445
v 510.9214 -1836.9688 -118.0767
v 532.4030 -1948.6772 -122.8478
v 485.9629 -1896.5475 -95.1703
v -114.1585 1419.1979 941.1912
v -2219.3738 -630.1956 438.2108
v -2278.3687 -587.4869 457.6117
v -1023.0798 1369.0231 795.6522
v -1709.7898 1161.3616 740.3235
v -1673.8230 1188.2933 764.0825
v -1659.7230 1146.2917 788.0261
v -356.1324 1535.2428 907.5922
v -804.8182 1406.1450 797.8868
v -777.3295 1433.2131 829.8307
v -601.0099 1540.3191 893.4823
v -1937.4020 -982.2623 311.9827
v -1911.9821 -955.1965 345.9337
v 816.2676 740.7176 1207.1010
v -1614.3383 -1349.2700 242.1340
v -1661.1414 -1306.7197 249.7415
v -2430.5569 -210.0820 517.0085
v -2413.9524 -252.0984 538.5375
v -2390.6245 -183.2347 536.9239
v -2380.6304 -225.1615 564.8412
v 760.4172 845.5464 1182.2975
v 716.7791 818.7615 1165.9622
v -1924.2664 874.5875 709.2634
v 2119.5930 -1020.7286 -372.6097
v 2394.0205 -258.1289 -511.8141
v -2321.2827 231.2446 595.4141
v -2310.6125 189.3174 622.6761
v -2195.6465 603.0090 637.1058
v -2192.0771 561.1989 671.2223
v -2130.5186 587.6830 670.2707
v -1357.0878 1278.8099 788.2098
v 363.6057 1328.0891 1061.1173
v 625.1524 -1982.1256 -153.8458
v 533.0257 -1757.1509 -95.3150
v 588.3463 -1975.5831 -105.7434
v -884.2744 -1853.9204 107.6462
v -2167.4695 -672.8513 425.6734
v 1120.3445 -1757.1676 -219.0310
v -414.9090 -1951.9912 0.0000
v -1097.9020 1342.7601 809.4168
v 463.2641 1226.3292 1131.1001
v 725.1070 221.7318 1278.7892
v -1711.6149 1119.6654 779.6646
v -1901.2997 -1093.9138 293.7896
v -1915.8632 -1024.3938 328.7565
v -1895.3706 -1066.5049 346.5360
v 2197.0225 -918.5390 -377.1620
v -1572.5038 -1391.7225 239.3009
v -2443.5718 -279.1013 508.6670
v -2420.0898 -321.2752 523.5524
v -2383.4150 -294.3780 546.6227
v 163.9925 1399.3324 1019.2243
v 172.7425 1357.4315 1048.3444
v -666.7944 1513.9000 898.5189
v 567.5770 1090.8304 1116.6317
v 714.1968 -1995.6622 -139.1168
v -1951.0786 847.5434 676.6844
v -1950.6322 805.7857 713.8267
v -2340.0901 93.0062 571.7516
v -2327.7661 162.0795 580.7659
v -2312.2192 120.0862 603.3198
v 598.9796 30.2695 1241.8077
v -779.0466 -1880.7842 106.6889
v -2227.8608 534.2863 647.3034
v -2215.3796 492.3147 672.8240
v -2180.5151 519.2711 697.6408
v 698.3052 860.8257 1146.2301
v 651.2905 829.9859 1145.1278
v 783.3930 317.5456 1301.8987
v 1225.9089 -1715.7457 -221.6338
v -1429.4077 1252.4977 799.5431
v -310.9089 -1963.0009 0.0000
v -2110.0237 -715.5584 407.7668
v -0.4595 1430.5728 985.9284
v 306.8298 1299.1864 1052.4886
v 2411.0374 -129.6060 -513.2217
v -1862.7365 -1136.3053 294.1177
v -1853.2842 -1108.9481 343.4710
v -1149.6456 1316.1008 800.8938
v -1514.8182 -1434.4468 221.1662
v 826.8947 455.3601 1301.7141
v -1799.2864 1066.0881 747.3656
v -1754.2853 1092.8390 762.3774
v -1743.3331 1050.8989 789.3749
v -2425.2461 -390.4587 507.6344
v -2393.0227 -363.4914 534.9881
v -2369.3792 -405.6435 549.7344
v -2357.2700 -336.5808 558.9431
v -2317.7583 -378.9655 558.3697
v 744.2208 -2033.0223 -120.1542
v -879.1863 1379.8868 811.2310
v -441.4835 1509.1692 931.5413
v -711.6886 1487.1403 883.3937
v -1968.0769 778.5413 672.1854
v -1962.6478 736.6946 704.5118
v -2368.7458 24.2274 578.5239
v -2321.5566 50.9407 591.4337
v -2300.4707 8.8336 608.6398
v -2289.5486 77.9524 619.0007
v -2243.0513 465.2895 641.0647
v -2230.5154 423.3152 666.5368
v -2195.8435 450.2626 691.5342
v 511.2845 1142.0223 1159.8798
v -195.7193 -1498.9655 -5.7754
v -195.2238 -1455.7668 -2.1124
v 2267.6858 -810.3417 -381.4091
v -2036.7151 -758.5402 374.5463
v -1988.8364 -773.5759 424.3637
v -1497.8132 1226.1207 807.1132
v 762.9488 641.0233 1250.5197
v 742.5703 776.5749 1178.6276
v 688.3717 760.6423 1189.1200
v -62.7578 1404.1023 987.6034
v -1792.2458 -1151.7500 322.1134
v -1487.0809 -1476.6836 231.9695
v -1469.5950 -1518.7306 252.6561
v 804.3196 386.4672 1302.5991
v 752.4550 359.8203 1294.2007
v 838.1699 -2044.5861 -105.7775
v -1203.6942 1289.4944 794.5992
v -2400.4624 -432.6466 521.2768
v -2370.7141 -474.8773 530.1121
v -2341.7280 -447.8518 560.5980
v -1828.4760 997.2899 754.6290
v -1784.3850 1024.0790 770.5410
v -1773.8662 982.1374 797.9440
v 699.4953 194.6434 1245.0450
v 1331.3494 -1669.4843 -224.4331
v -674.1924 -1903.8608 105.8484
v -272.0349 1477.8428 960.0197
v -967.4017 1353.8466 837.9226
v 2330.5972 -696.5095 -385.2621
v -207.1386 -1970.7944 0.0000
v -2345.1479 -17.9278 593.3003
v -2323.0542 -60.0602 609.5327
v -2278.4124 -33.2865 624.9045
v -2000.4387 709.8074 682.5295
v -1991.0013 667.9188 710.9905
v -511.4445 1482.8204 940.6183
v 399.2847 1241.6455 1096.8363
v -740.9482 1460.1100 853.1695
v -735.6964 1418.2720 885.6733
v -2268.4910 396.4451 644.7242
v -2254.3330 354.4302 668.6211
v -2213.9978 381.2700 688.1584
v 92.0416 1373.0330 1030.2296
v -1946.9463 -843.5679 363.0161
v -1942.5522 -816.1349 417.2571
v -1569.0686 1199.8175 817.4488
v 484.7817 1184.2148 1147.8901
v 884.2744 -1853.9204 -107.6462
v -1733.1823 -1194.4818 302.6429
v -1485.8907 -1545.9579 209.8945
v -1457.0564 -1560.6982 278.1163
v 1436.4530 -1618.0881 -227.4142
v 748.0281 674.9070 1232.8922
v -103.5981 1377.2655 968.5588
v -569.7174 -1923.3319 105.1267
v -2281.4971 -559.8828 519.0999
v -2336.9116 -517.2247 535.0468
v -2296.2822 -490.3525 554.2863
v -2260.5979 -532.7165 557.4030
v 635.1107 885.0881 1122.6532
v -1278.6810 1263.2413 808.5310
v -1877.7706 928.8680 781.3285
v -1831.1824 955.6107 794.8238
v 198.7706 1315.2404 1060.7822
v -103.5292 -1975.4490 0.0000
v -366.2704 1493.6620 954.9523
v -2365.2175 -156.1436 570.8688
v -2353.3025 -87.0732 580.2659
v -2336.7312 -129.0890 601.8346
v -2281.9968 -102.5077 607.4633
v -2257.9692 -144.6309 621.8296
v -2041.6624 641.2275 701.4207
v -2031.2887 599.3052 728.9746
v -2255.0256 285.1955 648.3915
v -2230.6484 242.9955 662.4169
v -2226.3767 312.2231 679.1972
v -2203.1013 270.0775 694.2983
v -1916.7570 -885.8285 371.4260
v -1863.9066 -900.9673 416.4483
v -1910.0063 -858.4312 423.3939
v -596.4710 1498.4850 926.6607
v -584.1602 1456.5222 952.3378
v -769.8290 1391.3273 860.1494
v 324.0682 1257.1417 1073.4132
v 353.0332 1236.8821 1102.2355
v 323.8264 1215.3899 1111.2107
v -1654.4031 -1279.3138 301.7184
v -1695.1132 -1236.8687 303.4471
v -1618.2351 1173.1294 806.4476
v -1606.7340 1131.1599 832.9078
v 3.9314 1388.7388 1019.2537
v 794.1933 497.6655 1295.7233
v 2384.8123 -577.5206 -388.6349
v 458.1074 -1886.3853 -47.7074
v 460.7278 -1934.8312 -26.7772
v 443.1204 1159.6038 1163.6726
v -2223.1194 -602.6335 500.3044
v -1901.5983 901.7252 745.8559
v -1898.5591 859.9461 780.4951
v -1872.2609 887.0138 813.5712
v -1309.8022 1247.6129 792.0605
v -1363.0798 1237.1368 831.5414
v -1296.0823 1216.5068 844.6443
v 546.2035 1047.2916 1172.4348
v 724.4052 719.7372 1208.6332
v -2341.2808 -198.2900 585.3227
v -2311.1707 -240.5485 593.8129
v -2310.0378 -171.3003 613.6277
v -2280.6118 -213.5333 622.7808
v -2209.0642 -187.2084 612.1744
v 582.9033 929.7212 1154.9344
v 669.8126 809.4284 1161.8702
v 989.8484 -1823.0736 -108.7180
v -2138.0974 546.0673 715.1577
v -2078.3208 572.5820 715.9158
v -2076.2893 530.7831 751.5179
v -1894.4497 -997.2246 366.5531
v -1878.5928 -928.2138 372.1568
v -1855.6951 -970.3816 387.6191
v -1823.6926 -943.3751 415.1815
v -2274.9470 216.2475 646.7158
v -2259.7634 174.2361 669.6212
v -2217.6975 201.0457 687.4805
v -1038.7515 1327.5341 848.3406
v 1540.8477 -1561.3135 -230.5574
v 2429.4028 -454.1243 -391.4444
v -806.6313 1364.4279 837.2084
v -645.9825 1471.7990 915.9977
v -625.8138 1429.7098 934.0977
v -1606.4088 -1321.8679 292.9379
v 759.1556 428.9815 1308.6404
v 503.7354 -1938.8652 -75.3277
v 561.0639 -1965.2052 -58.3234
v -465.5913 -1939.3267 104.5238
v -1700.5808 1077.7231 806.5838
v -1651.5367 1104.3970 817.6881
v 608.6354 99.3808 1253.3906
v 0.0000 -1977.0000 0.0000
v -2118.4087 -687.9039 474.3416
v -2174.8625 -645.2144 491.2865
v -2107.7729 -660.5766 522.5516
v 763.8638 523.5436 1252.6218
v 1095.7010 -1788.0225 -109.9013
v -1925.8615 832.8759 748.3765
v -1928.7280 791.1865 788.7151
v 393.1868 1199.9913 1140.2872
v -1441.6067 1210.9385 848.8903
v 1644.1639 -1498.8569 -233.8385
v -2351.6140 -267.3923 574.3918
v -2321.9573 -309.6501 583.3247
v -2283.0891 -282.7554 604.2758
v -244.0410 1393.8671 1008.1226
v -1879.5720 -1039.2493 389.7663
v -1850.5750 -1012.1951 420.2404
v -2168.8291 477.3245 723.9263
v -2129.7156 504.1892 744.6325
v -2104.9512 461.9949 758.2888
v -2286.3518 147.1704 636.8164
v -2270.8818 105.1456 659.4480
v -2236.0823 132.0649 684.3258
v 534.4240 1095.8141 1174.8496
v -1278.6715 -1693.2227 223.0094
v -1564.7847 -1364.3274 290.3127
v -1107.1765 1301.1578 855.9270
v 635.7449 -2005.9465 -88.0247
v 529.4099 -1808.0977 -73.9396
v 605.2780 -1996.8396 -40.3777
v 567.0624 -1771.5027 -31.1761
v -437.2953 1467.3458 965.0756
v 624.9901 813.4207 1190.7349
v -880.3315 1338.1403 849.8877
v 103.5293 -1975.4490 0.0000
v -703.4604 1445.2511 913.0188
v -1733.5822 1009.0095 817.5364
v -1695.5089 1035.8777 839.2485
v -2050.2654 -730.7921 446.1136
v -2055.5361 -703.2061 509.6818
v -56.6350 1362.2383 1019.2598
v 2463.6116 -327.0970 -393.6220
v -1947.1136 763.9676 747.9962
v -1941.9196 722.1162 780.5435
v -2285.5093 -352.0183 585.7006
v -2258.2280 -394.2047 596.9229
v -2242.8521 -325.1980 602.9833
v -1849.4358 -1081.5021 398.2348
v -1510.2838 1184.5967 856.7435
v 665.3483 -2043.4823 -69.0328
v 704.7471 -2077.0693 -50.7417
v 667.7869 -2021.0930 -23.7448
v -1173.1405 -1737.0289 220.3063
v -2172.6372 408.0896 706.6887
v -2144.5649 435.1474 738.0535
v -2121.2317 392.9939 753.0983
v -2272.3435 35.8950 639.9495
v -2246.0679 62.9739 673.0575
v -2223.9131 20.8440 689.2291
v -1513.8428 -1406.9467 278.7002
v -267.3018 -1725.8723 83.8284
v -262.3773 1435.9326 988.2736
v -1160.5941 1274.0018 847.8878
v 482.0163 1119.6272 1201.4285
v 86.4272 1331.3682 1073.2145
v -508.4245 1441.0200 975.2626
v 1201.7374 -1748.5392 -111.1930
v 2486.7842 -197.3735 -395.1065
v 1745.9340 -1430.4557 -237.2305
v -1998.4481 -745.9174 492.1277
v -1710.1997 966.8360 832.5129
v -692.1864 1403.3066 939.7001
v 603.8777 834.9543 1185.5251
v 841.4908 -2092.7476 -84.8983
v 801.3026 -2087.5757 -36.5521
v -1793.2573 -1124.2104 381.5604
v -1708.6898 -1139.8562 395.9497
v -2296.5718 -421.0852 575.4752
v -2268.6304 -463.3313 586.0694
v -2243.0681 -436.2113 619.8602
v -1961.7441 694.9214 741.2056
v -1956.7355 653.0819 773.9388
v -1928.4581 680.1392 805.1168
v 186.7060 1273.6910 1110.0018
v -115.3493 1335.7108 1017.4783
v -196.0106 -1477.6880 39.7081
v -258.2223 -1961.3903 103.6791
v -1565.5676 1157.9939 851.6381
v -1510.7653 1142.8319 894.7570
v -1483.9606 -1449.1985 287.4091
v -1455.4349 -1491.4395 297.4372
v 724.6774 471.3162 1304.3639
v 207.1386 -1970.7944 0.0000
v -2260.3896 -75.3404 645.0701
v -2249.1265 -6.2414 655.1074
v -2219.6370 -48.5099 664.1945
v -2122.2249 -64.3580 666.1847
v -2195.5342 339.2198 707.8875
v -2157.5093 366.1162 729.6525
v -2137.1074 324.0085 747.5293
v 1307.7974 -1704.3542 -112.5872
v 1845.5812 -1355.8639 -240.6987
v 323.1127 1173.6528 1149.4711
v 704.0461 291.3621 1320.0344
v -1216.3987 1246.8818 842.1333
v -1223.8906 1198.8988 866.3694
v 689.3159 570.4037 1280.0205
v -1935.4919 -788.7172 468.9074
v -1898.8707 -831.0966 471.1226
v -570.3027 1414.5331 976.5287
v -1831.3058 913.8539 832.5143
v -1769.3654 940.3132 831.1716
v 13.6483 1346.8245 1047.4412
v -964.2455 1312.0372 872.4439
v 417.4897 1116.0802 1191.9628
v -776.1965 1349.6833 903.8751
v -740.0398 1376.5900 927.4366
v 900.2204 -2118.5244 -67.9926
v 895.5978 -2098.9895 -22.1986
v 514.0347 989.1919 1211.4473
v -1722.6138 -1167.1305 350.9138
v -1688.3938 -1209.4845 355.4489
v -1672.0320 -1182.2444 398.1255
v 645.1762 789.7969 1213.5227
v -154.6011 -1751.2480 51.3973
v -142.6109 -1725.0150 96.0008
v -1067.5587 -1776.1547 217.8070
v -2236.5852 -505.5955 592.6907
v 310.9089 -1963.0009 0.0000
v -1988.9166 626.1107 746.5344
v -1982.4292 584.2508 777.8417
v -1949.8212 611.2238 804.8383
v 706.5663 402.3468 1300.9365
v -1436.4886 -1533.5088 316.7119
v 2498.4939 -65.9932 -395.8606
v -2212.6750 -117.8977 636.5716
v -2153.5874 -91.3539 637.9962
v -2114.9692 -133.7670 638.2774
v -2175.3157 297.1301 725.9482
v -2158.7695 255.0870 747.5321
v -1603.1635 1089.3455 867.0204
v -1556.3699 1116.1016 880.3282
v -181.7655 1351.0609 985.5584
v -1847.2037 -873.7214 458.8027
v -374.3092 1452.0500 1000.2969
v -363.6586 1410.1228 1027.5869
v -1860.4525 845.0743 839.7465
v -1824.0216 871.9683 863.0365
v -1040.1451 1285.8026 887.2575
v -118.3514 -1786.1084 69.9135
v 380.9224 -1896.1637 3.2923
v 409.5549 -1983.5942 43.4726
v -1646.0321 -1251.9437 352.1090
v -1628.3531 -1224.7365 393.5202
v -817.8448 1322.8610 885.6082
v 456.9715 5.1443 1320.4537
v -2167.2236 -617.7997 542.3758
v -2222.8992 -575.1293 558.5688
v -2193.2502 -548.0995 588.4130
v -2148.1670 -590.6147 582.4580
v 1413.6615 -1655.1855 -114.0767
v 395.1609 1158.2062 1175.9508
v 1942.4534 -1274.8375 -244.2025
v -1394.9116 -1645.2305 293.2303
v -1434.8068 -1602.8285 294.1995
v -1409.5023 -1575.7223 328.2285
v -1372.7791 -1618.0950 330.3517
v -2023.0118 557.4201 758.5551
v -2010.6315 515.4572 784.1664
v -1972.2560 542.3239 805.5840
v -2156.3303 -160.5835 619.7359
v -2132.0996 -202.7442 633.9055
v -2102.5791 -175.7453 663.8762
v 498.4406 1031.2074 1188.9379
v -2198.9182 158.9703 706.9169
v -2188.8110 228.0840 718.0633
v -2176.3533 186.1204 743.5997
v 608.4929 797.2908 1249.3407
v -1651.3959 1062.6617 855.1313
v -1582.3300 1047.2419 884.4774
v 101.3929 1289.3551 1096.3280
v -1790.6217 -916.4258 441.7360
v -1376.9049 1195.6179 882.4621
v -1313.3285 1180.3284 917.1360
v -51.6048 -1970.7190 103.3164
v 452.5286 -1987.6406 -5.0724
v 419.7151 -1930.0012 21.6279
v -437.0959 1425.5820 1002.4479
v 2035.7323 -1187.3000 -247.6959
v 1519.0687 -1600.7644 -115.6541
v -962.1310 -1810.8004 215.5199
v -1895.9912 818.1519 815.5841
v -1883.5580 776.1926 841.1461
v -1846.8875 803.0882 864.2108
v -1604.6721 -1294.3914 349.7433
v -1590.3029 -1267.1152 394.3546
v -1561.9075 -1309.3424 404.4902
v 678.7071 504.8174 1276.8018
v -1334.1180 -1660.4941 330.5806
v -1104.6033 1256.1046 884.0833
v -1091.1859 1217.3859 915.6278
v -2096.0632 -633.2381 569.7106
v -619.5094 1387.8539 965.5765
v -825.9326 1281.2531 930.9866
v -51.4471 1320.3986 1051.8164
v -2067.7656 488.9130 780.8575
v -2048.7019 446.8394 800.0233
v -2246.2168 -255.8838 627.1470
v -2169.5647 -229.6386 611.6047
v -2208.2847 -298.2578 628.0819
v -2133.9009 -271.9966 614.7409
v -2111.6892 -244.8534 651.7761
v -2217.2461 90.0230 703.7097
v -2180.3118 116.8985 726.5126
v -2160.2754 144.0910 765.6517
v 344.2183 1131.5497 1166.6731
v 672.6156 333.6450 1312.8221
v -1676.3345 993.7920 858.2932
v -1633.4199 1020.5947 875.3378
v -1645.7466 951.5131 866.3266
v -1605.9886 978.3771 886.4176
v -1826.7803 -1054.3523 434.8320
v -1808.2520 -985.3995 437.8491
v -1784.0253 -1027.5590 452.0219
v -1763.8832 -958.6274 453.4847
v -1744.0303 -1000.7164 471.8888
v 449.3264 1073.7861 1198.7894
v 527.9070 -2006.6954 10.6375
v 51.6048 -1970.7190 103.3164
v -856.9349 -1841.2252 213.4534
v -1570.2596 -1336.7263 354.0851
v -1526.6193 -1351.6838 407.9885
v -1447.0304 1169.2758 891.6917
v -1440.9771 1127.4354 923.4283
v -1379.9136 1153.9097 922.9324
v -1207.2009 -1658.6447 342.7914
v -1920.9769 749.3057 818.8050
v -1901.2798 707.1929 837.3479
v -1863.8365 734.1097 859.6687
v -2048.9878 -675.7739 561.8267
v -2004.4197 -718.2779 556.3694
v -506.5708 1399.2339 1011.0486
v -1154.1589 1232.6708 880.3778
v -1143.8979 1185.8657 897.6616
v 636.6303 264.9775 1326.6470
v -689.7196 1361.5135 974.9018
v -2076.6970 419.7916 768.5824
v -2064.3640 377.8021 794.2280
v -887.7164 1296.5256 894.6034
v -891.8323 1254.8372 936.1401
v 187.8013 1231.9166 1146.5071
v -2230.6023 -367.1541 628.7265
v -2183.2690 -340.4468 641.5036
v -2116.0845 -314.0612 635.1125
v -2098.2671 -356.1010 655.4692
v -321.3206 -1676.7875 112.0494
v -333.9112 -1731.3755 134.0702
v -346.6936 -1665.6266 159.3320
v -2194.2715 47.8792 719.0868
v -2151.0562 5.3689 714.9337
v -2157.0930 74.7619 741.6676
v -2123.5664 32.4327 746.8674
v 2124.5938 -1093.1580 -251.1286
v 1623.6553 -1540.7906 -117.3079
v -1784.5881 -1096.8129 431.6561
v -1744.9968 -1069.9641 451.9039
v -1713.6458 -1042.9781 480.1157
v -1701.1012 924.9299 861.3088
v -1619.7523 909.3345 878.8011
v -746.2029 -1685.1733 236.6838
v -1490.2544 -1421.5823 351.9650
v -1531.5294 -1379.1407 354.2678
v -1479.6366 -1394.2418 400.1962
v 383.8030 1047.3689 1203.5757
v -1193.7394 -1674.6119 296.3634
v -292.6480 1325.4137 1034.1523
v 616.2599 768.2916 1279.2692
v -1501.8662 1100.9318 923.7419
v -1951.1395 -760.9529 542.4982
v -1921.0410 638.2632 835.5250
v -1894.7629 665.3564 868.6301
v 12.1708 1305.0992 1086.4390
v 35.2865 1262.9553 1101.6869
v 547.1272 835.8560 1233.7299
v -287.2122 -1761.9999 151.8360
v -1200.8323 1172.7847 901.7567
v 2208.0669 -992.4373 -254.4411
v -2205.9365 -409.3238 642.4794
v -2184.3237 -451.4376 659.1758
v -2165.6885 -382.4929 662.0951
v -2157.1658 -424.3923 691.4307
v -2109.4470 351.0705 779.2917
v -2096.8711 309.0779 804.7182
v -2050.4185 335.8424 818.3433
v 1726.9753 -1474.9767 -119.0245
v 653.4091 444.9973 1314.6997
v -740.5577 1334.8472 965.4990
v 685.7416 -2063.3389 -3.9150
v 661.3137 -2002.3223 22.1838
v 714.1985 -2030.4520 39.5063
v -2187.0671 -21.5290 691.2250
v -2100.3098 -37.2110 703.5002
v -961.4839 1270.2494 907.3576
v -957.9958 1228.4313 941.5470
v 154.8549 -1967.6171 103.4373
v -1682.0581 -1112.7812 428.7051
v -1673.0759 -1085.4292 478.5121
v 127.5934 1205.4095 1146.1670
v -752.0417 -1867.6539 211.6147
v -1780.3967 898.7584 879.3965
v -1753.8345 856.5392 891.3098
v -1685.0748 882.9215 883.3998
v -1445.8975 -1464.0798 346.7131
v -1439.5260 -1436.6642 399.0291
v -1883.4862 -803.8412 514.7448
v -1941.1853 569.3341 834.0615
v -1919.8750 596.5042 871.9645
v -1541.7410 1074.0939 903.7648
v -1524.2499 1032.0336 924.4421
v -1483.1469 1058.8560 943.2286
v -343.8280 1368.0276 1045.9922
v 622.6588 667.5701 1311.0713
v 366.5670 1089.4142 1182.6520
v 779.7708 -2074.8782 10.4562
v 813.4559 -2039.8760 53.5040
v 630.5268 376.1081 1315.8934
v 580.6658 751.7844 1276.4818
v 258.2214 -1961.3904 103.6791
v -2217.1694 -478.3966 632.4206
v -2170.8057 -520.9638 625.2206
v -2132.1426 -494.0862 646.3611
v -2117.7500 281.9284 766.4014
v -2096.0854 239.8191 783.0497
v -2067.6943 266.8589 814.1170
v -1237.4246 1163.8903 930.8577
v -582.9439 1372.9968 1026.3002
v -2093.1973 -106.6230 675.7370
v -2067.0132 -79.5511 708.9186
v -1651.9059 -1155.0453 437.1585
v -647.4785 -1890.2675 210.0071
v -1028.4966 1243.8578 913.5797
v -781.8400 1308.0168 946.8774
v -1805.3745 829.8834 882.5955
v -1741.3944 814.5802 916.8688
v -1420.0347 -1506.2717 359.3053
v -1406.4247 -1548.2443 383.7351
v -1414.3879 -1478.8315 412.3248
v 113.6846 1247.3998 1122.0289
v -186.8513 1309.3953 1028.0397
v 2285.1807 -885.2625 -257.5749
v 1828.5184 -1403.0713 -120.7893
v -172.8265 -1786.7018 119.2841
v -175.6310 -1766.4531 164.9509
v -1830.0194 -846.4794 500.6742
v -1776.7721 -861.6043 545.3063
v 550.1924 169.6419 1330.7384
v 881.7318 -2083.1924 24.2589
v -1977.1674 500.6679 847.9025
v -1936.0802 527.4732 866.7036
v 220.7529 1189.6157 1152.2682
v 237.9100 1147.5728 1173.2721
v 324.1396 -1897.6915 52.8298
v 310.9931 -1881.6124 99.2377
v 329.8587 -1923.4863 119.0011
v -1563.9337 1005.1844 904.2869
v -432.3149 1383.7496 1035.3972
v -406.8852 1341.5732 1048.4062
v -2128.7227 -563.4265 622.1636
v -2098.0503 -536.4243 651.0159
v -2061.6980 -578.7795 653.4857
v -2137.8713 212.9733 764.9200
v -2125.8198 171.0396 790.8486
v -2078.1633 197.7620 803.3138
v -1611.4794 -1197.4883 435.7044
v -2080.8594 -217.8629 680.4740
v -2075.4226 -148.6589 696.1292
v -2050.4690 -190.8297 709.6068
v 321.3561 1074.6101 1193.2344
v 609.6711 709.5416 1286.0428
v -46.9795 1278.5802 1085.0811
v -1321.5416 1138.7130 962.6202
v -647.3962 1346.5730 1030.0708
v 413.6647 1012.1845 1227.3320
v 573.4877 793.6557 1245.8395
v 2354.8340 -771.9990 -260.4640
v -879.6820 -1597.2939 294.9516
v -1381.1770 -1590.4318 396.9324
v -1017.4584 1201.9133 940.4835
v 488.2682 878.6009 1252.9895
v -825.5455 1239.4929 968.1807
v 1927.6392 -1324.8303 -122.5823
v -1831.8004 761.0797 887.2150
v -1790.3531 787.8863 905.6618
v 568.8611 238.5981 1333.6102
v 834.2901 -1873.8461 0.0000
v -1773.4838 -889.1790 483.6536
v -1729.3497 -904.1592 537.0864
v 386.3368 -1922.0765 69.4865
v 408.6750 -1962.5463 88.9998
v 420.0703 -2007.4393 109.2987
v -1999.7946 473.5052 811.2654
v -1979.9236 431.4397 829.6561
v -1966.5662 458.7202 875.2271
v -1582.0070 936.2300 900.8384
v -1543.6478 963.0807 922.2656
v -2085.2468 -605.8989 617.7498
v -2045.5935 -648.3115 617.0293
v -2029.1230 -621.0626 659.5976
v -543.2161 -1909.2522 208.6346
v -1567.3844 -1239.9794 430.6875
v -1540.7323 -1282.1868 442.5395
v -2146.4307 102.0872 789.8463
v -2100.3650 128.8319 803.8449
v -2067.5786 86.5491 809.7601
v -2098.4951 -286.8240 676.5938
v -2057.7932 -259.9964 695.7694
v 638.3242 625.5540 1333.5203
v -848.5234 -1606.1038 247.2533
v -824.5799 -1645.9299 266.6526
v -1330.2146 -1633.0408 385.2851
v -1308.1852 -1607.1400 419.8467
v -1374.2820 1112.0773 955.0709
v -1360.2343 1070.0916 979.0811
v -689.0364 1319.7435 1011.7916
v 276.7817 1105.1626 1173.3025
v -57.8403 -1789.7561 132.1518
v -34.1458 -1879.1934 172.6872
v 940.0912 -1845.0342 0.0000
v -1073.5770 1175.3462 936.2048
v -1855.8279 692.2050 889.5012
v -1821.8833 719.1655 915.2122
v 484.1604 -2002.9631 59.2375
v -1736.8254 -931.5505 485.8226
v -1708.2186 -973.7977 495.7843
v -1681.1274 -946.7258 528.0917
v 2416.0059 -653.0656 -263.0459
v -379.7078 -1728.4459 182.8162
v -396.1581 -1784.5963 205.1146
v -2033.0491 404.8042 822.4711
v -2017.2556 362.7802 844.7911
v -1971.8881 389.5504 859.4647
v -278.3061 1283.4203 1057.8691
v 33.5042 1221.2314 1140.9725
v -1998.5632 -690.8541 609.1848
v -1986.2639 -663.5541 655.7915
v -1514.4304 -1324.3833 454.6935
v -1618.7249 867.5523 915.3741
v -1564.7393 894.1773 921.7296
v 2023.6161 -1240.0736 -124.3822
v -2101.7087 59.5869 784.2392
v -2046.9070 16.9340 768.8903
v -2072.2778 -329.0323 688.8549
v -2038.9948 -302.0743 715.1941
v -777.5105 -1725.9291 305.5118
v -1304.6943 -1675.2295 398.2183
v -504.2356 1357.4443 1046.3691
v -482.9838 1315.3320 1063.3979
v 138.5362 1163.4747 1173.1709
v -1430.6838 1085.5151 951.0602
v -1411.9838 1043.4412 970.5718
v 542.0541 -2007.6866 121.6657
v -727.9706 1292.8888 990.9280
v -1687.4191 -1015.9090 513.2639
v -1895.0751 623.5823 906.4872
v -1848.6450 650.3217 920.1332
v -1145.9003 1152.0771 939.8928
v -136.3052 1294.3141 1075.2789
v -137.0281 1252.5686 1113.5405
v -889.2388 1213.0353 971.1973
v 2467.6792 -529.0701 -265.2577
v -337.4163 -1689.9874 225.2478
v 2115.6172 -1148.6860 -126.1637
v -1939.7025 -733.6100 589.9224
v -1924.2430 -706.3444 633.4652
v -1879.5304 -748.8679 627.8718
v -2028.5992 293.6994 834.8394
v -1994.2336 320.6386 860.1333
v 435.3137 921.2460 1266.5527
v -1472.8981 -1366.8336 452.1658
v -751.0726 -1736.6229 258.1491
v -730.8725 -1657.5797 281.0469
v -1694.8125 841.3123 930.3636
v -346.6262 1257.0472 1065.3477
v 1046.2347 -1812.1322 0.0000
v -1126.4932 -1654.1659 403.5826
v -2078.8289 -398.1749 674.2659
v -2085.0635 -439.8481 717.8693
v -2053.5591 -371.0847 708.3427
v -2046.7599 -412.9592 739.3518
v -2077.0767 -10.0779 739.5449
v -2040.3384 -52.4661 741.6378
v -2015.8574 -25.3680 776.4774
v -29.7213 1236.5298 1105.9784
v -16.7552 1194.5548 1131.0219
v 603.7913 -2004.1528 71.7751
v -1467.0784 1016.8386 965.2870
v -561.5609 1330.8911 1043.2316
v -557.0536 1289.0645 1076.4502
v -1661.7081 -1058.0946 526.0062
v -1633.3593 -1100.3052 536.2036
v 596.2970 556.9887 1353.1929
v -1911.4202 554.5951 901.3696
v -1871.4277 581.4517 921.2343
v -1233.6973 1120.8082 969.2204
v -786.3667 1266.3545 988.8273
v -953.4010 1186.5970 974.6783
v -209.7183 1268.0284 1087.6897
v -1430.1096 -1409.2952 448.4138
v -1405.3430 -1451.4680 462.0688
v 203.3004 1082.6880 1193.8701
v 560.1234 641.0981 1312.9683
v -1877.2804 -776.4050 567.2198
v -1834.8057 -791.3688 622.2570
v 1152.6416 -1774.9120 0.0000
v -2035.5310 224.5448 820.6234
v -2014.1389 251.6957 858.4503
v -1121.5879 -1673.5753 357.7683
v 725.6041 -2004.4587 84.1524
v -2124.6040 -466.6974 697.5657
v -2088.0598 -509.0531 699.8448
v -2059.8228 -482.0272 731.0635
v 335.3618 1032.7872 1210.5677
v -2047.1320 -121.6217 727.2935
v -2014.6608 -94.6568 754.4148
v -1998.3523 -136.6893 776.2333
v -1686.2765 799.4413 959.7007
v 2508.9446 -400.7900 -267.0441
v 399.6856 963.5942 1263.3785
v -383.6515 1299.4321 1063.5419
v -389.7855 1230.2494 1048.5504
v -355.7455 1160.4037 994.7762
v 2202.7239 -1050.6459 -127.8991
v -1641.8997 -1127.6870 485.9797
v -1581.2089 -1142.9642 523.4242
v 590.1918 487.8155 1338.1714
v -1508.1995 990.0239 946.5203
v -1493.0286 948.0164 969.4402
v -1453.1647 974.8671 989.4296
v -232.2388 -1945.5852 205.9409
v -624.9860 1304.4467 1046.0133
v -614.5680 1262.5110 1073.5123
v -1931.2845 485.6429 899.6367
v -1894.9552 512.5760 923.0453
v 571.0425 307.8374 1352.4150
v 59.1937 1179.0483 1153.7411
v -791.4257 1224.6694 1031.2705
v -1406.0475 -1520.7340 441.8393
v -1383.2823 -1493.5999 478.3375
v -1010.2189 1160.0372 971.0659
v -1827.8735 -818.9876 557.0788
v -1770.1093 -834.1960 597.3470
v -1043.8746 -1691.6959 373.3107
v -261.1681 1241.3719 1078.8782
v 2539.0354 -269.1029 -268.3580
v -2062.6365 155.7421 825.8914
v -2033.1918 182.7451 855.9370
v -2043.7310 -551.5558 694.6134
v -2023.0771 -524.3713 733.1362
v -2026.2537 -163.7404 744.7012
v -2007.9554 -205.8021 764.6068
v 2283.9294 -946.0345 -129.5577
v -1777.1572 745.9171 930.4937
v -1735.9042 772.7294 949.1360
v 542.3029 683.1549 1292.6104
v -1597.6219 -1170.1815 480.7837
v -1557.8522 -1212.6235 479.9631
v -1553.7308 -1185.1689 534.4595
v -441.0712 1272.8754 1060.5121
v -107.2260 1210.3182 1122.3395
v 1259.1766 -1733.1089 0.0000
v 409.4059 75.2176 1387.2756
v -1523.6984 921.0044 940.5739
v -1515.4331 879.1021 970.1593
v -1953.3987 416.7401 900.0923
v -1916.7512 443.6445 923.1793
v -586.2757 -1871.3784 310.6022
v -1378.8386 -1562.9399 453.1306
v -1358.4554 -1535.7786 491.9438
v 828.6448 -2012.3368 97.8780
v -1720.9956 -876.7774 587.4948
v -967.3079 -1710.2668 388.9363
v -1308.8408 1096.7306 987.9163
v -1295.6754 1054.7706 1012.7906
v -837.0803 1197.9207 1016.8753
v -1070.3669 1131.3674 966.0530
v -2042.2626 113.6437 843.7889
v -2004.1903 71.2484 844.5941
v -2014.1584 140.6670 875.1249
v -2009.2130 -593.8971 698.8525
v -1962.4426 -636.4249 691.2634
v -1974.9799 -566.9507 724.2795
v -2027.7052 -232.9637 725.1979
v -2009.9386 -275.0417 745.6093
v -1988.1969 -247.8895 783.0977
v -283.5400 1144.9613 1021.1143
v -256.3325 1075.2224 973.9291
v -261.6537 1172.1093 1058.4526
v -1803.5039 677.1024 935.0328
v -1757.4034 703.8365 948.9933
v 565.1531 599.2606 1345.6771
v -69.8248 -1943.1053 196.3654
v -1525.7886 -1254.9033 486.5626
v -1516.1769 -1227.5563 535.7660
v 157.3361 1121.4066 1192.5897
v 1365.6693 -1686.4612 0.0000
v 2557.3354 -135.1432 -269.1618
v 384.1619 -1951.0586 136.2230
v 364.9244 -1887.9270 161.9484
v 389.3306 -1927.5635 181.3135
v 923.1324 -2045.0828 66.7541
v 928.1155 -2021.6768 111.8620
v 231.9749 1040.9873 1204.8934
v -1290.4565 -1578.5957 464.0385
v -1569.8065 852.5132 964.1920
v -1965.1018 347.6679 890.4777
v -1936.4399 374.7225 921.2834
v 475.0680 767.7971 1282.4005
v 569.0836 418.8966 1337.6448
v 2358.1934 -835.0808 -131.1079
v -828.4185 -1626.0729 312.3911
v 343.4475 989.8054 1238.0201
v -1674.6586 -919.3193 580.3293
v -683.5976 1277.9019 1044.1129
v -663.7501 1235.8163 1062.5201
v -1346.2454 1028.0914 1003.1320
v -2039.1989 44.3175 819.9214
v -1992.8971 1.7740 812.7877
v -1962.9772 28.7808 842.3687
v -1904.1887 -679.1752 672.5842
v -894.8365 1171.3716 1014.1675
v -1144.0414 1107.2599 983.3343
v -1062.4276 1091.6407 1000.5732
v -2022.5503 -344.0860 736.8783
v -1989.9165 -317.1299 763.8522
v -24.9047 -1755.0657 175.2537
v -5.5827 -1796.7625 194.9846
v -56.6136 -1866.8573 219.7614
v -30.6718 -1905.8857 239.0189
v -14.6478 1152.7700 1166.5623
v -1502.6414 -1297.0453 501.7904
v -1830.7800 608.2742 940.4594
v -1800.1486 635.2747 969.3522
v -328.6884 1187.4655 1027.1290
v -308.0525 1214.6476 1065.6895
v -310.5446 1117.8933 988.7114
v 419.6664 -1816.3275 136.9053
v 433.7441 -1980.5265 153.7826
v 448.8750 -2023.9067 173.8134
v -391.0486 -1761.1384 250.2119
v -392.5197 -1740.3313 295.7806
v 532.9569 350.2324 1351.6228
v 2424.4426 -718.1529 -132.5167
v -1255.4351 -1635.3458 437.1793
v -1232.6573 -1604.7468 481.0083
v 93.0714 1094.9725 1196.1691
v -842.6977 -1730.8508 355.6517
v -1633.8413 826.0644 967.5457
v -519.4238 1246.6700 1077.6868
v -1662.4470 -988.8162 547.6304
v -1648.9176 -961.5043 593.0446
v -1977.4719 278.6196 881.5165
v -1949.5178 305.6698 913.0005
v 501.8677 725.5868 1294.0769
v -209.2393 1226.2654 1124.7916
v -194.1679 1156.7411 1089.3344
v -170.6917 1183.8594 1125.1366
v 1471.8734 -1634.6805 0.0000
v -1866.3979 -721.5679 673.6644
v -1993.2059 -67.4797 792.1801
v -1972.9713 -40.3288 831.1151
v -1397.6687 1001.4445 994.3145
v -1388.8602 959.5421 1023.3759
v -736.2058 1251.2772 1036.4425
v -736.3505 1209.5140 1074.1348
v 439.0594 810.1501 1279.5857
v -2011.4531 -386.0341 763.7275
v -1128.5458 1065.2369 1005.9313
v -949.1594 1144.7714 1008.1500
v -1466.2397 -1339.4240 504.2216
v 507.9383 281.3787 1354.8718
v 989.8484 -1823.0736 108.7180
v -1855.3208 539.4067 943.2457
v -1818.9048 566.3171 966.5508
v -371.2051 -1802.6207 269.9055
v -79.6594 1168.0959 1133.2899
v -304.8013 1048.5183 962.2493
v -1186.1880 -1656.8492 453.3279
v -749.7828 -1742.8185 370.1026
v 536.9210 530.4658 1352.0425
v -1640.6769 -1030.9113 564.1727
v -1617.7645 -1073.0504 579.6161
v -1965.3435 236.6495 907.3700
v -1904.1632 263.1407 906.7768
v -1671.2734 757.4199 982.7738
v -1622.4139 784.1308 994.0792
v 72.6540 1137.0663 1178.3113
v 1577.4700 -1577.4706 0.0000
v 77.3718 -1952.7233 205.4005
v -580.2719 1220.1809 1077.9689
v 473.0923 212.6935 1367.6069
v 501.1676 614.5754 1311.4259
v -1829.3679 -763.9281 675.4658
v -1971.9603 -109.5938 809.2309
v -1950.7042 -82.4407 847.1733
v 2481.6118 -595.7821 -133.7513
v 1095.7010 -1788.0225 109.9013
v -2035.6484 -454.9096 766.1945
v -2000.3785 -497.2302 769.6982
v -2010.2371 -427.8028 800.1284
v -1435.0157 932.8006 1009.4653
v -237.8453 1199.2291 1093.9453
v -221.3480 1129.6812 1057.1102
v -190.8186 1059.8887 1006.7222
v 607.7391 -2009.2515 183.5338
v -1411.1165 -1382.1080 488.5638
v -1396.8831 -1424.1110 512.3837
v -1228.1719 1081.1420 1006.0809
v -1211.4121 1039.1129 1027.4720
v -279.7215 -1912.9784 306.2080
v -1887.5251 470.6830 953.4350
v -1839.5747 497.3893 965.6030
v -1057.4662 -1675.7880 419.7509
v -1070.1423 -1659.5181 466.1230
v -664.1560 -1729.6442 318.4966
v 521.7687 461.4482 1345.7631
v -100.1343 1071.6453 1073.6716
v -78.7271 1098.8113 1111.4813
v -99.3557 974.8389 993.5423
v -359.7818 1091.2008 977.7748
v -361.5941 1021.9603 958.6163
v -1571.6519 -1115.5941 572.6719
v 180.5752 -1948.7615 205.7005
v -2000.5057 209.7322 882.8564
v -1979.3400 167.6016 899.9823
v -1930.7618 194.3153 911.5491
v 2528.7156 -468.6703 -134.7813
v -1725.1685 730.7984 976.3342
v -1661.2450 715.5140 1010.6667
v 516.7373 572.5551 1333.9463
v 709.8159 -1989.4412 130.7500
v -1764.3687 -806.7852 650.2855
v -1975.0015 -178.8355 791.2537
v -1955.7935 -151.6234 831.1855
v 16.4600 1110.4888 1174.0890
v -1961.4678 -539.6521 769.6990
v -1371.0162 -1466.2798 524.9660
v -1476.6289 905.9788 991.1746
v -1469.4668 864.0972 1021.8217
v -805.1255 1183.1512 1082.0647
v -239.1852 1102.4556 1015.8489
v -220.5987 1032.8707 976.9933
v 125.9878 1052.6594 1201.9495
v -626.9216 -1764.1062 336.9414
v -1282.1423 1012.7931 1037.2944
v -1009.0067 1118.2582 1007.4550
v -1006.4666 1076.4750 1042.5802
v -1860.9896 428.4803 965.3768
v 1682.0637 -1514.5369 0.0000
v 245.9923 995.7450 1222.0117
v -1551.4241 -1157.7021 590.7113
v 322.7219 937.3745 1279.2179
v 1201.7374 -1748.5392 111.1930
v 332.3405 48.9955 1403.2188
v -482.0954 1204.2881 1079.2101
v -434.8647 1134.2223 1012.7066
v -1988.3907 98.5009 887.8151
v -1938.4553 125.1846 898.0722
v -1911.8739 82.9726 909.9767
v -143.8963 1114.1366 1078.3623
v -128.7610 1141.4014 1122.2198
v -125.4646 1044.5490 1039.6553
v -1748.3043 661.9196 977.7750
v -1713.1453 688.8536 1002.2997
v -1691.9813 646.7480 1019.4338
v -1719.0626 -849.3154 644.1146
v -177.9274 -1920.1863 305.4305
v -1326.7090 -1571.8395 512.1030
v -1351.1544 -1508.3739 543.3746
v -1316.9932 -1550.6936 547.9440
v -1964.5297 -220.7392 818.7180
v -1955.1013 -262.6721 847.1824
v 297.8044 22.0577 1378.0868
v -1931.9275 -609.4307 720.2732
v -1895.5179 -582.5215 743.5906
v -637.2784 1193.6166 1074.5330
v 1785.1816 -1445.6124 0.0000
v -554.6536 -1784.4081 352.8740
v -566.1929 -1888.0594 395.9384
v -959.5873 -1685.7531 433.8451
v -1516.1356 837.3665 1008.4086
v -19.6158 1083.5823 1150.4520
v 2564.8975 -337.6752 -135.5805
v -860.6411 1156.5752 1077.2052
v 436.1689 144.0422 1382.3517
v -1341.1663 986.2663 1035.8069
v 283.9058 -1941.5945 206.2399
v -1899.6525 401.6008 944.2336
v -1873.0894 359.4121 956.1508
v -280.9568 997.6639 958.3177
v -1072.4751 1050.0623 1047.8407
v -1512.3744 -1200.1122 590.5718
v -1481.2295 -1242.3707 598.0583
v 1307.7974 -1704.3542 112.5872
v 80.1667 1025.9159 1187.7213
v 474.9226 656.7675 1299.1893
v 839.9039 -1986.3953 142.5344
v 843.8314 -1963.4106 187.7151
v 492.4550 392.6673 1353.1578
v 455.6879 254.7401 1346.8508
v 175.9604 968.3146 1228.8391
v 408.9834 741.3889 1287.7302
v -1945.6294 56.0119 884.0935
v -1918.3406 13.7947 895.3184
v -1673.2504 -891.8194 637.4412
v -1637.5750 -934.1697 640.5576
v 273.9099 910.6734 1267.8690
v 378.7080 852.9225 1300.2953
v -1253.6967 -1591.8478 527.9828
v -1774.5879 593.0801 982.2383
v -1729.5579 619.8505 997.2360
v -1709.6760 577.7623 1015.6048
v -445.3105 1065.1233 1001.8819
v -171.1050 1087.0798 1046.1637
v -162.5037 990.1406 958.4756
v -144.2193 1017.3471 999.2914
v -140.7930 948.0206 975.0791
v -1978.1031 -289.8085 810.9131
v -1968.1705 -331.7251 838.8969
v -1887.2726 -651.9413 714.7308
v -1853.8748 -624.9786 740.9550
v -495.7609 -1831.5239 324.3044
v -492.9326 -1879.8840 345.2200
v -513.6396 -1817.3431 371.0497
v 2589.4285 -203.7921 -136.1258
v -864.7282 -1718.3488 402.6940
v 489.2035 503.7498 1339.6392
v 403.6421 -1971.2847 201.4057
v 373.4328 -1813.5959 185.6835
v -1568.4880 810.7362 1000.4877
v -1556.6537 768.7715 1026.6191
v -1501.4805 795.3622 1031.8247
v -709.2037 1167.3074 1085.4939
v 417.0316 186.1176 1363.2622
v 468.0417 323.8047 1355.8215
v -57.3210 1125.9712 1149.2928
v -60.6662 1029.2303 1073.1379
v -43.1704 1056.4564 1114.7161
v -34.5685 959.5176 1027.0337
v -1495.2178 -1269.6530 553.0935
v -1462.9703 -1311.9567 559.5286
v -1446.0571 -1284.7273 601.6784
v -1911.5734 332.5574 934.8433
v -1884.9163 290.3524 946.6750
v -1848.3658 317.2419 969.8535
v -1311.0544 943.9983 1044.2933
v -899.8727 1129.7159 1056.6100
v -1133.7570 1023.5660 1048.5251
v -25.6914 -1832.9888 263.0092
v -30.5568 -1884.4441 284.4743
v 47.2075 1068.2211 1181.9750
v 1886.2311 -1370.4274 0.0000
v -1622.0649 -1003.7248 604.6844
v -1602.0297 -976.5402 643.8163
v -1943.5742 -13.2977 861.2004
v -1913.5785 -55.5566 869.8058
v -1797.7001 524.2203 983.6569
v -1754.0597 551.0004 999.9935
v -1731.1934 508.8615 1015.4836
v -1858.0784 -694.1895 724.1074
v -1816.2247 -667.3765 742.1720
v -1777.6559 -709.7524 742.4874
v -1983.2151 -358.9807 794.9403
v -1979.1279 -400.8239 828.5699
v -1948.6652 -373.8076 857.6305
v 142.6061 1010.6248 1223.4681
v -552.8792 1177.9683 1089.0901
v 258.8554 952.6804 1244.8357
v 465.0312 -1995.9895 218.1185
v 402.2591 -1851.4454 204.7328
v 430.1250 -1889.6913 223.8508
v 437.9384 -1936.0358 244.4087
v 445.2654 -1982.5768 265.0004
v 343.2172 895.2742 1296.9954
v 329.4830 826.2328 1289.3489
v 1413.6615 -1655.1855 114.0767
v 1031.3739 -1958.5768 149.9174
v 982.1201 -1957.0669 198.9145
v 376.6610 117.5246 1381.3418
v -1612.0602 742.1805 1021.6414
v -1406.4277 -1354.6650 542.5091
v -1406.4552 -1327.1382 601.0097
v -1880.7104 220.9991 921.7016
v -1861.2600 248.1798 961.3934
v -1411.2435 890.6350 1024.0747
v -1360.8359 917.3082 1033.8827
v -1341.9462 875.2380 1053.2117
v 1984.5295 -1288.7682 0.0000
v -950.0749 1103.0444 1046.6097
v -940.3224 1061.1233 1074.7625
v -74.8466 1001.9534 1028.3610
v -67.1600 932.5483 1000.0295
v 2601.8264 -68.1316 -136.4027
v -1144.1377 -1618.4978 495.7759
v -1163.6312 -1604.9564 542.6403
v -1600.6263 -1045.8252 621.5425
v -1587.4320 -1018.5265 667.2809
v -330.6894 972.6733 951.4468
v -1925.9951 -124.6159 860.8921
v -1897.7743 -97.5650 892.1147
v 440.4202 588.0795 1311.6074
v -733.8761 -1714.9871 414.4226
v -1767.3988 -779.2209 711.6863
v -1819.3031 -736.5983 724.2418
v -1742.4465 -752.1110 746.0750
v 1519.0687 -1600.7644 115.6541
v 536.4736 -2016.6412 234.1118
v -1987.6086 -469.9602 815.8444
v -1960.9473 -442.8537 848.5772
v 14.3561 1041.2573 1155.2208
v 10.7938 972.0405 1137.7490
v -1808.2001 455.1283 972.8876
v -1773.2223 482.0396 997.5886
v -1752.4681 439.9295 1015.1104
v 432.6905 699.2335 1302.4025
v -601.5058 1151.2598 1077.5542
v -552.1408 1101.9755 1062.5870
v -1379.6023 -1396.8536 554.1634
v -1373.4696 -1369.4482 606.7216
v 372.4020 783.7577 1285.4786
v 460.6512 434.9572 1346.2982
v -1640.6444 673.4126 1028.3512
v -1578.1571 699.8702 1026.4863
v -1515.7472 657.0534 1003.7875
v 303.3300 868.4237 1277.0292
v 111.6819 -1876.5032 295.3877
v -1905.4032 152.1339 924.6361
v -1865.5708 178.9765 944.6506
v -1844.5569 136.8801 961.9286
v -786.5119 1141.0933 1101.6770
v -1404.9213 848.7744 1055.5424
v -1086.9510 -1644.8849 512.7890
v -1573.5220 -1088.0554 632.9540
v -990.7868 1034.4474 1065.0049
v -1197.3804 997.1240 1051.4916
v -1176.5884 955.0286 1068.9857
v 618.7307 -2032.9106 249.3262
v -1942.3585 -193.5992 855.7881
v -1917.8184 -166.5058 890.5626
v 464.1317 545.9259 1326.2777
v -1710.2299 -821.9388 694.0524
v -1686.5298 -794.8077 729.6453
v -1944.8962 -512.4111 812.1791
v -1898.1172 -485.6940 825.4859
v -1846.8680 -528.2900 813.5634
v -1793.2357 413.1115 996.0084
v 438.8441 366.0491 1346.4453
v 2079.2922 -1200.4805 0.0000
v -28.0759 986.9244 1079.2319
v -6.3416 1014.0763 1116.7186
v -20.4788 917.5312 1051.0031
v -5.6132 944.7972 1095.1183
v -1355.2233 -1439.0338 568.2027
v 145.9897 -1912.1412 314.0433
v -1612.7235 631.1751 1038.9436
v 89.3333 984.0048 1216.4347
v 379.3861 679.0737 1309.1274
v -1892.1906 110.1636 949.4493
v -1860.8041 67.8751 956.7088
v -245.7867 960.7560 973.4804
v 1623.6553 -1540.7906 117.3079
v -991.4748 -1655.8456 527.0613
v 190.2292 926.3137 1252.6191
v 322.3891 757.0788 1275.2926
v -1549.0461 -1130.2051 646.8803
v -1510.0314 -1172.6090 646.7829
v -853.1052 1114.6860 1107.4850
v 253.0714 841.7477 1267.0785
v -607.6245 -1734.9086 381.0219
v -606.4127 -1713.0254 426.3996
v -1457.2260 822.1439 1047.5714
v -1438.2220 780.0790 1066.8000
v -1919.8324 -235.7255 871.6044
v -1895.0205 -208.6431 906.1199
v -1262.8923 970.6981 1056.2605
v -1238.1958 928.5492 1069.9990
v 421.2300 297.0713 1342.5411
v -1664.8359 -864.4443 687.7945
v -1643.9786 -837.2877 726.1294
v 185.9598 10.6558 1331.5654
v -1877.3591 -555.3151 784.5338
v -1845.2607 -597.6039 791.1130
v -1815.0227 -570.6031 820.3900
v 2169.6277 -1105.4806 0.0000
v -1831.7681 386.2477 974.7380
v -1806.5824 344.0687 987.9862
v -1770.9839 370.9776 1012.0850
v 409.3057 519.3286 1320.7402
v -1332.9823 -1481.1550 584.2932
v -1307.8372 -1523.3489 597.5917
v 1726.9753 -1474.9767 119.0245
v -56.8913 890.6183 1027.6810
v -931.8386 -1653.1405 477.3162
v -1667.2000 604.5715 1033.0741
v -1643.7574 562.4316 1048.0121
v -665.8878 1124.8347 1081.2554
v -666.9710 1083.0867 1119.8574
v 404.9194 630.4314 1308.3179
v -1888.4218 40.8101 924.8987
v 306.8096 91.1806 1390.3129
v -546.2029 -1759.6035 397.7345
v -576.9610 -1871.0237 442.1758
v -596.6682 -1928.4774 464.7040
v -1479.6951 -1214.8726 655.0561
v 49.0539 957.1611 1196.8481
v 355.8331 721.2249 1294.3008
v -1479.5930 753.2396 1048.2584
v -1443.6349 710.8884 1051.1102
v -898.5850 1087.9418 1092.9365
v -870.0034 1045.6945 1102.9001
v -1939.9249 -304.6860 870.1005
v -1911.1707 -277.6518 900.8076
v -1631.0038 -906.7617 692.6902
v 151.9864 899.4465 1231.0823
v -1802.6603 -640.0558 787.5420
v -1291.8723 901.9269 1063.3485
v -1270.6957 859.8084 1080.4580
v -1056.0566 1008.0268 1069.5468
v -1033.5891 965.8970 1085.4246
v 272.9164 64.2306 1364.5640
v 436.0739 477.1219 1332.4552
v -1302.6339 -1590.2042 576.9554
v -1279.4122 -1559.4125 620.7546
v -1815.1859 274.9428 975.3835
v -1774.5413 301.7661 994.6137
v 225.9140 37.5015 1351.4648
v -429.0374 960.4739 952.8603
v 849.5717 -1989.1930 253.8853
v -821.8167 -1658.2269 490.5424
v -850.0889 -1719.1182 513.6871
v -487.9894 -1905.9797 411.4464
v -477.9670 -1781.5581 413.9579
v -520.6796 -1947.2808 480.3689
v 2254.5754 -1003.8012 0.0000
v -1441.0538 -1257.2886 655.3288
v -1900.8186 -28.2342 915.9658
v -1864.4543 -1.3342 939.3301
v -1840.8789 -43.4791 954.1365
v -1688.4755 535.6483 1032.7036
v -1663.1028 493.4858 1045.7804
v -1598.2332 -949.0748 698.6207
v -1915.8286 -346.8180 884.3967
v -1890.8595 -388.9976 897.8545
v -1529.5380 726.5723 1038.0164
v -1468.9915 683.7851 1017.1185
v -310.8313 929.6780 967.9176
v -1765.2372 -682.4581 788.9821
v -915.3390 1018.9445 1088.1943
v 33.3016 999.1802 1174.4937
v 18.4568 902.6375 1109.4429
v 32.1878 929.9288 1154.6637
v 1828.5184 -1403.0713 120.7893
v -1327.4288 833.2437 1076.7620
v -1120.8829 981.6048 1073.6709
v -1105.1504 939.5927 1096.0531
v -1225.7780 -1608.6552 592.5593
v 116.8218 941.7881 1227.4625
v -1833.8879 205.9631 972.5380
v -1764.5951 232.3136 964.1052
v -1748.1930 190.2854 985.8339
v 284.3577 799.4700 1274.4387
v 218.3694 884.0966 1263.0315
v -786.8018 -1665.4701 442.5677
v -818.8359 -1755.9996 532.5609
v 2333.0828 -895.5869 0.0000
v -449.6654 -1939.9930 429.8118
v -514.2624 986.2072 1024.5972
v -463.6838 919.4526 970.4058
v -216.8979 921.7820 990.0924
v -1411.5446 -1299.5287 664.3896
v -1873.4452 -70.4643 927.1064
v -1852.0818 -112.5641 944.0458
v -1707.9933 466.7097 1030.6478
v -1684.9106 424.5651 1045.9298
v 423.9681 -1870.7854 269.7572
v 467.0433 -1902.8911 287.7852
v 480.5218 -1946.9434 307.9348
v -1572.3754 -1060.5404 690.3228
v -1580.4185 -991.1257 718.9911
v -1560.0266 -1033.2249 736.8616
v -761.3456 1098.9083 1114.9297
v -744.8810 1056.8756 1136.6030
v 1927.6392 -1324.8303 122.5823
v -1847.8047 -458.9969 835.3714
v -1926.9943 -415.9266 874.2787
v -1826.4102 -431.8456 873.1949
v -126.7033 906.0270 999.0415
v 381.7634 561.5432 1309.7579
v -1728.3433 -724.8252 790.9167
v -1488.4907 614.8492 1015.0446
v -1446.4528 641.6746 1032.9358
v 349.8118 159.7290 1369.6903
v -1391.8911 806.8185 1080.5393
v 40.1568 -1834.4945 324.8661
v -1166.5737 913.1005 1096.8799
v -2.2538 875.4642 1070.9648
v -1796.8033 163.5853 974.2929
v -716.1639 -1686.4403 458.6169
v -732.6716 -1742.6158 480.9196
v -778.9496 -1810.7883 505.3575
v -775.8701 -1859.0586 526.2537
v 413.5155 408.2289 1333.3337
v -380.2767 -1862.7965 404.1159
v -348.8516 -1948.7913 443.6992
v 79.9077 887.3715 1146.1577
v 92.9299 914.6715 1192.0569
v -1346.4418 -1384.1414 676.6799
v -1385.2781 -1341.7253 676.5895
v 170.2109 857.3814 1251.0477
v -585.4545 1026.2863 1049.6523
v -1886.7930 -139.5175 919.0828
v -1856.9663 -181.7498 927.8510
v -1818.5797 -154.8839 949.2617
v 538.3395 -1994.4805 279.4392
v 538.1672 -1973.1573 324.9154
v -1731.4337 397.8239 1032.3704
v -1536.8022 -1102.8810 693.5336
v -1811.3307 -501.3731 837.7318
v -1785.2788 -474.2921 871.0535
v 1014.8372 -1794.0103 216.6363
v -1679.7625 -767.3889 781.5759
v -1040.4460 -1604.7213 554.9198
v 2404.0713 -781.1299 0.0000
v -831.1349 1072.5743 1123.8574
v -793.9214 1030.1836 1125.4808
v 385.3304 228.4051 1356.3052
v -1581.8086 588.8977 1046.6689
v -1466.1499 572.7190 1031.0394
v 389.4834 339.3600 1335.6290
v -695.6432 -1876.1399 541.6116
v -967.4295 992.2971 1080.0188
v -946.4891 950.1968 1097.3728
v -278.7558 -1873.6976 402.6501
v -1372.1855 764.7213 1099.0741
v -1814.9713 94.6423 970.9306
v -1775.9010 121.5050 991.6804
v -374.3560 908.7962 977.8358
v -41.4192 848.6096 1050.3134
v -1346.0520 -1411.6675 617.8193
v -1328.2999 -1453.7051 638.2349
v -1315.4387 -1426.4255 684.3088
v 2023.6161 -1240.0736 124.3822
v 322.5671 654.9052 1318.9871
v 620.2491 -2010.9049 294.6820
v 599.2357 -1997.9893 341.6513
v 57.0839 860.2327 1109.7156
v -1869.6425 -250.8256 919.1790
v -1836.9161 -223.8529 946.0674
v 2466.4526 -660.8846 0.0000
v -1502.0308 -1145.2354 697.5399
v -1741.0284 328.7190 1020.7299
v -1703.3447 355.5991 1042.8158
v -598.3576 965.2780 1062.9874
v 140.1274 830.3692 1221.6241
v -288.4361 888.8237 986.5722
v -1775.6555 -543.7194 840.8458
v -950.3934 -1617.8345 569.5737
v -1633.7922 -809.9201 774.7660
v -1609.1200 -852.0928 788.5174
v 144.9430 -1841.6750 338.4659
v 190.8047 -1922.1378 377.4077
v 193.3934 -1970.6021 398.3421
v -586.4134 -1754.4364 446.0793
v -685.7988 -1893.5701 495.4448
v -675.7680 -1939.0151 515.8427
v -667.4830 -1914.2732 560.7135
v -1538.0883 546.4184 1042.0275
v -1509.9868 504.1799 1052.4526
v -828.2472 1003.2445 1100.1543
v 2115.6172 -1148.6860 126.1637
v -1821.8274 25.4709 956.6431
v -1791.9783 52.4958 986.3004
v -1754.7487 10.1068 987.9193
v -1412.2313 737.8889 1079.2695
v -1389.7573 695.7564 1095.1371
v -994.3820 923.4870 1085.1385
v -1294.9402 -1496.0278 643.5978
v -1221.9689 886.5099 1091.8884
v -1200.3241 844.3847 1108.5546
v 1120.3445 -1757.1676 219.0310
v -1886.9635 -319.7997 914.9988
v -1843.6278 -293.0247 931.6360
v -1480.9343 -1187.3431 714.7361
v 262.5367 -1914.5762 326.8004
v 233.7227 -1855.3198 353.2154
v -1753.7745 259.6631 1012.1306
v -1719.1281 286.6039 1037.1533
v -1676.1608 244.1373 1033.2350
v -1772.2577 -613.0756 816.6660
v -1735.7125 -586.1560 839.8564
v -1617.1333 -879.4938 737.7901
v 26.5490 833.2242 1080.7207
v -642.2928 1018.1298 1132.2214
v 261.6749 730.5806 1275.4363
v -182.8629 -1931.2532 452.9082
v -557.2372 -1792.1649 465.1070
v 120.6080 872.4524 1202.9022
v 98.0539 845.3096 1166.1991
v 380.9377 450.5316 1327.2222
v 194.0120 815.2293 1265.6389
v -1615.3600 520.1912 1058.1558
v -1589.9042 478.0227 1071.1516
v 786.4981 -1993.2750 303.8750
v 765.3667 -1980.4050 350.8527
v 2519.1799 -535.4684 0.0000
v -1267.2198 -1533.1128 665.3421
v -1792.8495 -16.7724 966.2280
v -1775.7892 -58.8162 987.3298
v -1417.6479 668.6971 1063.5911
v -1397.3381 626.6116 1081.5515
v 1225.9089 -1715.7457 221.6338
v -1054.1285 896.9753 1084.3580
v 296.1598 133.1125 1363.0187
v -1258.2688 817.8474 1106.0349
v -192.3659 879.6141 1003.9633
v -435.7289 877.3854 981.3088
v -1438.5817 -1229.7944 711.3981
v -1844.9880 -362.2730 912.0485
v -1819.3236 -335.1884 945.7391
v -836.7062 -1642.8364 537.0737
v -1592.5494 -921.6467 751.6034
v -1565.4614 -963.8692 763.0318
v -1732.4189 -655.4905 815.7640
v -1698.6855 -628.5312 841.6788
v -1661.6688 -670.9193 843.5049
v -1719.5060 217.3461 1016.6153
v -117.0871 864.1092 1027.3213
v 344.2728 603.9320 1308.3999
v 2202.7239 -1050.6459 127.8991
v -537.2994 -1932.5903 527.0251
v -704.9841 1014.4526 1135.6503
v 2561.3130 -405.6718 0.0000
v -22.1817 806.5242 1069.2961
v 290.9382 698.0272 1305.3453
v -1639.7867 451.3342 1060.8379
v -1613.7485 409.1506 1073.2662
v -1231.1647 -1589.4407 638.4076
v -1216.5232 -1562.1299 682.8241
v 80.2102 818.0908 1124.9547
v 225.5910 772.9429 1272.7114
v 143.2356 788.5659 1256.1909
v -1820.5294 -85.5671 972.0541
v -880.0461 976.6017 1091.6958
v -853.6469 934.4041 1103.7776
v -1424.1770 599.5465 1048.9904
v 358.6674 -1925.2557 341.0218
v -1023.9648 854.7110 1092.7993
v -1317.7272 791.3320 1104.9668
v -1407.7023 -1272.0906 719.1689
v -1377.6852 -1314.3378 727.7466
v -822.0888 -1686.4287 557.1428
v -831.0577 -1739.5349 578.9025
v -849.6857 -1796.5504 601.3563
v 2283.9294 -946.0345 129.5577
v -1797.5917 -404.8077 903.8452
v -1774.5481 -377.6776 940.0748
v -43.2385 -1945.7634 418.5461
v -475.7999 -1978.6559 498.2694
v -466.2650 -1953.3972 543.0472
v -1537.4027 -1006.0867 773.5015
v -1686.1033 -698.0273 808.6221
v -1729.7281 148.2290 1005.5782
v -1687.2902 175.0494 1023.0793
v 28.3811 0.0237 1329.1970
v 1331.3494 -1669.4843 224.4331
v 368.2232 381.4716 1318.5872
v -1159.0708 -1609.8145 654.3544
v -764.9249 987.9497 1135.0586
v 355.5762 270.6608 1347.4740
v -1657.9288 382.3668 1057.4491
v -1792.5931 -127.8027 982.6519
v -1761.7020 -170.0672 990.3918
v 436.2239 -1943.4282 356.5737
v 488.3227 -1971.8926 373.9565
v -921.1747 908.0213 1110.4995
v 54.7335 790.9982 1091.0786
v -1450.9308 530.7072 1053.9087
v -1411.0469 557.5623 1073.8755
v -791.3958 -1794.4191 551.7112
v -780.2578 -1839.4226 572.0312
v -795.9893 -1824.3756 618.6229
v -1336.7976 -1356.7778 725.8330
v 118.1792 803.2177 1184.3374
v -1133.1852 870.7811 1102.2083
v -1104.3635 828.5468 1111.9478
v 2592.0322 -272.4341 0.0000
v 51.3168 -1957.0812 432.8802
v -1358.1101 722.7281 1123.0475
v -1305.0807 749.3639 1130.3236
v -1758.8517 -447.2144 904.0118
v -1724.0818 -489.5564 908.0087
v -1523.9011 -1075.5916 739.5609
v -1509.2141 -1048.3062 783.8443
v 317.6273 202.0261 1363.2008
v -1662.1082 -740.1923 823.0195
v -1620.7772 -782.6418 820.6774
v -262.9930 853.2826 1013.6895
v 1436.4530 -1618.0881 227.4142
v -1754.9553 79.3852 1009.0298
v -1700.3369 105.9932 1014.7659
v -524.4681 906.5410 1012.0938
v 329.2453 312.8574 1335.3228
v -1045.9569 -1585.5542 600.7763
v 2358.1934 -835.0808 131.1079
v -170.9389 837.4977 1020.8378
v -1670.7001 313.2971 1048.8724
v -1629.6301 340.1209 1067.6891
v -1597.6919 297.8456 1074.4233
v -803.7059 961.0847 1114.0282
v -1804.1517 -196.8854 972.9007
v -1774.4136 -239.1220 981.7519
v 2610.7273 -136.8224 0.0000
v -704.1047 -1858.1578 587.6854
v -1298.6815 -1399.1626 726.5975
v -409.4796 846.9734 1010.1815
v -1431.7709 488.6417 1072.9795
v -973.2481 881.3737 1102.3009
v 1069.1455 -1904.0261 356.9759
v -1747.8983 -516.6895 872.5329
v -1684.7758 -531.9838 907.6300
v -1493.6580 -1117.8466 747.9200
v -1481.1378 -1090.5531 794.3152
v -1330.2560 680.5215 1133.7260
v -1182.2915 802.3389 1128.7191
v 3.9448 764.3389 1081.6490
v 237.2889 106.5851 1361.3909
v -1603.3440 -824.6788 841.4153
v 174.3194 746.2900 1263.7482
v 96.8401 776.0544 1146.4634
v -1727.2025 37.1752 1019.7975
v 2424.4426 -718.1529 132.5167
v -923.1658 -1585.4580 613.0866
v 340.0081 492.9747 1329.1715
v -560.2936 866.7123 1028.6724
v -611.4685 908.0771 1093.9341
v 616.0535 -1969.8027 385.9111
v -652.7860 -1886.9438 605.1198
v -1630.2690 270.8834 1047.4016
v -1604.9177 228.6994 1060.4906
v -1803.9874 -266.1648 951.8370
v -1767.2622 -308.5320 953.9427
v -1732.6290 -281.5870 978.9808
v 186.0798 -1952.1526 444.3301
v 1101.8981 -1862.8361 287.7680
v 1138.3228 -1835.9270 311.0764
v 1156.6702 -1870.9083 340.6572
v -1285.7274 -1468.6744 693.1922
v -1271.8169 -1441.3754 738.2250
v -1247.3293 -1483.5620 752.1609
v -777.9243 918.8885 1126.6979
v 304.4495 535.3297 1325.9404
v -255.0342 -1939.0032 503.5512
v 1540.8477 -1561.3135 230.5574
v -1715.4495 -558.9726 878.7659
v -1681.0979 -601.3245 883.1674
v -1523.4385 462.6529 1103.0098
v -1460.7700 -1160.1602 753.7386
v -1443.4346 -1132.9370 795.4810
v -952.4404 839.2755 1119.7812
v -1582.9673 -894.2875 800.8261
v -1567.4689 -867.0391 844.3414
v -104.2582 822.1494 1052.5125
v -1367.6461 653.6234 1111.3523
v -1341.7920 611.4333 1123.9584
v -1238.0150 775.7628 1124.0492
v -1747.5797 -31.7549 1018.5704
v -1697.4294 -5.0953 1028.6200
v 72.8020 748.9386 1111.1953
v 142.3789 719.3026 1236.1075
v -675.4513 972.2090 1144.7100
v -333.7411 850.5143 1006.7863
v 243.6991 -1999.7737 415.8477
v 264.6630 -1969.9182 459.8095
v -582.7502 -1929.5537 575.7506
v -566.8564 -1901.7227 620.0733
v 1224.7677 -1851.6149 323.6636
v 1188.1713 -1809.2305 321.4472
v 1644.1639 -1498.8569 233.8385
v -174.1400 -1955.8164 518.8593
v -1222.8823 -1553.2247 707.6368
v -1258.9926 -1510.8757 704.9459
v -1213.0431 -1525.8793 756.6093
v -1727.2885 -350.9498 952.9126
v -1642.5289 201.7936 1038.3285
v 192.4246 79.8194 1346.2268
v -823.1721 892.1257 1111.9092
v 2481.6118 -595.7821 133.7513
v -1421.4382 -1202.5695 753.3213
v -1383.9391 -1244.9679 754.6941
v -1650.2854 -643.5850 890.9839
v -1563.7771 435.8203 1083.4901
v -1538.8363 393.6465 1096.9749
v -1544.0765 -936.7105 800.8475
v -1532.6904 -909.3576 848.3262
v 777.4456 -1954.1305 395.4510
v -1017.5026 812.8433 1124.1206
v -463.7500 818.0757 1010.9094
v -852.2104 -1627.7057 583.6498
v -836.3368 -1670.7800 603.6284
v -833.9953 -1598.9534 627.8078
v -1382.6277 584.6138 1104.9160
v -1203.4769 733.4237 1128.2665
v -1755.6851 -100.8940 1005.4911
v -1722.4248 -73.9373 1031.8483
v 1297.3181 -1825.3013 312.1018
v 1210.6146 -1782.1010 358.2474
v 261.3756 175.4525 1359.0364
v -487.4751 -1940.5756 590.0331
v -508.5668 -1941.9910 606.6172
v 327.1593 423.9167 1320.6708
v 190.4992 704.2617 1285.6935
v -79.6779 -1939.0747 466.6222
v -73.4152 -1986.0466 487.2888
v -88.3164 -1970.6682 533.8235
v -1163.8457 -1590.3684 700.1635
v -1151.4952 -1568.6604 734.7422
v 120.6918 761.4245 1219.4819
v -701.4046 903.3659 1148.8525
v 2528.7156 -468.6703 134.7813
v -1731.5647 -420.1576 936.1379
v -1691.2268 -393.3115 955.6688
v -1657.7300 132.7956 1032.1055
v -1617.5907 159.6326 1051.8192
v -1352.2654 -1287.2501 761.6783
v -1639.6409 -713.0382 859.7975
v -1623.4664 -685.7787 902.6522
v 788.1066 -1940.0941 415.3411
v -1516.7758 -978.9196 812.0646
v -890.5501 865.7498 1118.5001
v -1592.3115 367.0284 1090.1316
v -834.0642 -1719.3672 624.5823
v -792.2648 -1751.9821 642.7002
v -240.8001 811.1597 1029.8306
v 1328.4949 -1798.3108 340.4761
v 1357.1909 -1771.2860 371.2281
v -1393.7716 515.5166 1094.7650
v -1356.9109 542.4237 1117.6488
v 294.7599 244.1630 1347.7129
v 1745.9340 -1430.4557 237.2305
v -1723.6783 -143.1962 1012.1481
v -1275.0186 707.1031 1138.8671
v 304.2055 355.0280 1321.9178
v -417.1373 -1957.7690 614.3856
v 266.9146 577.7117 1324.6068
v -1698.1306 -462.4860 941.4219
v -1661.5991 -435.5713 964.6255
v -1678.5964 63.8691 1031.3424
v -1642.8264 90.7841 1055.2795
v -743.6020 945.8328 1152.0327
v 920.5261 -1956.5702 383.5367
v 146.6232 677.4779 1269.5785
v -1308.9718 -1329.7429 757.4478
v -1280.2444 -1302.6951 788.1843
v 5.3673 722.5554 1117.8339
v -377.9809 807.0497 1020.0483
v 98.7006 734.2709 1182.2383
v -1609.5143 -755.2882 868.2748
v -1594.0195 -728.0501 911.7943
v -1494.1649 -1021.0474 827.7880
v -803.4700 -1805.9811 664.6198
v 1845.5812 -1355.8639 240.6987
v -1562.2245 324.7725 1098.6498
v -1529.2668 282.4665 1104.3969
v -867.2302 823.6039 1133.5485
v 451.6321 -1965.3112 422.0515
v 419.4846 -1956.8878 469.8200
v 2564.8975 -337.6752 135.5805
v -400.6683 -1976.4109 559.4577
v -353.0226 -1985.2693 622.6223
v 34.6704 -1970.4983 546.1187
v -1731.0706 -212.3340 998.3790
v -1696.2316 -185.4082 1023.2155
v -1375.3992 473.4536 1114.5948
v -1099.0071 786.6954 1144.3435
v -287.6920 793.2263 1032.8123
v -1257.7383 665.0674 1159.7515
v -532.6121 811.6268 1040.2074
v -989.7839 -1569.5619 708.7944
v 987.2900 -1930.1639 377.5462
v -171.4969 795.7593 1058.9604
v -1662.6132 -504.8235 944.6930
v -1278.8217 -1371.9924 765.9008
v -1645.4995 21.5699 1036.9572
v -1612.1006 48.5220 1063.1831
v -1584.0491 -797.4910 881.2621
v 1359.5970 -1615.4885 334.4241
v -762.3861 876.8700 1149.2620
v -701.1562 -1835.5693 632.9349
v -686.1946 -1808.1312 677.3276
v -1463.4059 -1063.3047 835.6560
v -1427.1300 -1105.6797 838.2030
v -84.5691 780.0570 1071.0615
v 197.5300 662.3898 1316.4701
v 2589.4285 -203.7921 136.1258
v 549.0671 -1975.4530 436.1758
v 554.1628 -1951.9978 481.2756
v 70.6605 707.2275 1150.8450
v -1565.8948 255.5552 1081.2864
v -924.2097 795.7880 1134.4958
v -1704.9468 -254.5321 1010.7290
v -1424.1121 446.7538 1103.1501
v 273.4526 286.2737 1330.7091
v -1158.5927 760.1854 1143.4043
v -1130.9805 717.9636 1154.3129
v -1313.1323 638.4724 1154.7637
v -1291.4963 596.3449 1171.4299
v 249.8975 508.7280 1320.1393
v -1654.7646 -574.2431 916.2208
v -1632.9395 -547.0713 953.6098
v 1942.4534 -1274.8375 244.2025
v 1461.8273 -1561.6501 338.7980
v -1258.0504 -1414.0902 783.4047
v -1230.5392 -1456.3011 794.4088
v -625.8318 -1856.5116 644.7068
v -1670.9995 -47.2882 1040.6718
v -1631.3020 -20.4435 1060.8076
v -1549.2939 -839.8328 885.2712
v -1409.6425 -1175.2620 800.4202
v -1392.4116 -1148.0197 842.2544
v 227.5454 620.1261 1325.0487
v -806.6036 850.1016 1133.4865
v -223.9008 -1954.5314 567.8955
v 140.2054 -1949.2802 493.0846
v -1575.4960 186.4444 1069.6497
v -1538.3942 213.3333 1092.3013
v 1090.9592 -1876.8668 394.4065
v -882.8323 -1547.7692 655.6595
v -1700.6128 -323.8864 985.6348
v -1671.0424 -296.8757 1015.5653
v -1633.7461 -339.2547 1017.1142
v 105.5071 692.4091 1213.2430
v -1498.1727 420.4685 1116.1860
v -1480.0608 378.4184 1136.2627
v -1182.4301 691.3163 1145.5133
v 281.5089 466.4401 1327.1802
v 2035.7323 -1187.3000 247.6959
v -1311.0374 569.1575 1131.8320
v 2601.8264 -68.1316 136.4027
v -1186.7068 -1498.8097 789.6676
v -1623.0092 -616.5235 923.1222
v -1592.8466 -589.4962 952.4677
v -544.1489 -1872.1191 661.8597
v -639.3020 848.3209 1100.4474
v -1367.4614 -1217.7213 797.2526
v -1350.7921 -1190.4642 839.6271
v -1516.6191 -882.1266 891.2849
v -1486.6260 -924.3715 899.8906
v 133.9931 53.2820 1344.1675
v -1702.8997 -116.0321 1050.5652
v -1643.1703 -89.5087 1051.3652
v 272.9613 -1945.1725 504.6797
v -150.0351 -1974.1935 583.7150
v -229.3106 769.2071 1056.2972
v -1588.2740 117.3883 1061.0803
v -1551.5989 144.2928 1084.1479
v -789.9031 -1559.7489 670.1070
v -1670.4841 -366.1491 994.1114
v -151.7612 753.6699 1077.4724
v 279.5862 397.1976 1308.1311
v 1563.0719 -1502.3925 343.3831
v -1002.9131 770.8426 1147.6029
v -1511.6176 351.4308 1108.2574
v -68.5020 738.0363 1093.1199
v 772.9075 -1934.5602 441.2381
v -1156.3456 649.1230 1157.8961
v 71.3414 665.4588 1187.7472
v -1124.6030 -1541.5944 767.2597
v -1116.3374 -1514.2181 817.7563
v -1327.6083 500.1789 1126.9288
v 12.1179 680.6904 1148.8866
v -486.6995 -1914.8433 643.9780
v -1591.0427 -658.8035 929.8209
v -1330.4470 -1260.0779 799.0714
v -1308.0990 -1232.9487 835.9795
v -1504.5078 -951.5883 858.6791
v -1480.6665 -993.7664 873.2374
v -352.0144 768.3699 1042.3129
v 252.9316 439.4018 1296.2998
v -1675.6196 -158.2454 1061.7896
v -1642.3539 -131.2753 1088.1412
v 1217.8258 -1754.7039 409.7408
v 257.6669 328.2924 1308.3833
v 2124.5938 -1093.1580 251.1286
v -775.1024 -1624.6698 644.7004
v -784.5905 -1677.9706 666.4968
v -782.8710 -1606.4053 690.7203
v -750.7292 -1642.9156 709.5306
v 1662.9110 -1437.4127 348.1371
v -1560.8766 75.1654 1072.1979
v -863.7124 781.7941 1167.7257
v -1635.4100 -408.4810 997.8132
v -1602.9474 -450.7794 1004.0358
v 797.5668 -1912.7369 464.6896
v 814.1399 -1896.5134 483.7435
v -502.1491 762.9973 1034.8477
v -1095.4335 -1590.8301 761.8336
v -1067.0459 -1557.9731 805.2628
v -1063.9690 -1556.8589 804.7637
v -1478.5997 309.1382 1113.9534
v -1452.4125 266.9344 1126.2321
v -1088.9006 744.7769 1172.1542
v -1550.5186 -701.2590 928.2659
v -1527.8308 -743.3911 943.9255
v -1235.1537 622.9202 1175.5105
v 245.6344 370.2517 1282.4393
v -1.9197 -1963.8834 594.2073
v -1259.9760 -1275.5089 827.0848
v -1442.4164 -1036.1376 873.8654
v -1666.6068 -227.6746 1032.1855
v -1632.0211 -200.7336 1057.2644
v 2208.0669 -992.4373 254.4411
v -736.0255 834.6805 1161.3850
v -759.5255 -1717.3630 685.8179
v -738.2835 -1758.2836 705.4107
v 848.0269 -1886.0658 474.4355
v -1585.5708 6.3096 1075.1318
v -1546.2598 33.1727 1095.6486
v -1632.7698 -477.7957 974.3581
v 233.2822 217.6793 1348.5992
v -350.2599 -1973.1278 645.8568
v -402.7364 -1930.4855 658.9271
v 439.7494 -1927.3108 513.8312
v 213.6769 551.0915 1317.5436
v 191.9205 523.9373 1280.0740
v -1502.7811 240.2492 1116.3876
v -1562.7589 -770.3286 919.1760
v -1491.0233 -785.7616 945.9570
v -1061.3398 702.5656 1183.1184
v 1392.6508 -1744.3562 395.4750
v 1437.1471 -1717.5900 410.9786
v -1256.8383 -1344.8263 803.1368
v -1227.2214 -1317.8312 833.0311
v -1403.3285 -1078.5637 873.6902
v -1362.0443 431.4641 1139.2623
v -208.4654 727.1009 1073.7375
v -1197.0260 580.5219 1176.2605
v 1760.7926 -1366.5494 353.0179
v 169.8677 593.5795 1322.2686
v 158.5988 566.2509 1274.6782
v -1641.9796 -269.8261 1045.9688
v -1612.5400 -242.8087 1076.0201
v -665.4329 -1778.3625 721.3025
v 111.8403 650.5458 1244.6899
v -327.1511 -1946.0043 682.0248
v -1599.2106 -520.1394 979.5306
v -1572.5973 -562.3280 991.3958
v -1562.8584 -35.8210 1090.7744
v 542.1693 -1935.4434 527.5998
v 224.0958 481.6434 1286.5836
v 1478.5391 -1690.7668 429.4821
v -910.9045 755.0668 1154.8134
v 2285.1807 -885.2625 257.5749
v -1523.8206 -812.7217 919.1505
v -1486.0280 -855.1251 920.2252
v -1449.0428 -828.2302 942.9936
v -317.2219 734.4980 1064.2815
v 1856.1345 -1289.5679 357.9706
v -1237.0436 -1386.9153 821.5897
v -1214.7974 -1429.0480 837.6771
v -1201.7086 -1360.0054 845.9594
v -1183.8755 -1402.0686 866.3128
v -1503.5378 170.9877 1096.2166
v -1472.0560 197.9837 1124.2893
v -1367.5536 -1120.9248 876.7317
v -1101.0157 675.7081 1162.9501
v -1085.0802 633.6887 1185.1312
v -1421.3752 404.9431 1138.0714
v -1395.4686 362.7645 1150.6304
v -1294.1937 527.1232 1153.1324
v -1252.9698 553.9584 1171.8107
v 166.8483 496.8377 1245.8043
v -606.0888 -1829.3229 684.1152
v -588.3539 -1802.0962 725.4630
v -1609.3407 -312.1245 1052.0264
v 143.7852 635.7745 1309.8883
v -130.6345 711.5614 1094.6329
v -214.9461 -1957.6108 679.2988
v 575.1376 -1922.2734 524.9353
v -798.9846 808.2134 1163.6912
v -786.2736 766.2480 1188.9889
v 71.9993 623.6926 1224.6765
v -57.0580 697.3336 1115.2345
v 2354.8340 -771.9990 260.4640
v 1510.8645 -1663.7996 456.7342
v -1538.9430 -604.6548 996.4709
v 224.6107 412.3588 1265.1721
v -1608.7217 -62.5601 1076.5797
v -1579.7410 -104.8157 1086.1654
v -1175.9607 -1471.4668 837.7643
v -1146.6547 -1444.4385 867.9433
v -1457.4192 -897.3465 930.1655
v -981.1257 728.7277 1164.1390
v -1324.5950 -1163.3981 872.8054
v -1490.1479 129.0085 1120.8538
v 192.6719 454.6498 1258.4393
v -550.0773 -1844.4932 726.0626
v -1139.4969 607.0806 1179.1934
v 200.2485 148.9602 1359.5825
v 163.3527 122.0621 1336.7252
v -1442.2102 336.0372 1137.2917
v -1263.5583 484.8573 1161.1233
v -1611.2545 -381.3893 1032.9696
v -1578.9320 -354.4092 1060.2280
v -626.2466 799.6590 1120.5461
v -604.7809 753.4338 1119.3013
v 629.9499 -1895.6898 530.4648
v -171.1086 -1961.3068 630.6888
v 261.2576 -1928.5006 550.9817
v 236.8992 -1916.9374 598.1935
v 1948.2461 -1206.3175 362.9342
v -790.0592 -1538.4113 715.5830
v -772.9016 -1580.9703 735.4666
v -1559.4590 -631.8359 957.8063
v -1524.9059 -674.1539 962.0069
v -1508.0723 -646.9216 1004.2343
v 127.5825 608.5269 1267.0593
v -1530.8967 -147.3814 1076.5693
v -470.6297 727.7333 1052.1573
v -1087.4225 -1487.1904 848.3254
v -1462.0793 -966.5554 913.7630
v -1431.1527 -939.5555 942.3857
v -1284.6038 -1205.8170 871.7637
v 1103.9965 -1711.0334 482.0847
v -1536.5975 102.2763 1107.2283
v -1494.7338 59.8261 1104.3708
v -966.1273 686.7180 1187.2205
v -477.2214 -1887.4832 693.3018
v 2416.0059 -653.0656 263.0459
v -1416.5315 293.8395 1150.0626
v -1379.9142 251.4697 1152.2728
v -1569.4150 -423.8427 1030.1390
v -1307.1953 458.0806 1144.7880
v -1277.9343 415.8180 1154.0986
v -76.3560 -1909.4109 652.8518
v 2036.3494 -1116.7174 367.8400
v -670.1999 781.0524 1164.7212
v -757.3749 -1624.1960 755.4696
v -1497.8143 -716.3794 973.4236
v -1608.1064 -173.6171 1092.6490
v -1575.2993 -215.9288 1098.5392
v 137.9334 539.0818 1236.1626
v -1034.0699 -1529.8439 834.3672
v 204.7612 343.4206 1263.4332
v 1228.6169 -1727.3629 457.8076
v -850.0582 739.8046 1192.0995
v -1415.3271 -1009.0959 906.1972
v -1383.5812 -982.0973 934.0142
v -1234.6782 -1248.4166 861.1350
v -181.9190 684.9043 1085.6785
v -460.3289 -1860.2426 735.4766
v 100.9933 581.4575 1234.2629
v 2467.6792 -529.0701 265.2577
v -101.5135 669.3148 1104.0818
v -1451.3279 17.3271 1100.0364
v -1034.4918 660.3649 1194.7649
v -17.0739 -1948.6124 640.7598
v -10.8780 -1883.0031 648.1160
v -1571.5718 -493.0734 1011.3143
v -1540.1305 -466.0785 1039.4263
v 385.2533 -1863.0996 574.6638
v -1428.4966 224.7695 1140.7075
v 178.4754 385.6141 1251.2391
v -1172.3082 538.3591 1189.9700
v -1340.1384 389.3463 1155.6819
v -747.8315 -1691.2423 730.4420
v -740.3806 -1737.7311 751.0242
v -740.7227 -1666.9773 775.3947
v -724.5996 -1709.9525 795.3552
v -714.7086 792.5674 1178.3700
v 203.8441 301.6806 1301.8759
v -1467.7484 -758.6319 981.9563
v 1264.3442 -1700.4562 481.7844
v 55.3759 27.7885 1356.0453
v -987.1901 -1572.3746 826.6668
v -1539.8169 -258.2568 1101.8501
v -1377.4230 -1051.4818 907.1658
v -1349.8800 -1024.4291 939.0475
v -285.3834 696.5291 1080.2886
v -1196.5304 -1290.8240 861.8737
v -390.3543 -1903.1764 705.4500
v -900.7924 713.1404 1182.6150
v 2119.5930 -1020.7286 372.6097
v 857.2121 -1857.7325 526.1183
v -1520.3132 -9.0218 1108.1714
v -522.7296 695.3004 1093.4307
v 449.2142 -1902.0894 558.6147
v 209.8639 259.8245 1333.6335
v 60.8492 554.6084 1214.5369
v -1548.1782 -535.2274 1026.2947
v -1510.7916 -508.3198 1048.6652
v -644.6277 -1748.5613 765.2726
v -640.5627 -1731.9447 796.7761
v -1438.3257 155.6680 1129.2974
v -1379.9825 182.1928 1131.4313
v 18.2503 638.8306 1180.5311
v -51.1898 654.9434 1145.9749
v -1225.9216 511.7335 1183.2524
v -1314.1512 347.1649 1168.1642
v 1323.7439 -1673.9265 482.8986
v 1379.5317 -1647.3298 487.5281
v 2508.9446 -400.7900 267.0441
v -1426.4445 -801.0723 979.6392
v -960.4868 -1545.3102 859.3665
v -311.2488 -1918.7421 725.1265
v -269.0595 -1891.9330 742.8627
v -1580.2260 -285.0963 1082.3866
v -1341.7822 -1093.8240 910.3162
v -1313.8845 -1066.7754 941.8522
v 2197.0225 -918.5390 377.1620
v -1166.8829 -1333.0601 870.7967
v 174.4131 191.1487 1346.9601
v 116.2037 -1899.3735 621.4498
v 528.1765 -1852.2170 591.1846
v 525.8671 -1849.7462 598.5822
v -918.8900 671.6887 1237.6522
v -1516.7832 -78.3498 1083.8534
v -1473.3513 -51.5534 1100.3881
v -1434.0674 -93.9683 1100.0311
v -577.5100 -1774.7572 773.4666
v -1510.4525 -577.6013 1027.4343
v -572.7101 706.4055 1134.5345
v 1424.7773 -1620.5913 502.3057
v -1058.8881 591.5015 1197.4111
v 2539.0354 -269.1029 268.3580
v -1387.2648 113.0547 1117.5599
v -1193.8467 469.4507 1189.8575
v -1367.1642 320.5397 1160.8694
v -900.2142 -1588.0829 838.7413
v -1424.1329 -870.3867 956.5007
v -1400.2930 -843.2784 991.9660
v -1121.9360 -1375.5808 864.9857
v -1085.4117 -1348.6780 888.1959
v -1301.2437 -1136.2676 908.7403
v -1275.2407 -1109.1753 942.1046
v -437.9048 689.4421 1071.3933
v -1530.7878 -327.6972 1072.2208
v -772.1445 724.2558 1212.9110
v 145.7458 -1872.3514 651.4042
v 599.0528 -1891.0873 568.9824
v 1499.1573 -1609.4517 456.8202
v -531.1741 -1817.2972 766.2986
v -1483.1610 -120.6610 1088.9564
v -1477.9070 -619.9197 1033.5823
v 124.7034 470.0262 1228.0217
v 2267.6858 -810.3417 381.4091
v -1439.5413 86.4068 1109.5610
v -1110.9382 564.8553 1189.1907
v -258.9867 655.7971 1095.4871
v -806.6682 -1523.7236 762.2360
v -774.2061 -1560.1067 781.0244
v -811.1730 -1603.1366 850.2600
v 1005.7922 -1736.8983 518.4312
v -179.2618 -1921.7996 722.1996
v -1391.0092 -912.7144 962.0968
v -1357.9648 -885.7529 988.6658
v -1339.1600 278.3021 1171.4039
v -1242.5618 442.7495 1178.4171
v -1220.9583 400.6280 1195.1262
v 89.5280 512.3704 1224.4126
v -1088.1090 -1417.8971 869.8834
v -1051.5900 -1391.0051 893.1124
v -175.7728 643.0461 1117.3087
v -1262.7026 -1178.6852 909.1038
v -1231.9993 -1151.6754 937.9328
v 30.6646 596.8749 1206.1224
v 669.5803 -1868.8309 550.6982
v 656.5869 -1846.4570 610.3216
v -1522.1490 -397.1141 1042.9728
v -1484.8778 -370.2215 1065.4657
v -1442.5157 -412.6812 1062.1281
v -95.5389 627.4623 1135.8843
v -33.9263 607.8441 1163.1975
v 2557.3354 -135.1432 269.1618
v 1553.7266 -1567.7273 494.7361
v 1588.5631 -1540.7698 519.5955
v -506.5741 -1790.1946 801.0254
v 2330.5972 -696.5095 385.2621
v -1495.2577 -189.7431 1079.7286
v -1453.0193 -162.9307 1097.4158
v 150.8531 427.8342 1240.3425
v -1483.1158 -689.1003 1017.7013
v -1445.5531 -662.2227 1039.9131
v -963.2720 644.9273 1222.0392
v -760.0410 -1603.8926 801.1272
v -740.2651 -1645.3962 820.8264
v -1403.8278 44.0680 1112.6455
v -1399.5374 2.2228 1146.0725
v -1078.0372 522.5371 1194.9866
v -1352.5376 -955.1002 962.5053
v -700.5408 750.5812 1202.2609
v -661.4172 708.1673 1202.0530
v 705.0519 -1841.9093 574.9301
v -1341.4694 209.0850 1152.7253
v 291.5686 -1873.4691 639.7363
v -1046.4751 -1460.3539 867.2497
v -1011.1404 -1433.4362 891.6134
v -1260.8037 373.7783 1175.1228
v -1210.8093 -1221.2937 896.5544
v -1191.4736 -1194.0967 936.3552
v -1498.9186 -439.2516 1058.1106
v 1548.7024 -1448.0848 450.6715
v -438.2636 -1833.1057 772.6425
v -394.5009 -1806.3119 788.8663
v -847.1049 698.0016 1226.8182
v -1462.0054 -232.0558 1085.1915
v -1440.6062 -731.5569 1014.2213
v 1139.8823 -1684.1049 505.9221
v 1189.6740 -1657.4365 516.3184
v -717.6253 -1688.8989 833.6155
v -1010.8191 618.1938 1209.4645
v -984.6895 576.0058 1221.8090
v 743.2529 -1815.0332 596.4999
v -1319.3823 -997.4067 968.0663
v -1439.6842 -24.6020 1126.3616
v -1003.5565 -1502.8364 863.3914
v -972.0334 -1475.8466 891.4351
v -1139.0983 496.0508 1195.4711
v -1113.3165 453.8601 1208.1470
v -1175.0833 -1263.6550 899.6384
v -1154.2449 -1236.4773 937.9858
v -1319.0239 166.9356 1168.6183
v -1243.8877 331.7402 1196.3641
v 2384.8123 -577.5206 388.6349
v -1478.0790 -481.3695 1075.5640
v -1451.7896 -523.5637 1087.7432
v -382.8600 -1875.7792 756.6910
v -336.6617 -1849.0447 770.5784
v 172.4519 232.9363 1311.2826
v 1220.1035 -1630.4131 545.4177
v -1406.9927 -773.8845 1019.3334
v -557.7301 673.4614 1158.1996
v 19.4267 -1912.4629 683.6027
v 27.1168 -1856.1139 669.9021
v 49.2668 -1828.9734 706.9888
v -1488.7854 -300.8678 1090.1378
v -1434.3309 -274.2880 1096.0380
v -11.9015 565.7205 1179.5050
v -643.6559 -1704.3757 858.2327
v 834.3858 -1845.5555 573.2203
v 800.9593 -1788.4734 599.2742
v 409.6522 -1835.9880 609.5919
v 449.2574 -1809.1327 629.8069
v 1645.9969 -1381.1560 456.7196
v -1279.9189 -1039.8284 967.5314
v 144.3737 164.1349 1317.4886
v -918.0099 -1518.5045 876.8310
v -870.1606 -1491.7894 889.0988
v -1419.3024 -66.7089 1144.2509
v 2429.4028 -454.1243 391.4444
v -1143.6287 -1305.9424 906.8351
v -1116.0287 -1278.8768 938.6583
v -406.0227 645.5025 1091.0695
v -1353.5311 139.9931 1143.4624
v -1326.4749 97.8058 1154.9095
v -1277.8711 304.8090 1170.7008
v -1484.2024 -550.5252 1060.5682
v -1402.5659 -566.1325 1077.7783
v -733.9976 681.8578 1213.6488
v 887.7953 -1762.4261 573.8949
v 147.1944 316.8656 1260.5256
v -577.5740 -1747.2396 832.0007
v -1370.7072 -816.2625 1021.8784
v 489.3508 -1782.2882 649.5689
v -1430.1396 -343.6101 1071.0803
v -1387.1854 -316.8163 1088.0812
v -892.4921 629.4907 1249.7345
v -246.4084 616.7204 1127.0410
v 1741.0020 -1308.2748 462.8987
v -860.9887 -1561.2227 859.3456
v -828.5293 -1534.2518 886.4869
v -1248.5630 -1082.1113 974.8174
v -164.8502 601.1068 1144.3279
v -86.1295 586.0921 1165.5149
v -1059.1360 -1321.5920 921.2878
v -1394.4829 -136.4109 1099.3760
v -1035.3885 549.3444 1212.2832
v -1008.0107 507.1310 1223.4214
v 118.8524 359.1010 1250.3362
v -250.4961 -1864.7152 783.4134
v -1351.4082 70.7059 1120.5063
v -1174.4907 427.3634 1208.7368
v -1155.6530 385.3083 1228.1207
v -1450.1392 -592.8536 1065.2471
v -1280.5742 235.5608 1152.4026
v -1236.9153 262.3506 1168.7220
v 158.4518 274.9261 1287.2354
v 193.0711 -1845.6274 664.1877
v 912.1619 -1693.5723 571.2601
v 563.2065 -1825.2880 615.8342
v 552.7811 -1817.4795 642.1133
v -532.2485 -1720.4799 846.7112
v 2463.6116 -327.0970 393.6220
v -1332.3663 -858.6519 1022.4200
v -1405.1022 -385.7899 1084.4771
v -927.5467 602.5630 1225.1084
v -777.8284 -1576.8629 875.0898
v -1201.9082 -1124.6473 967.3389
v -1018.4274 -1364.0381 919.5539
v -621.4575 679.2008 1171.3794
v 1416.6094 -1551.1677 531.1080
v -174.8244 -1838.4812 768.8327
v -1356.9280 -178.7875 1100.6869
v 17.1649 527.8254 1198.2450
v 131.2962 206.1105 1292.5511
v -1052.4984 480.3613 1207.9005
v -1410.4847 -635.2881 1064.5303
v -1352.5270 28.9693 1159.1571
v -1199.7357 358.5235 1212.2076
v 986.1498 -1667.2896 558.3087
v 1024.0067 -1640.4092 580.2302
v 206.4974 -1818.3269 709.6689
v -1260.2877 193.4813 1170.3866
v 2486.7842 -197.3735 395.1065
v 1833.0729 -1229.2682 469.1319
v 607.7849 -1798.5178 631.2615
v -459.7079 -1763.4574 814.2375
v -814.0671 655.6972 1232.4926
v -766.3568 613.1337 1223.9889
v -1324.1449 -928.0718 993.5771
v -1295.4484 -901.0311 1024.3457
v -1423.3969 -454.7568 1081.2307
v -1371.9161 -428.1186 1090.0049
v -744.2631 -1625.6101 866.5779
v -756.8613 -1618.9612 892.4188
v -1158.9354 -1167.1360 963.4233
v -369.1560 619.3633 1104.0969
v -968.6243 -1406.6199 909.0264
v -938.3289 -1379.6213 938.2673
v 1486.2919 -1524.8158 522.3011
v 1528.0121 -1498.0132 540.4783
v 1440.4462 -1440.4467 545.8390
v -907.3269 560.4639 1243.1493
v -105.0262 -1812.1383 759.9202
v -1413.5546 -205.3589 1096.8810
v -650.4795 666.2220 1229.0536
v 41.0107 485.6685 1212.7861
v 1071.5623 -1613.6855 592.7864
v 1921.5109 -1144.0422 475.3402
v 272.9233 -1791.9282 704.0342
v -1411.7257 -704.5374 1044.8186
v -1377.0571 -677.5960 1069.8167
v 674.2265 -1772.1205 625.5709
v -1359.8079 -40.1917 1145.2765
v -1327.1981 -13.2270 1172.2666
v -1177.2119 316.3800 1228.0262
v -425.3412 -1736.5203 839.5471
v -64.5752 545.7643 1179.0266
v -1291.1517 -970.3759 999.2810
v -1262.8939 -943.3220 1030.4723
v -708.3253 -1661.5278 883.1033
v -696.5892 -1592.4591 892.7006
v 94.3460 95.7050 1344.8921
v 1618.5033 -1513.7733 549.1580
v 1572.5844 -1471.2377 555.9306
v -1412.6412 -496.6935 1108.4150
v -1123.8378 -1209.4781 967.1035
v -921.5606 -1449.1815 901.1679
v -60.8176 -1785.3617 775.6912
v 2498.4939 -65.9932 395.8606
v -960.9294 533.8582 1236.4391
v 1145.5223 -1587.4297 579.8457
v 335.0224 -1765.4575 702.5262
v -1378.0543 -247.7030 1100.1797
v 69.3407 443.4439 1223.0123
v 711.3200 -1745.2148 648.2423
v -1374.5895 -746.9004 1046.5215
v -1340.9912 -719.9678 1072.5649
v -1081.6628 411.5767 1215.1528
v -374.4354 -1779.1287 827.9521
v -1304.3894 -82.8881 1129.3367
v -1214.6754 289.4886 1205.7205
v -1277.4703 124.4917 1166.0654
v 1606.9373 -1444.3058 581.2279
v 1649.0709 -1417.4739 599.0320
v -1252.8199 -1012.7769 999.8463
v -1222.7494 -985.7537 1029.2808
v -644.7021 -1635.0812 880.1636
v -595.5672 -1608.3887 891.1887
v -150.6893 559.6830 1160.0707
v 40.9403 -1801.3102 773.5004
v -1084.5829 -1251.8998 966.7744
v -1040.5490 -1225.1080 982.7250
v -1359.5243 -539.3445 1094.6984
v -839.4321 586.8383 1236.0688
v -543.1285 627.8456 1173.9821
v -882.9981 -1422.3004 922.4022
v 2005.5106 -1052.5587 481.4279
v 1251.2983 -1603.4348 573.7610
v 1189.5784 -1560.6406 595.7866
v 796.0618 -1719.1327 624.8958
v 92.1409 401.3040 1238.5630
v -1353.7671 -289.8765 1114.2960
v -318.5500 -1821.8281 811.5516
v -271.5164 -1795.1041 824.6427
v -1328.4076 -789.4409 1039.5074
v -1293.6847 -762.4946 1064.4474
v -711.3162 639.7305 1229.3228
v 1628.1278 -1308.7211 559.7221
v -1368.5874 -109.3206 1132.8488
v -335.3606 585.3832 1124.4526
v -1294.1541 55.4856 1161.2657
v -1242.8285 82.1563 1170.1892
v -1226.5652 220.4287 1196.3009
v -1187.9125 247.3024 1217.4502
v -590.6964 -1677.7482 865.5846
v -556.9352 -1650.8000 891.4527
v -1211.1285 -1055.2327 997.1572
v -1160.4052 -1028.5546 1006.6470
v 2084.2046 -954.8826 487.2931
v -839.7351 -1464.7776 918.1976
v -1026.4069 -1294.6312 948.1691
v 1274.6466 -1576.3063 609.6841
v -1367.1451 -608.4921 1081.1495
v -1334.5925 -581.5167 1108.1971
v -35.1526 501.1853 1190.2789
v -580.2594 625.1987 1230.9961
v -214.2365 -1768.5392 827.7917
v -1371.6573 -358.8496 1110.6593
v -1323.1699 -332.1364 1122.3217
v -1289.5361 -831.8456 1039.5330
v -976.6880 464.8523 1230.7479
v -458.9086 615.1577 1132.2170
v -1308.8557 -152.0648 1112.7402
v -491.7289 -1693.6445 866.0558
v -1117.5902 342.8980 1228.9305
v -1169.8539 -1097.6827 994.8842
v -1124.6229 -1070.9265 1009.6862
v -1264.3936 13.2415 1170.1022
v -1207.4800 178.3479 1215.4398
v -801.3210 -1507.1919 918.6739
v -759.8572 -1480.3640 937.1276
v -985.2015 -1337.0762 945.9523
v -990.0967 -1267.7219 971.5875
v 533.0641 -1755.5144 665.8378
v -9.8785 459.0078 1203.4480
v -873.2145 518.1472 1247.7852
v 1718.2042 -1234.2001 566.8551
v -140.1497 -1742.2728 814.7401
v -634.2433 624.2057 1250.9519
v -1345.7428 -401.0297 1123.2111
v -1256.6357 -874.1654 1045.3500
v 2156.6938 -851.1974 492.8318
v -1036.4768 438.3365 1229.9998
v -464.6591 -1666.5796 898.3962
v -1330.6534 -220.9803 1112.8862
v -1290.0834 -194.1396 1132.1820
v -1118.3033 -1140.3002 982.6690
v -1079.9674 -1113.4280 1004.1299
v -740.8871 -1549.9597 897.8990
v -696.2800 -1523.1946 913.3043
v 593.5198 -1728.9971 665.9342
v -947.7192 -1310.1857 968.2389
v -744.6123 571.0104 1240.5588
v -1247.4309 151.5080 1195.5387
v -1332.5148 -650.8325 1085.2892
v 1804.9602 -1153.6990 573.9933
v 101.8163 298.2691 1263.2065
v 2222.0120 -741.8373 497.9298
v -1227.3844 -916.3979 1054.6566
v -1341.6282 -470.3836 1098.3302
v -1317.8409 -443.2462 1133.8373
v -400.6563 -1709.4138 874.1822
v -992.5125 395.8318 1225.1160
v -1083.9403 -1182.6226 987.0540
v -1044.7664 -1155.7793 1007.7106
v 631.0468 -1702.1057 688.1941
v 674.4631 -1675.3307 704.7361
v -1302.9126 -263.2105 1123.6630
v 77.3238 334.9956 1237.7279
v -636.7224 -1565.9409 893.3539
v -641.7764 -1496.5826 919.1584
v -906.0961 -1352.6416 965.6196
v -1138.7521 273.9789 1228.4576
v -504.0153 588.8349 1190.3684
v -1271.8446 -55.9080 1156.3901
v -1205.2102 109.0464 1192.3374
v -1287.5004 -693.3344 1079.3896
v 111.7797 254.8756 1280.9650
v -34.7131 -1758.2787 808.9609
v -1182.9706 -958.9080 1049.3496
v -1307.5632 -512.6917 1103.0024
v -929.6375 491.5741 1243.7930
v -891.0591 449.1698 1244.1088
v 7.8866 416.9523 1223.8602
v -340.7482 -1752.1782 853.9169
v -351.8139 -1682.7197 885.4993
v -691.8437 597.6475 1248.0863
v -601.5240 -1539.0182 917.8497
v -233.9217 564.8762 1139.9418
v 1887.6609 -1067.2477 581.0410
v -851.1039 -1395.3168 950.0870
v -808.2795 -1368.5239 967.2180
v -1282.0701 -305.3140 1141.1133
v -1046.5996 369.2232 1218.8622
v 2279.2542 -627.1701 502.4768
v -1290.4214 -124.8671 1153.4224
v -1245.7719 -98.0882 1168.7836
v -1154.3105 204.9698 1222.5720
v -1253.5682 -735.6699 1084.1981
v -810.9032 544.6168 1246.0989
v 391.9738 -1738.8999 706.0238
v -262.2931 -1725.9818 836.6223
v -269.8510 -1656.5807 864.8226
v -1131.0817 -1001.5417 1036.8229
v -416.9030 566.0526 1135.0779
v 35.0027 374.7438 1235.2527
v -1287.0618 -554.8023 1120.7799
v 742.3815 -1648.9486 697.6317
v -939.8776 422.4766 1232.7711
v 1965.5610 -974.8152 587.8842
v -531.7109 -1623.7007 925.5872
v -573.3693 -1581.2406 928.2184
v -995.4922 -1198.3524 997.7024
v -803.2432 -1437.8823 941.4463
v 2327.5237 -507.8235 506.3690
v -1245.3955 -347.6741 1143.2631
v -1016.9938 326.9715 1227.8444
v 83.4653 -1774.4982 790.9124
v -1262.3317 -804.7826 1071.7463
v -1225.9857 -777.8843 1095.1285
v -1256.8921 -167.1916 1158.6132
v -1125.7386 162.7429 1232.5555
v -1215.0526 39.9253 1180.9333
v 429.2934 -1711.9977 728.4614
v 470.5728 -1685.1772 747.0814
v 1218.1328 -1533.6006 626.7030
v 1259.8550 -1506.7698 644.8966
v -188.8790 -1699.6897 824.2210
v 829.5486 -1622.8961 671.9518
v -1083.9683 -1044.0735 1028.8910
v -1290.0353 -624.0162 1102.7404
v -1249.0717 -597.1951 1121.6647
v -951.4806 -1240.8446 992.7723
v -748.5260 -1411.2771 947.0876
v 138.8840 -1747.9147 795.8901
v -1292.7478 -374.4037 1130.5150
v -705.4477 528.6069 1240.3217
v -344.5745 533.4678 1158.3499
v -1078.5350 300.4830 1228.7850
v -1225.9252 -847.1623 1074.1720
v -1191.0972 -820.2112 1099.0057
v -1230.4648 -209.3767 1170.6665
v 537.1777 -1658.7776 741.2449
v -1171.3018 135.9800 1218.0745
v 1327.5376 -1480.3961 638.0191
v -1235.7411 -28.9923 1180.0035
v -1184.8921 -2.3369 1189.3821
v 895.2855 -1596.4904 666.9446
v 2037.7987 -876.6026 594.4039
v -142.3933 -1672.9609 837.8041
v -130.2015 511.5841 1174.4666
v -604.3737 579.0673 1260.6179
v 2366.0059 -384.5228 509.5084
v -837.5591 475.7805 1250.9197
v -1257.4615 -666.3257 1108.8629
v -1216.4590 -639.4949 1127.7461
v -433.5051 -1639.5912 926.7959
v -908.8707 -1283.3119 989.1844
v -865.9412 -1256.5198 1006.2236
v -701.0583 -1453.8337 938.8264
v -649.1129 -1427.1860 947.1346
v 192.8318 -1721.3064 802.2645
v -961.8557 353.5700 1233.0811
v -471.6083 556.8298 1209.1688
v -1257.2832 -416.7565 1133.8383
v 1346.8143 -1453.2056 677.8627
v 593.2014 -1632.2024 745.6127
v -1194.1194 -889.4534 1081.0299
v -1151.7765 -862.6428 1098.6132
v 72.6910 137.8229 1328.2316
v -1036.6481 258.0428 1225.9193
v 933.1446 -1569.5972 688.8713
v -1278.9143 -236.0861 1158.9675
v -88.1415 -1715.6260 822.9896
v -93.4815 -1646.2645 849.0658
v 2394.0205 -258.1289 511.8141
v -1144.9297 93.7885 1230.1763
v -1200.4110 -71.3386 1183.4559
v -1041.3199 -1086.5614 1025.2922
v -354.7865 -1613.3914 909.2695
v -214.5132 529.7936 1165.2559
v -658.3523 555.3273 1253.3170
v -863.6721 -1325.8320 983.1198
v -816.3570 -1299.1169 995.9244
v 252.5921 -1694.7917 803.0358
v 69.7126 186.1526 1307.3951
v 1410.3250 -1372.0085 639.3099
v -1262.8467 -485.9251 1118.2999
v -1221.6746 -459.0997 1137.0236
v -542.5884 575.4387 1266.6779
v 972.4527 -1542.7357 709.4020
v -1153.1296 -931.8880 1079.0085
v -1104.0079 -905.1978 1090.0575
v -43.5166 -1688.8618 838.3830
v -3.1906 -1662.0189 857.9070
v -1248.1890 -278.3630 1166.8726
v -1098.4509 231.5601 1227.1187
v -1056.9927 189.0977 1224.6509
v -769.7064 502.1674 1243.8884
v -1116.6980 -114.5130 1140.2037
v -1176.4979 66.8065 1202.1891
v -999.8784 -1129.0044 1022.8329
v -953.0023 -1102.2737 1036.0510
v 62.8955 232.9119 1286.8097
v -283.2735 -1587.0807 898.6935
v -563.5341 -1512.1473 939.6534
v -592.1207 -1469.9065 929.6930
v -1220.4714 -708.7071 1110.7168
v -858.0494 406.8630 1249.8059
v -103.4053 474.8170 1197.7128
v -624.9534 513.0139 1258.6407
v 2161.9155 -663.8125 605.9756
v 652.7527 -1605.6881 746.6122
v 2411.0374 -129.6060 513.2217
v 1047.8364 -1516.4896 695.0677
v -1232.5496 -528.1953 1126.6179
v 4.9562 -1731.4266 829.1331
v -1104.6578 -974.4696 1069.7819
v -1057.2456 -947.7464 1082.4827
v -978.5775 284.5809 1228.3221
v -557.7713 539.4054 1252.2513
v -1223.2028 -320.5364 1180.3118
v -750.5941 460.0908 1263.0005
v -958.7488 -1171.4451 1020.6895
v -904.2778 -1144.8500 1026.5790
v -1197.8613 -140.6529 1160.0918
v -1136.7385 24.3870 1201.3649
v -543.0671 -1554.2352 957.4664
v -499.6589 -1527.4453 974.0226
v -527.0265 -1485.2267 962.8737
v -765.5771 -1341.7098 984.4411
v -435.8235 522.3127 1232.1603
v -1179.5062 -751.1389 1108.7295
v 1501.3951 -1307.5835 646.9055
v 709.1531 -1579.1179 750.6180
v 1130.6337 -1490.3650 673.6300
v -903.8087 380.1118 1235.5115
v -75.7844 432.5975 1208.6075
v 68.1211 -1704.9684 826.6174
v 116.5610 -1678.2708 838.3492
v -1202.5638 -570.4537 1135.2327
v -1227.8204 -389.7233 1163.8647
v -203.6836 -1630.1655 859.4041
v -915.7573 -1213.9277 1016.7483
v -1088.5298 120.3671 1234.1989
v 2212.0950 -550.1434 610.7844
v -1133.2114 -183.4996 1135.2401
v -493.7797 -1596.8209 947.4296
v -808.1928 433.5490 1260.1465
v -699.2598 -1384.5995 957.9976
v -1145.8173 -793.4605 1113.7616
v 1178.4546 -1463.6609 685.9022
v -863.3238 337.6725 1233.9906
v -346.0246 483.6073 1189.3917
v -1167.2690 -612.8040 1138.7241
v -1042.3834 -1017.2547 1047.2206
v -1005.9754 -990.3656 1070.5487
v -686.5418 486.5308 1259.6261
v -266.8930 500.9610 1159.3197
v 2253.3049 -432.3690 614.7858
v -161.0264 -1603.3710 876.7130
v -118.8742 -1576.5573 894.4724
v -199.8657 484.9105 1182.5590
v -993.8995 215.5607 1222.2101
v 1589.9801 -1237.5428 654.6587
v -860.3423 -1187.3374 1021.7193
v -424.4213 -1570.4692 938.9243
v -660.9977 -1357.7107 979.5162
v 1239.2483 -1437.1537 685.6881
v 1260.7277 -1409.9976 723.4229
v -1212.7762 -251.4409 1191.1548
v -1090.3202 -225.9730 1131.3888
v -1117.9138 -45.2127 1162.2809
v -1107.7378 -835.8627 1114.5668
v -477.9517 518.3870 1259.6667
v -1004.1776 -1059.6625 1047.9005
v -962.7687 -1032.8405 1066.3958
v -909.8223 310.9341 1220.4110
v 1675.4913 -1161.7664 662.4676
v -51.4449 390.4365 1222.6838
v -807.5168 -1229.9819 1008.2889
v 1362.6747 -1425.9568 721.0347
v -362.0275 -1543.9963 937.1608
v -1178.8942 -432.3008 1154.1913
v -606.1483 -1400.3901 964.1145
v -1183.4937 -293.6745 1200.4434
v -1089.6389 51.1001 1214.3621
v -1050.1062 -878.5856 1096.4950
v -1070.9701 -87.7487 1154.5192
v -588.8624 470.6552 1261.3633
v 2284.8525 -311.3205 617.8813
v -909.2151 -1075.4923 1052.2565
v -1178.9958 -681.8738 1129.1343
v -1131.9510 -655.1403 1142.1898
v -50.2437 -1619.4661 865.7701
v -24.8761 -1592.3811 899.7593
v -849.9044 268.1696 1200.1226
v -18.5957 348.1300 1228.5320
v 1395.4279 -1398.9885 747.8800
v -762.6943 -1272.5044 1002.5819
v -725.8849 -1245.5942 1025.5194
v -550.3983 -1443.0892 947.8622
v -405.4080 492.4992 1263.4381
v -1193.8506 -501.3337 1147.7322
v -1164.6393 -474.3085 1178.0009
v 2119.1965 -764.8382 664.7027
v -983.8827 146.1122 1191.6299
v 298.1450 -1668.0415 817.5193
v 333.3201 -1641.1099 842.0399
v -1048.4698 8.6560 1212.1796
v 2306.2043 -187.7815 619.9907
v 36.2522 271.3076 1266.8777
v -177.1965 442.7763 1198.2377
v 1757.3086 -1080.2164 670.2332
v -831.9797 364.6594 1262.1958
v 24.1432 -1634.9618 889.9974
v 1442.0216 -1372.2583 761.3575
v 1485.8684 -1345.4625 777.5035
v -1142.9797 -724.2380 1131.9305
v -1092.3055 -697.5651 1141.4786
v 1033.7218 -1446.9806 729.6075
v 9.1214 310.2547 1248.5676
v -239.7334 -1560.2910 915.1380
v -719.5429 -1314.9811 998.4847
v -543.0072 497.4001 1275.5598
v -918.4679 241.8125 1207.8488
v -485.1780 -1458.4144 980.9356
v -511.0744 -1416.2272 968.3702
v -1165.5414 -543.5502 1157.9595
v -728.4144 417.9609 1279.1532
v 397.7981 -1614.6783 838.2690
v -934.7591 103.5288 1181.7672
v -1006.6213 -921.0743 1092.0697
v -1182.5258 -362.9790 1178.6113
v -1124.4991 -336.4250 1181.0494
v 1834.7173 -992.8963 677.8319
v -1095.0664 -18.0821 1198.6957
v -1061.9946 -157.1817 1124.9521
v 735.6364 -1552.0441 783.5179
v -240.3524 447.9926 1181.4474
v 72.3836 -1608.2535 901.8945
v 1093.9565 -1420.4796 729.9444
v -866.1306 -1117.9780 1048.2246
v -651.9201 444.1930 1263.7672
v -1109.9387 -766.5536 1137.6022
v -190.1241 -1533.6136 925.7215
v -672.8134 -1288.2328 1011.8273
v -437.6367 -1500.9756 972.6096
v -433.5588 -1431.7714 989.5826
v 2316.9854 -62.7767 621.0622
v -871.8610 199.2665 1200.4210
v -1125.8639 -585.9877 1157.2228
v -961.6617 -963.5771 1086.2303
v -774.0774 391.2181 1264.7731
v -996.3595 77.0505 1182.7661
v -1148.9021 -405.2910 1183.7124
v -1026.7234 -60.9805 1170.2762
v 1603.6288 -1292.3950 780.7568
v -1055.1876 -199.0554 1155.9497
v 146.9642 -1651.2567 867.4496
v 1158.1300 -1394.0336 726.4572
v -820.1926 -1160.5021 1041.4409
v -329.4615 447.5408 1214.3046
v -1068.9889 -808.9980 1135.6310
v -820.1657 295.1970 1229.8871
v -618.6062 -1330.9077 997.0715
v -372.1595 -1474.5480 967.8599
v 484.7193 -1588.6189 812.8076
v 2001.1832 -904.1996 721.4821
v 1922.0747 -930.4924 748.5344
v -1094.8126 -628.2490 1164.8044
v -913.2286 172.4408 1181.8842
v 29.6385 70.9061 1352.3481
v -919.2347 -1006.0554 1082.8427
v 1543.6777 -1161.7242 741.6174
v 1194.5533 -1367.1255 749.7540
v -938.6728 34.3376 1164.6410
v -741.2540 348.9023 1270.6417
v 184.9599 -1624.3799 889.2474
v -1081.1509 -267.8781 1160.1096
v -469.7599 481.9359 1300.8815
v -774.4880 -1203.0150 1034.8611
v -742.0571 -1176.0436 1062.0254
v -89.9416 -1549.5256 925.0189
v -1028.3195 -851.4255 1133.9187
v -566.5804 -1373.5385 984.4001
v -318.4561 -1447.9386 974.4725
v 2041.9629 -827.2048 730.2742
v 563.6213 -1562.4382 795.0888
v 892.2081 -1471.4713 809.1385
v -862.7281 129.8440 1170.6957
v 1290.3247 -1382.9777 753.3170
v 1306.5583 -1355.7247 796.1364
v 1220.8983 -1340.0574 782.7760
v 234.3311 -1597.6953 900.0425
v -561.5933 428.4393 1272.5973
v -1106.0366 -447.7659 1179.8903
v -791.2618 322.2316 1260.4553
v -1035.2986 -130.1092 1157.6486
v -538.4492 -1346.4910 1015.7112
v -317.0513 -1517.2416 952.2219
v 610.8817 -1535.7042 807.9513
v -811.8382 225.7838 1200.9430
v 1624.0959 -1085.1864 749.7953
v 933.8921 -1403.5464 788.4374
v -1047.7749 -670.8019 1156.9597
v -873.0801 -1048.5729 1075.8300
v -165.6012 395.0687 1212.3760
v -1121.9415 -516.7711 1174.3389
v -1066.4149 -490.1805 1179.2002
v 11.8035 -1565.4683 922.8238
v -687.6614 -1218.7101 1047.0709
v -1061.0590 -309.9740 1178.2743
v -1020.9162 -172.1070 1181.3354
v 640.0863 -1508.6825 838.2130
v -260.0837 -1490.6737 955.6913
v -220.4671 -1463.8179 975.9142
v -479.9508 -1389.2284 996.7866
v -978.7373 -894.0233 1123.6263
v 1777.6232 -1032.4838 792.4309
v -511.3874 455.1175 1282.5989
v -1066.3628 -739.7622 1153.9993
v -1010.9821 -713.1694 1158.9991
v -835.1730 -1090.9786 1076.8060
v -709.1083 375.8814 1298.0803
v 2111.9539 -683.2004 718.5985
v -255.4910 428.1313 1253.5835
v -1077.1326 -559.2870 1168.6472
v -629.5666 -1261.4474 1028.5476
v -980.0339 -34.2407 1183.6672
v -160.0238 -1506.5890 955.1246
v -427.9739 -1362.5817 1005.0833
v -1082.5453 -378.8896 1178.1191
v -1008.1889 -352.6281 1164.7946
v 1836.0496 -1048.4109 782.3239
v 1820.5664 -1005.6691 809.4373
v -632.1230 402.1022 1282.2161
v -935.0709 -936.5085 1119.0308
v 1027.0835 -1377.5873 756.9412
v 2084.8657 -589.5256 703.9747
v -787.6191 -1133.5304 1068.4592
v -747.1727 -1106.6874 1087.8719
v -1024.1132 -782.2291 1150.7787
v -967.3156 -755.6679 1154.4092
v -816.0111 156.5778 1184.0610
v -681.3826 306.1397 1250.4020
v -425.5967 439.4427 1295.8132
v 129.7612 -1581.6990 904.9811
v 762.4792 -1524.9611 816.0960
v 796.4822 -1498.0286 841.7230
v -580.8576 -1304.0150 1019.0804
v -589.9568 -1234.5958 1048.7777
v -996.9911 -533.1044 1149.7390
v -891.3246 61.0457 1177.3989
v 1876.5402 -992.4442 770.0247
v 1892.3571 -962.8326 785.0322
v 1839.2974 -936.7248 812.2595
v -370.4070 -1405.3082 987.0785
v 1077.5063 -1350.9302 766.7103
v -1000.4694 -103.1766 1182.4971
v -944.7043 -76.5899 1187.1276
v -1043.2825 -240.9951 1182.0140
v -890.0603 -979.0217 1113.1469
v -787.1248 252.8850 1235.5494
v 22.6684 117.8286 1325.1990
v 444.7821 -1518.6730 872.2786
v 2128.6084 -477.0482 708.7830
v -527.1658 386.1096 1276.9291
v 176.4504 -1554.9561 918.3809
v -545.7268 -1277.0907 1043.6425
v -64.1280 -1522.4373 958.5553
v 1138.6836 -1324.4495 766.1270
v 1162.8770 -1297.3218 801.2354
v -1030.4630 -601.8160 1161.1438
v -314.2786 -1378.7347 991.3524
v -1038.6298 -421.3847 1173.2770
v -378.5225 440.8507 1292.2979
v -992.6171 -283.6161 1170.6678
v 530.8479 -1492.6074 847.6592
v -144.5271 352.9724 1229.6230
v -695.9280 -1149.2942 1075.9559
v 1923.0992 -841.3409 810.7279
v 1961.2211 -814.4512 832.3918
v 217.8683 -1528.1421 936.8495
v -980.1260 -824.7288 1145.8781
v -937.3254 -797.9238 1163.0190
v 1222.2295 -1270.7947 802.4114
v 1240.6434 -1312.8610 822.2139
v -489.4391 -1319.7980 1026.8743
v -830.3773 87.5546 1177.0315
v -27.7238 -1495.5364 981.8987
v -270.5728 -1421.2229 986.7205
v -983.1291 -644.3715 1153.0114
v -730.1774 279.4411 1239.0371
v 2163.4011 -361.0204 712.6519
v -901.3243 -8.0545 1166.1482
v -476.8326 412.7834 1286.8073
v 576.7360 -1465.8561 861.8288
v -841.5643 -1021.5889 1103.8766
v -799.1761 -994.7919 1121.4403
v -993.3282 -463.8933 1167.1057
v 10.8704 162.8831 1312.6682
v -979.8858 -145.2736 1200.1860
v -113.4515 312.3158 1247.6913
v 2006.3506 -745.9554 809.7290
v -313.9708 428.9239 1288.9019
v -759.6828 183.1551 1188.1517
v 283.6865 -1571.0000 910.8521
v -638.8607 -1192.0193 1058.4292
v -630.6216 332.8127 1259.8698
v -934.6382 -867.2435 1139.5212
v -888.6799 -840.5002 1153.6230
v 1323.3190 -1328.5026 838.3950
v 1271.3044 -1285.8542 851.0735
v -11.0273 198.4810 1282.3840
v 50.7184 -1538.6099 943.7097
v -427.2495 -1293.3217 1025.2910
v -228.5938 -1394.4114 1004.6666
v 2188.6912 -242.2525 715.4918
v -963.8589 -686.4482 1171.9735
v 620.2979 -1439.0715 878.2281
v -795.0288 -1064.1298 1096.5201
v -759.8076 -1037.1957 1120.9830
v -861.9370 -50.4687 1165.6825
v 2055.4080 -682.3894 772.8793
v 2059.5674 -719.3148 816.8219
v -943.5646 -187.6352 1202.6838
v -971.0900 -325.7327 1187.4509
v 939.0156 -1334.3502 804.4044
v -77.1177 270.3299 1243.9209
v 349.0508 -1544.5844 906.2337
v -597.5692 -1165.1932 1077.0442
v 1380.1362 -1301.9396 842.0207
v -389.0961 397.0682 1298.1283
v -889.3714 -909.7513 1133.3772
v 98.6448 -1511.9031 955.9200
v -256.7772 409.9734 1300.3438
v -240.5677 373.3168 1319.5474
v -190.6635 -1436.7994 1005.6008
v 686.2564 -1481.9343 852.1196
v -587.6143 359.6111 1276.8195
v 2065.4763 -614.7255 781.0015
v -916.3644 -506.9457 1130.3613
v 1007.5505 -1308.0007 796.6859
v 1735.3285 -962.5029 854.1630
v -985.3423 -394.7671 1180.3093
v -986.7552 -214.4257 1185.9136
v -43.4399 235.0448 1263.9169
v 1427.0757 -1275.1907 855.1934
v 1459.9836 -1248.2222 881.8941
v -556.4982 -1207.6371 1074.9462
v 2204.0408 -121.6042 717.2253
v -833.8087 -883.1780 1138.2091
v -368.8643 -1336.0551 1006.4916
v -335.0271 -1309.1112 1032.3036
v -135.9457 -1479.4830 990.3546
v -781.8797 114.2452 1188.6716
v -638.7081 263.6740 1246.7700
v 718.6124 -1454.9604 879.3506
v -925.2170 -728.8586 1172.2422
v -851.2513 18.6191 1176.2733
v -710.3149 -1079.7902 1110.7671
v 1060.2175 -1281.3544 804.3362
v 1510.6097 -1221.5662 891.4823
v -960.0144 -575.4901 1151.6053
v -560.1074 317.3840 1287.8218
v -898.5793 -119.1299 1180.1589
v -742.9607 210.3909 1230.4805
v -954.6492 -256.7265 1192.4819
v 159.6351 -1485.4001 955.5185
v -847.9456 -952.2151 1130.9508
v -795.6976 -925.5736 1138.9801
v -505.6644 343.9976 1293.7384
v -94.9319 -1452.6510 1009.2121
v 793.5547 -1421.5880 880.5745
v 2086.6772 -458.9008 832.2126
v 1093.5605 -1254.4119 830.5894
v -882.8320 -771.3110 1168.8745
v 1819.3324 -867.1151 852.4476
v -650.3025 -1122.5529 1090.3926
v -804.7440 -23.9123 1168.9424
v -925.3983 -617.8174 1155.7467
v -500.8554 -1250.3291 1058.7949
v -590.8463 290.3867 1259.0328
v -912.5773 -437.7431 1147.6212
v 263.4366 -1501.3781 951.3290
v 205.3644 -1458.6577 969.8293
v -923.9473 -298.9970 1200.4091
v -279.5258 -1351.7977 1016.2769
v 2098.0149 -399.7624 821.0398
v 1152.1614 -1227.8719 832.4985
v 1490.7264 -1083.0764 820.3959
v 1558.8622 -1083.8408 886.6974
v -843.5082 -813.7413 1168.4792
v -603.8732 -1095.8115 1104.0353
v -686.9698 236.9586 1234.8901
v -446.2484 370.5088 1294.8389
v -362.1349 354.8641 1309.6721
v -439.1182 -1223.8502 1057.6595
v -303.3242 382.4805 1313.6731
v -224.1330 335.7306 1336.5612
v -866.2419 -161.4242 1186.5012
v 19.7661 -1468.8167 994.5276
v -755.4426 -968.0016 1137.6823
v -712.7371 140.6088 1180.3873
v 1922.9056 -772.0684 831.8168
v 1922.5486 -702.7913 853.0714
v 1235.9836 -1243.5143 847.5979
v 1294.3844 -1258.7339 887.2516
v 1196.1587 -1201.0962 848.4748
v 1565.7404 -1006.2299 828.6567
v -794.7044 45.1962 1180.1503
v -649.5460 194.5766 1236.3250
v 323.3828 -1474.8776 951.9113
v -385.9034 -1266.5012 1043.8463
v -899.2613 -660.0175 1168.0820
v 879.6313 -1222.3359 845.0562
v 70.7103 -1442.1570 1003.7984
v -184.1596 -1367.6428 1020.2343
v -856.9257 -480.4319 1131.4530
v 1973.6233 -676.1071 862.2382
v -936.1144 -368.0660 1191.2483
v -709.0854 -1010.5374 1130.4808
v 1348.0116 -1232.1124 893.9538
v 1276.3313 -1216.6663 867.1145
v 1302.7843 -1189.6056 900.0502
v 1232.7153 -1174.1863 871.6736
v 667.3357 -1412.3345 891.2893
v -553.9630 -1138.4138 1093.4194
v -791.9368 -856.3527 1156.2476
v 2082.4167 -175.6345 802.2031
v -763.0819 2.9034 1187.1853
v 396.6686 -1448.5857 939.6415
v 937.9424 -1265.0625 826.3393
v -865.9681 -702.3236 1173.4971
v 127.7576 -1415.5862 1007.1879
v 2002.4366 -607.3182 855.3299
v -147.0547 -1410.0184 1021.9754
v -105.2898 -1383.1992 1040.1322
v -828.9443 -92.7759 1171.3984
v 1400.1617 -1205.4771 902.0612
v -907.7304 -548.8537 1159.6035
v -910.9064 -229.9367 1208.7195
v -660.7085 -1053.0966 1121.3373
v 722.5425 -1385.7473 896.4662
v -502.0028 -1181.0388 1080.8114
v 980.0660 -1238.2664 844.1322
v 2054.4170 -531.3080 842.2322
v 2000.9764 -538.0314 877.6337
v -304.1877 -1282.1079 1060.9841
v -534.4615 275.2067 1300.6316
v -57.7626 -1425.7542 1031.8053
v 1437.5282 -1178.5732 924.4830
v 1403.7711 -1136.2655 919.4975
v 1740.4349 -893.3110 870.1428
v -691.4645 167.7683 1218.3239
v -608.7144 -1026.4567 1129.6129
v -820.1918 -522.8016 1133.5452
v -481.0724 301.8230 1307.5634
v -882.5677 -272.1712 1218.9283
v -856.8430 -411.1559 1152.2723
v 2092.1428 -58.6945 803.4144
v -743.8482 71.8604 1189.5214
v -442.1415 -1154.5280 1081.4861
v -612.2482 221.4736 1258.7920
v 472.7954 -1422.3546 924.5973
v 1027.3076 -1211.5316 857.0054
v -751.1875 -898.7924 1154.4678
v -237.4010 -1324.9921 1034.0725
v 1503.9003 -1152.1908 918.8538
v 1442.6621 -1109.3955 940.4264
v 197.1241 -1389.2396 998.7010
v 1741.6973 -824.0413 889.8408
v -18.6302 -1398.8859 1052.5002
v -824.3560 -744.7844 1170.8917
v -651.9495 125.3451 1217.7358
v -842.1382 -591.7109 1133.8395
v 1100.3455 -1185.2327 844.9595
v 1060.6423 -1142.8263 845.7223
v 535.2704 -1395.8818 922.7599
v -421.5908 328.3412 1308.6006
v -714.2105 -941.1762 1156.3424
v -702.7405 29.4044 1187.3971
v 1818.9591 -797.8242 873.7125
v 1482.3823 -1040.7930 922.9810
v 263.2537 -1432.1061 972.4173
v -198.8955 -1298.1204 1055.3708
v -334.7834 312.6497 1320.8339
v -285.3130 339.3366 1331.5430
v -803.0776 -786.8990 1187.9150
v -769.2654 -66.2604 1172.2449
v 817.0198 -1290.5510 884.6298
v -561.3609 -1069.0085 1121.4586
v -564.6730 248.1917 1271.3317
v -833.8057 -203.7224 1192.7556
v -677.0544 98.2528 1183.5063
v 2140.6782 -367.2968 857.9760
v 2144.2715 -304.6793 868.9905
v 2107.1489 -300.7926 896.5446
v -805.6544 -453.7776 1140.4207
v -858.2064 -341.8687 1174.5001
v 1148.3406 -1158.5270 857.0876
v 1089.5352 -1115.7872 876.3083
v 573.2561 -1369.0028 944.5659
v -379.9987 -1197.3271 1059.0511
v 1808.6033 -728.3748 904.6238
v 1592.2101 -1056.8613 912.9833
v 1540.9437 -1014.2528 924.8971
v 317.8793 -1405.5095 978.1467
v -142.5831 -1340.8241 1038.5715
v -749.8965 -829.5482 1174.1401
v -507.4584 -1111.6641 1106.9758
v -808.1990 -634.0278 1138.6292
v 1202.6538 -1131.9375 863.1187
v 1260.2046 -1147.1410 903.5991
v 1147.7411 -1089.2423 878.5825
v 645.8561 -1342.7102 932.9266
v 1900.6228 -633.1379 895.1441
v 1815.7958 -659.2454 918.5715
v 1613.6735 -987.9696 913.1475
v 1573.8444 -945.5490 914.0405
v -346.0478 -1239.6538 1063.8492
v 365.7367 -1378.8007 990.4166
v -661.0801 -983.8284 1142.6094
v -113.4632 -1313.7870 1068.9229
v 910.0312 -1195.3224 874.1931
v -611.0659 152.1859 1236.7448
v 1339.3079 -1162.6840 923.2663
v 1233.0096 -1104.9196 892.2856
v 1296.4701 -1120.2286 927.0515
v -795.8264 -135.0898 1176.9922
v 1919.2540 -564.1766 898.0762
v 1608.3079 -918.5909 939.2433
v -774.7129 -676.3489 1143.8667
v -800.4987 -246.0361 1198.1592
v -301.3260 -1212.8805 1079.1289
v -771.0519 -496.1093 1144.5806
v -802.0380 -384.5648 1157.8390
v -655.5036 56.1389 1200.2667
v 430.6599 -1352.3696 986.2124
v -74.1139 -1356.2080 1068.5081
v 958.9299 -1168.6263 885.4515
v -479.1330 232.5202 1284.7812
v -734.0419 -39.3430 1196.7097
v 1353.4039 -1093.6593 930.5710
v -708.8983 -871.9884 1172.1173
v 1929.7244 -495.0746 908.8597
v -422.9961 -1127.3334 1121.4866
v -438.0020 259.3433 1303.5397
v 1659.1571 -850.1667 911.0651
v 715.8279 -1316.3633 923.8530
v 712.1862 -1247.0272 948.2855
v -744.8195 -718.6107 1152.5751
v -260.2414 -1255.3344 1077.0292
v -780.8750 -565.2175 1133.1569
v -259.0273 297.1378 1343.7240
v -36.1567 -1329.3262 1090.3281
v -566.7159 178.9460 1252.3868
v -576.3999 -999.4820 1156.8905
v 1410.8495 -1067.0940 933.5813
v 2003.0106 -468.8059 896.5717
v 1674.2614 -781.1481 917.3840
v -669.7852 -914.4088 1171.9283
v 795.9119 -1320.7002 966.4658
v -767.9067 -177.3134 1187.5977
v 483.8144 -1325.7394 993.3575
v -203.5961 -1228.7616 1080.8137
v 1009.0355 -1100.2046 857.9800
v 1035.1736 -1073.1154 891.2271
v 242.1543 -1362.4762 1013.6808
v 276.9439 -1335.5500 1038.5753
v 38.3331 -1372.3336 1055.9617
v -822.8315 -314.9330 1198.8185
v -396.1150 286.1604 1321.5682
v -761.8291 -426.9942 1156.5793
v -533.5419 -1041.9594 1153.0809
v -315.7500 270.5731 1340.0155
v 2019.5913 -399.8167 901.4736
v 1431.7693 -998.1846 934.2783
v 1740.8741 -754.7503 911.5387
v 1685.5503 -712.0745 927.3778
v 786.0624 -1179.0082 897.8414
v -359.7150 -1170.1429 1097.9321
v -517.9641 205.6519 1263.7994
v -155.8058 -1271.3192 1072.2444
v -622.8226 83.1023 1227.1804
v -728.4755 -760.6298 1174.3569
v -745.7850 -607.5541 1136.8375
v 2036.2307 -330.8192 906.3185
v 1492.4746 -971.6705 934.1400
v 1430.9609 -928.8868 955.9764
v 1747.5645 -685.6017 925.9887
v 1694.3979 -642.9645 939.7501
v -672.4899 -12.8537 1195.7587
v 828.8542 -1152.1990 915.0120
v -196.7793 250.4574 1312.9475
v -306.8535 -1143.5156 1105.3812
v -619.8002 -957.0028 1161.2306
v 601.0734 -1272.6716 997.0929
v -740.5167 -108.5048 1182.0569
v 1100.6494 -1046.7065 886.4686
v 1072.4578 -1004.4667 876.1363
v -114.4410 -1244.4993 1090.7834
v -691.2108 -803.0115 1175.9447
v 97.0346 -1345.8020 1057.7699
v 2091.4104 -234.9594 932.4181
v 2044.0979 -261.6742 919.6218
v -738.8023 -219.5585 1197.0682
v 1519.3125 -902.8553 929.1249
v 1454.1516 -860.0176 954.4855
v 1749.1721 -616.3584 945.3477
v -475.1540 -1084.6934 1134.2751
v -429.9728 -1057.9412 1149.1207
v -772.4826 -357.5427 1187.7721
v -723.8370 -469.3831 1157.4629
v -572.0243 109.7716 1236.6118
v -146.4539 204.5345 1294.8702
v -576.8856 -930.2037 1178.2732
v 1181.0701 -1062.2833 904.8741
v 1235.3607 -1077.4457 948.4854
v 1213.5215 -1035.3102 932.0106
v 1134.8688 -1019.7620 911.9174
v 1171.0499 -992.8410 935.4492
v 1105.3702 -977.5018 902.8273
v 1090.3860 -935.4987 879.7230
v -76.6356 -1286.8926 1091.8518
v 2082.9004 -173.7349 944.1356
v 2017.8204 -191.9486 965.9057
v 157.5502 -1319.2970 1057.8081
v 1562.9594 -876.0876 945.4626
v 1518.3842 -833.5654 950.9435
v -661.1399 -845.2770 1184.4813
v 1834.4921 -590.2624 921.4252
v 1770.7375 -547.4573 945.4319
v -707.8609 -649.9544 1137.7899
v 898.1425 -1125.8500 906.5822
v -447.1191 190.2237 1291.4343
v -242.4903 -1186.3650 1080.8134
v 1298.7006 -1050.9921 945.8010
v 1246.7360 -1008.3624 958.4047
v 1076.3246 -893.5186 855.7208
v -531.0335 -972.7315 1171.5656
v 2106.6443 -97.3200 935.3467
v 2054.3459 -123.3101 951.5381
v -32.1613 -1260.1152 1107.3794
v 1584.5691 -807.1689 945.5035
v 1551.9032 -764.8767 939.4763
v 1489.4731 -791.3328 941.2924
v 1470.2574 -749.2626 922.2585
v 1850.8695 -521.2675 926.5198
v 1782.8333 -478.3753 954.6570
v 206.9041 -1292.6140 1068.6283
v -613.6481 -818.5518 1197.0908
v -707.5793 -150.8137 1187.8297
v -369.4656 -1100.7039 1128.2629
v -524.1592 136.4844 1248.8735
v -693.4988 -691.9512 1161.5000
v -769.3672 -288.3129 1205.6661
v -632.4111 13.9869 1215.5360
v -738.2949 -538.4136 1150.5205
v -736.0565 -399.9123 1190.1719
v 1346.1848 -1024.2559 958.4359
v 1308.3656 -981.8846 957.3846
v 1267.2064 -939.4305 959.5521
v 713.1031 -1186.1461 974.0426
v -198.2518 -1159.5762 1096.5632
v 1617.9958 -738.4551 934.1378
v 1527.9277 -722.7053 925.0575
v 1506.6569 -680.5982 908.0317
v 1458.5117 -707.3031 896.0404
v 1436.6204 -665.1813 879.6037
v 1915.2244 -425.5773 943.7658
v 1841.3842 -451.8444 956.5941
v 524.2902 -1298.9038 1012.7419
v 12.9594 -1302.6339 1101.3800
v -700.6575 -81.6514 1202.0497
v -408.5457 217.0996 1312.6665
v -108.2951 161.6349 1294.5210
v -622.3909 -887.6786 1184.6292
v -367.4372 243.9214 1331.4469
v 955.0992 -1048.9039 890.8497
v 949.6186 -991.0139 883.2851
v -678.2778 -193.0589 1197.0983
v -283.5529 228.2759 1346.4912
v -318.4332 -1074.0486 1137.4674
v -678.8622 -733.9520 1184.9374
v -711.7095 -580.6215 1162.4199
v 1366.6758 -955.3225 959.5599
v 1325.7897 -912.8939 961.4672
v -161.6775 -1201.9517 1098.8190
v 1939.7184 -356.7055 941.0247
v 1854.6230 -382.7911 964.7292
v 1630.0361 -669.3906 943.4088
v 1581.7649 -696.0916 931.5513
v 1541.8530 -653.6839 932.5155
v 1388.9413 -580.8647 850.5078
v -486.2015 -1015.2362 1165.8400
v 76.2438 -1276.1793 1098.7441
v -480.2310 163.2596 1264.9337
v 323.6057 -1308.8068 1052.0037
v 997.8021 -1030.7316 889.7366
v -574.8594 -860.9559 1197.2158
v 1378.3585 -886.2493 969.1929
v 1290.4185 -828.7836 920.4969
v 1209.1869 -771.4349 865.3027
v -655.0249 -776.1060 1199.4917
v -733.5842 -330.6713 1208.6898
v 1955.0592 -287.6875 947.1211
v 1863.3481 -313.6562 977.1981
v 1637.9414 -600.2449 956.7037
v 1588.2222 -626.9301 946.2345
v 1520.6511 -611.5440 915.4244
v 1374.6309 -538.8786 826.7650
v 1557.4567 -584.6647 938.3597
v -121.7047 -1175.1033 1118.6965
v -696.2227 -442.3309 1189.2777
v -429.7198 -988.6653 1169.7860
v 1034.0325 -957.5577 878.1913
v 953.8896 -917.3711 867.4396
v -660.4232 -124.0841 1200.7697
v -249.6914 -1116.9620 1108.6626
v -585.4771 40.7249 1228.6887
v 1346.9780 -802.2278 924.3418
v 1406.5465 -817.4467 962.8779
v 1184.7327 -687.5123 813.7842
v 1356.1997 -844.1270 953.0049
v 1198.8945 -729.5130 837.6714
v 1269.9246 -786.6813 902.7073
v 1247.5055 -744.5478 886.7846
v 1109.0267 -674.7759 793.3251
v -729.3905 -261.4756 1225.5509
v 1958.4523 -218.4639 964.7640
v 1881.4835 -244.6962 980.5974
v -11.9296 42.4551 1330.5494
v 1673.7074 -573.3314 980.6293
v 1608.7186 -558.0126 947.3409
v -609.3931 -749.3500 1213.9001
v -74.6882 -1217.6519 1110.8622
v -680.3443 -622.8965 1169.6960
v 132.6620 -1249.6077 1102.7529
v 379.9872 -1282.2413 1056.0396
v -386.2906 -1031.1501 1165.4080
v -630.6495 -55.3078 1192.9260
v 1031.2906 -913.7572 854.5923
v 996.7523 -874.2827 851.3260
v 1392.3628 -775.4562 938.9979
v 1310.7209 -718.1044 884.2163
v 1169.8727 -645.5117 790.5695
v 1371.1865 -733.3454 921.8824
v 1229.4924 -660.7406 829.0329
v 1319.2252 -759.9989 913.5779
v 1231.9840 -702.5401 864.2009
v -518.4346 -903.6644 1180.3097
v 1945.4105 -148.9736 998.2553
v 845.7094 -1013.9363 940.5538
v 1705.1106 -504.5906 971.2208
v 1645.8549 -531.1210 969.9514
v -30.9138 -1190.8638 1127.0864
v -655.5707 -665.0674 1183.3501
v -694.3482 -373.0867 1208.3695
v 431.1317 -1255.5854 1065.1304
v -689.4615 -511.7218 1161.8452
v -666.0253 -484.5888 1197.6851
v 1211.8409 -966.0150 954.5502
v 1055.9932 -851.4098 837.7946
v 1146.1071 -950.6721 921.9697
v 1120.0074 -908.4866 909.5947
v 1105.5337 -866.4760 886.0052
v 1175.3862 -923.6437 952.1789
v 1019.5876 -809.0432 835.3812
v -534.6011 67.3842 1238.0448
v 1307.1053 -676.2950 850.1416
v 1286.2086 -634.1764 832.7543
v 1365.8317 -691.5174 889.4890
v 1213.1938 -618.7137 807.2118
v 1180.6980 -576.4262 801.0126
v 1976.3691 -81.5216 986.5251
v 1707.7650 -435.3672 989.5673
v 1662.5970 -462.1100 974.6970
v -472.9467 -946.1851 1173.9465
v 901.1223 -1040.2101 912.5604
v 870.1694 -967.8463 889.4467
v -166.6400 -1132.5892 1124.5153
v 23.9003 -1233.5386 1111.7263
v -559.4462 -791.9497 1203.2405
v -703.8674 -303.6577 1238.4722
v 488.4445 -1229.0286 1068.2616
v 258.5762 -1265.9651 1077.2196
v -429.3841 148.1758 1311.8774
v 1100.4735 -824.6388 853.3345
v 1149.4491 -839.6989 902.0756
v 1217.0145 -896.8344 970.4433
v 1152.0298 -881.4942 937.1528
v -636.8828 -707.1314 1202.8666
v -663.5865 -553.9006 1174.4282
v -377.6313 174.8261 1320.3870
v 1270.2231 -592.1529 810.6257
v 1330.8932 -607.4211 848.0828
v 1341.4233 -649.3358 875.4916
v 1228.1672 -549.6946 813.6582
v 2039.5918 -49.7040 986.9510
v 1972.1294 -16.6938 1001.9050
v -602.4960 -97.5398 1203.3123
v 1765.3342 -408.7930 992.4534
v -332.1369 201.5773 1334.9312
v -241.9596 185.8233 1343.9066
v 700.6485 -1114.4227 1003.8269
v 67.0664 -1206.7460 1128.5211
v -488.3198 94.1240 1251.8361
v 1096.3450 -779.5926 826.6094
v 1148.9152 -797.9521 865.0267
v 1285.3108 -870.4500 962.9875
v 1198.1339 -812.9980 913.5593
v 1195.4623 -854.6992 953.7021
v 1243.1526 -894.4809 994.5251
v 1015.0850 -702.4586 813.4511
v -590.4614 -28.4651 1212.6006
v -274.9971 -1047.2592 1153.9974
v -654.5435 -415.5143 1207.5132
v 1467.4829 -638.1711 908.2836
v 1403.7686 -622.8856 873.7584
v 1305.3091 -572.3385 820.1113
v 1424.6979 -595.7010 912.0325
v 1275.0109 -522.9722 826.9089
v -78.1550 127.0790 1319.3619
v 1788.1428 -339.9100 991.3427
v 869.9999 -885.1328 879.7000
v -84.1785 -1148.2139 1140.9375
v -403.4153 -919.8344 1165.2883
v 1119.5083 -713.9479 818.2795
v 1132.7312 -755.9235 843.0791
v -653.5499 -235.2280 1210.7937
v 310.3275 -1239.3094 1085.7085
v -494.9522 -834.7890 1178.5425
v 1484.2144 -569.2017 913.0333
v 1398.4663 -511.7662 862.2078
v 1407.8047 -553.6692 890.7820
v 1323.6909 -496.2775 838.3754
v -666.3463 -346.0357 1239.8057
v 1795.8899 -270.7695 1004.7576
v -571.4958 -722.4717 1235.7815
v -646.1429 -595.9512 1195.1488
v -450.0752 121.0016 1273.3812
v -376.1143 -962.0529 1176.5026
v 798.7825 -1082.4135 964.9562
v 757.0341 -1030.2003 962.6894
v 1035.0165 -641.6879 797.7767
v 589.2626 -1203.2073 1029.3889
v -311.9446 159.4791 1352.9962
v 353.6239 -1212.5203 1102.3895
v 1576.6187 -515.7142 940.7644
v 1523.0161 -542.3219 934.0481
v 1455.3700 -526.9510 903.3199
v 1435.4760 -484.8767 884.9493
v 1374.0538 -469.5867 848.2209
v 1494.7728 -500.0860 923.7502
v 1288.6510 -453.9319 834.6385
v 1809.8364 -201.7260 1012.2067
v -213.4252 -1090.0536 1132.1327
v 940.6940 -835.2456 853.0756
v -566.3333 -70.6308 1226.8706
v -629.1078 -637.9982 1216.2795
v -45.5194 84.7725 1325.4120
v 778.1948 -974.3391 931.1231
v 1123.2598 -602.9684 797.9930
v -342.9479 -1004.3573 1182.0354
v -633.4659 -166.2930 1212.3132
v 186.8617 -1223.0001 1108.9048
v 1613.4742 -488.7964 963.6586
v 1539.0443 -473.3248 939.4800
v 1413.0824 -442.7246 869.0102
v 1463.5476 -457.8068 916.3331
v 1441.0228 -415.6850 900.5106
v 1379.8553 -400.4155 863.5291
v 1334.5985 -427.1827 848.7570
v -554.8636 -1.5496 1236.6984
v 1874.1204 -175.3081 1008.6131
v -445.2749 -877.3813 1168.1383
v -639.3009 -277.2199 1234.5979
v -176.2144 -1063.1560 1154.6632
v -630.0034 -388.3998 1242.2855
v -638.8146 -526.8041 1208.9846
v 11.1744 -1164.0560 1144.9103
v -286.1327 -977.8000 1185.6715
v 1623.7115 -419.7094 974.6772
v 1572.0168 -446.3484 966.1174
v 1503.7462 -430.9652 935.9969
v 1541.5555 -404.1031 957.9539
v 1474.9648 -388.7396 926.2139
v 1409.8698 -373.3992 893.0217
v 649.3029 -1107.4189 1050.7982
v 245.5350 -1196.4733 1110.7211
v -427.8591 78.8743 1289.5034
v 1884.7220 -106.1977 1019.2857
v -124.9899 -1105.7706 1142.7726
v -503.8794 -765.3644 1208.0679
v -609.8058 -680.0692 1235.2074
v -563.7994 -653.3291 1249.2589
v 67.2991 -1137.4764 1149.1921
v -509.5976 25.2087 1251.4684
v 1715.3190 -366.1979 1003.1767
v 1664.6400 -392.8910 993.6257
v 1587.0333 -377.3235 972.5219
v 1622.6117 -350.4062 996.6418
v 1451.4688 -346.5919 911.3396
v 1889.6191 -37.0083 1035.4551
v 1829.5195 -63.5050 1035.0198
v 285.7740 -1169.6282 1130.3346
v 481.7896 -1159.6498 1095.5881
v -609.4398 -208.4441 1226.6803
v -521.5337 -43.8677 1242.0861
v -402.0242 105.9567 1323.0341
v -616.6357 -319.3607 1250.2850
v 1193.9154 -505.4350 813.2707
v -357.4600 132.7323 1338.4756
v 109.3562 -1179.9410 1146.1510
v 1672.2698 -323.7236 1007.1774
v -613.3680 -568.9801 1221.9756
v -231.2836 -1020.4721 1170.2743
v -582.6306 -139.6300 1221.6993
v -359.7092 -893.0475 1181.5576
v -467.9336 52.0324 1269.7197
v -44.3135 -1121.3667 1160.9188
v -69.7691 -1079.1858 1147.9401
v 1238.8134 -480.6038 824.2917
v 1728.1184 -297.1623 1011.7203
v 1673.3350 -254.4726 1027.0548
v 1630.9292 -281.2707 1009.5179
v -451.7426 -808.0001 1195.2927
v 160.2565 -1153.2799 1155.4979
v -508.9704 -696.0059 1233.8895
v -617.6276 -457.8883 1209.4362
v -594.0673 -611.0634 1240.9088
v 570.8205 -1133.6193 1068.1080
v -181.0874 -993.7976 1180.2798
v 1227.8545 -411.1442 855.7734
v -332.2798 -935.2670 1192.6532
v -7.7174 -1052.7090 1146.4888
v -591.4229 -250.5082 1246.8518
v 1740.7181 -228.0883 1020.4578
v 1692.8109 -185.5423 1029.1500
v -591.5224 -361.5346 1263.6104
v 403.6704 -1185.8416 1112.5474
v -546.1770 -584.3523 1253.1486
v -570.1729 -181.5927 1247.2417
v -478.9996 -17.0618 1259.5031
v -286.3462 117.2990 1365.8561
v 1812.6517 -132.5083 1030.3887
v 1746.6628 -158.9286 1035.6383
v 906.4955 -718.0157 838.0694
v 26.1309 -1095.0336 1151.3680
v -197.4210 143.3190 1338.4690
v 790.9207 -897.2496 933.1982
v 216.0301 -1126.7003 1160.1145
v -400.1789 -850.6157 1183.0647
v -375.4702 -823.5134 1217.6920
v -546.1306 -112.7206 1244.9332
v 1072.7241 -560.3779 809.2134
v -118.2346 -1036.6079 1157.1450
v -588.4614 -500.1294 1218.8408
v 1342.3604 -358.0271 862.1525
v 1775.1259 -90.1109 1029.0699
v 1700.4106 -116.3696 1042.7202
v -563.4354 -292.7311 1257.4019
v 1117.5292 -533.6088 824.4397
v -439.0085 9.7861 1279.3579
v -558.9012 -403.8342 1269.6775
v -456.7990 -738.6403 1221.0927
v 1544.2461 -334.8651 976.2703
v 1501.7834 -361.6559 958.8027
v 1381.1696 -331.1819 883.1641
v 1415.0985 -304.2235 908.8837
v 1473.3204 -319.4314 948.7016
v 1344.2312 -288.7917 881.2631
v -571.0314 -542.1729 1239.5774
v -511.0857 -626.6979 1256.8339
v 1779.4467 -20.9342 1045.7924
v 116.5135 -1110.7892 1160.1553
v -228.3064 -951.2558 1188.3029
v -553.5719 -223.6238 1268.7787
v 1137.3236 -464.6657 826.2374
v -336.2379 -865.9322 1217.3809
v 1575.9633 -307.8778 1004.1198
v 1508.7911 -292.5136 972.9341
v 1383.4153 -261.9245 901.9105
v 1433.6636 -277.0143 949.4342
v -53.4545 -1010.1909 1153.0952
v -417.3784 -781.0563 1220.5902
v -591.6549 -430.8099 1242.8331
v -401.9112 36.6828 1302.0159
v 832.9198 -782.3000 882.5021
v 1166.0598 -437.6200 856.9674
v 332.1474 -1142.8879 1144.0386
v 693.3425 -928.2277 1002.4205
v -498.5879 -86.0046 1257.5023
v 1591.2816 -238.8690 1010.2346
v 1541.4747 -265.5384 999.8571
v 1507.7722 -223.2127 994.8227
v 1467.0450 -250.0555 975.6754
v 1405.9412 -234.7947 938.6299
v -302.8897 -908.2444 1222.7542
v -543.2847 -334.8196 1275.5103
v -143.3180 99.0531 1303.9935
v -465.7171 -669.2064 1250.5963
v -528.5538 -154.7703 1265.5331
v 169.1148 -1084.1538 1167.8428
v 392.6603 -1116.3883 1144.0905
v 1641.2156 -212.1957 1020.4970
v 1590.1508 -169.5732 1032.2407
v 1542.3383 -196.2921 1019.9283
v -258.7445 -881.4676 1238.5909
v -367.2887 63.6200 1327.0619
v 953.0001 -546.8491 822.9820
v 31.2348 -1025.8475 1167.3591
v -326.0963 90.4467 1345.7642
v -549.7911 -473.2624 1239.9771
v -478.7103 -557.9685 1246.4838
v 1264.3024 -384.2452 879.0619
v -134.0721 -967.0706 1193.3568
v 1653.2935 -143.1031 1029.7524
v 641.1177 -1038.0179 1079.6069
v -523.5143 -265.8813 1277.3291
v 1019.4140 -520.4483 817.3311
v 66.0997 -1068.1799 1171.2637
v -525.6079 -376.8813 1296.0117
v -332.2627 -796.7198 1234.4387
v -417.9759 -711.7679 1242.0740
v 226.7497 -1057.6012 1170.6641
v 1643.1119 -73.6648 1060.4928
v 1597.0013 -100.4188 1046.5220
v 741.7075 -812.8714 959.3386
v -509.8341 -196.8409 1285.0228
v -461.4085 -59.1078 1280.0773
v 441.6138 -1089.6914 1155.2950
v 647.7598 -968.8553 1094.1010
v -200.8821 -924.1955 1220.3016
v -476.4437 -128.1263 1273.6935
v 1285.0868 -315.3151 879.8912
v 886.4589 -598.9600 840.9279
v 277.9482 -1100.2169 1158.7902
v 1712.5853 -47.3286 1051.8743
v 1643.4305 -4.3889 1081.0721
v -516.1462 -515.5878 1245.0641
v -438.8586 -600.3932 1245.5767
v 516.5839 -1063.4382 1141.3767
v -55.6013 -940.8736 1176.0682
v -240.6384 74.7755 1359.2902
v 112.9537 -1041.4479 1184.4877
v -292.4994 -839.1417 1233.6167
v 329.3300 -1073.5718 1167.6548
v -372.1241 -754.2936 1235.3643
v 1437.2789 -207.8060 966.8403
v 1361.7036 -192.2961 943.7740
v 1311.7271 -218.9662 933.5582
v 164.4348 -1014.8015 1193.2688
v 370.8949 -1046.7372 1185.9979
v -411.3300 -32.4301 1290.1998
v -514.0057 -446.3460 1263.8966
v 540.3853 -994.5622 1139.3126
v 1092.9816 -394.6401 889.9494
v 7.5028 -983.6904 1152.7073
v 1461.2253 -180.6850 1002.1893
v 1402.1885 -165.4642 963.1628
v -489.8103 -238.9282 1303.2521
v -450.9756 -101.0364 1307.5801
v 814.9125 -673.5793 874.6295
v -218.3981 -854.6276 1258.1213
v 1188.4102 -341.2197 914.7604
v 1142.1991 -367.9516 900.9124
v 37.8390 -956.6818 1181.8885
v -456.5517 -170.2166 1292.0483
v -442.6466 -531.0549 1270.1377
v -399.6437 -642.8047 1245.2803
v 1495.2235 -153.7249 1027.8607
v 1521.4683 -126.6647 1060.9796
v 1422.2926 -138.2796 1002.2245
v 1450.2302 -111.2322 1033.7208
v 1356.9103 -122.9393 969.3118
v -375.0202 -5.5247 1313.6156
v 439.2346 -1020.3807 1178.4900
v -103.3107 58.2268 1322.7446
v 69.9604 -998.9737 1188.4376
v -306.1525 -769.6402 1267.7103
v -483.2416 -488.6187 1271.7711
v 1531.4292 -57.5473 1072.2740
v -368.8789 -685.0820 1253.1415
v 273.7168 -1030.8749 1183.7920
v -503.2025 -307.9764 1295.2797
v 1188.7686 -271.9370 935.3172
v 742.0759 -747.1962 972.9500
v 623.9651 -909.8134 1086.7416
v -332.0212 21.2730 1330.5756
v 1583.1417 -30.8957 1080.8201
v 109.4361 -972.1215 1208.7947
v -287.7188 48.0496 1346.2803
v -266.6149 -812.0596 1267.1125
v 1040.9568 -421.2923 881.7143
v -398.3459 -573.5499 1264.9266
v -385.7119 -74.6186 1303.0341
v 306.6768 -1003.9086 1210.4386
v -7.0205 -914.1731 1187.6404
v 1256.9589 -245.5806 927.9590
v -157.9608 -897.3971 1237.3315
v -432.7021 -143.0941 1327.4961
v -496.8502 -419.1135 1305.8115
v 1007.5457 -378.9727 876.4021
v -335.6857 -727.3909 1258.6588
v 1048.6511 -352.1363 895.1948
v 202.5575 -987.9204 1214.9349
v -410.6866 -504.0722 1297.7512
v -292.0052 -700.6008 1274.9489
v 362.3395 -977.3287 1215.1722
v -371.1875 -615.7617 1276.2727
v 1297.7068 -149.4613 967.9911
v 1105.1235 -325.5702 899.1409
v -71.3307 -871.3384 1212.1597
v -476.2316 -350.1854 1306.8135
v -338.6305 -47.8928 1316.0482
v -190.9364 -785.8140 1252.5027
v -455.7182 -461.5618 1303.6633
v 905.0106 -445.8307 881.2559
v 70.0677 -929.7027 1209.2389
v -465.6252 -281.0937 1317.4768
v 1133.4802 -298.5262 930.2407
v 239.9679 -961.0313 1237.2828
v 1382.1655 -95.8510 1003.3885
v 1464.2267 -83.9402 1078.6759
v 1407.5112 -68.7402 1037.3992
v 1298.5972 -80.1994 988.0393
v 1330.6454 -53.2120 1015.5817
v -439.3476 -212.2564 1313.0093
v 425.2625 -950.8639 1212.8922
v -249.8107 -743.0698 1271.7892
v -375.6932 -546.4122 1301.5342
v -331.0371 -658.1940 1275.0706
v -257.9929 5.7916 1355.1378
v 1464.3772 -14.6709 1099.4487
v 1416.6581 -41.3774 1087.0438
v -129.5181 -828.5990 1230.7771
v 142.2833 -945.1538 1235.5549
v 1140.5411 -229.3727 944.3287
v 315.2604 -934.7804 1223.0723
v 4.8527 -845.1009 1197.0684
v -436.0022 -392.6195 1305.5377
v 495.8340 -924.5331 1203.2258
v -181.3770 32.0208 1339.6381
v 733.1186 -617.0589 957.5381
v 1232.7695 -175.8880 972.2167
v 1184.5221 -202.6015 960.3266
v 183.3330 -918.3259 1254.3973
v 960.8641 -336.4333 883.9139
v 34.5540 -887.3525 1205.9590
v -436.4870 -323.3372 1326.9084
v -352.6472 -477.5332 1300.1925
v -367.6646 -116.6725 1323.1821
v -248.3972 -673.8174 1291.3215
v -331.4950 -588.9095 1296.4226
v -417.5711 -254.3766 1329.5529
v 996.6368 -309.5210 907.8445
v 384.0298 -908.4184 1215.1351
v 82.6278 -860.6396 1218.0237
v 538.0753 -855.9727 1183.3521
v -383.6574 -185.6821 1317.7102
v 1227.9170 -106.5218 997.8151
v -289.3506 -21.1978 1326.9434
v -399.0064 -434.9968 1307.3818
v 1047.6118 -282.8444 917.0973
v 107.8790 -902.8253 1231.2118
v -413.8197 -365.4733 1342.5935
v -19.5531 -802.9314 1183.0668
v 273.8328 -892.3245 1225.4877
v 1087.1189 -256.0030 937.4317
v -290.6048 -631.3558 1294.5197
v 430.0215 -881.6751 1229.2106
v 150.7485 -876.0219 1248.2798
v 1356.3547 -26.1379 1049.2273
v 1273.8392 -10.5162 1032.8552
v 1237.0811 -37.4070 1009.8782
v 784.8550 -513.4773 914.6448
v -100.6252 -759.8150 1223.7784
v -316.5950 -519.8895 1302.9473
v -191.3506 -716.5312 1273.8073
v 627.9001 -776.8604 1139.1782
v -62.4266 15.7859 1320.8314
v 48.0144 -818.3077 1213.8785
v -293.5325 -90.4033 1310.0784
v 1129.9282 -159.9275 975.4780
v 1085.7802 -186.7077 959.6296
v 333.2217 -865.8136 1226.6296
v -221.7435 -604.9934 1286.4965
v 211.2429 -849.5229 1248.3578
v -354.2536 -297.2013 1305.9833
v -331.8803 -159.0317 1326.1952
v 1172.1705 -133.1167 993.1610
v -349.6945 -228.0063 1322.4860
v 678.0757 -714.8928 1107.3823
v 110.0097 -833.5841 1250.0673
v 397.9401 -839.3827 1222.6117
v -354.9978 -408.2198 1323.3630
v -2.3828 -775.7034 1224.9680
v -121.6981 -690.1842 1265.0414
v -270.5636 -562.4160 1296.0690
v -243.7220 -63.7211 1320.4548
v 1170.0034 -63.7953 1016.1654
v -221.0416 -36.5852 1357.0288
v 992.7794 -240.1789 932.4714
v 18.9479 -748.5425 1262.8497
v -173.5615 -647.5588 1277.5481
v 463.0439 -812.9553 1218.2164
v 153.3944 -806.7983 1266.6525
v 1038.0098 -213.4128 947.2805
v -70.5095 -732.8040 1253.1786
v -318.7597 -339.5515 1309.2838
v 869.5349 -295.1503 930.2604
v 61.1007 -791.0053 1259.7198
v 349.8585 -796.8113 1231.4681
v -31.4886 -705.9390 1273.9750
v -311.9925 -270.3898 1323.6477
v 496.7595 -786.0084 1244.1390
v -294.2982 -450.9879 1302.3212
v 1112.8793 -90.3614 1012.8479
v 260.7820 -822.8373 1258.9967
v 123.2255 -764.5361 1258.2129
v 387.8781 -769.9371 1253.2173
v -215.8308 -494.0642 1264.1166
v -74.5247 -663.4608 1277.9661
v 556.0802 -759.4816 1245.3521
v 664.9097 -617.7428 1066.4807
v -140.6154 -10.4199 1337.8502
v -280.2954 -381.9530 1309.7048
v 938.5192 -197.5033 947.2904
v 166.9077 -737.7472 1274.4972
v 461.6445 -743.6575 1240.4794
v -253.6133 -132.8283 1309.1006
v 1007.8481 -143.6355 997.2996
v 974.5501 -170.5942 970.9846
v -119.5243 -579.1968 1246.2784
v 205.2362 -780.1497 1275.0735
v 86.8041 -722.1701 1255.8114
v 1052.4000 -116.8554 1012.7674
v 611.4374 -634.5787 1180.6188
v -9.4070 -637.0396 1273.5706
v -155.6900 -536.8321 1243.6218
v 693.1274 -509.9166 1016.7776
v -102.8999 -621.2311 1267.7910
v 773.7291 -390.0594 952.3290
v -260.7002 -313.0131 1311.7014
v 516.4539 -717.0563 1246.0485
v -266.2709 -201.8909 1300.4241
v 272.8296 -753.7653 1268.2712
v 1045.0179 -47.4724 1040.7961
v 126.6362 -695.3160 1275.8103
v 37.6735 -679.5853 1265.6676
v -55.5901 -594.5049 1280.5863
v 1090.2606 -20.7059 1055.5831
v -212.2657 -106.0029 1327.6462
v 883.2989 -161.8609 948.0794
v -213.6218 -424.8320 1282.9086
v 407.8094 -700.9962 1254.8905
v -159.6023 -467.4908 1268.3059
v 549.5416 -648.3412 1235.0012
v -180.7549 -79.0150 1355.7025
v 84.4429 -652.8510 1278.9926
v -94.9350 -552.0862 1281.0089
v 331.9915 -727.2443 1269.6249
v 950.6217 -100.9211 1014.9906
v 225.0622 -711.2079 1276.8285
v 474.0783 -674.5953 1249.3881
v 991.8214 -74.0880 1033.6853
v -218.0547 -175.1827 1312.3429
v -225.3185 -244.3291 1298.4371
v 37.3277 -610.3010 1286.9100
v -117.5544 -509.9558 1265.2842
v 356.8642 -658.3846 1266.5103
v -184.7374 -356.0444 1275.9248
v 990.7767 -4.7904 1055.5991
v 849.0845 -171.6376 959.1245
v -188.3544 -286.7096 1300.3209
v 286.3684 -684.7196 1276.1138
v 175.4332 -668.6172 1287.1835
v -78.1416 -483.1022 1285.7017
v -7.6807 -567.7912 1292.7979
v 425.8419 -632.0261 1258.3890
v -180.4838 -148.2932 1334.5305
v 805.5634 -237.1818 986.5930
v 226.9903 -641.9627 1295.8683
v 120.5144 -625.9396 1302.6292
v -95.5364 -441.0536 1264.9297
v -49.8707 -525.3255 1295.9670
v -183.1950 -217.5202 1316.2382
v -129.6994 -398.7238 1260.3459
v -97.8774 -52.8912 1334.1594
v 491.6957 -605.6144 1253.2843
v 53.3998 -541.3053 1292.3040
v 939.7559 -31.4541 1046.3881
v 595.5169 -478.3289 1166.2708
v 175.2373 -599.3421 1308.2794
v 84.8030 -583.5848 1299.5472
v 307.3747 -615.7984 1276.7382
v -128.0275 -329.4774 1279.6364
v 537.6202 -542.9388 1217.4860
v -82.6130 -371.9979 1273.3549
v 631.9634 -426.8106 1123.9532
v 430.1135 -562.8301 1275.1704
v -127.8989 -121.6603 1342.2325
v 138.6825 -556.9706 1306.0063
v 42.2575 -499.3630 1265.5033
v 885.1248 -58.0605 1040.6697
v 357.6190 -589.1295 1286.6951
v 690.7272 -276.1033 1036.7567
v 841.6676 -15.5732 1045.0626
v 262.5097 -573.2916 1282.4901
v -31.9095 -414.6078 1261.9742
v 103.6273 -514.6297 1302.2836
v 88.2599 -472.6166 1279.5544
v 19.4511 -457.2226 1249.9479
v 391.0816 -520.4175 1275.2874
v -123.1987 -191.0132 1316.7866
v 307.2835 -546.5224 1297.7256
v 813.4318 -84.3758 1051.4213
v -117.0443 -260.3868 1289.9368
v 229.7113 -530.9841 1276.5919
v 201.7516 -488.7599 1266.0150
v 746.6984 -154.4841 1050.3203
v 67.2773 -430.5095 1262.2367
v 588.5913 -320.8170 1136.9320
v 466.7104 -494.1710 1260.7379
v 345.7249 -477.8987 1281.5236
v -57.3301 -303.1494 1269.8583
v 276.3209 -504.2510 1290.0477
v 168.8535 -446.4571 1260.2128
v 28.2005 -388.0967 1262.3997
v -6.1985 -345.7667 1258.0546
v 493.0356 -435.0368 1235.6338
v -59.9719 -233.8290 1293.3145
v 398.2755 -451.2624 1289.2461
v 313.7322 -435.6092 1274.8431
v 144.6298 -404.2917 1246.0427
v 249.0735 -462.0387 1278.7958
v 540.7766 -367.7184 1232.9910
v 358.9430 -408.8495 1289.6581
v 708.0523 -47.8604 1111.5182
v 109.1167 -361.9371 1242.7461
v -47.1570 -95.4988 1322.7490
v 664.4324 -133.8526 1120.2607
v 277.3086 -393.2408 1272.4368
v -55.3735 -164.6340 1309.7828
v 214.4946 -419.7007 1274.6147
v 59.9916 -319.3595 1252.6187
v -20.6870 -26.6714 1318.0979
v 422.5589 -382.4012 1286.7208
v -2.0467 -276.5615 1274.9473
v 181.9806 -377.4024 1268.4423
v 579.0970 -188.1041 1176.5201
v 370.6019 -339.7729 1299.3131
v 522.6030 -252.8273 1225.6490
v 302.3387 -366.1407 1306.7537
v 467.2264 -313.8803 1264.4917
v 4.6304 -207.3969 1289.4087
v 230.4778 -350.6955 1280.0879
v 151.9773 -335.1407 1259.8467
v 68.3651 -250.2267 1265.4370
v 266.3169 -323.7817 1303.9628
v 118.8397 -292.8282 1254.2804
v 187.5344 -308.2217 1283.9830
v 142.6031 -265.7088 1289.7966
v 311.9007 -297.0297 1318.4205
v 234.3450 -281.4892 1297.2649
v 4.7100 -138.1241 1310.2413
v 100.3149 -223.2422 1293.0616
v 417.6716 -243.7743 1333.2507
v 461.7203 -175.2343 1311.6271
v 349.3354 -270.1335 1340.7487
v 47.4029 -180.5990 1306.5760
v 266.0957 -254.4998 1325.0833
v 190.9102 -239.0037 1301.6298
v 540.8264 -38.0271 1277.0607
v 488.4822 -106.4172 1306.6865
v 300.6971 -227.5642 1350.1462
v 151.8339 -196.5919 1301.7931
v 392.7205 -201.5970 1319.7588
v 241.6738 -212.3382 1311.0985
v 272.2198 -185.3338 1340.0782
v 21.3236 -69.1330 1315.1016
v 418.6685 -132.7611 1315.6321
v 110.9141 -154.1489 1303.7417
v 203.4207 -169.9414 1310.4613
v 312.6226 -158.4927 1359.5349
v 434.9861 -63.7600 1320.7731
v 69.8166 -111.7038 1305.8528
v 352.8050 -89.8963 1341.6483
v 286.5962 -116.2990 1347.0990
v 245.7450 -143.1360 1328.0717
v 152.8807 -127.3347 1321.6881
v 193.4766 -100.4988 1340.9722
v 298.6576 -47.2279 1356.3555
v 273.3839 -74.3280 1322.2904
v 111.9736 -84.8909 1323.6224
v 330.5289 -20.2449 1384.0560
v 160.2196 -58.1823 1335.5059
v 261.1569 -4.8457 1355.0140
v 237.8466 -31.9722 1319.0261
v 71.8648 -42.4652 1324.7828
v 105.1174 -15.5037 1351.1484
f 966 974 981
f 1124 1134 1201
f 1124 1201 1202
f 1134 1208 1201
f 1146 1240 1233
f 1146 1233 1222
f 1146 1222 1147
f 1176 1185 1265
f 1176 1265 1258
f 1176 1258 1247
f 1176 1247 1240
f 1185 1202 1193
f 1185 1193 1265
f 1193 1202 1201
f 1193 1201 1208
f 1193 1208 1278
f 1193 1278 1265
f 1222 1233 1309
f 1222 1309 1406
f 1233 1240 1248
f 1233 1248 1319
f 1233 1319 1310
f 1233 1310 1309
f 1240 1247 1248
f 1247 1258 1248
f 1248 1258 1338
f 1248 1338 1319
f 1258 1265 1338
f 1265 1278 1356
f 1265 1356 1445
f 1265 1445 1338
f 1278 1367 1356
f 1279 1372 1363
f 1279 1363 1344
f 1309 1310 1406
f 1310 1319 1406
f 1319 1338 1433
f 1319 1433 1424
f 1319 1424 1406
f 1327 1447 1435
f 1328 1339 1509
f 1328 1509 1412
f 1335 1417 1416
f 1338 1445 1446
f 1338 1446 1433
f 1339 1448 1508
f 1339 1508 1509
f 1344 1363 1453
f 1344 1453 1345
f 1345 1453 1455
f 1345 1455 1442
f 1356 1367 1458
f 1356 1458 1445
f 1363 1372 1466
f 1363 1466 1465
f 1363 1465 1453
f 1364 1389 1449
f 1364 1449 1448
f 1367 1377 1469
f 1367 1469 1458
f 1371 1382 1467
f 1371 1467 1452
f 1372 1484 1466
f 1377 1478 1479
f 1377 1479 1469
f 1382 1477 1467
f 1386 1402 1571
f 1386 1571 1549
f 1386 1549 1456
f 1388 1390 1389
f 1388 1405 1390
f 1389 1390 1474
f 1389 1474 1449
f 1390 1405 1391
f 1390 1391 1485
f 1390 1485 1474
f 1392 1393 1478
f 1393 1501 1490
f 1393 1490 1478
f 1402 1417 1494
f 1402 1494 1571
f 1402 1416 1417
f 1406 1424 1407
f 1407 1424 1521
f 1412 1509 1510
f 1412 1510 1492
f 1412 1492 1481
f 1417 1526 1494
f 1424 1433 1533
f 1424 1533 1535
f 1424 1535 1521
f 1429 1435 1436
f 1429 1436 1544
f 1433 1446 1532
f 1433 1532 1533
f 1435 1447 1436
f 1436 1447 1569
f 1436 1569 1552
f 1436 1552 1544
f 1442 1455 1443
f 1443 1455 1454
f 1443 1454 1562
f 1443 1562 1563
f 1443 1563 1564
f 1443 1564 1565
f 1443 1565 1671
f 1445 1458 1446
f 1446 1458 1558
f 1446 1558 1545
f 1446 1545 1534
f 1446 1534 1532
f 1447 1460 1569
f 1448 1449 1508
f 1449 1474 1567
f 1449 1567 1654
f 1449 1654 1619
f 1449 1619 1508
f 1453 1465 1562
f 1453 1562 1454
f 1453 1454 1455
f 1458 1469 1579
f 1458 1579 1558
f 1460 1592 1705
f 1460 1705 1569
f 1465 1466 1562
f 1466 1484 1589
f 1466 1589 1581
f 1466 1581 1562
f 1467 1477 1593
f 1467 1593 1691
f 1467 1691 1676
f 1469 1479 1604
f 1469 1604 1580
f 1469 1580 1579
f 1474 1485 1567
f 1477 1609 1593
f 1478 1490 1479
f 1479 1490 1604
f 1481 1492 1584
f 1481 1584 1572
f 1481 1572 1551
f 1484 1603 1590
f 1484 1590 1589
f 1490 1501 1604
f 1492 1510 1493
f 1492 1493 1585
f 1492 1585 1584
f 1493 1510 1511
f 1493 1511 1606
f 1493 1606 1585
f 1494 1526 1704
f 1494 1704 1571
f 1501 1515 1631
f 1501 1631 1633
f 1508 1619 1606
f 1508 1606 1511
f 1508 1511 1509
f 1509 1511 1510
f 1515 1632 1633
f 1515 1633 1631
f 1521 1535 1652
f 1521 1652 1638
f 1523 1549 1649
f 1523 1649 1636
f 1523 1636 1615
f 1523 1615 1614
f 1526 1550 1527
f 1526 1527 1704
f 1527 1550 1658
f 1527 1658 1719
f 1527 1719 1704
f 1532 1534 1533
f 1533 1534 1535
f 1534 1545 1651
f 1534 1651 1535
f 1535 1651 1652
f 1544 1552 1689
f 1545 1558 1559
f 1545 1559 1694
f 1549 1571 1650
f 1549 1650 1649
f 1550 1551 1658
f 1551 1572 1574
f 1551 1574 1669
f 1551 1669 1658
f 1552 1569 1689
f 1558 1579 1559
f 1559 1579 1694
f 1562 1581 1563
f 1563 1581 1564
f 1564 1581 1698
f 1564 1698 1565
f 1565 1698 1684
f 1565 1684 1683
f 1565 1683 1671
f 1567 1667 1666
f 1567 1666 1654
f 1569 1705 1690
f 1569 1690 1689
f 1571 1704 1686
f 1571 1686 1650
f 1572 1584 1586
f 1572 1586 1587
f 1572 1587 1573
f 1572 1573 1574
f 1573 1587 1574
f 1574 1587 1670
f 1574 1670 1669
f 1579 1580 1694
f 1580 1604 1588
f 1580 1588 1694
f 1581 1589 1699
f 1581 1699 1698
f 1584 1585 1586
f 1585 1606 1688
f 1585 1688 1587
f 1585 1587 1586
f 1587 1688 1670
f 1588 1707 1695
f 1588 1695 1694
f 1589 1590 1699
f 1590 1603 1729
f 1590 1729 1715
f 1590 1715 1699
f 1592 1717 1716
f 1592 1716 1705
f 1593 1609 1722
f 1593 1722 1724
f 1593 1724 1706
f 1593 1706 1691
f 1603 1630 1754
f 1603 1754 1744
f 1603 1744 1729
f 1606 1721 1688
f 1606 1619 1721
f 1608 1640 1624
f 1608 1624 1625
f 1608 1625 1609
f 1609 1625 1722
f 1615 1636 1829
f 1615 1829 1808
f 1619 1654 1637
f 1619 1637 1620
f 1619 1620 1721
f 1620 1637 1741
f 1620 1741 1721
f 1624 1640 1642
f 1624 1642 1738
f 1624 1738 1739
f 1624 1739 1625
f 1625 1739 1723
f 1625 1723 1722
f 1634 1635 1745
f 1634 1745 1730
f 1635 1758 1759
f 1635 1759 1745
f 1636 1649 1650
f 1636 1650 1750
f 1636 1750 1853
f 1636 1853 1829
f 1637 1654 1655
f 1637 1655 1871
f 1637 1871 1847
f 1637 1847 1741
f 1638 1652 1639
f 1638 1639 1869
f 1638 1869 1848
f 1639 1652 1651
f 1640 1641 1642
f 1645 1765 1766
f 1645 1766 1752
f 1650 1686 1763
f 1650 1763 1750
f 1654 1666 1655
f 1655 1666 1771
f 1655 1771 1871
f 1658 1669 1770
f 1658 1770 1755
f 1658 1755 1719
f 1659 1671 1672
f 1659 1672 1793
f 1659 1793 1778
f 1666 1667 1771
f 1667 1786 1771
f 1669 1670 1770
f 1670 1688 1787
f 1670 1787 1770
f 1671 1683 1672
f 1672 1683 1685
f 1672 1685 1807
f 1672 1807 1793
f 1676 1691 1784
f 1676 1784 1772
f 1676 1772 1758
f 1677 1804 1756
f 1683 1684 1685
f 1684 1700 1820
f 1684 1820 1685
f 1684 1698 1700
f 1685 1820 1807
f 1686 1704 1779
f 1686 1779 1763
f 1688 1721 1824
f 1688 1824 1806
f 1688 1806 1787
f 1689 1690 1826
f 1689 1826 1827
f 1690 1705 1826
f 1691 1706 1692
f 1691 1692 1801
f 1691 1801 1784
f 1692 1706 1816
f 1692 1816 1817
f 1692 1817 1803
f 1692 1803 1801
f 1698 1699 1700
f 1699 1715 1834
f 1699 1834 1700
f 1700 1834 1820
f 1704 1719 1813
f 1704 1813 1815
f 1704 1815 1779
f 1705 1716 1845
f 1705 1845 1826
f 1706 1724 1816
f 1715 1729 1835
f 1715 1835 1834
f 1716 1717 1864
f 1716 1864 1845
f 1717 2030 1864
f 1719 1755 1839
f 1719 1839 1840
f 1719 1840 1813
f 1721 1741 1847
f 1721 1847 1824
f 1722 1723 1724
f 1723 1859 1724
f 1724 1859 1816
f 1729 1744 1858
f 1729 1858 1835
f 1730 1745 1862
f 1730 1862 1841
f 1734 1752 1866
f 1734 1866 1844
f 1744 1754 1875
f 1744 1875 1858
f 1745 1759 1746
f 1745 1746 1862
f 1746 1759 1880
f 1746 1880 1863
f 1746 1863 1862
f 1750 1763 1764
f 1750 1764 1853
f 1752 1766 1865
f 1752 1865 1866
f 1755 1770 1839
f 1756 1804 1891
f 1756 1891 1757
f 1758 1772 1759
f 1759 1772 1880
f 1763 1779 1892
f 1763 1892 1874
f 1763 1874 1764
f 1764 1874 1873
f 1764 1873 1853
f 1765 1915 2016
f 1765 2016 1886
f 1765 1886 1766
f 1766 1886 1865
f 1770 1787 2013
f 1770 2013 2113
f 1770 2113 1840
f 1770 1840 1839
f 1771 1786 1889
f 1771 1889 1871
f 1772 1784 1785
f 1772 1785 1907
f 1772 1907 2039
f 1772 2039 1880
f 1778 1793 1923
f 1779 1815 1780
f 1779 1780 1892
f 1780 1815 1905
f 1780 1905 1906
f 1780 1906 1892
f 1784 1801 1802
f 1784 1802 1785
f 1785 1802 1907
f 1786 1805 1898
f 1786 1898 1889
f 1787 1806 2013
f 1793 1807 1939
f 1793 1939 1923
f 1801 1803 1802
f 1802 1803 1908
f 1802 1908 1907
f 1803 1817 1924
f 1803 1924 1908
f 1804 1818 1941
f 1804 1941 1891
f 1805 1844 1823
f 1805 1823 1933
f 1805 1933 1919
f 1805 1919 1898
f 1806 1824 2013
f 1807 1820 1821
f 1807 1821 1939
f 1808 1829 1932
f 1808 1932 1913
f 1813 1840 1814
f 1813 1814 1815
f 1814 1840 2113
f 1814 2113 1925
f 1814 1925 1815
f 1815 1925 1905
f 1816 1859 1962
f 1816 1962 1817
f 1817 1962 2082
f 1817 2082 2061
f 1817 2061 1924
f 1818 1841 1960
f 1818 1960 1941
f 1820 1834 1836
f 1820 1836 1821
f 1821 1836 1822
f 1821 1822 1958
f 1821 1958 1940
f 1821 1940 1939
f 1822 1836 1838
f 1822 1838 1967
f 1822 1967 1968
f 1822 1968 1958
f 1823 1844 1955
f 1823 1955 1934
f 1823 1934 1933
f 1824 1847 2209
f 1824 2209 2036
f 1824 2036 2013
f 1826 1845 1827
f 1827 1845 1846
f 1827 1846 1973
f 1828 1849 1953
f 1828 1953 1936
f 1828 1936 1935
f 1829 1854 1951
f 1829 1951 1932
f 1829 1853 1854
f 1834 1835 1837
f 1834 1837 1836
f 1835 1858 1837
f 1836 1837 1838
f 1837 1858 1984
f 1837 1984 1838
f 1838 1984 1986
f 1838 1986 1967
f 1841 1862 1842
f 1841 1842 1960
f 1842 1862 1976
f 1842 1976 1977
f 1842 1977 1961
f 1842 1961 1960
f 1844 1866 1954
f 1844 1954 1955
f 1845 1864 1993
f 1845 1993 1846
f 1846 1993 1973
f 1847 1871 2209
f 1848 1869 1870
f 1848 1870 1850
f 1848 1850 1849
f 1849 1850 1953
f 1850 1870 1990
f 1850 1990 2116
f 1850 2116 1953
f 1853 1873 1854
f 1854 1873 1949
f 1854 1949 1951
f 1858 1875 1985
f 1858 1985 1984
f 1859 1879 2006
f 1859 2006 1979
f 1859 1979 1962
f 1862 1863 1976
f 1863 1880 1976
f 1864 2030 2183
f 1864 2183 1994
f 1864 1994 1993
f 1865 1886 1866
f 1866 1886 1969
f 1866 1969 1954
f 1869 1885 2011
f 1869 2011 1870
f 1870 2011 1990
f 1871 1889 2231
f 1871 2231 2209
f 1873 1874 1971
f 1873 1971 1949
f 1874 1893 2005
f 1874 2005 1971
f 1874 1892 1893
f 1875 1876 1985
f 1876 2031 2009
f 1876 2009 1985
f 1879 2018 2006
f 1880 2039 1976
f 1885 1896 2012
f 1885 2012 2011
f 1886 2016 1969
f 1889 1898 1899
f 1889 1899 2170
f 1889 2170 2171
f 1889 2171 2231
f 1891 1941 2035
f 1891 2035 2164
f 1891 2164 2145
f 1892 1906 1893
f 1893 1906 2004
f 1893 2004 2005
f 1898 1919 1899
f 1899 1919 2062
f 1899 2062 2170
f 1905 1925 2021
f 1905 2021 1906
f 1906 2021 2004
f 1907 1908 2060
f 1907 2060 2039
f 1908 1924 2060
f 1913 1932 2027
f 1913 2027 1914
f 1914 2027 2028
f 1914 2028 2008
f 1915 1929 1916
f 1915 1916 2016
f 1916 1929 2200
f 1916 2200 2148
f 1916 2148 2016
f 1919 1934 2062
f 1919 1933 1934
f 1923 2070 2071
f 1923 1939 2070
f 1924 2061 2060
f 1925 2113 2343
f 1925 2343 2023
f 1925 2023 2022
f 1925 2022 2021
f 1931 1932 1951
f 1931 1951 1952
f 1931 1952 2049
f 1931 2049 1932
f 1932 2049 2048
f 1932 2048 2027
f 1934 1970 2214
f 1934 2214 2062
f 1934 1955 1970
f 1935 1936 2080
f 1935 2080 2057
f 1936 1953 2099
f 1936 2099 2080
f 1939 1940 2070
f 1940 1958 2092
f 1940 2092 2070
f 1941 1960 1942
f 1941 1942 2073
f 1941 2073 2056
f 1941 2056 2035
f 1942 1960 1961
f 1942 1961 2095
f 1942 2095 2074
f 1942 2074 2073
f 1949 1971 1950
f 1949 1950 1951
f 1950 1952 1951
f 1950 1971 1972
f 1950 1972 1952
f 1952 1972 2072
f 1952 2072 2049
f 1953 2116 2099
f 1954 1969 1970
f 1954 1970 1955
f 1958 1968 2110
f 1958 2110 2093
f 1958 2093 2092
f 1959 1980 1981
f 1959 1981 2075
f 1959 2075 2053
f 1961 1977 2095
f 1962 2102 2082
f 1962 1979 2102
f 1967 1986 1988
f 1967 1988 1968
f 1968 1988 2131
f 1968 2131 2132
f 1968 2132 2110
f 1969 2016 1970
f 1970 2016 2289
f 1970 2289 2238
f 1970 2238 2214
f 1971 2005 1972
f 1972 2005 2121
f 1972 2121 2098
f 1972 2098 2072
f 1973 1993 1995
f 1976 2039 2278
f 1976 2278 1977
f 1977 2278 2115
f 1977 2115 2095
f 1979 2006 2120
f 1979 2120 2102
f 1980 2008 2122
f 1980 2122 2101
f 1980 2101 1981
f 1981 2101 2076
f 1981 2076 2075
f 1984 1985 1987
f 1984 1987 1986
f 1985 2009 1987
f 1986 1987 1989
f 1986 1989 1988
f 1987 2009 2159
f 1987 2159 1989
f 1988 1989 2131
f 1989 2159 2160
f 1989 2160 2141
f 1989 2141 2131
f 1990 2011 2012
f 1990 2292 2268
f 1990 2268 2116
f 1993 1994 1995
f 1994 2183 1997
f 1994 1997 1996
f 1994 1996 1995
f 1995 1996 2157
f 1996 1997 2158
f 1996 2158 2157
f 1997 2183 2182
f 1997 2182 2158
f 2000 2014 2001
f 2001 2014 2144
f 2001 2144 2129
f 2001 2129 2128
f 2004 2021 2023
f 2004 2023 2140
f 2004 2140 2121
f 2004 2121 2005
f 2006 2018 2019
f 2006 2019 2137
f 2006 2137 2136
f 2006 2136 2120
f 2008 2028 2029
f 2008 2029 2122
f 2009 2031 2032
f 2009 2032 2159
f 2013 2036 2113
f 2014 2163 2144
f 2016 2148 2289
f 2018 2037 2038
f 2018 2038 2188
f 2018 2188 2019
f 2019 2188 2155
f 2019 2155 2137
f 2021 2022 2023
f 2023 2343 2274
f 2023 2274 2140
f 2026 2053 2168
f 2027 2048 2050
f 2027 2050 2028
f 2028 2050 2052
f 2028 2052 2146
f 2028 2146 2029
f 2029 2146 2124
f 2029 2124 2122
f 2030 2043 2185
f 2030 2185 2183
f 2031 2046 2032
f 2032 2046 2190
f 2032 2190 2161
f 2032 2161 2159
f 2035 2056 2193
f 2035 2193 2165
f 2035 2165 2166
f 2035 2166 2164
f 2036 2209 2474
f 2036 2474 2367
f 2036 2367 2113
f 2037 2058 2038
f 2038 2058 2187
f 2038 2187 2189
f 2038 2189 2188
f 2039 2180 2278
f 2039 2060 2206
f 2039 2206 2207
f 2039 2207 2180
f 2043 2217 2356
f 2043 2356 2185
f 2048 2049 2050
f 2049 2072 2051
f 2049 2051 2050
f 2050 2051 2052
f 2051 2072 2203
f 2051 2203 2173
f 2051 2173 2172
f 2051 2172 2052
f 2052 2172 2174
f 2052 2174 2146
f 2053 2075 2054
f 2053 2054 2167
f 2053 2167 2168
f 2054 2075 2077
f 2054 2077 2198
f 2054 2198 2167
f 2056 2073 2074
f 2056 2074 2194
f 2056 2194 2193
f 2057 2080 2081
f 2057 2081 2059
f 2057 2059 2058
f 2058 2059 2208
f 2058 2208 2187
f 2059 2081 2208
f 2060 2061 2206
f 2061 2082 2083
f 2061 2083 2206
f 2062 2214 2196
f 2062 2196 2195
f 2062 2195 2170
f 2070 2092 2071
f 2071 2092 2225
f 2071 2225 2226
f 2072 2098 2220
f 2072 2220 2203
f 2074 2096 2232
f 2074 2232 2233
f 2074 2233 2194
f 2074 2095 2096
f 2075 2076 2077
f 2076 2101 2123
f 2076 2123 2338
f 2076 2338 2198
f 2076 2198 2077
f 2080 2100 2222
f 2080 2222 2081
f 2080 2099 2100
f 2081 2222 2223
f 2081 2223 2208
f 2082 2084 2083
f 2082 2102 2242
f 2082 2242 2084
f 2083 2084 2206
f 2084 2242 2243
f 2084 2243 2221
f 2084 2221 2206
f 2086 2108 2239
f 2086 2239 2088
f 2086 2088 2087
f 2087 2088 2218
f 2087 2218 2200
f 2088 2239 2218
f 2092 2093 2246
f 2092 2246 2225
f 2093 2110 2265
f 2093 2265 2246
f 2095 2115 2096
f 2096 2115 2254
f 2096 2254 2232
f 2098 2121 2220
f 2099 2116 2247
f 2099 2247 2100
f 2100 2247 2248
f 2100 2248 2222
f 2101 2122 2123
f 2102 2120 2242
f 2107 2145 2127
f 2107 2127 2261
f 2107 2261 2262
f 2107 2262 2239
f 2107 2239 2108
f 2109 2128 2129
f 2109 2129 2283
f 2109 2283 2285
f 2109 2285 2257
f 2110 2132 2287
f 2110 2287 2265
f 2113 2367 2343
f 2115 2278 2254
f 2116 2268 2117
f 2116 2117 2247
f 2117 2268 2269
f 2117 2269 2271
f 2117 2271 2247
f 2120 2138 2266
f 2120 2266 2267
f 2120 2267 2242
f 2120 2136 2138
f 2121 2140 2220
f 2122 2124 2123
f 2123 2124 2125
f 2123 2125 2338
f 2124 2146 2125
f 2125 2146 2175
f 2125 2175 2301
f 2125 2301 2273
f 2125 2273 2338
f 2127 2145 2312
f 2127 2312 2288
f 2127 2288 2261
f 2129 2282 2283
f 2129 2144 2304
f 2129 2304 2282
f 2131 2141 2142
f 2131 2142 2132
f 2132 2142 2309
f 2132 2309 2287
f 2136 2137 2138
f 2137 2155 2313
f 2137 2313 2138
f 2138 2313 2290
f 2138 2290 2266
f 2140 2274 2220
f 2141 2160 2142
f 2142 2160 2143
f 2142 2143 2309
f 2143 2160 2162
f 2143 2162 2309
f 2144 2163 2304
f 2145 2164 2312
f 2146 2174 2175
f 2148 2200 2201
f 2148 2201 2452
f 2148 2452 2289
f 2155 2188 2331
f 2155 2331 2313
f 2157 2158 2334
f 2157 2334 2318
f 2158 2182 2184
f 2158 2184 2186
f 2158 2186 2334
f 2159 2161 2160
f 2160 2161 2162
f 2161 2190 2162
f 2162 2190 2326
f 2162 2326 2309
f 2163 2192 2320
f 2163 2320 2304
f 2164 2166 2312
f 2165 2193 2194
f 2165 2194 2166
f 2166 2194 2495
f 2166 2495 2312
f 2167 2198 2296
f 2167 2296 2297
f 2167 2297 2168
f 2168 2297 2298
f 2170 2195 2171
f 2171 2195 2196
f 2171 2196 2308
f 2171 2308 2231
f 2172 2173 2174
f 2173 2203 2302
f 2173 2302 2175
f 2173 2175 2174
f 2175 2302 2301
f 2180 2207 2341
f 2180 2341 2323
f 2180 2323 2444
f 2180 2444 2278
f 2182 2183 2184
f 2183 2185 2184
f 2184 2185 2186
f 2185 2356 2355
f 2185 2355 2186
f 2186 2355 2358
f 2186 2358 2334
f 2187 2208 2189
f 2188 2189 2331
f 2189 2208 2353
f 2189 2353 2331
f 2190 2340 2326
f 2192 2336 2320
f 2194 2233 2379
f 2194 2379 2495
f 2196 2214 2348
f 2196 2348 2308
f 2198 2338 2296
f 2200 2218 2201
f 2201 2218 2382
f 2201 2382 2641
f 2201 2641 2452
f 2203 2220 2475
f 2203 2475 2319
f 2203 2319 2302
f 2206 2221 2207
f 2207 2221 2342
f 2207 2342 2341
f 2208 2223 2352
f 2208 2352 2353
f 2209 2231 2474
f 2214 2238 2215
f 2214 2215 2348
f 2215 2238 2397
f 2215 2397 2348
f 2217 2410 2376
f 2217 2376 2356
f 2218 2240 2382
f 2218 2239 2240
f 2220 2274 2475
f 2221 2243 2365
f 2221 2365 2342
f 2222 2248 2249
f 2222 2249 2224
f 2222 2224 2223
f 2223 2224 2373
f 2223 2373 2372
f 2223 2372 2352
f 2224 2249 2392
f 2224 2392 2394
f 2224 2394 2373
f 2225 2246 2403
f 2225 2403 2226
f 2226 2403 2386
f 2231 2308 2525
f 2231 2525 2474
f 2232 2254 2255
f 2232 2255 2233
f 2233 2255 2378
f 2233 2378 2379
f 2236 2298 2413
f 2236 2413 2360
f 2236 2360 2237
f 2237 2360 2361
f 2238 2289 2260
f 2238 2260 2397
f 2239 2262 2240
f 2240 2262 2382
f 2242 2267 2244
f 2242 2244 2243
f 2243 2244 2389
f 2243 2389 2365
f 2244 2267 2411
f 2244 2411 2412
f 2244 2412 2389
f 2246 2265 2404
f 2246 2404 2403
f 2247 2271 2250
f 2247 2250 2248
f 2248 2250 2249
f 2249 2250 2392
f 2250 2271 2393
f 2250 2393 2392
f 2254 2278 2280
f 2254 2280 2399
f 2254 2399 2255
f 2255 2399 2378
f 2257 2285 2259
f 2257 2259 2258
f 2258 2259 2415
f 2258 2415 2390
f 2259 2285 2430
f 2259 2430 2416
f 2259 2416 2415
f 2260 2289 2452
f 2260 2452 2397
f 2261 2288 2423
f 2261 2423 2262
f 2262 2423 2402
f 2262 2402 2382
f 2265 2287 2404
f 2266 2290 2411
f 2266 2411 2267
f 2268 2292 2293
f 2268 2293 2294
f 2268 2294 2272
f 2268 2272 2270
f 2268 2270 2269
f 2269 2270 2271
f 2270 2272 2417
f 2270 2417 2271
f 2271 2417 2393
f 2272 2294 2436
f 2272 2436 2417
f 2273 2419 2421
f 2273 2421 2522
f 2273 2522 2338
f 2273 2301 2419
f 2274 2343 2455
f 2274 2455 2529
f 2274 2529 2475
f 2278 2444 2279
f 2278 2279 2280
f 2279 2444 2447
f 2279 2447 2573
f 2279 2573 2399
f 2279 2399 2280
f 2282 2304 2305
f 2282 2305 2284
f 2282 2284 2283
f 2283 2284 2286
f 2283 2286 2285
f 2284 2305 2286
f 2285 2286 2430
f 2286 2305 2431
f 2286 2431 2430
f 2288 2596 2402
f 2288 2402 2423
f 2288 2312 2627
f 2288 2627 2596
f 2290 2314 2427
f 2290 2427 2411
f 2290 2313 2314
f 2292 2330 2462
f 2292 2462 2293
f 2293 2462 2294
f 2294 2462 2436
f 2296 2338 2440
f 2296 2440 2413
f 2296 2413 2297
f 2297 2413 2298
f 2301 2302 2419
f 2302 2319 2418
f 2302 2418 2419
f 2304 2320 2321
f 2304 2321 2305
f 2305 2321 2458
f 2305 2458 2459
f 2305 2459 2431
f 2307 2318 2480
f 2308 2465 2525
f 2308 2348 2464
f 2308 2464 2465
f 2309 2326 2327
f 2312 2495 2627
f 2313 2331 2314
f 2314 2331 2332
f 2314 2332 2460
f 2314 2460 2461
f 2314 2461 2427
f 2319 2475 2453
f 2319 2453 2418
f 2320 2336 2337
f 2320 2337 2322
f 2320 2322 2321
f 2321 2322 2482
f 2321 2482 2458
f 2322 2337 2483
f 2322 2483 2482
f 2323 2470 2445
f 2323 2445 2444
f 2323 2341 2470
f 2326 2340 2490
f 2326 2490 2327
f 2327 2490 2491
f 2330 2349 2507
f 2330 2507 2509
f 2330 2509 2463
f 2330 2463 2462
f 2331 2353 2333
f 2331 2333 2332
f 2332 2333 2460
f 2333 2353 2502
f 2333 2502 2486
f 2333 2486 2460
f 2334 2358 2359
f 2337 2498 2483
f 2338 2522 2660
f 2338 2660 2595
f 2338 2595 2440
f 2340 2491 2490
f 2341 2342 2493
f 2341 2493 2470
f 2342 2366 2493
f 2342 2365 2366
f 2343 2367 2478
f 2343 2478 2455
f 2344 2380 2345
f 2344 2345 2346
f 2344 2346 8159
f 2344 8159 8158
f 2345 2380 2381
f 2345 2381 2450
f 2345 2450 2346
f 2346 2450 2451
f 2346 2451 8263
f 2346 8263 8159
f 2348 2397 2535
f 2348 2535 2628
f 2348 2628 2464
f 2349 2369 2350
f 2349 2350 2507
f 2350 2369 2370
f 2350 2370 2530
f 2350 2530 2508
f 2350 2508 2507
f 2352 2372 2374
f 2352 2374 2354
f 2352 2354 2353
f 2353 2354 2502
f 2354 2374 2503
f 2354 2503 2502
f 2355 2356 2357
f 2355 2357 2358
f 2356 2376 2375
f 2356 2375 2357
f 2357 2375 2377
f 2357 2377 2358
f 2358 2377 2359
f 2365 2389 2538
f 2365 2538 2366
f 2366 2538 2517
f 2366 2517 2518
f 2366 2518 2493
f 2367 2474 2584
f 2367 2584 2675
f 2367 2675 2639
f 2367 2639 2478
f 2370 2553 2530
f 2370 2390 2553
f 2372 2373 2374
f 2373 2394 2527
f 2373 2527 2374
f 2374 2527 2503
f 2375 2376 2558
f 2375 2558 2377
f 2376 2410 2560
f 2376 2560 2559
f 2376 2559 2558
f 2378 2399 2543
f 2378 2543 2519
f 2378 2519 2379
f 2379 2519 2495
f 2380 2408 2381
f 2381 2408 2514
f 2381 2514 2484
f 2381 2484 2450
f 2382 2402 2541
f 2382 2541 2679
f 2382 2679 2641
f 2386 2403 2387
f 2387 2403 2404
f 2389 2412 2568
f 2389 2568 2538
f 2390 2415 2553
f 2392 2393 2395
f 2392 2395 2394
f 2393 2417 2437
f 2393 2437 2575
f 2393 2575 2395
f 2394 2395 2527
f 2395 2575 2716
f 2395 2716 2527
f 2396 2424 2510
f 2396 2510 2476
f 2397 2452 2570
f 2397 2570 2535
f 2399 2573 2543
f 2402 2596 2597
f 2402 2597 2762
f 2402 2762 2731
f 2402 2731 2541
f 2406 2442 2407
f 2406 2407 2408
f 2407 2442 2515
f 2407 2515 2514
f 2407 2514 2408
f 2410 2612 2801
f 2410 2801 2579
f 2410 2579 2560
f 2411 2427 2428
f 2411 2428 2412
f 2412 2428 2590
f 2412 2590 2568
f 2413 2440 2571
f 2414 2477 2557
f 2414 2557 2524
f 2414 2524 2603
f 2415 2416 2577
f 2415 2577 2553
f 2416 2430 2433
f 2416 2433 2578
f 2416 2578 2577
f 2417 2436 2437
f 2418 2453 2422
f 2418 2422 2420
f 2418 2420 2419
f 2419 2420 2421
f 2420 2422 2548
f 2420 2548 2421
f 2421 2548 2547
f 2421 2547 2521
f 2421 2521 2522
f 2422 2453 2606
f 2422 2606 2721
f 2422 2721 2548
f 2424 2425 2510
f 2425 2662 2537
f 2425 2537 2510
f 2427 2461 2608
f 2427 2608 2428
f 2428 2608 2591
f 2428 2591 2590
f 2430 2431 2432
f 2430 2432 2433
f 2431 2459 2615
f 2431 2615 2432
f 2432 2601 2433
f 2432 2615 2617
f 2432 2617 2602
f 2432 2602 2601
f 2433 2601 2578
f 2436 2462 2439
f 2436 2439 2437
f 2437 2439 2598
f 2437 2598 2576
f 2437 2576 2575
f 2438 2462 2463
f 2438 2463 2599
f 2438 2599 2439
f 2438 2439 2462
f 2439 2599 2598
f 2440 2595 2571
f 2442 2545 2515
f 2444 2445 2446
f 2444 2446 2447
f 2445 2470 2471
f 2445 2471 2446
f 2446 2471 2594
f 2446 2594 2447
f 2447 2594 2573
f 2450 2484 2451
f 2451 2484 2585
f 2451 2585 2551
f 2451 2551 8263
f 2452 2641 2775
f 2452 2775 2570
f 2453 2475 2606
f 2455 2478 2639
f 2455 2639 2732
f 2455 2732 2701
f 2455 2701 2529
f 2458 2482 2642
f 2458 2642 2459
f 2459 2642 2615
f 2460 2486 2487
f 2460 2487 2461
f 2461 2487 2634
f 2461 2634 2608
f 2463 2509 2618
f 2463 2618 2599
f 2464 2628 2465
f 2465 2628 2763
f 2465 2763 2525
f 2467 2665 2468
f 2468 2665 2636
f 2470 2493 2645
f 2470 2645 2471
f 2471 2645 2647
f 2471 2647 2619
f 2471 2619 2594
f 2474 2525 2607
f 2474 2607 2584
f 2475 2529 2631
f 2475 2631 2606
f 2476 2510 2621
f 2476 2621 2477
f 2477 2621 2589
f 2477 2589 2557
f 2482 2483 2642
f 2483 2498 2643
f 2483 2643 2642
f 2484 2514 2515
f 2484 2515 2625
f 2484 2625 2585
f 2486 2502 2504
f 2486 2504 2633
f 2486 2633 2487
f 2487 2633 2634
f 2491 2666 2630
f 2493 2518 2645
f 2495 2519 2520
f 2495 2520 2496
f 2495 2496 2627
f 2496 2520 2653
f 2496 2653 2652
f 2496 2652 2627
f 2498 2671 2672
f 2498 2672 2643
f 2500 2649 2650
f 2500 2650 2501
f 2501 2650 2651
f 2502 2503 2505
f 2502 2505 2504
f 2503 2527 2528
f 2503 2528 2505
f 2504 2505 2668
f 2504 2668 2633
f 2505 2528 2694
f 2505 2694 2695
f 2505 2695 2668
f 2507 2508 2509
f 2508 2530 2698
f 2508 2698 2676
f 2508 2676 2509
f 2509 2676 2677
f 2509 2677 2618
f 2510 2537 2621
f 2515 2545 2626
f 2515 2626 2625
f 2517 2538 2539
f 2517 2539 2705
f 2517 2705 2684
f 2517 2684 2518
f 2518 2684 2646
f 2518 2646 2645
f 2519 2543 2544
f 2519 2544 2520
f 2520 2544 2686
f 2520 2686 2653
f 2521 2523 2522
f 2521 2547 2523
f 2522 2523 2659
f 2522 2659 2660
f 2523 2549 2659
f 2523 2547 2549
f 2524 2557 2682
f 2524 2682 2632
f 2524 2632 2603
f 2525 2763 2941
f 2525 2941 3009
f 2525 3009 2607
f 2527 2716 2528
f 2528 2716 2694
f 2529 2701 2818
f 2529 2818 2631
f 2530 2554 2728
f 2530 2728 2698
f 2530 2553 2554
f 2532 2556 2735
f 2535 2570 2719
f 2535 2719 2691
f 2535 2691 2628
f 2537 2662 2621
f 2538 2568 2539
f 2539 2568 2569
f 2539 2569 2730
f 2539 2730 2705
f 2541 2731 2542
f 2541 2542 2679
f 2542 2731 2680
f 2542 2680 2679
f 2543 2573 2574
f 2543 2574 2544
f 2544 2574 2734
f 2544 2734 2708
f 2544 2708 2686
f 2545 2741 2743
f 2545 2743 2702
f 2545 2702 2626
f 2547 2548 2549
f 2548 2721 2549
f 2549 2721 2722
f 2549 2722 2692
f 2549 2692 2659
f 2551 2585 2552
f 2551 2552 8334
f 2551 8334 8263
f 2552 2585 2586
f 2552 2586 2704
f 2552 2704 2664
f 2552 2664 8334
f 2553 2555 2554
f 2553 2577 2555
f 2554 2555 2728
f 2555 2577 2578
f 2555 2578 2751
f 2555 2751 2729
f 2555 2729 2728
f 2556 2736 2735
f 2557 2589 2683
f 2557 2683 2682
f 2558 2559 2561
f 2559 2560 2562
f 2559 2562 2561
f 2560 2579 2580
f 2560 2580 2581
f 2560 2581 2562
f 2561 2562 2563
f 2562 2581 2563
f 2563 2581 2783
f 2563 2783 2760
f 2568 2590 2569
f 2569 2592 2761
f 2569 2761 2730
f 2569 2590 2592
f 2570 2775 2719
f 2573 2594 2574
f 2574 2594 2766
f 2574 2766 2954
f 2574 2954 2734
f 2575 2576 2717
f 2575 2717 2716
f 2576 2598 2600
f 2576 2600 2746
f 2576 2746 2717
f 2578 2601 2752
f 2578 2752 2751
f 2579 2801 2781
f 2579 2781 2580
f 2580 2781 2782
f 2580 2782 2783
f 2580 2783 2581
f 2584 2607 2904
f 2584 2904 2675
f 2585 2625 2586
f 2586 2625 2626
f 2586 2626 2745
f 2586 2745 2704
f 2588 2589 2621
f 2588 2621 2624
f 2588 2624 2712
f 2588 2712 2589
f 2589 2712 2713
f 2589 2713 2683
f 2590 2591 2592
f 2591 2608 2634
f 2591 2634 2787
f 2591 2787 2592
f 2592 2787 2984
f 2592 2984 2761
f 2594 2619 2766
f 2595 2660 2767
f 2595 2767 2739
f 2596 2627 2652
f 2596 2652 2813
f 2596 2813 2789
f 2596 2789 2597
f 2597 2789 2762
f 2598 2599 2600
f 2599 2618 2794
f 2599 2794 2600
f 2600 2794 2747
f 2600 2747 2746
f 2601 2602 2752
f 2602 2617 2774
f 2602 2774 2773
f 2602 2773 2752
f 2603 2632 2764
f 2603 2764 2727
f 2603 2727 2726
f 2606 2631 2926
f 2606 2926 2721
f 2607 3009 2978
f 2607 2978 2904
f 2612 2636 2638
f 2612 2638 2613
f 2612 2613 2801
f 2613 2638 2854
f 2613 2854 2833
f 2613 2833 2803
f 2613 2803 2801
f 2615 2642 2616
f 2615 2616 2617
f 2616 2642 2644
f 2616 2644 2805
f 2616 2805 2617
f 2617 2805 2774
f 2618 2677 2830
f 2618 2830 2831
f 2618 2831 2794
f 2619 2647 2791
f 2619 2791 2766
f 2621 2662 2622
f 2621 2622 2624
f 2622 2662 2623
f 2622 2623 2624
f 2623 2712 2624
f 2626 2702 2779
f 2626 2779 2745
f 2628 2691 2663
f 2628 2663 2790
f 2628 2790 2763
f 2630 2666 2858
f 2630 2858 2825
f 2631 2818 3000
f 2631 3000 2926
f 2632 2682 2683
f 2632 2683 2796
f 2632 2796 2797
f 2632 2797 2764
f 2633 2668 2635
f 2633 2635 2634
f 2634 2635 2787
f 2635 2668 2843
f 2635 2843 2844
f 2635 2844 2809
f 2635 2809 2810
f 2635 2810 2787
f 2636 2665 2637
f 2636 2637 2638
f 2637 2878 2854
f 2637 2854 2638
f 2637 2665 2878
f 2639 2675 2792
f 2639 2792 2732
f 2641 2680 2775
f 2641 2679 2680
f 2642 2643 2644
f 2643 2672 2673
f 2643 2673 2644
f 2644 2673 2834
f 2644 2834 2835
f 2644 2835 2805
f 2645 2646 2647
f 2646 2684 2850
f 2646 2850 2821
f 2646 2821 2647
f 2647 2821 2791
f 2649 2690 2807
f 2649 2807 2651
f 2649 2651 2650
f 2651 2807 2769
f 2651 2769 2733
f 2652 2653 2654
f 2652 2654 2813
f 2653 2686 2687
f 2653 2687 2654
f 2654 2687 2848
f 2654 2848 2813
f 2658 2696 2817
f 2658 2817 2777
f 2658 2777 2740
f 2659 2692 2661
f 2659 2661 2660
f 2660 2661 2806
f 2660 2806 2767
f 2661 2692 2837
f 2661 2837 2838
f 2661 2838 2806
f 2663 2691 3041
f 2663 3041 3042
f 2663 3042 3005
f 2663 3005 2973
f 2663 2973 2790
f 2664 2704 2819
f 2664 2819 8399
f 2664 8399 8398
f 2664 8398 8334
f 2665 2910 2878
f 2666 2667 2858
f 2667 2885 2859
f 2667 2859 2858
f 2668 2695 2843
f 2671 2723 2897
f 2671 2897 2896
f 2671 2896 2674
f 2671 2674 2672
f 2672 2674 2673
f 2673 2674 2864
f 2673 2864 2834
f 2674 2896 2898
f 2674 2898 2864
f 2675 2904 3088
f 2675 3088 3003
f 2675 3003 2792
f 2676 2678 2677
f 2676 2698 2699
f 2676 2699 2678
f 2677 2678 2830
f 2678 2699 2888
f 2678 2888 2862
f 2678 2862 2861
f 2678 2861 2830
f 2680 2731 2872
f 2680 2872 3032
f 2680 3032 2775
f 2683 2713 2714
f 2683 2714 2839
f 2683 2839 2796
f 2684 2706 2850
f 2684 2705 2706
f 2686 2708 2881
f 2686 2881 2687
f 2687 2881 2847
f 2687 2847 2848
f 2690 2726 2727
f 2690 2727 2853
f 2690 2853 2807
f 2691 2719 2892
f 2691 2892 2893
f 2691 2893 3041
f 2692 2722 2837
f 2694 2716 2718
f 2694 2718 2695
f 2695 2718 2912
f 2695 2912 2874
f 2695 2874 2873
f 2695 2873 2843
f 2696 2697 2816
f 2696 2816 2817
f 2697 2733 2866
f 2697 2866 2867
f 2697 2867 2816
f 2698 2728 2700
f 2698 2700 2699
f 2699 2700 2888
f 2700 2728 2729
f 2700 2729 2932
f 2700 2932 2934
f 2700 2934 2889
f 2700 2889 2888
f 2701 2732 2895
f 2701 2895 2818
f 2702 2743 2703
f 2702 2703 2823
f 2702 2823 2779
f 2703 2743 2744
f 2703 2744 2869
f 2703 2869 2823
f 2704 2745 2868
f 2704 2868 2819
f 2705 2730 2927
f 2705 2927 2706
f 2706 2927 2883
f 2706 2883 2852
f 2706 2852 2850
f 2708 2882 2881
f 2708 2734 2930
f 2708 2930 2931
f 2708 2931 2882
f 2712 2887 2714
f 2712 2714 2713
f 2714 2887 2839
f 2716 2717 2718
f 2717 2746 2942
f 2717 2942 2718
f 2718 2942 2913
f 2718 2913 2912
f 2719 2776 2938
f 2719 2938 2892
f 2719 2775 2776
f 2721 2926 2876
f 2721 2876 2722
f 2722 2876 2837
f 2723 2748 2724
f 2723 2724 2897
f 2724 2748 2961
f 2724 2961 2935
f 2724 2935 2897
f 2727 2764 2905
f 2727 2905 2906
f 2727 2906 2907
f 2727 2907 2853
f 2729 2751 2753
f 2729 2753 2932
f 2730 2761 2927
f 2731 2762 2948
f 2731 2948 2916
f 2731 2916 2872
f 2732 2792 3112
f 2732 3112 2895
f 2733 2769 2866
f 2734 2954 2930
f 2735 2736 2737
f 2739 2939 2903
f 2739 2767 2939
f 2740 2777 2742
f 2740 2742 2741
f 2741 2742 2743
f 2742 2777 2922
f 2742 2922 2744
f 2742 2744 2743
f 2744 2922 2923
f 2744 2923 2869
f 2745 2780 2868
f 2745 2779 2780
f 2746 2747 2943
f 2746 2943 2942
f 2747 2794 2975
f 2747 2975 2944
f 2747 2944 2943
f 2748 2960 2961
f 2751 2752 2754
f 2751 2754 2753
f 2752 2773 2987
f 2752 2987 2754
f 2753 2754 2957
f 2753 2957 2958
f 2753 2958 2933
f 2753 2933 2932
f 2754 2987 2957
f 2760 2783 2784
f 2761 2984 2985
f 2761 2985 2928
f 2761 2928 2927
f 2762 2789 2947
f 2762 2947 2948
f 2763 2790 2972
f 2763 2972 2941
f 2764 2799 2905
f 2764 2797 2799
f 2766 2993 2955
f 2766 2955 2954
f 2766 2791 2993
f 2767 2806 2768
f 2767 2768 2939
f 2768 3013 3014
f 2768 3014 3144
f 2768 3144 2940
f 2768 2940 2939
f 2768 2806 3013
f 2769 2807 2866
f 2773 2774 2987
f 2774 2805 3017
f 2774 3017 2986
f 2774 2986 2987
f 2775 3032 2776
f 2776 3032 3193
f 2776 3193 3156
f 2776 3156 2938
f 2777 2817 2922
f 2778 2820 2965
f 2778 2965 2919
f 2778 2919 8450
f 2778 8450 8399
f 2778 8399 2819
f 2778 2819 2820
f 2779 2823 2780
f 2780 2823 2968
f 2780 2968 2925
f 2780 2925 2868
f 2781 2785 2782
f 2781 2801 2802
f 2781 2802 2785
f 2782 2785 2784
f 2782 2784 2783
f 2784 2785 3026
f 2784 3026 3027
f 2785 2802 3043
f 2785 3043 3026
f 2787 2810 3022
f 2787 3022 2984
f 2789 2813 2981
f 2789 2981 3172
f 2789 3172 2947
f 2790 2973 2972
f 2791 2821 2822
f 2791 2822 2993
f 2792 3003 3187
f 2792 3187 3147
f 2792 3147 3112
f 2793 2825 2827
f 2793 2827 3015
f 2793 3015 2990
f 2793 2990 2989
f 2794 2831 2795
f 2794 2795 2975
f 2795 2831 2832
f 2795 2832 3036
f 2795 3036 3038
f 2795 3038 3002
f 2795 3002 2975
f 2796 2798 2797
f 2796 2839 2840
f 2796 2840 2798
f 2797 2798 2799
f 2798 2840 2841
f 2798 2841 2997
f 2798 2997 2949
f 2798 2949 2799
f 2799 2949 2905
f 2801 2803 2802
f 2802 2803 2804
f 2802 2804 3043
f 2803 2833 3044
f 2803 3044 2804
f 2804 3044 3043
f 2805 2835 3017
f 2806 2838 3013
f 2807 2853 2964
f 2807 2964 2918
f 2807 2918 2866
f 2809 2844 2846
f 2809 2846 3062
f 2809 3062 2810
f 2810 3062 3022
f 2813 3010 2981
f 2813 2848 3010
f 2816 3006 3007
f 2816 3007 2967
f 2816 2967 2817
f 2816 2867 3006
f 2817 2967 2922
f 2818 2895 3000
f 2819 2868 2820
f 2820 2868 2925
f 2820 2925 3004
f 2820 3004 2965
f 2821 2850 2851
f 2821 2851 2822
f 2822 2851 3028
f 2822 3028 2995
f 2822 2995 2994
f 2822 2994 2993
f 2823 2869 2968
f 2825 2858 2826
f 2825 2826 2827
f 2826 2858 3082
f 2826 3082 3046
f 2826 3046 2827
f 2827 3046 3015
f 2830 2861 2832
f 2830 2832 2831
f 2832 2863 3036
f 2832 2861 2863
f 2833 2854 2857
f 2833 2857 3079
f 2833 3079 3080
f 2833 3080 3044
f 2834 2864 3086
f 2834 3086 3058
f 2834 3058 2835
f 2835 3058 3018
f 2835 3018 3017
f 2837 2876 2838
f 2838 2876 3067
f 2838 3067 3013
f 2839 2887 2841
f 2839 2841 2840
f 2841 2887 3191
f 2841 3191 2997
f 2843 2873 2845
f 2843 2845 2844
f 2844 2845 2846
f 2845 2873 2875
f 2845 2875 3063
f 2845 3063 2846
f 2846 3063 3064
f 2846 3064 3062
f 2847 2849 2848
f 2847 2881 3089
f 2847 3089 2849
f 2848 2849 3010
f 2849 3089 3050
f 2849 3050 3049
f 2849 3049 3010
f 2850 2852 2851
f 2851 2852 3069
f 2851 3069 3028
f 2852 2883 3097
f 2852 3097 3069
f 2853 2907 3053
f 2853 3053 2964
f 2854 2878 2879
f 2854 2879 2855
f 2854 2855 2857
f 2855 2879 2856
f 2855 2856 2857
f 2856 2879 2880
f 2856 2880 3129
f 2856 3129 2857
f 2857 3129 3079
f 2858 2859 3082
f 2859 2885 2886
f 2859 2886 3082
f 2861 2862 2863
f 2862 2888 2890
f 2862 2890 3104
f 2862 3104 3076
f 2862 3076 2863
f 2863 3076 3037
f 2863 3037 3036
f 2864 2898 2865
f 2864 2865 3086
f 2865 2898 2900
f 2865 2900 3114
f 2865 3114 3087
f 2865 3087 3086
f 2866 2918 3006
f 2866 3006 2867
f 2869 2923 2969
f 2869 2969 2968
f 2872 2916 3106
f 2872 3106 3032
f 2873 2874 2875
f 2874 2912 2914
f 2874 2914 3091
f 2874 3091 3092
f 2874 3092 2875
f 2875 3092 3093
f 2875 3093 3063
f 2876 2926 3067
f 2878 2910 2879
f 2879 2910 2880
f 2880 2910 3163
f 2880 3163 3128
f 2880 3128 3129
f 2881 2882 3089
f 2882 2931 3122
f 2882 3122 3090
f 2882 3090 3089
f 2883 2927 2929
f 2883 2929 3124
f 2883 3124 3097
f 2885 3110 2886
f 2886 3110 3083
f 2886 3083 3082
f 2888 2889 2890
f 2889 2934 2891
f 2889 2891 2890
f 2890 2891 3105
f 2890 3105 3104
f 2891 2934 3132
f 2891 3132 3134
f 2891 3134 3105
f 2892 2938 3116
f 2892 3116 2893
f 2893 3116 3117
f 2893 3117 3041
f 2895 3112 3255
f 2895 3255 3387
f 2895 3387 3000
f 2896 2897 2899
f 2896 2899 2898
f 2897 2935 2899
f 2898 2899 2900
f 2899 2935 2937
f 2899 2937 2900
f 2900 2937 3113
f 2900 3113 3114
f 2903 2940 3073
f 2903 3073 3074
f 2903 2939 2940
f 2904 2978 3123
f 2904 3123 3088
f 2905 2949 2906
f 2906 2949 3052
f 2906 3052 2907
f 2907 3052 3053
f 2912 2913 2914
f 2913 2915 2914
f 2913 2942 2943
f 2913 2943 2945
f 2913 2945 3149
f 2913 3149 2915
f 2914 2915 3118
f 2914 3118 3091
f 2915 3149 3151
f 2915 3151 3118
f 2916 2948 3137
f 2916 3137 3309
f 2916 3309 3106
f 2918 2964 3103
f 2918 3103 3006
f 2919 2965 2920
f 2919 2920 8494
f 2919 8494 8442
f 2919 8442 8450
f 2920 2965 2966
f 2920 2966 3056
f 2920 3056 3055
f 2920 3055 8494
f 2922 2967 2923
f 2923 2967 2924
f 2923 2924 3008
f 2923 3008 2969
f 2924 2967 3007
f 2924 3007 3109
f 2924 3109 3256
f 2924 3256 3008
f 2925 2968 3107
f 2925 3107 3004
f 2926 3000 3272
f 2926 3272 3229
f 2926 3229 3067
f 2927 2928 2929
f 2928 2985 3160
f 2928 3160 3124
f 2928 3124 2929
f 2930 2954 2956
f 2930 2956 3121
f 2930 3121 2931
f 2931 3121 3122
f 2932 2933 2934
f 2933 2958 3167
f 2933 3167 3132
f 2933 3132 2934
f 2935 2961 2936
f 2935 2936 3142
f 2935 3142 2937
f 2936 2961 2962
f 2936 2962 2963
f 2936 2963 3175
f 2936 3175 3142
f 2937 3142 3113
f 2938 3156 3116
f 2940 3144 3322
f 2940 3322 3073
f 2941 2972 3165
f 2941 3165 3347
f 2941 3347 3096
f 2941 3096 3009
f 2943 2944 2945
f 2944 2975 2976
f 2944 2976 2945
f 2945 2976 3179
f 2945 3179 3149
f 2947 3172 3136
f 2947 3136 2948
f 2948 3136 3137
f 2949 2997 3098
f 2949 3098 3052
f 2954 2955 2956
f 2955 2993 3185
f 2955 3185 3154
f 2955 3154 2956
f 2956 3154 3121
f 2957 2987 2959
f 2957 2959 2958
f 2958 2959 3167
f 2959 2987 2988
f 2959 2988 3204
f 2959 3204 3168
f 2959 3168 3167
f 2960 2989 2962
f 2960 2962 2961
f 2962 2989 2991
f 2962 2991 2963
f 2963 2991 3208
f 2963 3208 3175
f 2964 3053 3148
f 2964 3148 3102
f 2964 3102 3103
f 2965 3004 3145
f 2965 3145 3100
f 2965 3100 2966
f 2966 3100 3056
f 2968 2969 3107
f 2969 3008 3107
f 2972 2973 3198
f 2972 3198 3165
f 2973 3005 3198
f 2975 3002 2977
f 2975 2977 2976
f 2976 2977 3180
f 2976 3180 3179
f 2977 3002 3216
f 2977 3216 3217
f 2977 3217 3180
f 2978 3009 3197
f 2978 3197 3123
f 2981 2982 3172
f 2981 3010 3011
f 2981 3011 2982
f 2982 3011 3012
f 2982 3012 3212
f 2982 3212 3173
f 2982 3173 3172
f 2984 3022 3024
f 2984 3024 2985
f 2985 3024 3195
f 2985 3195 3160
f 2986 3017 3019
f 2986 3019 2988
f 2986 2988 2987
f 2988 3019 3021
f 2988 3021 3204
f 2989 2990 2991
f 2990 3015 3016
f 2990 3016 3246
f 2990 3246 2992
f 2990 2992 2991
f 2991 2992 3208
f 2992 3246 3209
f 2992 3209 3208
f 2993 2994 3185
f 2994 2995 3186
f 2994 3186 3185
f 2995 3028 3222
f 2995 3222 3186
f 2997 3191 3140
f 2997 3140 3098
f 2998 3166 2999
f 3000 3387 3351
f 3000 3351 3272
f 3002 3038 3216
f 3003 3088 3228
f 3003 3228 3187
f 3004 3107 3200
f 3004 3200 3145
f 3005 3042 3382
f 3005 3382 3198
f 3006 3103 3158
f 3006 3158 3007
f 3007 3158 3109
f 3008 3256 3345
f 3008 3345 3304
f 3008 3304 3107
f 3009 3096 3197
f 3010 3049 3011
f 3011 3049 3012
f 3012 3049 3051
f 3012 3051 3252
f 3012 3252 3212
f 3013 3067 3068
f 3013 3068 3014
f 3014 3068 3188
f 3014 3188 3189
f 3014 3189 3144
f 3015 3046 3047
f 3015 3047 3048
f 3015 3048 3016
f 3016 3048 3275
f 3016 3275 3246
f 3017 3018 3020
f 3017 3020 3019
f 3018 3058 3059
f 3018 3059 3061
f 3018 3061 3020
f 3019 3020 3232
f 3019 3232 3021
f 3020 3061 3232
f 3021 3232 3233
f 3021 3233 3234
f 3021 3234 3205
f 3021 3205 3204
f 3022 3062 3023
f 3022 3023 3024
f 3023 3062 3064
f 3023 3064 3065
f 3023 3065 3224
f 3023 3224 3024
f 3024 3224 3195
f 3026 3043 3045
f 3026 3045 3027
f 3027 3045 3300
f 3027 3300 3271
f 3028 3069 3261
f 3028 3261 3222
f 3032 3106 3264
f 3032 3264 3227
f 3032 3227 3193
f 3036 3037 3039
f 3036 3039 3038
f 3037 3076 3077
f 3037 3077 3039
f 3038 3039 3257
f 3038 3257 3216
f 3039 3077 3285
f 3039 3285 3287
f 3039 3287 3258
f 3039 3258 3257
f 3041 3117 3277
f 3041 3277 3278
f 3041 3278 3042
f 3042 3278 3419
f 3042 3419 3382
f 3043 3044 3045
f 3044 3080 3045
f 3045 3080 3301
f 3045 3301 3300
f 3046 3082 3084
f 3046 3084 3047
f 3047 3084 3274
f 3047 3274 3048
f 3048 3274 3275
f 3049 3050 3051
f 3050 3090 3283
f 3050 3283 3051
f 3050 3089 3090
f 3051 3283 3284
f 3051 3284 3252
f 3052 3098 3250
f 3052 3250 3054
f 3052 3054 3053
f 3053 3054 3148
f 3054 3250 3199
f 3054 3199 3148
f 3055 3056 3057
f 3055 3057 8534
f 3055 8534 8533
f 3055 8533 8494
f 3056 3100 3101
f 3056 3101 3243
f 3056 3243 3192
f 3056 3192 3057
f 3057 3192 8534
f 3058 3086 3059
f 3059 3086 3060
f 3059 3060 3061
f 3060 3086 3087
f 3060 3087 3307
f 3060 3307 3269
f 3060 3269 3061
f 3061 3269 3235
f 3061 3235 3232
f 3063 3093 3094
f 3063 3094 3064
f 3064 3094 3065
f 3065 3094 3263
f 3065 3263 3225
f 3065 3225 3224
f 3067 3229 3068
f 3068 3229 3188
f 3069 3097 3297
f 3069 3297 3261
f 3073 3322 3453
f 3073 3453 3454
f 3073 3454 3245
f 3073 3245 3074
f 3076 3104 3077
f 3077 3104 3078
f 3077 3078 3285
f 3078 3104 3105
f 3078 3105 3316
f 3078 3316 3286
f 3078 3286 3285
f 3079 3129 3374
f 3079 3374 3579
f 3079 3579 3303
f 3079 3303 3080
f 3080 3303 3301
f 3082 3083 3084
f 3083 3085 3084
f 3083 3110 3111
f 3083 3111 3085
f 3084 3085 3274
f 3085 3111 3333
f 3085 3333 3336
f 3085 3336 3312
f 3085 3312 3274
f 3087 3114 3308
f 3087 3308 3307
f 3088 3123 3268
f 3088 3268 3228
f 3090 3122 3321
f 3090 3321 3283
f 3091 3118 3119
f 3091 3119 3092
f 3092 3119 3095
f 3092 3095 3093
f 3093 3095 3094
f 3094 3095 3299
f 3094 3299 3263
f 3095 3119 3328
f 3095 3328 3329
f 3095 3329 3299
f 3096 3347 3505
f 3096 3505 3238
f 3096 3238 3197
f 3097 3124 3298
f 3097 3298 3297
f 3098 3141 3249
f 3098 3249 3250
f 3098 3140 3141
f 3100 3145 3101
f 3101 3145 3290
f 3101 3290 3242
f 3101 3242 3243
f 3102 3148 3305
f 3102 3305 3253
f 3102 3253 3103
f 3103 3253 3254
f 3103 3254 3158
f 3105 3134 3316
f 3106 3309 3494
f 3106 3494 3264
f 3107 3304 3200
f 3109 3158 3348
f 3109 3348 3311
f 3109 3311 3256
f 3110 3138 3111
f 3111 3138 3139
f 3111 3139 3333
f 3112 3147 3292
f 3112 3292 3255
f 3113 3142 3143
f 3113 3143 3332
f 3113 3332 3114
f 3114 3332 3308
f 3116 3156 3157
f 3116 3157 3117
f 3117 3157 3314
f 3117 3314 3277
f 3118 3151 3120
f 3118 3120 3119
f 3119 3120 3328
f 3120 3151 3152
f 3120 3152 3356
f 3120 3356 3328
f 3121 3154 3155
f 3121 3155 3320
f 3121 3320 3122
f 3122 3320 3321
f 3123 3373 3484
f 3123 3484 3268
f 3123 3197 3373
f 3124 3160 3357
f 3124 3357 3298
f 3127 3330 3281
f 3128 3163 3130
f 3128 3130 3129
f 3129 3130 3374
f 3130 3163 3164
f 3130 3164 3407
f 3130 3407 3375
f 3130 3375 3374
f 3132 3167 3133
f 3132 3133 3134
f 3133 3167 3169
f 3133 3169 3378
f 3133 3378 3135
f 3133 3135 3134
f 3134 3135 3317
f 3134 3317 3316
f 3135 3378 3352
f 3135 3352 3317
f 3136 3174 3137
f 3136 3172 3174
f 3137 3174 3337
f 3137 3337 3338
f 3137 3338 3309
f 3139 3591 3334
f 3139 3334 3333
f 3140 3191 3141
f 3141 3191 3294
f 3141 3294 3249
f 3142 3175 3177
f 3142 3177 3143
f 3143 3177 3360
f 3143 3360 3361
f 3143 3361 3332
f 3144 3189 3358
f 3144 3358 3322
f 3145 3200 3291
f 3145 3291 3290
f 3147 3187 3366
f 3147 3366 3512
f 3147 3512 3292
f 3148 3199 3305
f 3149 3179 3150
f 3149 3150 3151
f 3150 3152 3151
f 3150 3179 3181
f 3150 3181 3182
f 3150 3182 3152
f 3152 3182 3392
f 3152 3392 3356
f 3153 3636 3362
f 3154 3185 3186
f 3154 3186 3384
f 3154 3384 3155
f 3155 3384 3386
f 3155 3386 3562
f 3155 3562 3320
f 3156 3193 3157
f 3157 3193 3543
f 3157 3543 3314
f 3158 3254 3348
f 3160 3195 3196
f 3160 3196 3357
f 3165 3198 3383
f 3165 3383 3346
f 3165 3346 3347
f 3166 3498 3248
f 3167 3168 3169
f 3168 3204 3206
f 3168 3206 3169
f 3169 3206 3170
f 3169 3170 3379
f 3169 3379 3378
f 3170 3206 3411
f 3170 3411 3413
f 3170 3413 3379
f 3172 3173 3174
f 3173 3212 3369
f 3173 3369 3174
f 3174 3369 3337
f 3175 3208 3176
f 3175 3176 3177
f 3176 3208 3210
f 3176 3210 3423
f 3176 3423 3395
f 3176 3395 3177
f 3177 3395 3360
f 3179 3180 3181
f 3180 3217 3219
f 3180 3219 3181
f 3181 3219 3391
f 3181 3391 3182
f 3182 3391 3392
f 3186 3222 3420
f 3186 3420 3384
f 3187 3228 3405
f 3187 3405 3366
f 3188 3229 3230
f 3188 3230 3190
f 3188 3190 3189
f 3189 3190 3359
f 3189 3359 3358
f 3190 3230 3584
f 3190 3584 3542
f 3190 3542 3359
f 3191 3281 3239
f 3191 3239 3339
f 3191 3339 3294
f 3192 3331 8534
f 3192 3243 3371
f 3192 3371 3331
f 3193 3227 3377
f 3193 3377 3543
f 3194 3458 3697
f 3194 3697 3422
f 3195 3224 3226
f 3195 3226 3196
f 3196 3226 3397
f 3196 3397 3357
f 3197 3238 3416
f 3197 3416 3373
f 3198 3382 3383
f 3199 3251 3343
f 3199 3343 3305
f 3199 3250 3251
f 3200 3304 3388
f 3200 3388 3342
f 3200 3342 3291
f 3201 3245 3367
f 3201 3367 3547
f 3201 3547 3548
f 3204 3205 3206
f 3205 3234 3237
f 3205 3237 3411
f 3205 3411 3206
f 3208 3209 3210
f 3209 3246 3247
f 3209 3247 3210
f 3210 3247 3424
f 3210 3424 3423
f 3212 3252 3213
f 3212 3213 3402
f 3212 3402 3369
f 3213 3252 3440
f 3213 3440 3441
f 3213 3441 3403
f 3213 3403 3402
f 3216 3257 3218
f 3216 3218 3217
f 3217 3218 3219
f 3218 3220 3219
f 3218 3257 3259
f 3218 3259 3427
f 3218 3427 3220
f 3219 3220 3391
f 3220 3427 3428
f 3220 3428 3391
f 3222 3261 3459
f 3222 3459 3420
f 3224 3225 3226
f 3225 3263 3469
f 3225 3469 3432
f 3225 3432 3226
f 3226 3432 3397
f 3227 3264 3617
f 3227 3617 3377
f 3228 3268 3447
f 3228 3447 3405
f 3229 3272 3230
f 3230 3272 3438
f 3230 3438 3439
f 3230 3439 3584
f 3232 3235 3233
f 3233 3235 3234
f 3234 3235 3236
f 3234 3236 3237
f 3235 3269 3270
f 3235 3270 3236
f 3236 3270 3481
f 3236 3481 3449
f 3236 3449 3237
f 3237 3449 3412
f 3237 3412 3411
f 3238 3505 3644
f 3238 3644 3645
f 3238 3645 3416
f 3239 3281 3282
f 3239 3282 3240
f 3239 3240 3339
f 3240 3282 3474
f 3240 3474 3545
f 3240 3545 3339
f 3242 3290 3291
f 3242 3291 3431
f 3242 3431 3243
f 3243 3431 3371
f 3245 3454 3408
f 3245 3408 3367
f 3246 3275 3461
f 3246 3461 3247
f 3247 3461 3424
f 3248 3498 3452
f 3248 3452 3401
f 3249 3294 3295
f 3249 3295 3296
f 3249 3296 3250
f 3250 3296 3251
f 3251 3296 3389
f 3251 3389 3343
f 3252 3284 3440
f 3253 3305 3306
f 3253 3306 3444
f 3253 3444 3398
f 3253 3398 3254
f 3254 3398 3349
f 3254 3349 3348
f 3255 3292 3430
f 3255 3430 3387
f 3256 3311 3345
f 3257 3258 3259
f 3258 3260 3259
f 3258 3287 3465
f 3258 3465 3260
f 3259 3260 3427
f 3260 3465 3466
f 3260 3466 3427
f 3261 3297 3262
f 3261 3262 3459
f 3262 3297 3501
f 3262 3501 3460
f 3262 3460 3459
f 3263 3299 3509
f 3263 3509 3469
f 3264 3494 3650
f 3264 3650 3617
f 3268 3484 3447
f 3269 3307 3479
f 3269 3479 3270
f 3270 3479 3480
f 3270 3480 3481
f 3271 3300 3302
f 3271 3302 3515
f 3272 3351 3482
f 3272 3482 3438
f 3274 3312 3527
f 3274 3527 3276
f 3274 3276 3275
f 3275 3276 3461
f 3276 3527 3492
f 3276 3492 3491
f 3276 3491 3461
f 3277 3314 3508
f 3277 3508 3463
f 3277 3463 3278
f 3278 3463 3464
f 3278 3464 3419
f 3281 3330 3282
f 3282 3330 3474
f 3283 3321 3520
f 3283 3520 3284
f 3284 3520 3477
f 3284 3477 3440
f 3285 3286 3288
f 3285 3288 3287
f 3286 3316 3318
f 3286 3318 3531
f 3286 3531 3288
f 3287 3288 3502
f 3287 3502 3465
f 3288 3531 3503
f 3288 3503 3502
f 3291 3342 3475
f 3291 3475 3431
f 3292 3512 3472
f 3292 3472 3430
f 3294 3339 3340
f 3294 3340 3295
f 3295 3340 3436
f 3295 3436 3296
f 3296 3436 3389
f 3297 3298 3501
f 3298 3357 3571
f 3298 3571 3501
f 3299 3329 3510
f 3299 3510 3509
f 3300 3301 3302
f 3301 3303 3552
f 3301 3552 3302
f 3302 3552 3516
f 3302 3516 3515
f 3303 3579 3553
f 3303 3553 3552
f 3304 3345 3488
f 3304 3488 3388
f 3305 3343 3344
f 3305 3344 3306
f 3306 3344 3444
f 3307 3308 3479
f 3308 3559 3517
f 3308 3517 3479
f 3308 3332 3559
f 3309 3338 3493
f 3309 3493 3494
f 3310 3311 3348
f 3310 3348 3350
f 3310 3350 3500
f 3310 3500 3443
f 3310 3443 3311
f 3311 3443 3394
f 3311 3394 3345
f 3312 3336 3528
f 3312 3528 3527
f 3314 3543 3544
f 3314 3544 3508
f 3316 3317 3318
f 3317 3352 3319
f 3317 3319 3318
f 3318 3319 3532
f 3318 3532 3531
f 3319 3352 3566
f 3319 3566 3532
f 3320 3562 3563
f 3320 3563 3321
f 3321 3563 3521
f 3321 3521 3520
f 3322 3324 3453
f 3322 3358 3323
f 3322 3323 3324
f 3323 3358 3359
f 3323 3359 3542
f 3323 3542 3325
f 3323 3325 3324
f 3324 3325 3496
f 3324 3496 3453
f 3325 3542 3497
f 3325 3497 3496
f 3328 3356 3539
f 3328 3539 3329
f 3329 3539 3540
f 3329 3540 3510
f 3330 3418 3474
f 3331 3371 3522
f 3331 3522 8612
f 3331 8612 8561
f 3331 8561 8535
f 3331 8535 8534
f 3332 3361 3559
f 3333 3334 3335
f 3333 3335 3336
f 3334 3591 3335
f 3335 3591 3592
f 3335 3592 3564
f 3335 3564 3336
f 3336 3564 3528
f 3337 3369 3370
f 3337 3370 3338
f 3338 3370 3535
f 3338 3535 3536
f 3338 3536 3493
f 3339 3545 3341
f 3339 3341 3340
f 3340 3341 3486
f 3340 3486 3436
f 3341 3545 3486
f 3342 3388 3537
f 3342 3537 3475
f 3343 3389 3344
f 3344 3389 3499
f 3344 3499 3444
f 3345 3394 3487
f 3345 3487 3488
f 3346 3383 3581
f 3346 3581 3582
f 3346 3582 3541
f 3346 3541 3347
f 3347 3541 3505
f 3348 3349 3350
f 3349 3398 3399
f 3349 3399 3350
f 3350 3399 3500
f 3351 3387 3573
f 3351 3573 3525
f 3351 3525 3482
f 3352 3378 3380
f 3352 3380 3566
f 3356 3392 3576
f 3356 3576 3539
f 3357 3397 3600
f 3357 3600 3570
f 3357 3570 3571
f 3360 3395 3396
f 3360 3396 3587
f 3360 3587 3361
f 3361 3587 3560
f 3361 3560 3559
f 3362 3636 3612
f 3362 3612 3363
f 3363 3612 3613
f 3366 3405 3759
f 3366 3759 3512
f 3367 3408 3409
f 3367 3409 3410
f 3367 3410 3546
f 3367 3546 3547
f 3369 3402 3404
f 3369 3404 3370
f 3370 3404 3574
f 3370 3574 3575
f 3370 3575 3535
f 3371 3431 3476
f 3371 3476 3625
f 3371 3625 3749
f 3371 3749 3522
f 3373 3416 3608
f 3373 3608 3530
f 3373 3530 3484
f 3374 3375 3579
f 3375 3407 3376
f 3375 3376 3599
f 3375 3599 3579
f 3376 3407 3656
f 3376 3656 3857
f 3376 3857 3599
f 3377 3617 3752
f 3377 3752 3543
f 3378 3379 3381
f 3378 3381 3380
f 3379 3413 3595
f 3379 3595 3381
f 3380 3381 3567
f 3380 3567 3566
f 3381 3595 3597
f 3381 3597 3596
f 3381 3596 3567
f 3382 3419 3581
f 3382 3581 3383
f 3384 3420 3385
f 3384 3385 3386
f 3385 3420 3626
f 3385 3626 3627
f 3385 3627 3588
f 3385 3588 3386
f 3386 3588 3589
f 3386 3589 3562
f 3387 3430 3573
f 3388 3488 3434
f 3388 3434 3586
f 3388 3586 3538
f 3388 3538 3537
f 3389 3436 3437
f 3389 3437 3499
f 3391 3428 3393
f 3391 3393 3392
f 3392 3393 3576
f 3393 3428 3603
f 3393 3603 3604
f 3393 3604 3576
f 3394 3443 3590
f 3394 3590 3550
f 3394 3550 3487
f 3395 3423 3426
f 3395 3426 3396
f 3396 3426 3621
f 3396 3621 3620
f 3396 3620 3587
f 3397 3432 3634
f 3397 3634 3600
f 3398 3444 3445
f 3398 3445 3399
f 3399 3445 3557
f 3399 3557 3500
f 3401 3452 3622
f 3402 3403 3404
f 3403 3441 3442
f 3403 3442 3606
f 3403 3606 3404
f 3404 3606 3574
f 3405 3447 3759
f 3408 3454 3456
f 3408 3456 3666
f 3408 3666 3409
f 3409 3666 3784
f 3409 3784 3546
f 3409 3546 3410
f 3411 3412 3414
f 3411 3414 3413
f 3412 3449 3450
f 3412 3450 3414
f 3413 3414 3630
f 3413 3630 3595
f 3414 3450 3664
f 3414 3664 3630
f 3416 3645 3608
f 3418 3760 3761
f 3418 3761 3682
f 3418 3682 3474
f 3419 3464 3618
f 3419 3618 3581
f 3420 3459 3626
f 3423 3425 3426
f 3423 3424 3425
f 3424 3461 3462
f 3424 3462 3425
f 3425 3462 3685
f 3425 3685 3648
f 3425 3648 3426
f 3426 3648 3621
f 3427 3466 3429
f 3427 3429 3428
f 3428 3429 3637
f 3428 3637 3603
f 3429 3466 3468
f 3429 3468 3638
f 3429 3638 3637
f 3430 3472 3611
f 3430 3611 3573
f 3431 3475 3476
f 3432 3469 3670
f 3432 3670 3634
f 3434 3488 3489
f 3434 3489 3632
f 3434 3632 3586
f 3436 3486 3437
f 3437 3486 3594
f 3437 3594 3551
f 3437 3551 3499
f 3438 3482 3783
f 3438 3783 3439
f 3439 3783 3739
f 3439 3739 3584
f 3440 3477 3478
f 3440 3478 3441
f 3441 3478 3642
f 3441 3642 3442
f 3442 3642 3643
f 3442 3643 3606
f 3443 3500 3641
f 3443 3641 3590
f 3444 3499 3445
f 3445 3499 3551
f 3445 3551 3557
f 3447 3484 3797
f 3447 3797 3759
f 3449 3451 3450
f 3449 3481 3451
f 3450 3451 3665
f 3450 3665 3664
f 3451 3481 3480
f 3451 3480 3701
f 3451 3701 3665
f 3452 3498 3659
f 3452 3659 3623
f 3452 3623 3622
f 3453 3496 3455
f 3453 3455 3454
f 3454 3455 3456
f 3455 3497 3666
f 3455 3666 3456
f 3455 3496 3497
f 3459 3460 3626
f 3460 3501 3699
f 3460 3699 3700
f 3460 3700 3663
f 3460 3663 3626
f 3461 3491 3462
f 3462 3491 3684
f 3462 3684 3685
f 3463 3652 3464
f 3463 3508 3694
f 3463 3694 3652
f 3464 3652 3618
f 3465 3502 3467
f 3465 3467 3466
f 3466 3467 3468
f 3467 3502 3504
f 3467 3504 3674
f 3467 3674 3468
f 3468 3674 3675
f 3468 3675 3638
f 3469 3509 3470
f 3469 3470 3670
f 3470 3509 3511
f 3470 3511 3703
f 3470 3703 3671
f 3470 3671 3670
f 3472 3512 3693
f 3472 3693 3646
f 3472 3646 3611
f 3474 3682 3683
f 3474 3683 3916
f 3474 3916 3545
f 3475 3537 3538
f 3475 3538 3716
f 3475 3716 3672
f 3475 3672 3673
f 3475 3673 3476
f 3476 3673 3625
f 3477 3710 3680
f 3477 3680 3478
f 3477 3520 3710
f 3478 3680 3681
f 3478 3681 3642
f 3479 3517 3480
f 3480 3517 3518
f 3480 3518 3701
f 3482 3525 3854
f 3482 3854 3783
f 3484 3530 3876
f 3484 3876 3797
f 3486 3545 3594
f 3487 3550 3489
f 3487 3489 3488
f 3489 3550 3688
f 3489 3688 3632
f 3491 3492 3684
f 3492 3527 3529
f 3492 3529 3709
f 3492 3709 3708
f 3492 3708 3684
f 3493 3536 3495
f 3493 3495 3494
f 3494 3495 3690
f 3494 3690 3650
f 3495 3536 3717
f 3495 3717 3718
f 3495 3718 3691
f 3495 3691 3690
f 3497 3542 3740
f 3497 3740 3871
f 3497 3871 3666
f 3498 3658 3659
f 3500 3557 3641
f 3501 3571 3724
f 3501 3724 3725
f 3501 3725 3699
f 3502 3503 3504
f 3503 3533 3534
f 3503 3534 3731
f 3503 3731 3705
f 3503 3705 3504
f 3503 3531 3533
f 3504 3705 3704
f 3504 3704 3674
f 3505 3541 3714
f 3505 3714 3644
f 3506 3548 3507
f 3506 3507 3667
f 3507 3548 3549
f 3507 3549 3861
f 3507 3861 3667
f 3508 3544 3720
f 3508 3720 3694
f 3509 3510 3511
f 3510 3540 3511
f 3511 3540 3733
f 3511 3733 3735
f 3511 3735 3703
f 3512 3759 3722
f 3512 3722 3693
f 3516 3552 3554
f 3516 3554 3776
f 3517 3519 3518
f 3517 3559 3519
f 3518 3519 3723
f 3518 3723 3702
f 3518 3702 3701
f 3519 3559 3754
f 3519 3754 3755
f 3519 3755 3723
f 3520 3521 3710
f 3521 3563 3742
f 3521 3742 3743
f 3521 3743 3711
f 3521 3711 3710
f 3522 3749 3610
f 3522 3610 8633
f 3522 8633 8612
f 3525 3573 4108
f 3525 4108 3854
f 3527 3528 3529
f 3528 3564 3529
f 3529 3564 3565
f 3529 3565 3738
f 3529 3738 3737
f 3529 3737 3709
f 3530 3608 3782
f 3530 3782 3876
f 3531 3532 3533
f 3532 3566 3569
f 3532 3569 3533
f 3533 3569 3730
f 3533 3730 3534
f 3534 3730 3731
f 3535 3575 3717
f 3535 3717 3536
f 3538 3586 3716
f 3539 3576 3577
f 3539 3577 3540
f 3540 3577 3767
f 3540 3767 3733
f 3541 3582 3745
f 3541 3745 3747
f 3541 3747 3714
f 3542 3584 3740
f 3543 3752 3544
f 3544 3752 3753
f 3544 3753 3897
f 3544 3897 3720
f 3545 3916 3875
f 3545 3875 3594
f 3546 3784 3549
f 3546 3549 3547
f 3547 3549 3548
f 3549 3784 3861
f 3550 3590 3688
f 3551 3594 3695
f 3551 3695 3557
f 3552 3553 3554
f 3553 3555 3554
f 3553 3579 3555
f 3554 3555 3775
f 3554 3775 3776
f 3555 3579 3834
f 3555 3834 3805
f 3555 3805 3777
f 3555 3777 3775
f 3557 3695 3727
f 3557 3727 3728
f 3557 3728 3641
f 3559 3560 3754
f 3560 3587 3789
f 3560 3789 3754
f 3562 3589 3742
f 3562 3742 3563
f 3564 3592 3565
f 3565 3803 3971
f 3565 3971 3738
f 3565 3592 3803
f 3566 3567 3568
f 3566 3568 3569
f 3567 3596 3568
f 3568 3596 3765
f 3568 3765 3764
f 3568 3764 3569
f 3569 3764 3730
f 3570 3600 3572
f 3570 3572 3757
f 3570 3757 3571
f 3571 3757 3724
f 3572 3600 3792
f 3572 3792 3793
f 3572 3793 3757
f 3573 3611 4108
f 3574 3606 3607
f 3574 3607 3575
f 3575 3607 3750
f 3575 3750 3751
f 3575 3751 3717
f 3576 3604 3577
f 3577 3604 3578
f 3577 3578 3767
f 3578 3604 3605
f 3578 3605 3800
f 3578 3800 3768
f 3578 3768 3767
f 3579 3599 3834
f 3581 3618 3619
f 3581 3619 3746
f 3581 3746 3582
f 3582 3746 3745
f 3584 3739 3740
f 3586 3632 3716
f 3587 3620 3788
f 3587 3788 3789
f 3588 3627 3780
f 3588 3780 3589
f 3589 3780 3781
f 3589 3781 3742
f 3590 3641 3816
f 3590 3816 3688
f 3591 3593 3592
f 3592 3593 3803
f 3593 3804 3803
f 3594 3875 3957
f 3594 3957 3695
f 3595 3630 3631
f 3595 3631 3597
f 3596 3597 3598
f 3596 3598 3765
f 3597 3631 3598
f 3598 3631 3830
f 3598 3830 3799
f 3598 3799 3798
f 3598 3798 3765
f 3599 3857 3833
f 3599 3833 3834
f 3600 3634 3792
f 3603 3637 3639
f 3603 3639 3605
f 3603 3605 3604
f 3605 3639 3801
f 3605 3801 3800
f 3606 3643 3818
f 3606 3818 3607
f 3607 3818 3786
f 3607 3786 3750
f 3608 3645 3982
f 3608 3982 3782
f 3610 3749 3839
f 3610 3839 3908
f 3610 3908 8652
f 3610 8652 8633
f 3611 3646 4108
f 3612 3636 3614
f 3612 3614 3613
f 3613 3614 3615
f 3614 3636 3864
f 3614 3864 3840
f 3614 3840 3615
f 3617 3650 3826
f 3617 3826 3791
f 3617 3791 3752
f 3618 3652 3619
f 3619 3652 3820
f 3619 3820 3746
f 3620 3621 3812
f 3620 3812 3788
f 3621 3648 3649
f 3621 3649 3812
f 3622 3623 3624
f 3623 3659 3662
f 3623 3662 3770
f 3623 3770 3624
f 3624 3770 3773
f 3625 3673 3749
f 3626 3663 3628
f 3626 3628 3627
f 3627 3628 3809
f 3627 3809 3810
f 3627 3810 3780
f 3628 3663 3808
f 3628 3808 3809
f 3630 3664 3631
f 3631 3664 3829
f 3631 3829 3830
f 3632 3688 3899
f 3632 3899 3716
f 3634 3822 3823
f 3634 3823 3792
f 3634 3670 3822
f 3636 3886 3865
f 3636 3865 3864
f 3637 3638 3640
f 3637 3640 3639
f 3638 3675 3677
f 3638 3677 3640
f 3639 3640 3837
f 3639 3837 3801
f 3640 3677 3836
f 3640 3836 3837
f 3641 3728 3816
f 3642 3681 3643
f 3643 3681 3853
f 3643 3853 3819
f 3643 3819 3818
f 3644 3714 3848
f 3644 3848 3982
f 3644 3982 3645
f 3646 3693 4048
f 3646 4048 4181
f 3646 4181 4108
f 3648 3685 3686
f 3648 3686 3649
f 3649 3686 3845
f 3649 3845 3846
f 3649 3846 3812
f 3650 3690 3651
f 3650 3651 3826
f 3651 3691 3869
f 3651 3869 3826
f 3651 3690 3691
f 3652 3694 3860
f 3652 3860 3820
f 3656 3657 3858
f 3656 3858 3857
f 3657 3918 4119
f 3657 4119 3858
f 3658 3814 3849
f 3658 3849 3661
f 3658 3661 3660
f 3658 3660 3659
f 3659 3660 3662
f 3660 3661 3662
f 3661 3849 3811
f 3661 3811 3662
f 3662 3811 3771
f 3662 3771 3770
f 3663 3700 3841
f 3663 3841 3808
f 3664 3665 3866
f 3664 3866 3829
f 3665 3701 3867
f 3665 3867 3866
f 3666 3871 4014
f 3666 4014 3784
f 3667 3861 3814
f 3670 3671 3822
f 3671 3703 3893
f 3671 3893 3855
f 3671 3855 3822
f 3672 3844 3673
f 3672 3716 3899
f 3672 3899 3844
f 3673 3844 3975
f 3673 3975 3749
f 3674 3704 3676
f 3674 3676 3675
f 3675 3676 3873
f 3675 3873 3677
f 3676 3704 3706
f 3676 3706 3873
f 3677 3873 3836
f 3678 3713 3815
f 3678 3815 3679
f 3680 3710 3712
f 3680 3712 3852
f 3680 3852 3681
f 3681 3852 3853
f 3682 3761 3762
f 3682 3762 3683
f 3683 3762 3763
f 3683 3763 4241
f 3683 4241 4156
f 3683 4156 3916
f 3684 3708 3687
f 3684 3687 3685
f 3685 3687 3686
f 3686 3687 3881
f 3686 3881 3845
f 3687 3880 3881
f 3687 3708 3880
f 3688 3816 3907
f 3688 3907 3938
f 3688 3938 3899
f 3691 3718 3692
f 3691 3692 3869
f 3692 3718 3904
f 3692 3904 3905
f 3692 3905 3870
f 3692 3870 3869
f 3693 3722 3885
f 3693 3885 4048
f 3694 3720 3898
f 3694 3898 3860
f 3695 3957 4204
f 3695 4204 4099
f 3695 4099 3917
f 3695 3917 3727
f 3699 3725 3726
f 3699 3726 3700
f 3700 3726 3877
f 3700 3877 3841
f 3701 3702 3896
f 3701 3896 3867
f 3702 3723 3922
f 3702 3922 3896
f 3703 3735 3892
f 3703 3892 3893
f 3704 3705 3706
f 3705 3731 3901
f 3705 3901 3706
f 3706 3901 3903
f 3706 3903 3902
f 3706 3902 3873
f 3708 3709 3880
f 3709 3737 3911
f 3709 3911 3880
f 3710 3711 3712
f 3711 3743 3928
f 3711 3928 3890
f 3711 3890 3712
f 3712 3890 3891
f 3712 3891 3852
f 3714 3747 3884
f 3714 3884 3848
f 3717 3751 3904
f 3717 3904 3718
f 3720 3897 3898
f 3722 3759 3926
f 3722 3926 3885
f 3723 3755 3921
f 3723 3921 3922
f 3724 3757 3758
f 3724 3758 3725
f 3725 3758 3913
f 3725 3913 3726
f 3726 3913 3914
f 3726 3914 3877
f 3727 3917 3728
f 3728 3917 3945
f 3728 3945 3816
f 3730 3764 3766
f 3730 3766 3732
f 3730 3732 3731
f 3731 3732 3901
f 3732 3766 3930
f 3732 3930 3901
f 3733 3767 3734
f 3733 3734 3735
f 3734 3767 3768
f 3734 3768 3947
f 3734 3947 3923
f 3734 3923 3735
f 3735 3923 3892
f 3737 3738 3937
f 3737 3937 3912
f 3737 3912 3911
f 3738 3971 3972
f 3738 3972 3937
f 3739 3783 3871
f 3739 3871 3740
f 3742 3781 3744
f 3742 3744 3743
f 3743 3744 3928
f 3744 3781 3951
f 3744 3951 3952
f 3744 3952 3929
f 3744 3929 3928
f 3745 3746 3747
f 3746 3820 3954
f 3746 3954 3955
f 3746 3955 3920
f 3746 3920 3747
f 3747 3920 3884
f 3749 3975 3839
f 3750 3786 3787
f 3750 3787 3934
f 3750 3934 3751
f 3751 3934 3935
f 3751 3935 3904
f 3752 3791 3967
f 3752 3967 3968
f 3752 3968 3753
f 3753 3968 3933
f 3753 3933 3897
f 3754 3789 3756
f 3754 3756 3755
f 3755 3756 3946
f 3755 3946 3921
f 3756 3789 3790
f 3756 3790 3984
f 3756 3984 3946
f 3757 3793 3795
f 3757 3795 3758
f 3758 3795 3940
f 3758 3940 3913
f 3759 3797 3926
f 3760 3806 3763
f 3760 3763 3761
f 3761 3763 3762
f 3763 3806 4197
f 3763 4197 4289
f 3763 4289 4241
f 3764 3765 3958
f 3764 3958 3766
f 3765 3798 3990
f 3765 3990 3958
f 3766 3931 3930
f 3766 3958 3959
f 3766 3959 3931
f 3768 3802 3947
f 3768 3800 3802
f 3770 3772 3773
f 3770 3771 3772
f 3771 3811 3772
f 3772 3811 3962
f 3772 3962 3963
f 3772 3963 3773
f 3773 3963 4074
f 3775 3777 3776
f 3776 3777 3778
f 3777 3805 4026
f 3777 4026 4000
f 3777 4000 3778
f 3780 3810 3951
f 3780 3951 3781
f 3782 3982 4167
f 3782 4167 4079
f 3782 4079 3876
f 3783 3854 4188
f 3783 4188 4151
f 3783 4151 4063
f 3783 4063 3871
f 3784 4014 4148
f 3784 4148 3861
f 3786 3818 4001
f 3786 4001 3965
f 3786 3965 3787
f 3787 3965 3966
f 3787 3966 3934
f 3788 3812 3813
f 3788 3813 3790
f 3788 3790 3789
f 3790 3813 3985
f 3790 3985 3984
f 3791 3828 3967
f 3791 3826 3828
f 3792 3823 3793
f 3793 3823 3794
f 3793 3794 3977
f 3793 3977 3795
f 3794 3823 3824
f 3794 3824 4009
f 3794 4009 3977
f 3795 3977 3978
f 3795 3978 3940
f 3797 3876 3961
f 3797 3961 3926
f 3798 3799 3991
f 3798 3991 3990
f 3799 3830 3832
f 3799 3832 4017
f 3799 4017 3991
f 3800 3801 3802
f 3801 3837 3987
f 3801 3987 3986
f 3801 3986 3802
f 3802 3986 3948
f 3802 3948 3947
f 3803 3804 3971
f 3804 4246 4006
f 3804 4006 3971
f 3805 3834 4059
f 3805 4059 4030
f 3805 4030 4027
f 3805 4027 4026
f 3806 3851 4197
f 3808 3841 3842
f 3808 3842 4021
f 3808 4021 3809
f 3809 4021 3994
f 3809 3994 3810
f 3810 3994 3995
f 3810 3995 3951
f 3811 3850 3962
f 3811 3849 3850
f 3812 3846 4012
f 3812 4012 3813
f 3813 4012 4013
f 3813 4013 3985
f 3814 3861 3973
f 3814 3973 3895
f 3814 3895 3849
f 3816 3945 3907
f 3818 3819 4001
f 3819 3853 4035
f 3819 4035 4002
f 3819 4002 4001
f 3820 3860 3821
f 3820 3821 3954
f 3821 3860 3998
f 3821 3998 3954
f 3822 3855 3824
f 3822 3824 3823
f 3824 3855 3825
f 3824 3825 4010
f 3824 4010 4009
f 3825 3855 3856
f 3825 3856 4040
f 3825 4040 4010
f 3826 3869 3827
f 3826 3827 3828
f 3827 3869 4036
f 3827 4036 4003
f 3827 4003 3828
f 3828 4003 4004
f 3828 4004 3967
f 3829 3866 3831
f 3829 3831 3830
f 3830 3831 3832
f 3831 3866 3868
f 3831 3868 3832
f 3832 3868 4018
f 3832 4018 4017
f 3833 3857 3858
f 3833 3858 3859
f 3833 3859 3834
f 3834 3859 4059
f 3836 3838 3837
f 3836 3873 3874
f 3836 3874 3838
f 3837 3838 3987
f 3838 3874 4054
f 3838 4054 4016
f 3838 4016 3987
f 3839 3975 4062
f 3839 4062 3909
f 3839 3909 3908
f 3840 3864 4085
f 3840 4085 4050
f 3840 4050 3997
f 3841 3877 3878
f 3841 3878 3842
f 3842 3878 4022
f 3842 4022 4023
f 3842 4023 4021
f 3844 3900 3975
f 3844 3899 3900
f 3845 3881 3883
f 3845 3883 3847
f 3845 3847 3846
f 3846 3847 4045
f 3846 4045 4012
f 3847 3883 4044
f 3847 4044 4045
f 3848 3884 4057
f 3848 4057 4058
f 3848 4058 4166
f 3848 4166 3982
f 3849 3895 3850
f 3850 3895 4039
f 3850 4039 4128
f 3850 4128 3962
f 3852 3891 4034
f 3852 4034 3853
f 3853 4034 4035
f 3854 4108 4188
f 3855 3893 3856
f 3856 3894 4081
f 3856 4081 4040
f 3856 3893 3894
f 3858 4119 3859
f 3859 4119 4088
f 3859 4088 4059
f 3860 3898 4031
f 3860 4031 3998
f 3861 4148 4052
f 3861 4052 3973
f 3864 3865 4085
f 3865 4118 4085
f 3866 3867 3868
f 3867 3896 4095
f 3867 4095 4060
f 3867 4060 3868
f 3868 4060 4061
f 3868 4061 4018
f 3869 3870 4036
f 3870 3905 4077
f 3870 4077 4037
f 3870 4037 4036
f 3871 4063 4014
f 3872 3908 3909
f 3872 3909 4092
f 3872 4092 4372
f 3872 4372 8668
f 3872 8668 3908
f 3873 3902 3874
f 3874 3902 4053
f 3874 4053 4054
f 3875 3916 4245
f 3875 4245 3957
f 3876 4079 4250
f 3876 4250 4215
f 3876 4215 3961
f 3877 3914 3915
f 3877 3915 4064
f 3877 4064 3878
f 3878 4064 4022
f 3880 3911 3882
f 3880 3882 3881
f 3881 3882 3883
f 3882 3911 4120
f 3882 4120 4086
f 3882 4086 3883
f 3883 4086 4044
f 3884 3920 4100
f 3884 4100 4057
f 3885 3926 4267
f 3885 4267 4268
f 3885 4268 4048
f 3890 3928 4113
f 3890 4113 4072
f 3890 4072 3891
f 3891 4072 4073
f 3891 4073 4034
f 3892 3923 3924
f 3892 3924 4080
f 3892 4080 3894
f 3892 3894 3893
f 3894 4080 4082
f 3894 4082 4081
f 3895 3973 4301
f 3895 4301 4039
f 3896 3922 4096
f 3896 4096 4095
f 3897 3933 4069
f 3897 4069 3898
f 3898 4069 4031
f 3899 3938 3900
f 3900 3938 4078
f 3900 4078 4062
f 3900 4062 3975
f 3901 3930 3932
f 3901 3932 3903
f 3902 3903 4093
f 3902 4093 4053
f 3903 3932 4094
f 3903 4094 4093
f 3904 3935 3905
f 3905 3935 4117
f 3905 4117 4077
f 3907 3945 4091
f 3907 4091 4180
f 3907 4180 3938
f 3908 8668 8652
f 3909 4062 4150
f 3909 4150 4092
f 3911 3912 4120
f 3912 3937 4157
f 3912 4157 4121
f 3912 4121 4120
f 3913 3940 3941
f 3913 3941 3914
f 3914 3941 4104
f 3914 4104 3915
f 3915 4104 4105
f 3915 4105 4106
f 3915 4106 4064
f 3916 4156 4245
f 3917 4099 4147
f 3917 4147 3945
f 3918 4152 4119
f 3920 3955 3956
f 3920 3956 4100
f 3921 3946 4170
f 3921 4170 4131
f 3921 4131 3922
f 3922 4131 4096
f 3923 3947 3949
f 3923 3949 3925
f 3923 3925 3924
f 3924 3925 4080
f 3925 3949 3950
f 3925 3950 4164
f 3925 4164 4125
f 3925 4125 4080
f 3926 3961 4315
f 3926 4315 4267
f 3928 3929 4113
f 3929 3952 4153
f 3929 4153 4114
f 3929 4114 4113
f 3930 3931 3932
f 3931 3959 4171
f 3931 4171 4133
f 3931 4133 3932
f 3932 4133 4094
f 3933 3968 4111
f 3933 4111 4112
f 3933 4112 4069
f 3934 3966 4116
f 3934 4116 3935
f 3935 4116 4117
f 3937 3972 4182
f 3937 4182 4158
f 3937 4158 4157
f 3938 4180 4078
f 3940 3978 3942
f 3940 3942 3941
f 3941 3942 4137
f 3941 4137 4104
f 3942 3978 4176
f 3942 4176 4138
f 3942 4138 4137
f 3945 4147 4091
f 3946 3984 4169
f 3946 4169 4170
f 3947 3948 3949
f 3948 3950 3949
f 3948 3986 3989
f 3948 3989 4163
f 3948 4163 3950
f 3950 4163 4165
f 3950 4165 4164
f 3951 3995 3952
f 3952 3995 3953
f 3952 3953 4153
f 3953 3995 4184
f 3953 4184 4154
f 3953 4154 4153
f 3954 3998 3999
f 3954 3999 4142
f 3954 4142 3955
f 3955 4142 4141
f 3955 4141 3956
f 3956 4141 4101
f 3956 4101 4100
f 3957 4245 4109
f 3957 4109 4204
f 3958 3990 3960
f 3958 3960 3959
f 3959 3960 4172
f 3959 4172 4171
f 3960 3990 3992
f 3960 3992 4205
f 3960 4205 4172
f 3961 4215 4315
f 3962 4128 3963
f 3963 4128 4075
f 3963 4075 4074
f 3965 4001 4195
f 3965 4195 4161
f 3965 4161 3966
f 3966 4161 4162
f 3966 4162 4116
f 3967 4004 4155
f 3967 4155 3968
f 3968 4155 4111
f 3971 4006 3972
f 3972 4006 4218
f 3972 4218 4182
f 3973 4052 4221
f 3973 4221 4349
f 3973 4349 4301
f 3977 4009 3979
f 3977 3979 3980
f 3977 3980 3978
f 3978 3980 4176
f 3979 4011 4211
f 3979 4211 3980
f 3979 4009 4011
f 3980 4211 4177
f 3980 4177 4176
f 3982 4166 4167
f 3984 3985 4201
f 3984 4201 4169
f 3985 4013 4236
f 3985 4236 4201
f 3986 3988 3989
f 3986 3987 3988
f 3987 4016 3988
f 3988 4016 4192
f 3988 4192 4191
f 3988 4191 3989
f 3989 4191 4163
f 3990 3991 3992
f 3991 4017 4019
f 3991 4019 3993
f 3991 3993 3992
f 3992 3993 4206
f 3992 4206 4205
f 3993 4019 4020
f 3993 4020 4237
f 3993 4237 4206
f 3994 3996 3995
f 3994 4021 4024
f 3994 4024 3996
f 3995 3996 4184
f 3996 4024 4224
f 3996 4224 4184
f 3997 4050 4227
f 3997 4227 4200
f 3998 4031 4032
f 3998 4032 3999
f 3999 4217 4371
f 3999 4371 4142
f 3999 4032 4217
f 4000 4026 4028
f 4000 4028 4029
f 4001 4002 4195
f 4002 4035 4234
f 4002 4234 4235
f 4002 4235 4196
f 4002 4196 4195
f 4003 4232 4187
f 4003 4187 4004
f 4003 4036 4232
f 4004 4187 4388
f 4004 4388 4155
f 4006 4246 4218
f 4009 4010 4011
f 4010 4040 4042
f 4010 4042 4210
f 4010 4210 4011
f 4011 4210 4212
f 4011 4212 4211
f 4012 4045 4013
f 4013 4045 4046
f 4013 4046 4236
f 4014 4063 4186
f 4014 4186 4148
f 4016 4054 4228
f 4016 4228 4192
f 4017 4018 4019
f 4018 4061 4020
f 4018 4020 4019
f 4020 4061 4265
f 4020 4265 4237
f 4021 4023 4024
f 4022 4064 4065
f 4022 4065 4025
f 4022 4025 4023
f 4023 4025 4222
f 4023 4222 4024
f 4024 4222 4224
f 4025 4251 4223
f 4025 4223 4222
f 4025 4065 4251
f 4026 4027 4028
f 4027 4030 4029
f 4027 4029 4028
f 4029 4030 4269
f 4030 4059 4270
f 4030 4270 4269
f 4031 4069 4070
f 4031 4070 4033
f 4031 4033 4032
f 4032 4033 4217
f 4033 4070 4249
f 4033 4249 4217
f 4034 4073 4234
f 4034 4234 4035
f 4036 4037 4232
f 4037 4077 4260
f 4037 4260 4233
f 4037 4233 4232
f 4039 4301 4209
f 4039 4209 4128
f 4040 4081 4041
f 4040 4041 4242
f 4040 4242 4042
f 4041 4081 4083
f 4041 4083 4282
f 4041 4282 4242
f 4042 4242 4243
f 4042 4243 4210
f 4044 4047 4045
f 4044 4086 4087
f 4044 4087 4047
f 4045 4047 4046
f 4046 4047 4256
f 4046 4256 4257
f 4046 4257 4236
f 4047 4087 4304
f 4047 4304 4305
f 4047 4305 4256
f 4048 4268 4181
f 4050 4085 4118
f 4052 4148 4149
f 4052 4149 4317
f 4052 4317 4221
f 4053 4093 4056
f 4053 4056 4055
f 4053 4055 4054
f 4054 4055 4228
f 4055 4056 4255
f 4055 4255 4254
f 4055 4254 4228
f 4056 4093 4094
f 4056 4094 4293
f 4056 4293 4255
f 4057 4100 4101
f 4057 4101 4058
f 4058 4276 4277
f 4058 4277 4207
f 4058 4207 4166
f 4058 4101 4276
f 4059 4088 4089
f 4059 4089 4270
f 4060 4095 4097
f 4060 4097 4061
f 4061 4097 4264
f 4061 4264 4265
f 4062 4078 4216
f 4062 4216 4307
f 4062 4307 4202
f 4062 4202 4150
f 4063 4151 4320
f 4063 4320 4449
f 4063 4449 4186
f 4064 4106 4066
f 4064 4066 4065
f 4065 4066 4251
f 4066 4106 4296
f 4066 4296 4252
f 4066 4252 4251
f 4069 4112 4070
f 4070 4112 4248
f 4070 4248 4249
f 4072 4115 4262
f 4072 4262 4073
f 4072 4113 4115
f 4073 4262 4263
f 4073 4263 4234
f 4074 4075 4076
f 4075 4128 4129
f 4075 4129 4076
f 4076 4129 4280
f 4077 4117 4259
f 4077 4259 4260
f 4078 4180 4477
f 4078 4477 4216
f 4079 4167 4299
f 4079 4299 4250
f 4080 4125 4082
f 4081 4082 4083
f 4082 4125 4127
f 4082 4127 4083
f 4083 4127 4281
f 4083 4281 4283
f 4083 4283 4282
f 4086 4120 4122
f 4086 4122 4087
f 4087 4122 4124
f 4087 4124 4304
f 4088 4090 4089
f 4088 4119 4090
f 4089 4090 4326
f 4089 4326 4303
f 4089 4303 4270
f 4090 4119 4367
f 4090 4367 4327
f 4090 4327 4326
f 4091 4147 4180
f 4092 4202 4372
f 4092 4150 4202
f 4094 4134 4293
f 4094 4133 4134
f 4095 4096 4097
f 4096 4098 4097
f 4096 4131 4132
f 4096 4132 4098
f 4097 4098 4308
f 4097 4308 4264
f 4098 4132 4341
f 4098 4341 4308
f 4099 4204 4288
f 4099 4288 4240
f 4099 4240 4147
f 4101 4141 4143
f 4101 4143 4276
f 4104 4137 4139
f 4104 4139 4105
f 4105 4139 4107
f 4105 4107 4106
f 4106 4107 4296
f 4107 4139 4336
f 4107 4336 4297
f 4107 4297 4296
f 4108 4181 4318
f 4108 4318 4319
f 4108 4319 4456
f 4108 4456 4188
f 4109 4245 4402
f 4109 4402 4609
f 4109 4609 4351
f 4109 4351 4204
f 4111 4155 4339
f 4111 4339 4291
f 4111 4291 4112
f 4112 4291 4248
f 4113 4114 4115
f 4114 4153 4154
f 4114 4154 4345
f 4114 4345 4313
f 4114 4313 4115
f 4115 4313 4314
f 4115 4314 4262
f 4116 4162 4311
f 4116 4311 4117
f 4117 4311 4259
f 4119 4152 4368
f 4119 4368 4367
f 4120 4121 4122
f 4121 4157 4159
f 4121 4159 4123
f 4121 4123 4122
f 4122 4123 4124
f 4123 4159 4330
f 4123 4330 4329
f 4123 4329 4124
f 4124 4329 4331
f 4124 4331 4304
f 4125 4164 4126
f 4125 4126 4322
f 4125 4322 4127
f 4126 4164 4360
f 4126 4360 4362
f 4126 4362 4322
f 4127 4322 4323
f 4127 4323 4281
f 4128 4209 4174
f 4128 4174 4130
f 4128 4130 4129
f 4129 4130 4279
f 4129 4279 4280
f 4130 4174 4502
f 4130 4502 4279
f 4131 4170 4340
f 4131 4340 4132
f 4132 4340 4341
f 4133 4171 4135
f 4133 4135 4134
f 4134 4135 4335
f 4134 4335 4294
f 4134 4294 4293
f 4135 4171 4378
f 4135 4378 4380
f 4135 4380 4335
f 4136 4198 4197
f 4136 4286 4287
f 4136 4287 4198
f 4137 4138 4140
f 4137 4140 4139
f 4138 4178 4337
f 4138 4337 4140
f 4138 4176 4178
f 4139 4140 4336
f 4140 4337 4338
f 4140 4338 4336
f 4141 4142 4143
f 4142 4371 4143
f 4143 4371 4325
f 4143 4325 4278
f 4143 4278 4276
f 4147 4240 4493
f 4147 4493 4385
f 4147 4385 4180
f 4148 4186 4149
f 4149 4186 4358
f 4149 4358 4316
f 4149 4316 4317
f 4151 4188 4189
f 4151 4189 4320
f 4154 4184 4185
f 4154 4185 4390
f 4154 4390 4345
f 4155 4388 4339
f 4156 4241 4352
f 4156 4352 4353
f 4156 4353 4302
f 4156 4302 4245
f 4157 4158 4159
f 4158 4182 4183
f 4158 4183 4160
f 4158 4160 4159
f 4159 4160 4375
f 4159 4375 4330
f 4160 4183 4410
f 4160 4410 4375
f 4161 4195 4392
f 4161 4392 4347
f 4161 4347 4162
f 4162 4347 4348
f 4162 4348 4311
f 4163 4191 4193
f 4163 4193 4165
f 4164 4165 4360
f 4165 4193 4361
f 4165 4361 4360
f 4166 4207 4168
f 4166 4168 4167
f 4167 4168 4299
f 4168 4207 4343
f 4168 4343 4300
f 4168 4300 4299
f 4169 4201 4416
f 4169 4416 4386
f 4169 4386 4170
f 4170 4386 4340
f 4171 4172 4378
f 4172 4205 4377
f 4172 4377 4378
f 4174 4545 4502
f 4174 4209 4545
f 4176 4177 4178
f 4177 4214 4382
f 4177 4382 4178
f 4177 4211 4214
f 4178 4382 4383
f 4178 4383 4337
f 4180 4385 4477
f 4181 4268 4409
f 4181 4409 4318
f 4182 4218 4219
f 4182 4219 4183
f 4183 4219 4441
f 4183 4441 4410
f 4184 4224 4185
f 4185 4224 4225
f 4185 4225 4424
f 4185 4424 4390
f 4186 4449 4403
f 4186 4403 4357
f 4186 4357 4358
f 4187 4232 4421
f 4187 4421 4388
f 4188 4456 4412
f 4188 4412 4365
f 4188 4365 4189
f 4189 4365 4320
f 4191 4192 4194
f 4191 4194 4193
f 4192 4228 4229
f 4192 4229 4231
f 4192 4231 4194
f 4193 4194 4398
f 4193 4398 4361
f 4194 4231 4399
f 4194 4399 4398
f 4195 4196 4392
f 4196 4235 4427
f 4196 4427 4393
f 4196 4393 4392
f 4197 4198 4289
f 4198 4287 4397
f 4198 4397 4350
f 4198 4350 4289
f 4200 4227 4431
f 4201 4452 4416
f 4201 4236 4452
f 4202 4307 4602
f 4202 4602 4486
f 4202 4486 4372
f 4204 4351 4288
f 4205 4206 4413
f 4205 4413 4377
f 4206 4237 4414
f 4206 4414 4413
f 4207 4277 4430
f 4207 4430 4343
f 4209 4301 4479
f 4209 4479 4423
f 4209 4423 4545
f 4210 4243 4213
f 4210 4213 4212
f 4211 4212 4214
f 4212 4213 4214
f 4213 4243 4460
f 4213 4460 4462
f 4213 4462 4418
f 4213 4418 4214
f 4214 4418 4419
f 4214 4419 4382
f 4215 4250 4439
f 4215 4439 4355
f 4215 4355 4315
f 4216 4477 4307
f 4217 4249 4407
f 4217 4407 4408
f 4217 4408 4371
f 4218 4246 4219
f 4219 4246 4247
f 4219 4247 4441
f 4221 4317 4436
f 4221 4436 4396
f 4221 4396 4349
f 4222 4223 4224
f 4223 4253 4225
f 4223 4225 4224
f 4223 4251 4253
f 4225 4253 4468
f 4225 4468 4424
f 4227 4471 4431
f 4228 4230 4229
f 4228 4254 4230
f 4229 4230 4434
f 4229 4434 4231
f 4230 4254 4480
f 4230 4480 4482
f 4230 4482 4434
f 4231 4434 4399
f 4232 4233 4421
f 4233 4260 4465
f 4233 4465 4422
f 4233 4422 4421
f 4234 4263 4235
f 4235 4263 4426
f 4235 4426 4427
f 4236 4257 4452
f 4237 4446 4414
f 4237 4265 4446
f 4240 4288 4504
f 4240 4504 4537
f 4240 4537 4493
f 4241 4289 4290
f 4241 4290 4352
f 4242 4282 4244
f 4242 4244 4243
f 4243 4244 4460
f 4244 4282 4496
f 4244 4496 4461
f 4244 4461 4460
f 4245 4302 4402
f 4246 4484 4247
f 4247 4484 4442
f 4247 4442 4441
f 4248 4291 4495
f 4248 4495 4448
f 4248 4448 4249
f 4249 4448 4407
f 4250 4490 4439
f 4250 4299 4490
f 4251 4252 4253
f 4252 4296 4298
f 4252 4298 4253
f 4253 4298 4467
f 4253 4467 4468
f 4254 4255 4480
f 4255 4295 4480
f 4255 4293 4295
f 4256 4305 4306
f 4256 4306 4258
f 4256 4258 4257
f 4257 4258 4494
f 4257 4494 4453
f 4257 4453 4452
f 4258 4306 4523
f 4258 4523 4494
f 4259 4311 4505
f 4259 4505 4506
f 4259 4506 4260
f 4260 4506 4465
f 4262 4314 4473
f 4262 4473 4263
f 4263 4473 4474
f 4263 4474 4426
f 4264 4308 4309
f 4264 4309 4266
f 4264 4266 4265
f 4265 4266 4446
f 4266 4309 4519
f 4266 4519 4489
f 4266 4489 4446
f 4267 4315 4500
f 4267 4500 4268
f 4268 4500 4454
f 4268 4454 4409
f 4269 4271 4272
f 4269 4270 4271
f 4270 4303 4553
f 4270 4553 4271
f 4271 4553 4272
f 4272 4553 4518
f 4273 4320 4538
f 4273 4538 4501
f 4273 4501 4451
f 4273 4451 4450
f 4273 4450 4449
f 4273 4449 4320
f 4276 4278 4277
f 4277 4278 4478
f 4277 4478 4430
f 4278 4325 4517
f 4278 4517 4478
f 4279 4502 4280
f 4280 4502 4622
f 4281 4323 4284
f 4281 4284 4283
f 4282 4283 4496
f 4283 4284 4497
f 4283 4497 4496
f 4284 4323 4527
f 4284 4527 4529
f 4284 4529 4497
f 4286 4552 4445
f 4286 4445 4287
f 4287 4445 4397
f 4288 4351 4504
f 4289 4350 4290
f 4290 4350 4458
f 4290 4458 4352
f 4291 4339 4531
f 4291 4531 4495
f 4293 4294 4514
f 4293 4514 4295
f 4294 4335 4557
f 4294 4557 4514
f 4295 4514 4515
f 4295 4515 4481
f 4295 4481 4480
f 4296 4297 4298
f 4297 4336 4540
f 4297 4540 4507
f 4297 4507 4298
f 4298 4507 4467
f 4299 4300 4490
f 4300 4343 4525
f 4300 4525 4491
f 4300 4491 4490
f 4301 4349 4396
f 4301 4396 4734
f 4301 4734 4692
f 4301 4692 4479
f 4302 4353 4464
f 4302 4464 4402
f 4303 4581 4553
f 4303 4326 4581
f 4304 4331 4305
f 4305 4331 4332
f 4305 4332 4521
f 4305 4521 4306
f 4306 4521 4522
f 4306 4522 4523
f 4307 4477 4623
f 4307 4623 4602
f 4308 4310 4309
f 4308 4341 4310
f 4309 4310 4520
f 4309 4520 4519
f 4310 4341 4342
f 4310 4342 4566
f 4310 4566 4520
f 4311 4348 4505
f 4313 4345 4548
f 4313 4548 4511
f 4313 4511 4314
f 4314 4511 4512
f 4314 4512 4473
f 4315 4355 4536
f 4315 4536 4500
f 4316 4358 4532
f 4316 4532 4492
f 4316 4492 4437
f 4316 4437 4317
f 4317 4437 4436
f 4318 4409 4595
f 4318 4595 4319
f 4319 4595 4720
f 4319 4720 4457
f 4319 4457 4456
f 4320 4365 4538
f 4322 4362 4324
f 4322 4324 4323
f 4323 4324 4527
f 4324 4362 4571
f 4324 4571 4528
f 4324 4528 4527
f 4325 4371 4561
f 4325 4561 4517
f 4326 4327 4580
f 4326 4580 4581
f 4327 4367 4369
f 4327 4369 4580
f 4329 4330 4333
f 4329 4333 4332
f 4329 4332 4331
f 4330 4375 4376
f 4330 4376 4333
f 4332 4333 4521
f 4333 4376 4334
f 4333 4334 4521
f 4334 4376 4604
f 4334 4604 4565
f 4334 4565 4521
f 4335 4380 4558
f 4335 4558 4557
f 4336 4338 4540
f 4337 4383 4583
f 4337 4583 4338
f 4338 4583 4541
f 4338 4541 4540
f 4339 4388 4576
f 4339 4576 4531
f 4340 4386 4387
f 4340 4387 4342
f 4340 4342 4341
f 4342 4387 4606
f 4342 4606 4566
f 4343 4430 4575
f 4343 4575 4525
f 4345 4390 4346
f 4345 4346 4548
f 4346 4390 4592
f 4346 4592 4549
f 4346 4549 4548
f 4347 4587 4543
f 4347 4543 4348
f 4347 4392 4587
f 4348 4543 4544
f 4348 4544 4505
f 4350 4397 4509
f 4350 4509 4510
f 4350 4510 4458
f 4351 4609 4560
f 4351 4560 4504
f 4352 4458 4401
f 4352 4401 4353
f 4353 4401 4564
f 4353 4564 4464
f 4355 4439 4586
f 4355 4586 4536
f 4357 4403 4404
f 4357 4404 4405
f 4357 4405 4359
f 4357 4359 4358
f 4358 4359 4532
f 4359 4406 4533
f 4359 4533 4532
f 4359 4405 4406
f 4360 4361 4363
f 4360 4363 4362
f 4361 4398 4400
f 4361 4400 4363
f 4362 4363 4571
f 4363 4400 4572
f 4363 4572 4571
f 4365 4412 4591
f 4365 4591 4538
f 4367 4368 4370
f 4367 4370 4369
f 4368 4651 4370
f 4369 4370 4617
f 4369 4617 4580
f 4370 4651 4619
f 4370 4619 4617
f 4371 4408 4561
f 4372 4486 4870
f 4372 4870 8699
f 4372 8699 8668
f 4375 4410 4411
f 4375 4411 4376
f 4376 4411 4639
f 4376 4639 4604
f 4377 4413 4415
f 4377 4415 4379
f 4377 4379 4378
f 4378 4379 4380
f 4379 4415 4597
f 4379 4597 4596
f 4379 4596 4380
f 4380 4596 4558
f 4382 4419 4384
f 4382 4384 4383
f 4383 4384 4584
f 4383 4584 4583
f 4384 4419 4626
f 4384 4626 4628
f 4384 4628 4584
f 4385 4493 4727
f 4385 4727 4477
f 4386 4416 4417
f 4386 4417 4387
f 4387 4417 4607
f 4387 4607 4606
f 4388 4421 4389
f 4388 4389 4576
f 4389 4421 4422
f 4389 4422 4620
f 4389 4620 4577
f 4389 4577 4576
f 4390 4424 4391
f 4390 4391 4592
f 4391 4424 4425
f 4391 4425 4637
f 4391 4637 4593
f 4391 4593 4592
f 4392 4393 4587
f 4393 4427 4630
f 4393 4630 4588
f 4393 4588 4587
f 4396 4436 4438
f 4396 4438 4568
f 4396 4568 4734
f 4397 4445 4503
f 4397 4503 4658
f 4397 4658 4509
f 4398 4399 4610
f 4398 4610 4400
f 4399 4434 4435
f 4399 4435 4653
f 4399 4653 4610
f 4400 4610 4611
f 4400 4611 4572
f 4401 4458 4614
f 4401 4614 4564
f 4402 4464 4613
f 4402 4613 4609
f 4403 4449 4450
f 4403 4450 4451
f 4403 4451 4406
f 4403 4406 4404
f 4404 4406 4405
f 4406 4451 4579
f 4406 4579 4533
f 4407 4448 4648
f 4407 4648 4608
f 4407 4608 4408
f 4408 4608 4561
f 4409 4454 4641
f 4409 4641 4595
f 4410 4441 4443
f 4410 4443 4411
f 4411 4443 4673
f 4411 4673 4639
f 4412 4456 4457
f 4412 4457 4590
f 4412 4590 4591
f 4413 4414 4415
f 4414 4447 4633
f 4414 4633 4415
f 4414 4446 4447
f 4415 4633 4597
f 4416 4452 4643
f 4416 4643 4417
f 4417 4643 4644
f 4417 4644 4607
f 4418 4420 4419
f 4418 4462 4420
f 4419 4420 4626
f 4420 4462 4661
f 4420 4661 4627
f 4420 4627 4626
f 4422 4465 4657
f 4422 4657 4620
f 4423 4479 4692
f 4423 4692 4601
f 4423 4601 4600
f 4423 4600 4545
f 4424 4468 4425
f 4425 4468 4469
f 4425 4469 4671
f 4425 4671 4637
f 4426 4474 4428
f 4426 4428 4427
f 4427 4428 4630
f 4428 4474 4669
f 4428 4669 4631
f 4428 4631 4630
f 4430 4478 4621
f 4430 4621 4575
f 4431 4471 4432
f 4432 4471 4472
f 4432 4472 4681
f 4432 4681 4647
f 4434 4482 4435
f 4435 4482 4652
f 4435 4652 4654
f 4435 4654 4653
f 4436 4437 4438
f 4437 4492 4615
f 4437 4615 4438
f 4438 4615 4616
f 4438 4616 4568
f 4439 4490 4440
f 4439 4440 4586
f 4440 4490 4491
f 4440 4491 4636
f 4440 4636 4772
f 4440 4772 4586
f 4441 4442 4443
f 4442 4484 4444
f 4442 4444 4443
f 4443 4444 4674
f 4443 4674 4673
f 4444 4484 4485
f 4444 4485 4700
f 4444 4700 4674
f 4445 4552 4503
f 4446 4489 4447
f 4447 4489 4666
f 4447 4666 4635
f 4447 4635 4633
f 4448 4495 4687
f 4448 4687 4648
f 4451 4501 4579
f 4452 4453 4679
f 4452 4679 4643
f 4453 4494 4709
f 4453 4709 4679
f 4454 4500 4683
f 4454 4683 4641
f 4457 4720 4684
f 4457 4684 4590
f 4458 4510 4614
f 4460 4461 4463
f 4460 4463 4462
f 4461 4496 4498
f 4461 4498 4695
f 4461 4695 4463
f 4462 4463 4661
f 4463 4695 4662
f 4463 4662 4661
f 4464 4564 4665
f 4464 4665 4613
f 4465 4506 4694
f 4465 4694 4657
f 4467 4507 4508
f 4467 4508 4469
f 4467 4469 4468
f 4469 4508 4712
f 4469 4712 4671
f 4472 4682 4681
f 4473 4512 4475
f 4473 4475 4474
f 4474 4475 4669
f 4475 4512 4705
f 4475 4705 4670
f 4475 4670 4669
f 4477 4727 4623
f 4478 4517 4660
f 4478 4660 4621
f 4480 4481 4482
f 4481 4515 4721
f 4481 4721 4483
f 4481 4483 4482
f 4482 4483 4652
f 4483 4721 4690
f 4483 4690 4689
f 4483 4689 4652
f 4485 4748 4700
f 4486 4602 4535
f 4486 4535 4935
f 4486 4935 5048
f 4486 5048 4870
f 4489 4698 4666
f 4489 4519 4698
f 4491 4525 4680
f 4491 4680 4636
f 4492 4532 4533
f 4492 4533 4703
f 4492 4703 4704
f 4492 4704 4615
f 4493 4537 4792
f 4493 4792 4727
f 4494 4523 4708
f 4494 4708 4709
f 4495 4531 4725
f 4495 4725 4687
f 4496 4497 4498
f 4497 4529 4499
f 4497 4499 4498
f 4498 4499 4696
f 4498 4696 4695
f 4499 4529 4742
f 4499 4742 4744
f 4499 4744 4696
f 4500 4536 4719
f 4500 4719 4683
f 4501 4538 4539
f 4501 4539 4770
f 4501 4770 4579
f 4502 4546 4667
f 4502 4667 4622
f 4502 4545 4546
f 4503 4552 4714
f 4503 4714 4658
f 4504 4560 4655
f 4504 4655 4537
f 4505 4544 4693
f 4505 4693 4506
f 4506 4693 4694
f 4507 4540 4542
f 4507 4542 4508
f 4508 4542 4711
f 4508 4711 4712
f 4509 4658 4659
f 4509 4659 4717
f 4509 4717 4664
f 4509 4664 4510
f 4510 4664 4614
f 4511 4548 4550
f 4511 4550 4513
f 4511 4513 4512
f 4512 4513 4705
f 4513 4550 4757
f 4513 4757 4706
f 4513 4706 4705
f 4514 4557 4516
f 4514 4516 4515
f 4515 4516 4722
f 4515 4722 4721
f 4516 4557 4559
f 4516 4559 4768
f 4516 4768 4722
f 4517 4561 4752
f 4517 4752 4660
f 4518 4553 4554
f 4518 4554 4555
f 4518 4555 4771
f 4519 4520 4738
f 4519 4738 4698
f 4520 4566 4567
f 4520 4567 4739
f 4520 4739 4738
f 4521 4565 4522
f 4522 4565 4786
f 4522 4786 4750
f 4522 4750 4523
f 4523 4750 4708
f 4525 4575 4761
f 4525 4761 4680
f 4527 4528 4529
f 4528 4571 4573
f 4528 4573 4783
f 4528 4783 4530
f 4528 4530 4529
f 4529 4530 4742
f 4530 4783 4743
f 4530 4743 4742
f 4531 4775 4725
f 4531 4576 4775
f 4533 4579 4703
f 4535 4603 4935
f 4535 4602 4603
f 4536 4586 4773
f 4536 4773 4719
f 4537 4655 4889
f 4537 4889 4792
f 4538 4591 4539
f 4539 4591 4816
f 4539 4816 4770
f 4540 4541 4542
f 4541 4585 4753
f 4541 4753 4542
f 4541 4583 4585
f 4542 4753 4711
f 4543 4589 4746
f 4543 4746 4544
f 4543 4587 4589
f 4544 4746 4693
f 4545 4600 4546
f 4546 4600 4763
f 4546 4763 4716
f 4546 4716 4667
f 4548 4549 4550
f 4549 4592 4594
f 4549 4594 4756
f 4549 4756 4550
f 4550 4756 4757
f 4551 4759 4863
f 4551 4863 4714
f 4551 4714 4552
f 4553 4581 4554
f 4554 4581 4582
f 4554 4582 4805
f 4554 4805 4555
f 4555 4805 4807
f 4555 4807 4771
f 4557 4558 4559
f 4558 4596 4598
f 4558 4598 4559
f 4559 4767 4768
f 4559 4598 4767
f 4560 4609 4760
f 4560 4760 4699
f 4560 4699 4655
f 4561 4608 4562
f 4561 4562 4752
f 4562 4608 4798
f 4562 4798 4799
f 4562 4799 4752
f 4564 4614 4829
f 4564 4829 4774
f 4564 4774 4718
f 4564 4718 4665
f 4565 4605 4786
f 4565 4604 4605
f 4566 4606 4567
f 4567 4606 4781
f 4567 4781 4782
f 4567 4782 4739
f 4568 4616 4735
f 4568 4735 4734
f 4571 4572 4573
f 4572 4611 4574
f 4572 4574 4573
f 4573 4574 4784
f 4573 4784 4783
f 4574 4611 4825
f 4574 4825 4827
f 4574 4827 4784
f 4575 4621 4812
f 4575 4812 4761
f 4576 4577 4775
f 4577 4620 4814
f 4577 4814 4776
f 4577 4776 4775
f 4579 4770 4809
f 4579 4809 4703
f 4580 4582 4581
f 4580 4617 4618
f 4580 4618 4582
f 4582 4841 4842
f 4582 4842 4843
f 4582 4843 4806
f 4582 4806 4805
f 4582 4618 4841
f 4583 4584 4585
f 4584 4628 4795
f 4584 4795 4585
f 4585 4795 4796
f 4585 4796 4753
f 4586 4772 4773
f 4587 4588 4589
f 4588 4630 4632
f 4588 4632 4589
f 4589 4632 4788
f 4589 4788 4789
f 4589 4789 4746
f 4590 4684 4816
f 4590 4816 4591
f 4592 4593 4594
f 4593 4637 4836
f 4593 4836 4800
f 4593 4800 4594
f 4594 4800 4801
f 4594 4801 4756
f 4595 4641 4777
f 4595 4777 4720
f 4596 4597 4598
f 4597 4633 4634
f 4597 4634 4599
f 4597 4599 4598
f 4598 4599 4767
f 4599 4634 4810
f 4599 4810 4811
f 4599 4811 4767
f 4600 4601 4763
f 4601 4692 4860
f 4601 4860 4763
f 4602 4623 4764
f 4602 4764 4702
f 4602 4702 4603
f 4603 4702 4850
f 4603 4850 4935
f 4604 4639 4640
f 4604 4640 4605
f 4605 4640 4823
f 4605 4823 4824
f 4605 4824 4786
f 4606 4607 4781
f 4607 4644 4820
f 4607 4820 4781
f 4608 4648 4798
f 4609 4613 4760
f 4610 4653 4612
f 4610 4612 4611
f 4611 4612 4825
f 4612 4653 4857
f 4612 4857 4826
f 4612 4826 4825
f 4613 4665 4822
f 4613 4822 4964
f 4613 4964 4918
f 4613 4918 4760
f 4614 4664 4829
f 4615 4704 4793
f 4615 4793 4616
f 4616 4793 4735
f 4617 4619 4618
f 4618 4619 4841
f 4619 4651 4864
f 4619 4864 4841
f 4620 4657 4813
f 4620 4813 4814
f 4621 4660 4848
f 4621 4848 4812
f 4622 4667 4840
f 4622 4840 4790
f 4622 4790 4732
f 4623 4727 4728
f 4623 4728 4764
f 4626 4627 4629
f 4626 4629 4628
f 4627 4663 4868
f 4627 4868 4629
f 4627 4661 4663
f 4628 4629 4834
f 4628 4834 4795
f 4629 4868 4835
f 4629 4835 4834
f 4630 4631 4632
f 4631 4865 4831
f 4631 4831 4632
f 4631 4669 4865
f 4632 4831 4788
f 4633 4635 4634
f 4634 4635 4845
f 4634 4845 4810
f 4635 4666 4881
f 4635 4881 4845
f 4636 4680 4817
f 4636 4817 4772
f 4637 4671 4638
f 4637 4638 4836
f 4638 4671 4872
f 4638 4872 4837
f 4638 4837 4836
f 4639 4673 4676
f 4639 4676 4640
f 4640 4676 4856
f 4640 4856 4823
f 4641 4683 4819
f 4641 4819 4777
f 4643 4679 4852
f 4643 4852 4644
f 4644 4852 4854
f 4644 4854 4853
f 4644 4853 4820
f 4647 4912 4913
f 4647 4681 4912
f 4648 4687 4649
f 4648 4649 4798
f 4649 4687 4688
f 4649 4688 4879
f 4649 4879 4839
f 4649 4839 4798
f 4651 4686 4898
f 4651 4898 4864
f 4652 4689 4654
f 4653 4654 4857
f 4654 4689 4691
f 4654 4691 4858
f 4654 4858 4857
f 4655 4699 5003
f 4655 5003 4889
f 4657 4694 4891
f 4657 4891 4851
f 4657 4851 4813
f 4658 4714 4715
f 4658 4715 4659
f 4659 4715 5022
f 4659 5022 4971
f 4659 4971 4717
f 4660 4752 4887
f 4660 4887 4848
f 4661 4662 4663
f 4662 4697 4867
f 4662 4867 4663
f 4662 4695 4697
f 4663 4867 4869
f 4663 4869 4868
f 4664 4717 4829
f 4665 4718 4822
f 4666 4915 4881
f 4666 4698 4915
f 4667 4716 4883
f 4667 4883 4840
f 4669 4670 4865
f 4670 4902 4865
f 4670 4705 4902
f 4671 4712 4672
f 4671 4672 4872
f 4672 4712 4908
f 4672 4908 4873
f 4672 4873 4872
f 4673 4674 4675
f 4673 4675 4676
f 4674 4700 4701
f 4674 4701 4675
f 4675 4701 4888
f 4675 4888 4676
f 4676 4888 4856
f 4679 4709 4885
f 4679 4885 4852
f 4680 4761 4899
f 4680 4899 4817
f 4681 4682 4912
f 4683 4719 4862
f 4683 4862 4819
f 4684 4720 4778
f 4684 4778 4900
f 4684 4900 4816
f 4686 4927 4898
f 4687 4725 4688
f 4688 4725 4726
f 4688 4726 4917
f 4688 4917 4879
f 4689 4690 4893
f 4689 4893 4691
f 4690 4721 4723
f 4690 4723 4929
f 4690 4929 4893
f 4691 4893 4894
f 4691 4894 4858
f 4692 4734 4860
f 4693 4746 4747
f 4693 4747 4890
f 4693 4890 4694
f 4694 4890 4891
f 4695 4696 4697
f 4696 4744 4904
f 4696 4904 4697
f 4697 4904 4905
f 4697 4905 4867
f 4698 4738 4740
f 4698 4740 4915
f 4699 4760 5053
f 4699 5053 5003
f 4700 4748 4701
f 4701 4923 4888
f 4701 4748 4961
f 4701 4961 4923
f 4702 4764 4877
f 4702 4877 4850
f 4703 4809 4921
f 4703 4921 4882
f 4703 4882 4704
f 4704 4882 4793
f 4705 4706 4902
f 4706 4757 4945
f 4706 4945 4903
f 4706 4903 4902
f 4708 4710 4709
f 4708 4750 4751
f 4708 4751 4710
f 4709 4710 4885
f 4710 4751 4960
f 4710 4960 4922
f 4710 4922 4885
f 4711 4753 4754
f 4711 4754 4951
f 4711 4951 4713
f 4711 4713 4712
f 4712 4713 4908
f 4713 4951 4909
f 4713 4909 4908
f 4714 4863 4762
f 4714 4762 4715
f 4715 4762 5022
f 4716 4763 4975
f 4716 4975 4883
f 4717 4971 4875
f 4717 4875 4829
f 4718 4774 4919
f 4718 4919 5016
f 4718 5016 4822
f 4719 4773 4949
f 4719 4949 4901
f 4719 4901 4862
f 4720 4777 4778
f 4721 4722 4723
f 4722 4768 4724
f 4722 4724 4723
f 4723 4724 4930
f 4723 4930 4929
f 4724 4768 4769
f 4724 4769 4968
f 4724 4968 4930
f 4725 4775 4726
f 4726 4775 4776
f 4726 4776 4957
f 4726 4957 4917
f 4727 4792 4728
f 4728 4792 4925
f 4728 4925 4877
f 4728 4877 4764
f 4732 4790 4948
f 4732 4948 4733
f 4733 4948 4849
f 4733 4849 4804
f 4734 4735 4736
f 4734 4736 4860
f 4735 4793 4794
f 4735 4794 4736
f 4736 4794 4954
f 4736 4954 4860
f 4738 4739 4955
f 4738 4955 4740
f 4739 4782 4989
f 4739 4989 4955
f 4740 4955 4956
f 4740 4956 4916
f 4740 4916 4915
f 4742 4743 4745
f 4742 4745 4744
f 4743 4785 4979
f 4743 4979 4745
f 4743 4783 4785
f 4744 4745 4942
f 4744 4942 4904
f 4745 4979 4943
f 4745 4943 4942
f 4746 4789 4932
f 4746 4932 4747
f 4747 4932 4933
f 4747 4933 4890
f 4748 5213 4961
f 4750 4786 4787
f 4750 4787 4751
f 4751 4787 4999
f 4751 4999 4960
f 4752 4799 4928
f 4752 4928 4887
f 4753 4796 4755
f 4753 4755 4754
f 4754 4755 4952
f 4754 4952 4951
f 4755 4796 4985
f 4755 4985 4987
f 4755 4987 4952
f 4756 4801 4758
f 4756 4758 4757
f 4757 4758 4945
f 4758 4801 4983
f 4758 4983 4946
f 4758 4946 4945
f 4759 4804 4958
f 4759 4958 4911
f 4759 4911 4863
f 4760 4918 5053
f 4761 4812 4939
f 4761 4939 4899
f 4762 4863 5015
f 4762 5015 5022
f 4763 4860 4861
f 4763 4861 4975
f 4767 4811 4769
f 4767 4769 4768
f 4769 4811 4967
f 4769 4967 4968
f 4770 4816 4977
f 4770 4977 4938
f 4770 4938 4809
f 4771 4807 4808
f 4771 4808 5005
f 4772 4817 4818
f 4772 4818 4773
f 4773 4818 4949
f 4774 4829 4830
f 4774 4830 4919
f 4776 4814 5000
f 4776 5000 4957
f 4777 4819 4778
f 4778 4819 4992
f 4778 4992 4947
f 4778 4947 4900
f 4781 4820 4782
f 4782 4821 5029
f 4782 5029 4989
f 4782 4820 4821
f 4783 4784 4785
f 4784 4827 4978
f 4784 4978 4785
f 4785 4978 4980
f 4785 4980 4979
f 4786 4824 4787
f 4787 4824 4998
f 4787 4998 4999
f 4788 4831 5009
f 4788 5009 4789
f 4789 5009 4973
f 4789 4973 4974
f 4789 4974 4932
f 4790 4840 4791
f 4790 4791 4948
f 4791 4840 4995
f 4791 4995 4996
f 4791 4996 4948
f 4792 4889 4925
f 4793 4882 4794
f 4794 4882 5002
f 4794 5002 4954
f 4795 4834 4797
f 4795 4797 4796
f 4796 4797 4985
f 4797 4834 5032
f 4797 5032 4986
f 4797 4986 4985
f 4798 4839 4799
f 4799 4839 5012
f 4799 5012 4972
f 4799 4972 4928
f 4800 4836 4838
f 4800 4838 4802
f 4800 4802 4801
f 4801 4802 4983
f 4802 4838 5026
f 4802 5026 4984
f 4802 4984 4983
f 4804 4849 4958
f 4805 4806 4807
f 4806 4843 5077
f 4806 5077 4807
f 4807 5077 5043
f 4807 5043 4808
f 4808 5043 5005
f 4809 4938 5110
f 4809 5110 5191
f 4809 5191 4965
f 4809 4965 4921
f 4810 4845 5051
f 4810 5051 5008
f 4810 5008 4811
f 4811 5008 4967
f 4812 4848 5035
f 4812 5035 4939
f 4813 4851 4815
f 4813 4815 4814
f 4814 4815 5000
f 4815 4851 5047
f 4815 5047 5001
f 4815 5001 5000
f 4816 4900 4977
f 4817 4899 5038
f 4817 5038 4818
f 4818 5038 4994
f 4818 4994 4949
f 4819 4862 4992
f 4820 4853 4821
f 4821 5028 5029
f 4821 4853 5028
f 4822 5016 4964
f 4823 4856 5074
f 4823 5074 5041
f 4823 5041 4824
f 4824 5041 4998
f 4825 4826 4828
f 4825 4828 4827
f 4826 4857 4859
f 4826 4859 5060
f 4826 5060 4828
f 4827 4828 5017
f 4827 5017 4978
f 4828 5060 5018
f 4828 5018 5017
f 4829 4875 4830
f 4830 4875 5023
f 4830 5023 4920
f 4830 4920 4919
f 4831 4866 5055
f 4831 5055 5009
f 4831 4865 4866
f 4834 4835 5032
f 4835 4868 5069
f 4835 5069 5033
f 4835 5033 5032
f 4836 4837 4838
f 4837 4874 5025
f 4837 5025 4838
f 4837 4872 4874
f 4838 5025 5026
f 4839 4879 5013
f 4839 5013 5012
f 4840 4883 4995
f 4841 4864 5076
f 4841 5076 4842
f 4842 5076 5077
f 4842 5077 4843
f 4845 4881 5050
f 4845 5050 5051
f 4848 4887 5075
f 4848 5075 5035
f 4849 4948 5057
f 4849 5057 5007
f 4849 5007 4958
f 4850 4877 5152
f 4850 5152 5293
f 4850 5293 4935
f 4851 5046 5047
f 4851 4891 5046
f 4852 4885 4886
f 4852 4886 4854
f 4853 4854 5028
f 4854 4886 5096
f 4854 5096 5064
f 4854 5064 5028
f 4856 4888 5108
f 4856 5108 5074
f 4857 4858 4859
f 4858 4894 4896
f 4858 4896 4859
f 4859 4896 5061
f 4859 5061 5060
f 4860 4954 4861
f 4861 4954 5113
f 4861 5113 5229
f 4861 5229 4975
f 4862 4901 5084
f 4862 5084 5039
f 4862 5039 4992
f 4863 4911 5072
f 4863 5072 5015
f 4864 4898 5098
f 4864 5098 5076
f 4865 4902 4866
f 4866 4902 4903
f 4866 4903 5091
f 4866 5091 5055
f 4867 4905 4907
f 4867 4907 4869
f 4868 4869 5069
f 4869 4907 5070
f 4869 5070 5069
f 4870 5048 5404
f 4870 5404 5204
f 4870 5204 8734
f 4870 8734 8702
f 4870 8702 8699
f 4872 4873 4874
f 4873 4910 5066
f 4873 5066 4874
f 4873 4908 4910
f 4874 5066 5067
f 4874 5067 5025
f 4875 4971 4876
f 4875 4876 5023
f 4876 4971 5121
f 4876 5121 5081
f 4876 5081 5023
f 4877 4926 5152
f 4877 4925 4926
f 4879 4917 5058
f 4879 5058 5013
f 4881 5087 5050
f 4881 4915 5087
f 4882 4921 5002
f 4883 4975 5132
f 4883 5132 4995
f 4885 4922 4886
f 4886 4922 5124
f 4886 5124 5096
f 4887 4928 5111
f 4887 5111 5075
f 4888 4923 5138
f 4888 5138 5108
f 4889 5003 5042
f 4889 5042 4925
f 4890 4933 4892
f 4890 4892 4891
f 4891 4892 5046
f 4892 4933 5085
f 4892 5085 5086
f 4892 5086 5046
f 4893 4929 4895
f 4893 4895 4894
f 4894 4895 4897
f 4894 4897 4896
f 4895 4929 4931
f 4895 4931 5126
f 4895 5126 4897
f 4896 4897 5093
f 4896 5093 5061
f 4897 5126 5094
f 4897 5094 5093
f 4898 4927 5122
f 4898 5122 5123
f 4898 5123 5099
f 4898 5099 5098
f 4899 4939 5082
f 4899 5082 5038
f 4900 4947 5080
f 4900 5080 4977
f 4901 4949 4950
f 4901 4950 5084
f 4903 4945 5129
f 4903 5129 5091
f 4904 4942 4906
f 4904 4906 4905
f 4905 4906 5105
f 4905 5105 4907
f 4906 4942 4944
f 4906 4944 5143
f 4906 5143 5105
f 4907 5105 5106
f 4907 5106 5070
f 4908 4909 4910
f 4909 4953 5102
f 4909 5102 4910
f 4909 4951 4953
f 4910 5102 5103
f 4910 5103 5066
f 4911 4958 5007
f 4911 5007 5112
f 4911 5112 5072
f 4912 5134 4913
f 4915 4916 5087
f 4916 4956 5156
f 4916 5156 5118
f 4916 5118 5087
f 4917 4957 5097
f 4917 5097 5058
f 4918 4964 5155
f 4918 5155 5053
f 4919 4920 5016
f 4920 5023 5172
f 4920 5172 5325
f 4920 5325 5016
f 4921 4965 5089
f 4921 5089 5002
f 4922 4960 5169
f 4922 5169 5124
f 4923 4961 4924
f 4923 4924 5138
f 4924 4961 4962
f 4924 4962 5139
f 4924 5139 5138
f 4925 5042 4926
f 4926 5042 5181
f 4926 5181 5265
f 4926 5265 5152
f 4927 5166 5122
f 4928 4972 5153
f 4928 5153 5111
f 4929 4930 4931
f 4930 4968 4969
f 4930 4969 4931
f 4931 4969 5127
f 4931 5127 5126
f 4932 4974 4934
f 4932 4934 4933
f 4933 4934 5085
f 4934 4974 5160
f 4934 5160 5119
f 4934 5119 5085
f 4935 5293 5048
f 4938 4977 5193
f 4938 5193 5110
f 4939 5035 5162
f 4939 5162 5082
f 4942 4943 4944
f 4943 4979 4981
f 4943 4981 5142
f 4943 5142 4944
f 4944 5142 5144
f 4944 5144 5143
f 4945 4946 5129
f 4946 4983 5178
f 4946 5178 5130
f 4946 5130 5129
f 4947 4992 4993
f 4947 4993 5114
f 4947 5114 5080
f 4948 4996 5057
f 4949 4994 4950
f 4950 4994 5165
f 4950 5165 5084
f 4951 4952 4953
f 4952 4987 5146
f 4952 5146 4953
f 4953 5146 5147
f 4953 5147 5102
f 4954 5002 5161
f 4954 5161 5113
f 4955 4989 4991
f 4955 4991 4956
f 4956 4991 5157
f 4956 5157 5156
f 4957 5000 5136
f 4957 5136 5097
f 4960 4999 5170
f 4960 5170 5169
f 4961 5213 4962
f 4962 5213 5182
f 4962 5182 5139
f 4964 5016 5427
f 4964 5427 5370
f 4964 5370 5155
f 4965 5191 5133
f 4965 5133 5089
f 4967 5008 5206
f 4967 5206 4970
f 4967 4970 4968
f 4968 4970 4969
f 4969 4970 5176
f 4969 5176 5127
f 4970 5206 5207
f 4970 5207 5176
f 4971 5022 5121
f 4972 5012 5014
f 4972 5014 5153
f 4973 5010 5011
f 4973 5011 5159
f 4973 5159 4974
f 4973 5009 5010
f 4974 5159 5160
f 4975 5229 5132
f 4977 5080 5193
f 4978 5017 5019
f 4978 5019 4980
f 4979 4980 4981
f 4980 5019 4982
f 4980 4982 4981
f 4981 4982 5184
f 4981 5184 5142
f 4982 5019 5021
f 4982 5021 5219
f 4982 5219 5184
f 4983 4984 5178
f 4984 5026 5216
f 4984 5216 5179
f 4984 5179 5178
f 4985 4986 4988
f 4985 4988 4987
f 4986 5034 5224
f 4986 5224 4988
f 4986 5032 5034
f 4987 4988 5187
f 4987 5187 5146
f 4988 5224 5188
f 4988 5188 5187
f 4989 5029 4990
f 4989 4990 4991
f 4990 5029 5031
f 4990 5031 5230
f 4990 5230 5192
f 4990 5192 4991
f 4991 5192 5157
f 4992 5039 5040
f 4992 5040 4993
f 4993 5040 5251
f 4993 5251 5158
f 4993 5158 5114
f 4994 5038 5164
f 4994 5164 5165
f 4995 5132 4997
f 4995 4997 4996
f 4996 4997 5057
f 4997 5132 5408
f 4997 5408 5151
f 4997 5151 5057
f 4998 5041 5243
f 4998 5243 5201
f 4998 5201 4999
f 4999 5201 5170
f 5000 5001 5136
f 5001 5047 5189
f 5001 5189 5190
f 5001 5190 5136
f 5002 5089 5161
f 5003 5053 5140
f 5003 5140 5042
f 5005 5043 5276
f 5005 5276 5006
f 5006 5276 5234
f 5006 5234 5199
f 5007 5057 5210
f 5007 5210 5163
f 5007 5163 5112
f 5008 5205 5206
f 5008 5051 5205
f 5009 5055 5010
f 5010 5055 5240
f 5010 5240 5195
f 5010 5195 5011
f 5011 5195 5196
f 5011 5196 5159
f 5012 5013 5014
f 5013 5058 5231
f 5013 5231 5014
f 5014 5231 5232
f 5014 5232 5154
f 5014 5154 5153
f 5015 5072 5222
f 5015 5222 5168
f 5015 5168 5022
f 5016 5325 5427
f 5017 5018 5020
f 5017 5020 5019
f 5018 5062 5256
f 5018 5256 5257
f 5018 5257 5020
f 5018 5060 5062
f 5019 5020 5021
f 5020 5257 5220
f 5020 5220 5021
f 5021 5220 5219
f 5022 5168 5437
f 5022 5437 5332
f 5022 5332 5121
f 5023 5081 5172
f 5025 5067 5027
f 5025 5027 5026
f 5026 5027 5216
f 5027 5067 5254
f 5027 5254 5217
f 5027 5217 5216
f 5028 5064 5030
f 5028 5030 5029
f 5029 5030 5031
f 5030 5064 5065
f 5030 5065 5031
f 5031 5065 5271
f 5031 5271 5230
f 5032 5033 5034
f 5033 5071 5223
f 5033 5223 5034
f 5033 5069 5071
f 5034 5223 5225
f 5034 5225 5224
f 5035 5075 5197
f 5035 5197 5162
f 5038 5082 5203
f 5038 5203 5164
f 5039 5084 5040
f 5040 5084 5120
f 5040 5120 5251
f 5041 5074 5279
f 5041 5279 5243
f 5042 5140 5181
f 5043 5077 5044
f 5043 5044 5276
f 5044 5078 5276
f 5044 5077 5078
f 5046 5086 5227
f 5046 5227 5047
f 5047 5227 5189
f 5048 5293 5404
f 5050 5087 5088
f 5050 5088 5052
f 5050 5052 5051
f 5051 5052 5205
f 5052 5088 5288
f 5052 5288 5250
f 5052 5250 5205
f 5053 5155 5246
f 5053 5246 5140
f 5055 5091 5056
f 5055 5056 5240
f 5056 5092 5285
f 5056 5285 5241
f 5056 5241 5240
f 5056 5091 5092
f 5057 5151 5210
f 5058 5097 5281
f 5058 5281 5231
f 5060 5061 5062
f 5061 5093 5095
f 5061 5095 5062
f 5062 5095 5258
f 5062 5258 5259
f 5062 5259 5256
f 5063 5110 5194
f 5063 5194 5324
f 5063 5324 5397
f 5063 5397 5191
f 5063 5191 5110
f 5064 5096 5270
f 5064 5270 5065
f 5065 5270 5271
f 5066 5103 5068
f 5066 5068 5067
f 5067 5068 5254
f 5068 5103 5295
f 5068 5295 5255
f 5068 5255 5254
f 5069 5070 5071
f 5070 5106 5261
f 5070 5261 5071
f 5071 5261 5262
f 5071 5262 5223
f 5072 5112 5222
f 5074 5108 5320
f 5074 5320 5279
f 5075 5111 5248
f 5075 5248 5197
f 5076 5098 5078
f 5076 5078 5077
f 5078 5098 5079
f 5078 5079 5347
f 5078 5347 5543
f 5078 5543 5276
f 5079 5098 5099
f 5079 5099 5100
f 5079 5100 5346
f 5079 5346 5347
f 5080 5114 5236
f 5080 5236 5193
f 5081 5121 5226
f 5081 5226 5172
f 5082 5162 5297
f 5082 5297 5203
f 5084 5165 5120
f 5085 5119 5266
f 5085 5266 5086
f 5086 5266 5267
f 5086 5267 5227
f 5087 5118 5088
f 5088 5118 5289
f 5088 5289 5288
f 5089 5133 5253
f 5089 5253 5161
f 5091 5129 5092
f 5092 5129 5130
f 5092 5130 5131
f 5092 5131 5285
f 5093 5094 5300
f 5093 5300 5095
f 5094 5126 5128
f 5094 5128 5336
f 5094 5336 5300
f 5095 5300 5301
f 5095 5301 5258
f 5096 5124 5313
f 5096 5313 5270
f 5097 5136 5137
f 5097 5137 5281
f 5099 5123 5372
f 5099 5372 5346
f 5099 5346 5100
f 5102 5147 5104
f 5102 5104 5103
f 5103 5104 5295
f 5104 5147 5340
f 5104 5340 5296
f 5104 5296 5295
f 5105 5143 5107
f 5105 5107 5106
f 5106 5107 5307
f 5106 5307 5261
f 5107 5143 5349
f 5107 5349 5308
f 5107 5308 5307
f 5108 5138 5319
f 5108 5319 5320
f 5109 5333 5304
f 5110 5193 5194
f 5111 5153 5291
f 5111 5291 5248
f 5112 5163 5275
f 5112 5275 5222
f 5113 5161 5330
f 5113 5330 5331
f 5113 5331 5229
f 5114 5158 5290
f 5114 5290 5236
f 5118 5156 5327
f 5118 5327 5289
f 5119 5160 5316
f 5119 5316 5268
f 5119 5268 5266
f 5120 5165 5294
f 5120 5294 5251
f 5121 5332 5432
f 5121 5432 5226
f 5122 5166 5123
f 5123 5166 5167
f 5123 5167 5405
f 5123 5405 5372
f 5124 5169 5125
f 5124 5125 5313
f 5125 5169 5171
f 5125 5171 5387
f 5125 5387 5354
f 5125 5354 5313
f 5126 5127 5128
f 5127 5176 5377
f 5127 5377 5128
f 5128 5377 5337
f 5128 5337 5336
f 5130 5178 5180
f 5130 5180 5328
f 5130 5328 5131
f 5131 5328 5286
f 5131 5286 5285
f 5132 5229 5396
f 5132 5396 5299
f 5132 5299 5408
f 5133 5191 5397
f 5133 5397 5515
f 5133 5515 5253
f 5136 5190 5137
f 5137 5282 5281
f 5137 5190 5326
f 5137 5326 5282
f 5138 5139 5361
f 5138 5361 5319
f 5139 5182 5361
f 5140 5246 5344
f 5140 5344 5181
f 5142 5184 5185
f 5142 5185 5144
f 5143 5144 5349
f 5144 5185 5145
f 5144 5145 5349
f 5145 5185 5385
f 5145 5385 5386
f 5145 5386 5350
f 5145 5350 5349
f 5146 5187 5148
f 5146 5148 5147
f 5147 5148 5340
f 5148 5187 5380
f 5148 5380 5341
f 5148 5341 5340
f 5151 5408 5409
f 5151 5409 5473
f 5151 5473 5264
f 5151 5264 5210
f 5152 5265 5293
f 5153 5154 5291
f 5154 5232 5334
f 5154 5334 5292
f 5154 5292 5291
f 5155 5370 5465
f 5155 5465 5549
f 5155 5549 5246
f 5156 5157 5363
f 5156 5363 5327
f 5157 5192 5402
f 5157 5402 5363
f 5158 5251 5384
f 5158 5384 5290
f 5159 5196 5358
f 5159 5358 5160
f 5160 5358 5316
f 5161 5253 5330
f 5162 5197 5351
f 5162 5351 5297
f 5163 5210 5371
f 5163 5371 5322
f 5163 5322 5275
f 5164 5203 5390
f 5164 5390 5345
f 5164 5345 5165
f 5165 5345 5294
f 5168 5222 5431
f 5168 5431 5526
f 5168 5526 5437
f 5169 5170 5171
f 5170 5201 5202
f 5170 5202 5171
f 5171 5202 5422
f 5171 5422 5387
f 5172 5226 5325
f 5173 5198 5174
f 5173 5174 5400
f 5174 5474 5649
f 5174 5649 5401
f 5174 5401 5400
f 5174 5198 5474
f 5176 5207 5378
f 5176 5378 5377
f 5178 5179 5180
f 5179 5218 5364
f 5179 5364 5180
f 5179 5216 5218
f 5180 5364 5328
f 5181 5344 5374
f 5181 5374 5265
f 5182 5213 5214
f 5182 5214 5393
f 5182 5393 5361
f 5184 5219 5186
f 5184 5186 5185
f 5185 5186 5385
f 5186 5221 5424
f 5186 5424 5385
f 5186 5219 5221
f 5187 5188 5380
f 5188 5224 5419
f 5188 5419 5381
f 5188 5381 5380
f 5189 5228 5366
f 5189 5366 5190
f 5189 5227 5228
f 5190 5366 5326
f 5192 5230 5444
f 5192 5444 5402
f 5193 5236 5194
f 5194 5236 5414
f 5194 5414 5415
f 5194 5415 5369
f 5194 5369 5324
f 5195 5240 5242
f 5195 5242 5391
f 5195 5391 5196
f 5196 5391 5359
f 5196 5359 5358
f 5197 5389 5351
f 5197 5248 5389
f 5199 5234 5235
f 5199 5235 5200
f 5199 5200 5410
f 5200 5235 5480
f 5200 5480 5447
f 5200 5447 5446
f 5200 5446 5410
f 5201 5243 5244
f 5201 5244 5202
f 5202 5244 5458
f 5202 5458 5422
f 5203 5297 5252
f 5203 5252 5390
f 5204 5404 5842
f 5204 5842 5619
f 5204 5619 8756
f 5204 8756 8746
f 5204 8746 8734
f 5205 5250 5208
f 5205 5208 5206
f 5206 5208 5207
f 5207 5208 5416
f 5207 5416 5378
f 5208 5250 5454
f 5208 5454 5416
f 5210 5264 5371
f 5212 5247 5215
f 5212 5215 5213
f 5213 5215 5214
f 5214 5215 5435
f 5214 5435 5394
f 5214 5394 5393
f 5215 5247 5468
f 5215 5468 5435
f 5216 5217 5218
f 5217 5254 5449
f 5217 5449 5406
f 5217 5406 5218
f 5218 5406 5407
f 5218 5407 5364
f 5219 5220 5221
f 5220 5257 5260
f 5220 5260 5423
f 5220 5423 5221
f 5221 5423 5425
f 5221 5425 5424
f 5222 5275 5431
f 5223 5262 5263
f 5223 5263 5225
f 5224 5225 5419
f 5225 5263 5420
f 5225 5420 5419
f 5226 5432 5325
f 5227 5267 5228
f 5228 5413 5367
f 5228 5367 5366
f 5228 5267 5413
f 5229 5331 5396
f 5230 5273 5481
f 5230 5481 5444
f 5230 5271 5273
f 5231 5281 5283
f 5231 5283 5232
f 5232 5283 5429
f 5232 5429 5383
f 5232 5383 5334
f 5234 5276 5480
f 5234 5480 5235
f 5236 5290 5414
f 5240 5241 5242
f 5241 5287 5440
f 5241 5440 5242
f 5241 5285 5287
f 5242 5440 5441
f 5242 5441 5391
f 5243 5279 5245
f 5243 5245 5244
f 5244 5245 5458
f 5245 5279 5280
f 5245 5280 5494
f 5245 5494 5459
f 5245 5459 5458
f 5246 5549 5583
f 5246 5583 5344
f 5247 5323 5284
f 5247 5284 5503
f 5247 5503 5468
f 5248 5249 5389
f 5248 5291 5249
f 5249 5291 5292
f 5249 5292 5477
f 5249 5477 5436
f 5249 5436 5389
f 5250 5288 5455
f 5250 5455 5454
f 5251 5294 5430
f 5251 5430 5384
f 5252 5297 5298
f 5252 5298 5438
f 5252 5438 5553
f 5252 5553 5390
f 5253 5515 5428
f 5253 5428 5330
f 5254 5255 5449
f 5255 5487 5450
f 5255 5450 5449
f 5255 5295 5487
f 5256 5259 5260
f 5256 5260 5257
f 5258 5301 5302
f 5258 5302 5259
f 5259 5302 5260
f 5260 5302 5463
f 5260 5463 5464
f 5260 5464 5423
f 5261 5307 5309
f 5261 5309 5262
f 5262 5309 5460
f 5262 5460 5263
f 5263 5460 5461
f 5263 5461 5420
f 5264 5473 5426
f 5264 5426 5371
f 5265 5374 5592
f 5265 5592 5293
f 5266 5268 5269
f 5266 5269 5267
f 5267 5269 5413
f 5268 5316 5317
f 5268 5317 5452
f 5268 5452 5269
f 5269 5452 5453
f 5269 5453 5413
f 5270 5313 5314
f 5270 5314 5272
f 5270 5272 5271
f 5271 5272 5273
f 5272 5314 5315
f 5272 5315 5274
f 5272 5274 5273
f 5273 5274 5481
f 5274 5315 5482
f 5274 5482 5481
f 5275 5322 5431
f 5276 5543 5509
f 5276 5509 5480
f 5279 5320 5280
f 5280 5320 5321
f 5280 5321 5527
f 5280 5527 5494
f 5281 5282 5283
f 5282 5326 5507
f 5282 5507 5470
f 5282 5470 5283
f 5283 5470 5429
f 5284 5323 5565
f 5284 5565 5533
f 5284 5533 5735
f 5284 5735 5701
f 5284 5701 5503
f 5285 5286 5287
f 5286 5328 5329
f 5286 5329 5478
f 5286 5478 5287
f 5287 5478 5479
f 5287 5479 5440
f 5288 5289 5492
f 5288 5492 5455
f 5289 5327 5521
f 5289 5521 5492
f 5290 5384 5504
f 5290 5504 5414
f 5292 5334 5514
f 5292 5514 5477
f 5293 5592 5442
f 5293 5442 5404
f 5294 5345 5472
f 5294 5472 5430
f 5295 5296 5487
f 5296 5340 5342
f 5296 5342 5488
f 5296 5488 5487
f 5297 5351 5298
f 5298 5351 5352
f 5298 5352 5517
f 5298 5517 5438
f 5299 5396 5356
f 5299 5356 5506
f 5299 5506 5408
f 5300 5336 5338
f 5300 5338 5301
f 5301 5338 5303
f 5301 5303 5302
f 5302 5303 5500
f 5302 5500 5463
f 5303 5338 5534
f 5303 5534 5536
f 5303 5536 5500
f 5304 5333 5305
f 5305 5333 5306
f 5306 5333 5519
f 5306 5519 5485
f 5307 5308 5310
f 5307 5310 5309
f 5308 5349 5350
f 5308 5350 5538
f 5308 5538 5310
f 5309 5310 5498
f 5309 5498 5460
f 5310 5538 5499
f 5310 5499 5498
f 5313 5354 5314
f 5314 5354 5355
f 5314 5355 5315
f 5315 5355 5547
f 5315 5547 5511
f 5315 5511 5482
f 5316 5358 5360
f 5316 5360 5317
f 5317 5360 5495
f 5317 5495 5496
f 5317 5496 5452
f 5318 5528 5529
f 5318 5529 5502
f 5318 5502 5467
f 5319 5361 5362
f 5319 5362 5321
f 5319 5321 5320
f 5321 5362 5556
f 5321 5556 5527
f 5322 5371 5570
f 5322 5570 5669
f 5322 5669 5431
f 5324 5369 5531
f 5324 5531 5490
f 5324 5490 5397
f 5325 5432 5375
f 5325 5375 5427
f 5326 5368 5507
f 5326 5366 5368
f 5327 5363 5560
f 5327 5560 5521
f 5328 5364 5365
f 5328 5365 5329
f 5329 5365 5512
f 5329 5512 5513
f 5329 5513 5478
f 5330 5428 5541
f 5330 5541 5331
f 5331 5541 5491
f 5331 5491 5396
f 5332 5437 5665
f 5332 5665 5432
f 5334 5383 5514
f 5336 5337 5339
f 5336 5339 5338
f 5337 5377 5379
f 5337 5379 5567
f 5337 5567 5339
f 5338 5339 5534
f 5339 5567 5535
f 5339 5535 5534
f 5340 5341 5342
f 5341 5380 5382
f 5341 5382 5524
f 5341 5524 5342
f 5342 5524 5525
f 5342 5525 5488
f 5344 5583 5666
f 5344 5666 5374
f 5345 5390 5510
f 5345 5510 5472
f 5346 5372 5348
f 5346 5348 5347
f 5347 5348 5543
f 5348 5372 5566
f 5348 5566 5543
f 5350 5386 5539
f 5350 5539 5538
f 5351 5389 5352
f 5352 5389 5436
f 5352 5436 5554
f 5352 5554 5517
f 5354 5387 5581
f 5354 5581 5355
f 5355 5581 5548
f 5355 5548 5547
f 5356 5396 5593
f 5356 5593 5506
f 5358 5359 5360
f 5359 5392 5530
f 5359 5530 5360
f 5359 5391 5392
f 5360 5530 5495
f 5361 5393 5395
f 5361 5395 5362
f 5362 5395 5557
f 5362 5557 5556
f 5363 5402 5598
f 5363 5598 5560
f 5364 5407 5365
f 5365 5407 5550
f 5365 5550 5551
f 5365 5551 5512
f 5366 5367 5368
f 5367 5413 5584
f 5367 5584 5544
f 5367 5544 5368
f 5368 5544 5508
f 5368 5508 5507
f 5369 5415 5577
f 5369 5577 5531
f 5370 5427 5612
f 5370 5612 5559
f 5370 5559 5465
f 5371 5426 5570
f 5372 5405 5373
f 5372 5373 5566
f 5373 5405 5627
f 5373 5627 5566
f 5374 5666 5699
f 5374 5699 5592
f 5375 5432 5665
f 5375 5665 5711
f 5375 5711 5612
f 5375 5612 5427
f 5377 5378 5379
f 5378 5416 5417
f 5378 5417 5379
f 5379 5417 5568
f 5379 5568 5567
f 5380 5381 5382
f 5381 5419 5421
f 5381 5421 5563
f 5381 5563 5382
f 5382 5563 5564
f 5382 5564 5524
f 5383 5429 5552
f 5383 5552 5514
f 5384 5430 5588
f 5384 5588 5545
f 5384 5545 5504
f 5385 5424 5571
f 5385 5571 5386
f 5386 5571 5572
f 5386 5572 5539
f 5387 5422 5613
f 5387 5613 5581
f 5390 5553 5510
f 5391 5441 5392
f 5392 5574 5530
f 5392 5441 5611
f 5392 5611 5574
f 5393 5394 5395
f 5394 5435 5625
f 5394 5625 5595
f 5394 5595 5395
f 5395 5595 5557
f 5396 5491 5593
f 5397 5490 5555
f 5397 5555 5515
f 5401 5649 5685
f 5402 5444 5403
f 5402 5403 5598
f 5403 5444 5445
f 5403 5445 5628
f 5403 5628 5599
f 5403 5599 5598
f 5404 5442 5748
f 5404 5748 5842
f 5405 5658 5627
f 5406 5449 5450
f 5406 5450 5451
f 5406 5451 5590
f 5406 5590 5407
f 5407 5590 5591
f 5407 5591 5550
f 5408 5506 5652
f 5408 5652 5409
f 5409 5652 5558
f 5409 5558 5473
f 5410 5446 5411
f 5411 5446 5412
f 5412 5446 5655
f 5412 5655 5656
f 5413 5453 5584
f 5414 5504 5505
f 5414 5505 5415
f 5415 5505 5616
f 5415 5616 5577
f 5416 5454 5418
f 5416 5418 5417
f 5417 5418 5605
f 5417 5605 5568
f 5418 5454 5456
f 5418 5456 5637
f 5418 5637 5605
f 5419 5420 5421
f 5420 5461 5603
f 5420 5603 5421
f 5421 5603 5604
f 5421 5604 5563
f 5422 5458 5614
f 5422 5614 5613
f 5423 5464 5640
f 5423 5640 5425
f 5424 5425 5607
f 5424 5607 5571
f 5425 5640 5608
f 5425 5608 5607
f 5426 5473 5660
f 5426 5660 5570
f 5428 5515 5516
f 5428 5516 5617
f 5428 5617 5541
f 5429 5470 5630
f 5429 5630 5552
f 5430 5472 5671
f 5430 5671 5588
f 5431 5669 5576
f 5431 5576 5526
f 5434 5629 5600
f 5434 5466 5668
f 5434 5668 5629
f 5435 5469 5625
f 5435 5468 5469
f 5436 5477 5597
f 5436 5597 5554
f 5437 5526 5723
f 5437 5723 5665
f 5438 5517 5632
f 5438 5632 5594
f 5438 5594 5553
f 5440 5479 5610
f 5440 5610 5441
f 5441 5610 5611
f 5442 5728 5748
f 5442 5592 5728
f 5444 5481 5445
f 5445 5481 5483
f 5445 5483 5670
f 5445 5670 5628
f 5446 5447 5448
f 5446 5448 5655
f 5447 5480 5448
f 5448 5480 5694
f 5448 5694 5695
f 5448 5695 5655
f 5450 5487 5489
f 5450 5489 5451
f 5451 5489 5622
f 5451 5622 5623
f 5451 5623 5590
f 5452 5496 5620
f 5452 5620 5453
f 5453 5620 5585
f 5453 5585 5584
f 5454 5455 5456
f 5455 5492 5493
f 5455 5493 5456
f 5456 5493 5638
f 5456 5638 5637
f 5458 5459 5650
f 5458 5650 5614
f 5459 5494 5688
f 5459 5688 5650
f 5460 5498 5462
f 5460 5462 5461
f 5461 5462 5634
f 5461 5634 5603
f 5462 5498 5674
f 5462 5674 5635
f 5462 5635 5634
f 5463 5500 5501
f 5463 5501 5464
f 5464 5501 5641
f 5464 5641 5640
f 5465 5559 5648
f 5465 5648 5549
f 5466 5467 5668
f 5467 5502 5704
f 5467 5704 5668
f 5468 5503 5469
f 5469 5661 5625
f 5469 5503 5701
f 5469 5701 5661
f 5470 5507 5471
f 5470 5471 5630
f 5471 5507 5508
f 5471 5508 5673
f 5471 5673 5631
f 5471 5631 5630
f 5472 5510 5671
f 5473 5558 5660
f 5474 5475 5649
f 5475 5684 5683
f 5475 5683 5649
f 5477 5514 5633
f 5477 5633 5597
f 5478 5513 5646
f 5478 5646 5479
f 5479 5646 5647
f 5479 5647 5610
f 5480 5509 5694
f 5481 5482 5483
f 5482 5511 5483
f 5483 5511 5707
f 5483 5707 5708
f 5483 5708 5670
f 5485 5519 5486
f 5486 5519 5697
f 5487 5488 5489
f 5488 5525 5663
f 5488 5663 5489
f 5489 5663 5622
f 5490 5531 5692
f 5490 5692 5601
f 5490 5601 5555
f 5491 5542 5687
f 5491 5687 5593
f 5491 5541 5542
f 5492 5521 5522
f 5492 5522 5493
f 5493 5522 5677
f 5493 5677 5638
f 5494 5527 5727
f 5494 5727 5688
f 5495 5530 5705
f 5495 5705 5662
f 5495 5662 5496
f 5496 5662 5621
f 5496 5621 5620
f 5498 5499 5674
f 5499 5540 5675
f 5499 5675 5674
f 5499 5538 5540
f 5500 5536 5681
f 5500 5681 5501
f 5501 5681 5682
f 5501 5682 5641
f 5502 5529 5736
f 5502 5736 5704
f 5504 5545 5505
f 5505 5546 5706
f 5505 5706 5813
f 5505 5813 5616
f 5505 5545 5546
f 5506 5593 5744
f 5506 5744 5703
f 5506 5703 5652
f 5508 5719 5673
f 5508 5544 5719
f 5509 5543 5762
f 5509 5762 5964
f 5509 5964 5694
f 5510 5553 5721
f 5510 5721 5671
f 5511 5547 5707
f 5512 5551 5689
f 5512 5689 5513
f 5513 5689 5690
f 5513 5690 5646
f 5514 5552 5679
f 5514 5679 5633
f 5515 5555 5516
f 5516 5555 5712
f 5516 5712 5714
f 5516 5714 5617
f 5517 5554 5678
f 5517 5678 5632
f 5519 5732 5697
f 5521 5560 5523
f 5521 5523 5522
f 5522 5523 5716
f 5522 5716 5677
f 5523 5560 5561
f 5523 5561 5750
f 5523 5750 5716
f 5524 5564 5709
f 5524 5709 5525
f 5525 5709 5710
f 5525 5710 5663
f 5526 5576 5931
f 5526 5931 5865
f 5526 5865 5723
f 5527 5556 5763
f 5527 5763 5727
f 5528 5772 5529
f 5529 5772 5736
f 5530 5574 5705
f 5531 5579 5691
f 5531 5691 5692
f 5531 5577 5579
f 5533 5770 5771
f 5533 5771 5735
f 5533 5565 5770
f 5534 5535 5536
f 5535 5537 5536
f 5535 5567 5569
f 5535 5569 5755
f 5535 5755 5537
f 5536 5537 5681
f 5537 5755 5724
f 5537 5724 5681
f 5538 5539 5540
f 5539 5572 5717
f 5539 5717 5540
f 5540 5717 5718
f 5540 5718 5675
f 5541 5617 5733
f 5541 5733 5542
f 5542 5733 5893
f 5542 5893 5687
f 5543 5566 5788
f 5543 5788 5762
f 5544 5586 5719
f 5544 5584 5586
f 5545 5588 5546
f 5546 5588 5589
f 5546 5589 5747
f 5546 5747 5706
f 5547 5548 5739
f 5547 5739 5738
f 5547 5738 5707
f 5548 5581 5582
f 5548 5582 5779
f 5548 5779 5739
f 5549 5648 5737
f 5549 5737 5583
f 5550 5591 5730
f 5550 5730 5551
f 5551 5730 5731
f 5551 5731 5689
f 5552 5630 5765
f 5552 5765 5679
f 5553 5594 5721
f 5554 5597 5726
f 5554 5726 5678
f 5555 5601 5759
f 5555 5759 5712
f 5556 5557 5763
f 5557 5595 5596
f 5557 5596 5764
f 5557 5764 5763
f 5558 5652 5800
f 5558 5800 5923
f 5558 5923 5660
f 5559 5612 5749
f 5559 5749 5648
f 5560 5598 5561
f 5561 5598 5599
f 5561 5599 5789
f 5561 5789 5750
f 5563 5604 5564
f 5564 5604 5781
f 5564 5781 5740
f 5564 5740 5709
f 5565 5600 5770
f 5566 5627 5788
f 5567 5568 5569
f 5568 5605 5606
f 5568 5606 5569
f 5569 5606 5756
f 5569 5756 5755
f 5570 5660 5807
f 5570 5807 5669
f 5571 5607 5573
f 5571 5573 5572
f 5572 5573 5751
f 5572 5751 5717
f 5573 5607 5790
f 5573 5790 5791
f 5573 5791 5751
f 5574 5611 5742
f 5574 5742 5743
f 5574 5743 5705
f 5576 5669 5809
f 5576 5809 5931
f 5577 5616 5578
f 5577 5578 5579
f 5578 5616 5777
f 5578 5777 5579
f 5579 5777 5693
f 5579 5693 5691
f 5581 5613 5582
f 5582 5613 5615
f 5582 5615 5808
f 5582 5808 5779
f 5583 5737 5773
f 5583 5773 5666
f 5584 5585 5586
f 5585 5620 5795
f 5585 5795 5758
f 5585 5758 5586
f 5586 5758 5720
f 5586 5720 5719
f 5588 5671 5589
f 5589 5671 5672
f 5589 5672 5833
f 5589 5833 5747
f 5590 5623 5768
f 5590 5768 5591
f 5591 5768 5769
f 5591 5769 5730
f 5592 5699 5728
f 5593 5687 5792
f 5593 5792 5744
f 5594 5632 5797
f 5594 5797 5722
f 5594 5722 5721
f 5595 5625 5596
f 5596 5625 5626
f 5596 5626 5794
f 5596 5794 5764
f 5597 5633 5803
f 5597 5803 5726
f 5599 5628 5823
f 5599 5823 5789
f 5600 5629 5837
f 5600 5837 5770
f 5601 5645 5759
f 5601 5692 5643
f 5601 5643 5645
f 5603 5634 5636
f 5603 5636 5604
f 5604 5636 5782
f 5604 5782 5781
f 5605 5637 5639
f 5605 5639 5606
f 5606 5639 5793
f 5606 5793 5756
f 5607 5608 5790
f 5608 5642 5828
f 5608 5828 5790
f 5608 5640 5642
f 5610 5647 5785
f 5610 5785 5611
f 5611 5785 5742
f 5612 5711 5853
f 5612 5853 5749
f 5613 5614 5615
f 5614 5650 5651
f 5614 5651 5615
f 5615 5651 5849
f 5615 5849 5808
f 5616 5813 5777
f 5617 5714 5817
f 5617 5817 5818
f 5617 5818 5733
f 5619 5811 8756
f 5619 5842 5936
f 5619 5936 5811
f 5620 5621 5795
f 5621 5662 5838
f 5621 5838 5796
f 5621 5796 5795
f 5622 5663 5664
f 5622 5664 5845
f 5622 5845 5623
f 5623 5845 5805
f 5623 5805 5768
f 5625 5661 5825
f 5625 5825 5626
f 5626 5825 5826
f 5626 5826 5794
f 5627 5658 5659
f 5627 5659 5854
f 5627 5854 5788
f 5628 5670 5862
f 5628 5862 5823
f 5629 5668 5883
f 5629 5883 5837
f 5630 5631 5765
f 5631 5673 5802
f 5631 5802 5766
f 5631 5766 5765
f 5632 5678 5841
f 5632 5841 5797
f 5633 5679 5680
f 5633 5680 5803
f 5634 5635 5814
f 5634 5814 5636
f 5635 5674 5676
f 5635 5676 5860
f 5635 5860 5814
f 5636 5814 5815
f 5636 5815 5782
f 5637 5638 5831
f 5637 5831 5639
f 5638 5677 5877
f 5638 5877 5831
f 5639 5831 5832
f 5639 5832 5793
f 5640 5641 5642
f 5641 5682 5642
f 5642 5682 5875
f 5642 5875 5828
f 5643 5692 5693
f 5643 5693 5734
f 5643 5734 5644
f 5643 5644 5645
f 5644 5734 5847
f 5644 5847 5799
f 5644 5799 5798
f 5644 5798 5645
f 5645 5798 5759
f 5646 5690 5820
f 5646 5820 5647
f 5647 5820 5821
f 5647 5821 5785
f 5648 5749 5787
f 5648 5787 5737
f 5649 5683 5685
f 5650 5688 5897
f 5650 5897 5651
f 5651 5897 5850
f 5651 5850 5849
f 5652 5703 5800
f 5655 5695 5656
f 5656 5695 5657
f 5656 5657 5885
f 5657 5695 5696
f 5657 5696 5886
f 5657 5886 5885
f 5659 5934 5935
f 5659 5935 5855
f 5659 5855 5854
f 5660 5923 5858
f 5660 5858 5807
f 5661 5701 5702
f 5661 5702 5866
f 5661 5866 5825
f 5662 5887 5838
f 5662 5705 5887
f 5663 5710 5900
f 5663 5900 5664
f 5664 5900 5846
f 5664 5846 5845
f 5665 5723 5859
f 5665 5859 5972
f 5665 5972 5711
f 5666 5773 5856
f 5666 5856 5699
f 5668 5704 5883
f 5669 5807 5925
f 5669 5925 5809
f 5670 5708 5863
f 5670 5863 5862
f 5671 5721 5672
f 5672 5721 5722
f 5672 5722 5890
f 5672 5890 5833
f 5673 5719 5843
f 5673 5843 5802
f 5674 5675 5676
f 5675 5718 5912
f 5675 5912 5676
f 5676 5912 5861
f 5676 5861 5860
f 5677 5716 5917
f 5677 5917 5877
f 5678 5726 5904
f 5678 5904 5841
f 5679 5765 5725
f 5679 5725 5680
f 5680 5725 5848
f 5680 5848 5804
f 5680 5804 5803
f 5681 5724 5682
f 5682 5724 5920
f 5682 5920 5875
f 5683 5684 5686
f 5683 5686 5685
f 5684 5906 5686
f 5685 5686 5906
f 5685 5906 5907
f 5687 5893 5895
f 5687 5895 5839
f 5687 5839 5792
f 5688 5727 5898
f 5688 5898 5897
f 5689 5731 5867
f 5689 5867 5690
f 5690 5867 5868
f 5690 5868 5820
f 5691 5693 5692
f 5693 5777 5734
f 5694 5964 5926
f 5694 5926 5696
f 5694 5696 5695
f 5696 5926 5927
f 5696 5927 5886
f 5697 5732 5698
f 5697 5698 5879
f 5698 6123 6088
f 5698 6088 5880
f 5698 5880 5879
f 5699 5856 5892
f 5699 5892 5728
f 5701 5735 5702
f 5702 5735 5951
f 5702 5951 5952
f 5702 5952 5866
f 5703 5744 5908
f 5703 5908 5852
f 5703 5852 5800
f 5704 5736 6120
f 5704 6120 5883
f 5705 5743 5887
f 5706 5747 5924
f 5706 5924 5812
f 5706 5812 5813
f 5707 5738 5910
f 5707 5910 5708
f 5708 5910 5911
f 5708 5911 5863
f 5709 5740 5741
f 5709 5741 5710
f 5710 5741 5901
f 5710 5901 5900
f 5711 5972 5853
f 5712 5759 5760
f 5712 5760 5761
f 5712 5761 5713
f 5712 5713 5714
f 5713 5761 5872
f 5713 5872 5871
f 5713 5871 5714
f 5714 5871 5873
f 5714 5873 5817
f 5716 5750 5961
f 5716 5961 5917
f 5717 5751 5752
f 5717 5752 5718
f 5718 5752 5913
f 5718 5913 5912
f 5719 5720 5843
f 5720 5758 5943
f 5720 5943 5903
f 5720 5903 5843
f 5722 5797 5890
f 5723 5865 5977
f 5723 5977 5859
f 5724 5757 5920
f 5724 5755 5757
f 5725 5765 5766
f 5725 5766 5905
f 5725 5905 5848
f 5726 5803 5946
f 5726 5946 5904
f 5727 5763 5938
f 5727 5938 5898
f 5728 5892 5857
f 5728 5857 5748
f 5730 5769 5914
f 5730 5914 5731
f 5731 5914 5915
f 5731 5915 5867
f 5733 5818 5774
f 5733 5774 5775
f 5733 5775 5893
f 5734 5777 5778
f 5734 5778 5955
f 5734 5955 5847
f 5735 5771 5951
f 5736 5772 5959
f 5736 5959 6120
f 5737 5787 5997
f 5737 5997 5884
f 5737 5884 5773
f 5738 5739 5910
f 5739 5779 5990
f 5739 5990 5953
f 5739 5953 5910
f 5740 5781 5783
f 5740 5783 5940
f 5740 5940 5741
f 5741 5940 5941
f 5741 5941 5901
f 5742 5785 5786
f 5742 5786 5937
f 5742 5937 5743
f 5743 5937 5888
f 5743 5888 5887
f 5744 5792 5908
f 5747 5833 5973
f 5747 5973 5924
f 5748 5857 5891
f 5748 5891 5842
f 5749 5853 5958
f 5749 5958 5787
f 5750 5789 5960
f 5750 5960 5961
f 5751 5791 5956
f 5751 5956 5752
f 5752 5956 5957
f 5752 5957 5913
f 5755 5756 5965
f 5755 5965 5757
f 5756 5793 6000
f 5756 6000 5965
f 5757 5965 5966
f 5757 5966 5921
f 5757 5921 5920
f 5758 5942 5943
f 5758 5795 5942
f 5759 5798 5760
f 5760 5799 5761
f 5760 5798 5799
f 5761 5799 6017
f 5761 6017 6126
f 5761 6126 5872
f 5762 5788 5994
f 5762 5994 5964
f 5763 5764 5938
f 5764 5794 5975
f 5764 5975 5938
f 5766 5802 5992
f 5766 5992 5905
f 5768 5805 5969
f 5768 5969 5769
f 5769 5969 5970
f 5769 5970 5914
f 5770 5837 5771
f 5771 5837 6019
f 5771 6019 5989
f 5771 5989 5951
f 5772 5801 6026
f 5772 6026 5959
f 5773 5884 5978
f 5773 5978 5856
f 5774 5818 5819
f 5774 5819 5776
f 5774 5776 5948
f 5774 5948 5775
f 5775 5948 5893
f 5776 5874 6144
f 5776 6144 5949
f 5776 5949 5948
f 5776 5819 5874
f 5777 5813 5778
f 5778 5870 6084
f 5778 6084 5955
f 5778 5813 5870
f 5779 5808 6022
f 5779 6022 5990
f 5781 5782 5783
f 5782 5815 5984
f 5782 5984 5783
f 5783 5984 5985
f 5783 5985 5940
f 5785 5821 5786
f 5786 5821 5979
f 5786 5979 5980
f 5786 5980 5937
f 5787 5958 5997
f 5788 5854 5855
f 5788 5855 6085
f 5788 6085 6260
f 5788 6260 5994
f 5789 5823 5998
f 5789 5998 5960
f 5790 5828 5791
f 5791 5828 5995
f 5791 5995 5956
f 5792 5839 6007
f 5792 6007 5967
f 5792 5967 5908
f 5793 5832 6038
f 5793 6038 6000
f 5794 5826 6010
f 5794 6010 5975
f 5795 5796 5942
f 5796 5838 6028
f 5796 6028 5988
f 5796 5988 5942
f 5797 5841 5987
f 5797 5987 5890
f 5799 5847 6017
f 5800 5852 6013
f 5800 6013 5923
f 5801 5835 6026
f 5802 5843 6032
f 5802 6032 5992
f 5803 5804 5946
f 5804 5848 5991
f 5804 5991 5947
f 5804 5947 5946
f 5805 5845 6042
f 5805 6042 6003
f 5805 6003 5969
f 5807 5858 5925
f 5808 5849 6023
f 5808 6023 6022
f 5809 5925 5864
f 5809 5864 5982
f 5809 5982 5931
f 5811 5830 8756
f 5811 5936 6057
f 5811 6057 6077
f 5811 6077 5830
f 5812 5924 5870
f 5812 5870 5813
f 5814 5860 5816
f 5814 5816 5815
f 5815 5816 6015
f 5815 6015 5984
f 5816 5860 6056
f 5816 6056 6016
f 5816 6016 6015
f 5817 5873 5819
f 5817 5819 5818
f 5819 5873 5874
f 5820 5868 5822
f 5820 5822 5821
f 5821 5822 5979
f 5822 5868 6051
f 5822 6051 6012
f 5822 6012 5979
f 5823 5862 6035
f 5823 6035 5998
f 5825 5866 6079
f 5825 6079 5827
f 5825 5827 5826
f 5826 5827 6047
f 5826 6047 6046
f 5826 6046 6010
f 5827 6079 6047
f 5828 5875 5829
f 5828 5829 6030
f 5828 6030 5995
f 5829 5875 5876
f 5829 5876 6068
f 5829 6068 6030
f 5830 6077 6083
f 5830 6083 8758
f 5830 8758 8756
f 5831 5877 5878
f 5831 5878 5832
f 5832 5878 6039
f 5832 6039 6038
f 5833 5890 6053
f 5833 6053 5973
f 5835 5879 5881
f 5835 5881 5836
f 5835 5836 6058
f 5835 6058 6026
f 5836 5881 6089
f 5836 6089 6059
f 5836 6059 6058
f 5837 5883 6050
f 5837 6050 6019
f 5838 5889 6028
f 5838 5887 5889
f 5839 5895 5896
f 5839 5896 6006
f 5839 6006 6007
f 5841 5904 6024
f 5841 6024 5987
f 5842 5891 6149
f 5842 6149 5936
f 5843 5903 6032
f 5845 5846 6042
f 5846 5900 5902
f 5846 5902 6043
f 5846 6043 6042
f 5847 5955 6103
f 5847 6103 6017
f 5848 5905 6075
f 5848 6075 5991
f 5849 5850 6061
f 5849 6061 6023
f 5850 5897 5899
f 5850 5899 6092
f 5850 6092 6061
f 5852 5908 6106
f 5852 6106 6062
f 5852 6062 6013
f 5853 5972 6055
f 5853 6055 5958
f 5855 5935 6085
f 5856 5978 6004
f 5856 6004 5892
f 5857 5892 6034
f 5857 6034 6183
f 5857 6183 5891
f 5858 5923 6114
f 5858 6114 6071
f 5858 6071 6020
f 5858 6020 5925
f 5859 5977 6063
f 5859 6063 6014
f 5859 6014 5972
f 5860 5861 6056
f 5861 6093 6094
f 5861 6094 6056
f 5861 5912 6093
f 5862 5863 6070
f 5862 6070 6035
f 5863 5911 6098
f 5863 6098 6070
f 5864 5925 6119
f 5864 6119 6025
f 5864 6025 5982
f 5865 5932 5977
f 5865 5931 5932
f 5866 5952 6113
f 5866 6113 6079
f 5867 5915 5869
f 5867 5869 5868
f 5868 5869 6051
f 5869 5915 6096
f 5869 6096 6052
f 5869 6052 6051
f 5870 5924 6084
f 5871 5872 5873
f 5872 6126 5874
f 5872 5874 5873
f 5874 6126 6272
f 5874 6272 6144
f 5875 5920 5876
f 5876 5922 6099
f 5876 6099 6068
f 5876 5920 5921
f 5876 5921 5922
f 5877 5917 5918
f 5877 5918 5878
f 5878 5918 6072
f 5878 6072 6039
f 5879 5880 5881
f 5880 6088 5881
f 5881 6088 6089
f 5883 6120 6086
f 5883 6086 6050
f 5884 5997 6078
f 5884 6078 5978
f 5885 5927 5930
f 5885 5930 6303
f 5885 5886 5927
f 5887 5888 5889
f 5888 5937 6101
f 5888 6101 6064
f 5888 6064 5889
f 5889 6064 6029
f 5889 6029 6028
f 5890 5987 6138
f 5890 6138 6053
f 5891 6183 6149
f 5892 6004 6034
f 5893 5948 5894
f 5893 5894 5895
f 5894 5949 5895
f 5894 5948 5949
f 5895 5949 5896
f 5896 5949 6006
f 5897 5898 5899
f 5898 5938 5939
f 5898 5939 5899
f 5899 5939 6127
f 5899 6127 6092
f 5900 5901 5902
f 5901 5941 6081
f 5901 6081 5902
f 5902 6081 6082
f 5902 6082 6043
f 5903 5943 6073
f 5903 6073 6033
f 5903 6033 6032
f 5904 6066 6024
f 5904 5946 6066
f 5905 5992 6111
f 5905 6111 6075
f 5906 6151 5907
f 5907 6151 6314
f 5908 5967 6106
f 5910 5953 5911
f 5911 5954 6098
f 5911 5953 5954
f 5912 5913 6093
f 5913 5957 6128
f 5913 6128 6093
f 5914 5970 5916
f 5914 5916 5915
f 5915 5916 6096
f 5916 5970 6130
f 5916 6130 6097
f 5916 6097 6096
f 5917 5961 5919
f 5917 5919 5918
f 5918 5919 6104
f 5918 6104 6072
f 5919 5961 5962
f 5919 5962 6146
f 5919 6146 6104
f 5921 5966 6142
f 5921 6142 5922
f 5922 6142 6100
f 5922 6100 6099
f 5923 6013 6114
f 5924 5973 5974
f 5924 5974 6084
f 5925 6020 6119
f 5926 5964 5928
f 5926 5928 5927
f 5927 5929 5930
f 5927 5928 5929
f 5928 5964 5929
f 5929 5964 6133
f 5929 6133 5930
f 5930 6133 6132
f 5930 6132 6303
f 5931 5982 5932
f 5932 5982 6118
f 5932 6118 6021
f 5932 6021 5977
f 5935 6536 6507
f 5935 6507 6085
f 5936 6149 6270
f 5936 6270 6057
f 5937 5980 6101
f 5938 5975 5976
f 5938 5976 5939
f 5939 5976 6165
f 5939 6165 6127
f 5940 5985 6115
f 5940 6115 5941
f 5941 6115 6116
f 5941 6116 6081
f 5942 5988 5944
f 5942 5944 5943
f 5943 5944 6073
f 5944 5988 6110
f 5944 6110 6074
f 5944 6074 6073
f 5946 5947 6066
f 5947 5991 6188
f 5947 6188 6105
f 5947 6105 6066
f 5949 6144 6049
f 5949 6049 6006
f 5951 5989 5952
f 5952 5989 6179
f 5952 6179 6360
f 5952 6360 6324
f 5952 6324 6113
f 5953 5990 6135
f 5953 6135 5954
f 5954 6135 6136
f 5954 6136 6098
f 5955 6084 6194
f 5955 6194 6103
f 5956 5995 5996
f 5956 5996 5957
f 5957 5996 6168
f 5957 6168 6129
f 5957 6129 6128
f 5958 6055 6145
f 5958 6145 6045
f 5958 6045 5997
f 5959 6026 6027
f 5959 6027 6221
f 5959 6221 6156
f 5959 6156 6155
f 5959 6155 6120
f 5960 5998 5999
f 5960 5999 5962
f 5960 5962 5961
f 5962 5999 6178
f 5962 6178 6146
f 5964 5994 6171
f 5964 6171 6133
f 5965 6000 6001
f 5965 6001 5966
f 5966 6001 6141
f 5966 6141 6142
f 5967 5968 6106
f 5967 6007 6009
f 5967 6009 5968
f 5968 6009 6153
f 5968 6153 6107
f 5968 6107 6106
f 5969 6003 5971
f 5969 5971 5970
f 5970 5971 6130
f 5971 6003 6173
f 5971 6173 6131
f 5971 6131 6130
f 5972 6014 6055
f 5973 6053 6167
f 5973 6167 5974
f 5974 6167 6124
f 5974 6124 6084
f 5975 6010 6196
f 5975 6196 5976
f 5976 6196 6164
f 5976 6164 6165
f 5977 6021 6063
f 5978 6078 6159
f 5978 6159 6004
f 5979 6012 5981
f 5979 5981 5980
f 5980 5981 6102
f 5980 6102 6101
f 5981 6012 6147
f 5981 6147 6148
f 5981 6148 6102
f 5982 6025 6118
f 5983 6011 6217
f 5983 6217 6151
f 5984 6015 5986
f 5984 5986 5985
f 5985 5986 6154
f 5985 6154 6115
f 5986 6015 6192
f 5986 6192 6193
f 5986 6193 6154
f 5987 6024 6138
f 5988 6028 6150
f 5988 6150 6110
f 5989 6019 6179
f 5990 6022 6174
f 5990 6174 6135
f 5991 6075 6188
f 5992 6032 5993
f 5992 5993 6111
f 5993 6032 6033
f 5993 6033 6152
f 5993 6152 6112
f 5993 6112 6111
f 5994 6260 6201
f 5994 6201 6171
f 5995 6030 6031
f 5995 6031 5996
f 5996 6031 6169
f 5996 6169 6168
f 5997 6045 6078
f 5998 6035 6036
f 5998 6036 5999
f 5999 6036 6215
f 5999 6215 6178
f 6000 6038 6002
f 6000 6002 6001
f 6001 6002 6175
f 6001 6175 6141
f 6002 6038 6040
f 6002 6040 6213
f 6002 6213 6175
f 6003 6044 6173
f 6003 6042 6044
f 6004 6159 6323
f 6004 6323 6186
f 6004 6186 6034
f 6006 6049 6008
f 6006 6008 6007
f 6007 6008 6009
f 6008 6049 6195
f 6008 6195 6153
f 6008 6153 6009
f 6010 6046 6196
f 6011 6241 6242
f 6011 6242 6218
f 6011 6218 6217
f 6012 6051 6184
f 6012 6184 6147
f 6013 6062 6203
f 6013 6203 6162
f 6013 6162 6163
f 6013 6163 6114
f 6014 6063 6200
f 6014 6200 6285
f 6014 6285 6055
f 6015 6016 6192
f 6016 6056 6228
f 6016 6228 6229
f 6016 6229 6192
f 6017 6103 6212
f 6017 6212 6126
f 6019 6214 6179
f 6019 6050 6214
f 6020 6071 6166
f 6020 6166 6119
f 6021 6118 6251
f 6021 6251 6291
f 6021 6291 6063
f 6022 6023 6207
f 6022 6207 6174
f 6023 6061 6240
f 6023 6240 6207
f 6024 6066 6067
f 6024 6067 6181
f 6024 6181 6138
f 6025 6119 6257
f 6025 6257 6297
f 6025 6297 6118
f 6026 6058 6220
f 6026 6220 6027
f 6027 6220 6222
f 6027 6222 6221
f 6028 6029 6150
f 6029 6064 6065
f 6029 6065 6231
f 6029 6231 6191
f 6029 6191 6150
f 6030 6068 6069
f 6030 6069 6204
f 6030 6204 6031
f 6031 6204 6205
f 6031 6205 6169
f 6033 6235 6152
f 6033 6073 6235
f 6034 6186 6326
f 6034 6326 6183
f 6035 6070 6248
f 6035 6248 6036
f 6036 6248 6216
f 6036 6216 6215
f 6037 8758 6083
f 6037 6083 6442
f 6037 6442 6605
f 6037 6605 8761
f 6037 8761 8757
f 6037 8757 8759
f 6037 8759 8758
f 6038 6039 6040
f 6039 6072 6246
f 6039 6246 6040
f 6040 6246 6247
f 6040 6247 6213
f 6042 6043 6044
f 6043 6082 6208
f 6043 6208 6044
f 6044 6208 6209
f 6044 6209 6173
f 6045 6145 6390
f 6045 6390 6256
f 6045 6256 6078
f 6046 6047 6234
f 6046 6234 6197
f 6046 6197 6196
f 6047 6080 6234
f 6047 6079 6080
f 6049 6144 6284
f 6049 6284 6195
f 6050 6086 6277
f 6050 6277 6214
f 6051 6052 6184
f 6052 6096 6258
f 6052 6258 6224
f 6052 6224 6184
f 6053 6138 6054
f 6053 6054 6167
f 6054 6138 6139
f 6054 6139 6288
f 6054 6288 6250
f 6054 6250 6210
f 6054 6210 6167
f 6055 6285 6145
f 6056 6094 6228
f 6057 6270 6383
f 6057 6383 6077
f 6058 6059 6220
f 6059 6089 6060
f 6059 6060 6220
f 6060 6089 6090
f 6060 6090 6253
f 6060 6253 6220
f 6061 6092 6274
f 6061 6274 6240
f 6062 6106 6108
f 6062 6108 6249
f 6062 6249 6203
f 6063 6291 6200
f 6064 6101 6102
f 6064 6102 6065
f 6065 6102 6148
f 6065 6148 6266
f 6065 6266 6231
f 6066 6105 6067
f 6067 6105 6300
f 6067 6300 6226
f 6067 6226 6181
f 6068 6099 6238
f 6068 6238 6069
f 6069 6238 6239
f 6069 6239 6204
f 6070 6098 6278
f 6070 6278 6248
f 6071 6114 6254
f 6071 6254 6211
f 6071 6211 6166
f 6072 6104 6280
f 6072 6280 6246
f 6073 6074 6235
f 6074 6110 6271
f 6074 6271 6236
f 6074 6236 6235
f 6075 6111 6076
f 6075 6076 6188
f 6076 6111 6112
f 6076 6112 6269
f 6076 6269 6233
f 6076 6233 6188
f 6077 6383 6083
f 6078 6256 6159
f 6079 6113 6080
f 6080 6113 6294
f 6080 6294 6263
f 6080 6263 6234
f 6081 6116 6243
f 6081 6243 6082
f 6082 6243 6244
f 6082 6244 6208
f 6083 6383 6442
f 6084 6124 6125
f 6084 6125 6194
f 6085 6507 6260
f 6086 6120 6121
f 6086 6121 6087
f 6086 6087 6277
f 6087 6121 6308
f 6087 6308 6277
f 6088 6123 6315
f 6088 6315 6089
f 6089 6315 6090
f 6090 6315 6287
f 6090 6287 6253
f 6092 6127 6306
f 6092 6306 6274
f 6093 6128 6095
f 6093 6095 6094
f 6094 6095 6264
f 6094 6264 6228
f 6095 6128 6299
f 6095 6299 6265
f 6095 6265 6264
f 6096 6097 6258
f 6097 6130 6292
f 6097 6292 6259
f 6097 6259 6258
f 6098 6136 6279
f 6098 6279 6278
f 6099 6100 6275
f 6099 6275 6238
f 6100 6142 6143
f 6100 6143 6312
f 6100 6312 6275
f 6103 6194 6212
f 6104 6146 6318
f 6104 6318 6280
f 6105 6188 6189
f 6105 6189 6300
f 6106 6107 6108
f 6107 6153 6249
f 6107 6249 6108
f 6110 6305 6271
f 6110 6150 6305
f 6112 6152 6341
f 6112 6341 6269
f 6113 6324 6294
f 6114 6163 6255
f 6114 6255 6254
f 6115 6154 6117
f 6115 6117 6116
f 6116 6117 6283
f 6116 6283 6243
f 6117 6154 6319
f 6117 6319 6320
f 6117 6320 6283
f 6118 6297 6251
f 6119 6166 6257
f 6120 6155 6157
f 6120 6157 6121
f 6121 6157 6336
f 6121 6336 6310
f 6121 6310 6309
f 6121 6309 6308
f 6124 6167 6358
f 6124 6358 6125
f 6125 6358 6273
f 6125 6273 6194
f 6126 6212 6354
f 6126 6354 6272
f 6127 6165 6307
f 6127 6307 6306
f 6128 6129 6299
f 6129 6168 6170
f 6129 6170 6328
f 6129 6328 6299
f 6130 6131 6292
f 6131 6173 6327
f 6131 6327 6293
f 6131 6293 6292
f 6132 6133 6134
f 6132 6134 6330
f 6132 6330 6303
f 6133 6171 6134
f 6134 6172 6331
f 6134 6331 6330
f 6134 6171 6172
f 6135 6174 6349
f 6135 6349 6137
f 6135 6137 6136
f 6136 6137 6317
f 6136 6317 6279
f 6137 6349 6350
f 6137 6350 6317
f 6138 6181 6182
f 6138 6182 6139
f 6139 6182 6325
f 6139 6325 6288
f 6141 6175 6176
f 6141 6176 6143
f 6141 6143 6142
f 6143 6176 6347
f 6143 6347 6312
f 6144 6272 6284
f 6145 6285 6408
f 6145 6408 6390
f 6146 6178 6352
f 6146 6352 6318
f 6147 6184 6185
f 6147 6185 6302
f 6147 6302 6148
f 6148 6302 6266
f 6149 6183 6351
f 6149 6351 6270
f 6150 6191 6305
f 6151 6217 6344
f 6151 6344 6314
f 6152 6235 6341
f 6153 6195 6290
f 6153 6290 6249
f 6154 6193 6319
f 6155 6156 6157
f 6156 6221 6158
f 6156 6158 6157
f 6157 6158 6336
f 6158 6221 6187
f 6158 6187 6370
f 6158 6370 6337
f 6158 6337 6336
f 6159 6256 6323
f 6161 6409 6525
f 6162 6203 6333
f 6162 6333 6296
f 6162 6296 6163
f 6163 6296 6255
f 6164 6196 6198
f 6164 6198 6371
f 6164 6371 6339
f 6164 6339 6165
f 6165 6339 6307
f 6166 6211 6298
f 6166 6298 6257
f 6167 6210 6358
f 6168 6169 6170
f 6169 6205 6367
f 6169 6367 6170
f 6170 6367 6329
f 6170 6329 6328
f 6171 6201 6172
f 6172 6202 6552
f 6172 6552 6331
f 6172 6201 6202
f 6173 6209 6327
f 6174 6207 6378
f 6174 6378 6349
f 6175 6213 6376
f 6175 6376 6176
f 6176 6376 6348
f 6176 6348 6347
f 6178 6215 6353
f 6178 6353 6352
f 6179 6214 6360
f 6181 6226 6182
f 6182 6226 6366
f 6182 6366 6325
f 6183 6326 6351
f 6184 6224 6185
f 6185 6224 6334
f 6185 6334 6335
f 6185 6335 6302
f 6186 6323 6359
f 6186 6359 6326
f 6187 6221 6222
f 6187 6222 6223
f 6187 6223 6370
f 6188 6233 6189
f 6189 6233 6374
f 6189 6374 6332
f 6189 6332 6301
f 6189 6301 6300
f 6191 6231 6345
f 6191 6345 6346
f 6191 6346 6305
f 6192 6229 6356
f 6192 6356 6193
f 6193 6356 6357
f 6193 6357 6319
f 6194 6273 6372
f 6194 6372 6428
f 6194 6428 6212
f 6195 6284 6419
f 6195 6419 6549
f 6195 6549 6290
f 6196 6197 6198
f 6197 6234 6404
f 6197 6404 6198
f 6198 6404 6405
f 6198 6405 6371
f 6200 6291 6577
f 6200 6577 6501
f 6200 6501 6285
f 6201 6260 6261
f 6201 6261 6393
f 6201 6393 6202
f 6202 6393 6552
f 6203 6249 6333
f 6204 6239 6397
f 6204 6397 6205
f 6205 6397 6368
f 6205 6368 6367
f 6207 6240 6414
f 6207 6414 6378
f 6208 6244 6363
f 6208 6363 6209
f 6209 6363 6364
f 6209 6364 6327
f 6210 6250 6358
f 6211 6254 6340
f 6211 6340 6298
f 6212 6428 6354
f 6213 6247 6411
f 6213 6411 6376
f 6214 6277 6455
f 6214 6455 6389
f 6214 6389 6360
f 6215 6216 6384
f 6215 6384 6353
f 6216 6248 6417
f 6216 6417 6418
f 6216 6418 6384
f 6217 6219 6400
f 6217 6400 6344
f 6217 6218 6219
f 6218 6242 6429
f 6218 6429 6219
f 6219 6429 6400
f 6220 6253 6222
f 6222 6253 6223
f 6223 6253 6431
f 6223 6431 6394
f 6223 6394 6370
f 6224 6258 6225
f 6224 6225 6334
f 6225 6258 6259
f 6225 6259 6413
f 6225 6413 6373
f 6225 6373 6334
f 6226 6300 6301
f 6226 6301 6366
f 6228 6264 6230
f 6228 6230 6229
f 6229 6230 6387
f 6229 6387 6356
f 6230 6264 6423
f 6230 6423 6424
f 6230 6424 6387
f 6231 6266 6232
f 6231 6232 6345
f 6232 6266 6267
f 6232 6267 6420
f 6232 6420 6345
f 6233 6269 6374
f 6234 6263 6404
f 6235 6236 6341
f 6236 6271 6381
f 6236 6381 6342
f 6236 6342 6341
f 6238 6275 6276
f 6238 6276 6239
f 6239 6276 6398
f 6239 6398 6397
f 6240 6274 6445
f 6240 6445 6414
f 6241 6303 6242
f 6242 6303 6430
f 6242 6430 6429
f 6243 6283 6245
f 6243 6245 6244
f 6244 6245 6395
f 6244 6395 6363
f 6245 6283 6441
f 6245 6441 6396
f 6245 6396 6395
f 6246 6280 6281
f 6246 6281 6247
f 6247 6281 6412
f 6247 6412 6411
f 6248 6278 6417
f 6249 6290 6382
f 6249 6382 6333
f 6250 6288 6427
f 6250 6427 6391
f 6250 6391 6358
f 6251 6297 6468
f 6251 6468 6291
f 6252 6314 6469
f 6252 6469 6436
f 6252 6436 6409
f 6253 6287 6431
f 6254 6255 6386
f 6254 6386 6340
f 6255 6296 6386
f 6256 6390 6467
f 6256 6467 6323
f 6257 6298 6385
f 6257 6385 6297
f 6259 6448 6413
f 6259 6292 6448
f 6260 6507 6452
f 6260 6452 6261
f 6261 6452 6393
f 6263 6295 6437
f 6263 6437 6438
f 6263 6438 6404
f 6263 6294 6295
f 6264 6265 6423
f 6265 6299 6460
f 6265 6460 6461
f 6265 6461 6423
f 6266 6302 6267
f 6267 6302 6335
f 6267 6335 6458
f 6267 6458 6421
f 6267 6421 6420
f 6269 6341 6304
f 6269 6304 6374
f 6270 6351 6464
f 6270 6464 6383
f 6271 6305 6422
f 6271 6422 6381
f 6272 6354 6490
f 6272 6490 6362
f 6272 6362 6284
f 6273 6358 6454
f 6273 6454 6372
f 6274 6306 6446
f 6274 6446 6445
f 6275 6312 6313
f 6275 6313 6276
f 6276 6313 6440
f 6276 6440 6398
f 6277 6308 6456
f 6277 6456 6455
f 6278 6279 6450
f 6278 6450 6417
f 6279 6317 6485
f 6279 6485 6450
f 6280 6318 6282
f 6280 6282 6281
f 6281 6282 6447
f 6281 6447 6412
f 6282 6318 6482
f 6282 6482 6483
f 6282 6483 6447
f 6283 6320 6441
f 6284 6362 6419
f 6285 6501 6408
f 6287 6315 6316
f 6287 6316 6465
f 6287 6465 6466
f 6287 6466 6431
f 6288 6325 6506
f 6288 6506 6427
f 6290 6549 6620
f 6290 6620 6382
f 6291 6468 6550
f 6291 6550 6577
f 6292 6293 6448
f 6293 6327 6487
f 6293 6487 6449
f 6293 6449 6448
f 6294 6324 6295
f 6295 6324 6472
f 6295 6472 6437
f 6296 6333 6425
f 6296 6425 6386
f 6297 6385 6468
f 6298 6340 6474
f 6298 6474 6426
f 6298 6426 6385
f 6299 6328 6460
f 6301 6332 6486
f 6301 6486 6443
f 6301 6443 6366
f 6303 6330 6522
f 6303 6522 6523
f 6303 6523 6430
f 6304 6341 6342
f 6304 6342 6453
f 6304 6453 6416
f 6304 6416 6374
f 6305 6346 6422
f 6306 6307 6446
f 6307 6339 6509
f 6307 6509 6481
f 6307 6481 6446
f 6308 6309 6456
f 6309 6310 6488
f 6309 6488 6456
f 6310 6336 6338
f 6310 6338 6489
f 6310 6489 6488
f 6312 6347 6477
f 6312 6477 6313
f 6313 6477 6478
f 6313 6478 6440
f 6314 6344 6470
f 6314 6470 6469
f 6315 6525 6316
f 6316 6525 6500
f 6316 6500 6465
f 6317 6350 6516
f 6317 6516 6485
f 6318 6352 6482
f 6319 6357 6479
f 6319 6479 6320
f 6320 6479 6480
f 6320 6480 6441
f 6321 6830 8091
f 6321 8091 8707
f 6321 8707 8741
f 6321 8741 8760
f 6321 8760 6830
f 6323 6467 6499
f 6323 6499 6359
f 6324 6360 6472
f 6325 6366 6407
f 6325 6407 6506
f 6326 6359 6495
f 6326 6495 6351
f 6327 6364 6487
f 6328 6329 6497
f 6328 6497 6460
f 6329 6367 6528
f 6329 6528 6529
f 6329 6529 6497
f 6330 6331 6522
f 6331 6552 6522
f 6332 6374 6486
f 6333 6382 6425
f 6334 6373 6493
f 6334 6493 6335
f 6335 6493 6458
f 6336 6337 6338
f 6337 6370 6545
f 6337 6545 6338
f 6338 6545 6517
f 6338 6517 6489
f 6339 6371 6509
f 6340 6386 6474
f 6342 6381 6531
f 6342 6531 6453
f 6344 6400 6580
f 6344 6580 6527
f 6344 6527 6470
f 6345 6420 6380
f 6345 6380 6498
f 6345 6498 6346
f 6346 6498 6459
f 6346 6459 6422
f 6347 6348 6502
f 6347 6502 6477
f 6348 6376 6377
f 6348 6377 6538
f 6348 6538 6502
f 6349 6378 6379
f 6349 6379 6350
f 6350 6379 6547
f 6350 6547 6516
f 6351 6495 6464
f 6352 6353 6514
f 6352 6514 6482
f 6353 6384 6542
f 6353 6542 6514
f 6354 6428 6532
f 6354 6532 6490
f 6356 6387 6504
f 6356 6504 6357
f 6357 6504 6505
f 6357 6505 6479
f 6358 6391 6454
f 6359 6499 6639
f 6359 6639 6559
f 6359 6559 6495
f 6360 6389 6535
f 6360 6535 6653
f 6360 6653 6472
f 6362 6490 6537
f 6362 6537 6419
f 6363 6395 6365
f 6363 6365 6364
f 6364 6365 6519
f 6364 6519 6487
f 6365 6395 6555
f 6365 6555 6520
f 6365 6520 6519
f 6366 6443 6407
f 6367 6368 6528
f 6368 6399 6557
f 6368 6557 6528
f 6368 6397 6399
f 6370 6394 6545
f 6371 6405 6539
f 6371 6539 6509
f 6372 6454 6512
f 6372 6512 6428
f 6373 6413 6558
f 6373 6558 6530
f 6373 6530 6493
f 6374 6416 6486
f 6375 6401 6403
f 6375 6403 6583
f 6375 6583 6536
f 6376 6411 6377
f 6377 6411 6565
f 6377 6565 6566
f 6377 6566 6538
f 6378 6414 6415
f 6378 6415 6379
f 6379 6415 6548
f 6379 6548 6547
f 6380 6420 6421
f 6380 6421 6562
f 6380 6562 6533
f 6380 6533 6498
f 6381 6422 6560
f 6381 6560 6531
f 6382 6620 6511
f 6382 6511 6425
f 6383 6464 6755
f 6383 6755 6442
f 6384 6418 6574
f 6384 6574 6542
f 6385 6426 6468
f 6386 6425 6513
f 6386 6513 6474
f 6387 6424 6540
f 6387 6540 6504
f 6389 6455 6457
f 6389 6457 6584
f 6389 6584 6535
f 6390 6408 6592
f 6390 6592 6467
f 6391 6427 6392
f 6391 6392 6534
f 6391 6534 6454
f 6392 6427 6600
f 6392 6600 6534
f 6393 6452 6621
f 6393 6621 6763
f 6393 6763 6553
f 6393 6553 6552
f 6394 6431 6432
f 6394 6432 6571
f 6394 6571 6545
f 6395 6396 6555
f 6396 6441 6581
f 6396 6581 6582
f 6396 6582 6555
f 6397 6398 6399
f 6398 6440 6585
f 6398 6585 6399
f 6399 6585 6586
f 6399 6586 6557
f 6400 6429 6430
f 6400 6430 6608
f 6400 6608 6580
f 6401 6402 6403
f 6402 6433 6434
f 6402 6434 6403
f 6403 6463 6638
f 6403 6638 6583
f 6403 6434 6463
f 6404 6406 6405
f 6404 6438 6406
f 6405 6406 6569
f 6405 6569 6539
f 6406 6438 6439
f 6406 6439 6596
f 6406 6596 6570
f 6406 6570 6569
f 6407 6443 6544
f 6407 6544 6506
f 6408 6501 6564
f 6408 6564 6592
f 6409 6436 6579
f 6409 6579 6526
f 6409 6526 6525
f 6411 6412 6565
f 6412 6447 6597
f 6412 6597 6565
f 6413 6589 6558
f 6413 6448 6589
f 6414 6445 6575
f 6414 6575 6415
f 6415 6575 6576
f 6415 6576 6548
f 6416 6453 6556
f 6416 6556 6521
f 6416 6521 6486
f 6417 6450 6451
f 6417 6451 6418
f 6418 6451 6603
f 6418 6603 6574
f 6419 6537 6615
f 6419 6615 6549
f 6421 6458 6594
f 6421 6594 6562
f 6422 6459 6560
f 6423 6461 6572
f 6423 6572 6424
f 6424 6572 6573
f 6424 6573 6540
f 6425 6511 6554
f 6425 6554 6513
f 6426 6508 6468
f 6426 6474 6588
f 6426 6588 6508
f 6427 6506 6475
f 6427 6475 6600
f 6428 6512 6532
f 6430 6523 6608
f 6431 6466 6432
f 6432 6466 6628
f 6432 6628 6599
f 6432 6599 6571
f 6433 6462 6463
f 6433 6463 6434
f 6436 6469 6471
f 6436 6471 6609
f 6436 6609 6579
f 6437 6472 6473
f 6437 6473 6439
f 6437 6439 6438
f 6439 6473 6624
f 6439 6624 6596
f 6440 6478 6614
f 6440 6614 6585
f 6441 6480 6581
f 6442 6755 6756
f 6442 6756 6605
f 6443 6486 6578
f 6443 6578 6544
f 6445 6446 6601
f 6445 6601 6575
f 6446 6481 6630
f 6446 6630 6601
f 6447 6483 6629
f 6447 6629 6597
f 6448 6449 6589
f 6449 6487 6619
f 6449 6619 6590
f 6449 6590 6589
f 6450 6485 6632
f 6450 6632 6451
f 6451 6632 6604
f 6451 6604 6603
f 6452 6507 6484
f 6452 6484 6621
f 6453 6531 6618
f 6453 6618 6556
f 6454 6534 6652
f 6454 6652 6775
f 6454 6775 6512
f 6455 6456 6457
f 6456 6488 6457
f 6457 6613 6584
f 6457 6488 6641
f 6457 6641 6613
f 6458 6493 6494
f 6458 6494 6594
f 6459 6591 6561
f 6459 6561 6560
f 6459 6498 6591
f 6460 6497 6606
f 6460 6606 6461
f 6461 6606 6607
f 6461 6607 6572
f 6462 6491 6463
f 6463 6491 6638
f 6464 6495 6676
f 6464 6676 6755
f 6465 6500 6628
f 6465 6628 6466
f 6467 6592 6616
f 6467 6616 6499
f 6468 6508 6550
f 6469 6470 6471
f 6470 6527 6471
f 6471 6527 6663
f 6471 6663 6791
f 6471 6791 6609
f 6472 6653 6473
f 6473 6653 6624
f 6474 6513 6588
f 6475 6544 6669
f 6475 6669 6600
f 6475 6506 6544
f 6477 6502 6503
f 6477 6503 6478
f 6478 6503 6648
f 6478 6648 6614
f 6479 6505 6611
f 6479 6611 6480
f 6480 6611 6612
f 6480 6612 6581
f 6481 6509 6510
f 6481 6510 6630
f 6482 6514 6515
f 6482 6515 6483
f 6483 6515 6659
f 6483 6659 6629
f 6484 6507 6672
f 6484 6672 6650
f 6484 6650 6621
f 6485 6516 6633
f 6485 6633 6632
f 6486 6521 6578
f 6487 6519 6619
f 6488 6489 6641
f 6489 6517 6642
f 6489 6642 6641
f 6490 6532 6610
f 6490 6610 6537
f 6491 6492 6638
f 6492 6686 6829
f 6492 6829 6801
f 6492 6801 6638
f 6493 6530 6626
f 6493 6626 6494
f 6494 6626 6726
f 6494 6726 6594
f 6495 6559 6676
f 6497 6529 6636
f 6497 6636 6606
f 6498 6533 6591
f 6499 6616 6662
f 6499 6662 6639
f 6500 6525 6526
f 6500 6526 6677
f 6500 6677 6678
f 6500 6678 6628
f 6501 6577 6680
f 6501 6680 6564
f 6502 6538 6675
f 6502 6675 6503
f 6503 6675 6649
f 6503 6649 6648
f 6504 6540 6541
f 6504 6541 6505
f 6505 6541 6646
f 6505 6646 6611
f 6507 6536 6672
f 6508 6588 6700
f 6508 6700 6732
f 6508 6732 6550
f 6509 6539 6510
f 6510 6539 6688
f 6510 6688 6664
f 6510 6664 6630
f 6511 6620 6739
f 6511 6739 6627
f 6511 6627 6554
f 6512 6775 6634
f 6512 6634 6532
f 6513 6554 6588
f 6514 6542 6683
f 6514 6683 6515
f 6515 6683 6659
f 6516 6547 6665
f 6516 6665 6633
f 6517 6545 6546
f 6517 6546 6671
f 6517 6671 6670
f 6517 6670 6642
f 6519 6520 6656
f 6519 6656 6619
f 6520 6555 6682
f 6520 6682 6657
f 6520 6657 6656
f 6521 6556 6647
f 6521 6647 6736
f 6521 6736 6578
f 6522 6552 6553
f 6522 6553 6679
f 6522 6679 6523
f 6523 6679 6817
f 6523 6817 6608
f 6526 6579 6677
f 6527 6580 6869
f 6527 6869 6663
f 6528 6557 6666
f 6528 6666 6529
f 6529 6666 6667
f 6529 6667 6636
f 6530 6691 6789
f 6530 6789 6626
f 6530 6558 6691
f 6531 6560 6658
f 6531 6658 6618
f 6532 6634 6713
f 6532 6713 6610
f 6533 6661 6622
f 6533 6622 6591
f 6533 6562 6661
f 6534 6600 6761
f 6534 6761 6652
f 6535 6584 6831
f 6535 6831 6655
f 6535 6655 6653
f 6536 6583 6909
f 6536 6909 6840
f 6536 6840 6672
f 6537 6610 6692
f 6537 6692 6615
f 6538 6566 6702
f 6538 6702 6675
f 6539 6569 6688
f 6540 6573 6673
f 6540 6673 6541
f 6541 6673 6674
f 6541 6674 6646
f 6542 6574 6710
f 6542 6710 6683
f 6544 6578 6669
f 6545 6571 6546
f 6546 6571 6729
f 6546 6729 6699
f 6546 6699 6671
f 6547 6548 6690
f 6547 6690 6665
f 6548 6576 6721
f 6548 6721 6690
f 6549 6615 6733
f 6549 6733 6620
f 6550 6732 6695
f 6550 6695 6577
f 6553 6705 6679
f 6553 6763 6735
f 6553 6735 6705
f 6554 6627 6623
f 6554 6623 6588
f 6555 6582 6682
f 6556 6618 6708
f 6556 6708 6647
f 6557 6586 6697
f 6557 6697 6666
f 6558 6724 6691
f 6558 6589 6724
f 6559 6639 6827
f 6559 6827 6844
f 6559 6844 6676
f 6560 6561 6658
f 6561 6591 6722
f 6561 6722 6658
f 6562 6594 6563
f 6562 6563 6661
f 6563 6594 6726
f 6563 6726 6727
f 6563 6727 6693
f 6563 6693 6661
f 6564 6680 6706
f 6564 6706 6592
f 6565 6597 6598
f 6565 6598 6566
f 6566 6598 6703
f 6566 6703 6702
f 6569 6570 6715
f 6569 6715 6688
f 6570 6596 6746
f 6570 6746 6716
f 6570 6716 6715
f 6571 6599 6729
f 6572 6607 6744
f 6572 6744 6573
f 6573 6744 6704
f 6573 6704 6673
f 6574 6603 6711
f 6574 6711 6710
f 6575 6601 6602
f 6575 6602 6576
f 6576 6602 6750
f 6576 6750 6721
f 6577 6695 6680
f 6578 6736 6669
f 6579 6609 6764
f 6579 6764 6734
f 6579 6734 6677
f 6580 6608 6765
f 6580 6765 6766
f 6580 6766 6869
f 6581 6612 6719
f 6581 6719 6582
f 6582 6719 6720
f 6582 6720 6682
f 6583 6638 6780
f 6583 6780 6909
f 6584 6613 6768
f 6584 6768 6906
f 6584 6906 6885
f 6584 6885 6831
f 6585 6587 6586
f 6585 6614 6587
f 6586 6587 6731
f 6586 6731 6697
f 6587 6614 6759
f 6587 6759 6760
f 6587 6760 6731
f 6588 6623 6700
f 6589 6590 6724
f 6590 6619 6757
f 6590 6757 6725
f 6590 6725 6724
f 6591 6622 6722
f 6592 6706 6635
f 6592 6635 6616
f 6596 6624 6625
f 6596 6625 6746
f 6597 6629 6770
f 6597 6770 6598
f 6598 6770 6742
f 6598 6742 6703
f 6599 6628 6784
f 6599 6784 6753
f 6599 6753 6729
f 6600 6669 6761
f 6601 6630 6631
f 6601 6631 6602
f 6602 6631 6779
f 6602 6779 6750
f 6603 6604 6711
f 6604 6632 6777
f 6604 6777 6748
f 6604 6748 6711
f 6605 6756 7109
f 6605 7109 6830
f 6605 6830 8761
f 6606 6636 6637
f 6606 6637 6607
f 6607 6637 6745
f 6607 6745 6744
f 6608 6817 6765
f 6609 6791 6764
f 6610 6713 6835
f 6610 6835 6692
f 6611 6646 6781
f 6611 6781 6612
f 6612 6781 6751
f 6612 6751 6719
f 6613 6641 6643
f 6613 6643 6768
f 6614 6648 6759
f 6615 6692 6806
f 6615 6806 6733
f 6616 6635 6743
f 6616 6743 6662
f 6618 6658 6749
f 6618 6749 6708
f 6619 6656 6757
f 6620 6733 6810
f 6620 6810 6739
f 6621 6650 6923
f 6621 6923 6763
f 6622 6661 6754
f 6622 6754 6723
f 6622 6723 6722
f 6623 6627 6852
f 6623 6852 6738
f 6623 6738 6700
f 6624 6653 6654
f 6624 6654 6625
f 6625 6776 6746
f 6625 6654 6799
f 6625 6799 6776
f 6626 6789 6758
f 6626 6758 6726
f 6627 6739 6853
f 6627 6853 6852
f 6628 6678 6784
f 6629 6659 6771
f 6629 6771 6770
f 6630 6664 6631
f 6631 6664 6805
f 6631 6805 6779
f 6632 6633 6777
f 6633 6665 6803
f 6633 6803 6777
f 6634 6775 6892
f 6634 6892 6713
f 6635 6706 6743
f 6636 6667 6796
f 6636 6796 6637
f 6637 6796 6774
f 6637 6774 6745
f 6638 6801 6780
f 6639 6662 6800
f 6639 6800 6827
f 6641 6642 6643
f 6642 6670 6644
f 6642 6644 6643
f 6643 6644 6769
f 6643 6769 6768
f 6644 6670 6822
f 6644 6822 6824
f 6644 6824 6794
f 6644 6794 6769
f 6646 6674 6782
f 6646 6782 6781
f 6647 6708 6802
f 6647 6802 6737
f 6647 6737 6736
f 6648 6649 6788
f 6648 6788 6759
f 6649 6675 6815
f 6649 6815 6816
f 6649 6816 6788
f 6650 6672 6651
f 6650 6651 6949
f 6650 6949 6923
f 6651 6672 6840
f 6651 6840 6996
f 6651 6996 6969
f 6651 6969 6949
f 6652 6761 6762
f 6652 6762 6842
f 6652 6842 6775
f 6653 6655 6654
f 6654 6655 6799
f 6655 6831 6799
f 6656 6657 6786
f 6656 6786 6757
f 6657 6682 6818
f 6657 6818 6787
f 6657 6787 6786
f 6658 6722 6685
f 6658 6685 6749
f 6659 6683 6660
f 6659 6660 6771
f 6660 6683 6684
f 6660 6684 6828
f 6660 6828 6795
f 6660 6795 6771
f 6661 6693 6754
f 6662 6743 6819
f 6662 6819 6800
f 6663 6869 6989
f 6663 6989 6813
f 6663 6813 6791
f 6664 6688 6689
f 6664 6689 6805
f 6665 6690 6833
f 6665 6833 6803
f 6666 6697 6698
f 6666 6698 6667
f 6667 6698 6797
f 6667 6797 6796
f 6669 6736 6826
f 6669 6826 6793
f 6669 6793 6761
f 6670 6671 6822
f 6671 6699 6823
f 6671 6823 6822
f 6673 6704 6841
f 6673 6841 6674
f 6674 6841 6811
f 6674 6811 6782
f 6675 6702 6815
f 6676 6844 6985
f 6676 6985 6868
f 6676 6868 6755
f 6677 6734 6701
f 6677 6701 6678
f 6678 6701 6837
f 6678 6837 6784
f 6679 6705 6843
f 6679 6843 6817
f 6680 6695 6681
f 6680 6681 6706
f 6681 6695 6696
f 6681 6696 6728
f 6681 6728 6752
f 6681 6752 6706
f 6682 6720 6818
f 6683 6710 6684
f 6684 6710 6712
f 6684 6712 6859
f 6684 6859 6828
f 6685 6722 6812
f 6685 6812 6783
f 6685 6783 6749
f 6686 6687 6856
f 6686 6856 6829
f 6687 6707 6857
f 6687 6857 6856
f 6688 6715 6689
f 6689 6715 6717
f 6689 6717 6836
f 6689 6836 6805
f 6690 6721 6864
f 6690 6864 6833
f 6691 6724 6821
f 6691 6821 6790
f 6691 6790 6789
f 6692 6835 6905
f 6692 6905 6806
f 6693 6727 6820
f 6693 6820 6904
f 6693 6904 6754
f 6695 6732 6773
f 6695 6773 6696
f 6696 6773 6798
f 6696 6798 6728
f 6697 6731 6863
f 6697 6863 6698
f 6698 6863 6832
f 6698 6832 6797
f 6699 6729 6730
f 6699 6730 6848
f 6699 6848 6823
f 6700 6738 6808
f 6700 6808 6773
f 6700 6773 6732
f 6701 6734 6861
f 6701 6861 6837
f 6702 6703 6846
f 6702 6846 6815
f 6703 6742 6877
f 6703 6877 6846
f 6704 6744 6873
f 6704 6873 6874
f 6704 6874 6841
f 6705 6735 6870
f 6705 6870 6843
f 6706 6752 6743
f 6707 6741 6879
f 6707 6879 6857
f 6708 6749 6838
f 6708 6838 6802
f 6710 6711 6712
f 6711 6748 6712
f 6712 6748 6886
f 6712 6886 6887
f 6712 6887 6859
f 6713 6892 7009
f 6713 7009 6835
f 6715 6716 6717
f 6716 6746 6718
f 6716 6718 6717
f 6717 6718 6867
f 6717 6867 6836
f 6718 6746 6747
f 6718 6747 6888
f 6718 6888 6867
f 6719 6751 6850
f 6719 6850 6720
f 6720 6850 6851
f 6720 6851 6818
f 6721 6750 6890
f 6721 6890 6864
f 6722 6723 6812
f 6723 6754 6880
f 6723 6880 6967
f 6723 6967 6812
f 6724 6725 6821
f 6725 6757 6884
f 6725 6884 6855
f 6725 6855 6821
f 6726 6758 6727
f 6727 6758 6854
f 6727 6854 6820
f 6728 6798 6901
f 6728 6901 6937
f 6728 6937 6752
f 6729 6753 6730
f 6730 6753 6898
f 6730 6898 6876
f 6730 6876 6848
f 6731 6760 6893
f 6731 6893 6863
f 6733 6806 6919
f 6733 6919 6810
f 6734 6764 6910
f 6734 6910 6862
f 6734 6862 6861
f 6735 6763 6896
f 6735 6896 6870
f 6736 6737 6826
f 6737 6802 6894
f 6737 6894 6947
f 6737 6947 6826
f 6738 6852 6922
f 6738 6922 6845
f 6738 6845 6808
f 6739 6810 6853
f 6741 6897 6879
f 6742 6770 6772
f 6742 6772 6900
f 6742 6900 6877
f 6743 6752 6819
f 6744 6745 6873
f 6745 6774 6899
f 6745 6899 6873
f 6746 6776 6747
f 6747 6776 6917
f 6747 6917 6888
f 6748 6778 6886
f 6748 6777 6778
f 6749 6783 6838
f 6750 6779 6920
f 6750 6920 6890
f 6751 6781 6903
f 6751 6903 6882
f 6751 6882 6850
f 6752 6937 6819
f 6753 6784 6807
f 6753 6807 6898
f 6754 6904 6880
f 6755 6868 7002
f 6755 7002 6756
f 6756 7002 7109
f 6757 6786 6884
f 6758 6789 6914
f 6758 6914 6883
f 6758 6883 6854
f 6759 6788 6925
f 6759 6925 6760
f 6760 6925 6926
f 6760 6926 6893
f 6761 6793 6762
f 6762 6793 6947
f 6762 6947 6878
f 6762 6878 6842
f 6763 6923 6896
f 6764 6791 6910
f 6765 6817 6951
f 6765 6951 6766
f 6766 6951 7044
f 6766 7044 6895
f 6766 6895 6869
f 6768 6769 6907
f 6768 6907 6906
f 6769 6794 6941
f 6769 6941 6907
f 6770 6771 6772
f 6771 6795 6938
f 6771 6938 6772
f 6772 6938 6900
f 6773 6808 6798
f 6774 6796 6935
f 6774 6935 6936
f 6774 6936 6899
f 6775 6842 6892
f 6776 6799 6952
f 6776 6952 6917
f 6777 6803 6804
f 6777 6804 6778
f 6778 6804 6946
f 6778 6946 6911
f 6778 6911 6886
f 6779 6805 6955
f 6779 6955 6920
f 6780 6801 6964
f 6780 6964 7067
f 6780 7067 7066
f 6780 7066 6909
f 6781 6782 6903
f 6782 6811 6943
f 6782 6943 6903
f 6783 6812 6940
f 6783 6940 6872
f 6783 6872 6838
f 6784 6837 6807
f 6786 6787 6913
f 6786 6913 6884
f 6787 6818 6950
f 6787 6950 7041
f 6787 7041 6913
f 6788 6816 6925
f 6789 6790 6914
f 6790 6821 6954
f 6790 6954 6915
f 6790 6915 6914
f 6791 6813 6814
f 6791 6814 7090
f 6791 7090 6910
f 6793 6826 6947
f 6794 6824 6942
f 6794 6942 6941
f 6795 6828 6963
f 6795 6963 6938
f 6796 6797 6935
f 6797 6832 6962
f 6797 6962 6935
f 6798 6808 6916
f 6798 6916 6901
f 6799 6972 6952
f 6799 6831 6972
f 6800 6819 7017
f 6800 7017 6827
f 6801 6829 6965
f 6801 6965 6964
f 6802 6838 6961
f 6802 6961 6894
f 6803 6833 6834
f 6803 6834 6804
f 6804 6834 6946
f 6805 6836 6976
f 6805 6976 6955
f 6806 6905 6919
f 6807 6837 6983
f 6807 6983 6959
f 6807 6959 6898
f 6808 6845 6916
f 6810 6919 6928
f 6810 6928 6853
f 6811 6841 6971
f 6811 6971 6944
f 6811 6944 6943
f 6812 6967 6940
f 6813 6989 6814
f 6814 6989 7090
f 6815 6846 6816
f 6816 6846 6847
f 6816 6847 6957
f 6816 6957 6925
f 6817 6843 6998
f 6817 6998 6951
f 6818 6851 6950
f 6819 6937 7035
f 6819 7035 7017
f 6820 6854 6974
f 6820 6974 6945
f 6820 6945 6904
f 6821 6855 6954
f 6822 6823 6824
f 6823 6848 6825
f 6823 6825 6824
f 6824 6825 6966
f 6824 6966 6942
f 6825 6848 6849
f 6825 6849 6966
f 6827 7017 7043
f 6827 7043 6844
f 6828 6859 6987
f 6828 6987 6963
f 6829 6856 6986
f 6829 6986 6965
f 6830 7530 8091
f 6830 8760 8761
f 6830 7109 7530
f 6831 6885 6860
f 6831 6860 6972
f 6832 6863 6992
f 6832 6992 6993
f 6832 6993 6962
f 6833 6864 6865
f 6833 6865 6834
f 6834 6865 6970
f 6834 6970 6946
f 6835 7009 7083
f 6835 7083 6905
f 6836 6867 6976
f 6837 6861 6983
f 6838 6872 6961
f 6840 6909 7016
f 6840 7016 6996
f 6841 6874 6971
f 6842 6878 6988
f 6842 6988 7179
f 6842 7179 6892
f 6843 6870 6871
f 6843 6871 6999
f 6843 6999 6998
f 6844 7043 6985
f 6845 6922 7060
f 6845 7060 7093
f 6845 7093 6916
f 6846 6877 7013
f 6846 7013 6847
f 6847 6981 6957
f 6847 7013 6981
f 6848 6876 6849
f 6849 6995 6966
f 6849 6876 7018
f 6849 7018 6995
f 6850 6882 7010
f 6850 7010 6851
f 6851 7010 6978
f 6851 6978 6950
f 6852 6853 6929
f 6852 6929 6922
f 6853 6928 6929
f 6854 6883 6974
f 6855 7012 6979
f 6855 6979 6954
f 6855 6884 7012
f 6856 6857 7145
f 6856 7145 6986
f 6857 6879 7169
f 6857 7169 7145
f 6859 6887 7019
f 6859 7019 6987
f 6860 6885 7003
f 6860 7003 6973
f 6860 6973 6972
f 6861 6862 6984
f 6861 6984 6983
f 6862 6910 7058
f 6862 7058 7036
f 6862 7036 6984
f 6863 6893 6992
f 6864 6890 6891
f 6864 6891 6865
f 6865 6891 7001
f 6865 7001 6970
f 6867 6888 6889
f 6867 6889 7007
f 6867 7007 6976
f 6868 6985 7061
f 6868 7061 7002
f 6869 6895 6990
f 6869 6990 6989
f 6870 6896 7046
f 6870 7046 6871
f 6871 7046 7047
f 6871 7047 7020
f 6871 7020 6999
f 6872 6940 7052
f 6872 7052 7023
f 6872 7023 7074
f 6872 7074 6961
f 6873 6899 6875
f 6873 6875 6874
f 6874 6875 7005
f 6874 7005 6971
f 6875 6899 7032
f 6875 7032 7156
f 6875 7156 7005
f 6876 6898 6933
f 6876 6933 7018
f 6877 6900 7040
f 6877 7040 7013
f 6878 6947 6948
f 6878 6948 7056
f 6878 7056 6988
f 6879 7057 7169
f 6879 6897 7057
f 6880 6904 6945
f 6880 6945 7033
f 6880 7033 6968
f 6880 6968 6967
f 6882 6903 7037
f 6882 7037 7011
f 6882 7011 7010
f 6883 6914 7038
f 6883 7038 6975
f 6883 6975 6974
f 6884 6913 7012
f 6885 7026 7003
f 6885 6906 7026
f 6886 6911 6912
f 6886 6912 6887
f 6887 6912 7050
f 6887 7050 7019
f 6888 6917 6889
f 6889 6917 6918
f 6889 6918 7031
f 6889 7031 7007
f 6890 6920 6921
f 6890 6921 6891
f 6891 6921 7054
f 6891 7054 7028
f 6891 7028 7001
f 6892 7179 7009
f 6893 6926 7021
f 6893 7021 6992
f 6894 6961 7074
f 6894 7074 7015
f 6894 7015 6947
f 6895 7044 7068
f 6895 7068 6991
f 6895 6991 6990
f 6896 6923 6924
f 6896 6924 7046
f 6897 6931 7086
f 6897 7086 7057
f 6898 6959 6933
f 6899 6936 7032
f 6900 6938 6939
f 6900 6939 7063
f 6900 7063 7040
f 6901 6916 7121
f 6901 7121 7148
f 6901 7148 6937
f 6903 6943 7037
f 6905 7083 7157
f 6905 7157 7024
f 6905 7024 6919
f 6906 6907 6908
f 6906 6908 7026
f 6907 6941 6908
f 6908 6941 7080
f 6908 7080 7053
f 6908 7053 7027
f 6908 7027 7026
f 6909 7066 7045
f 6909 7045 7016
f 6910 7090 7058
f 6911 6946 7076
f 6911 7076 6912
f 6912 7076 7077
f 6912 7077 7050
f 6913 7041 7042
f 6913 7042 7012
f 6914 6915 7038
f 6915 6954 7065
f 6915 7065 7039
f 6915 7039 7038
f 6916 7093 7121
f 6917 6952 6918
f 6918 6952 6953
f 6918 6953 7055
f 6918 7055 7031
f 6919 7024 7029
f 6919 7029 6928
f 6920 6955 6956
f 6920 6956 6921
f 6921 6956 7054
f 6922 6994 7060
f 6922 6929 6994
f 6923 6949 6924
f 6924 7099 7072
f 6924 7072 7046
f 6924 6949 7099
f 6925 6957 6926
f 6926 6957 6927
f 6926 6927 7051
f 6926 7051 7021
f 6927 6957 6981
f 6927 6981 7078
f 6927 7078 7051
f 6928 7029 7030
f 6928 7030 6929
f 6929 7030 7104
f 6929 7104 6994
f 6931 6932 7086
f 6932 7110 7087
f 6932 7087 7086
f 6933 6959 7073
f 6933 7073 7048
f 6933 7048 7018
f 6935 6962 7091
f 6935 7091 6936
f 6936 7091 7059
f 6936 7059 7032
f 6937 7148 7035
f 6938 6963 7097
f 6938 7097 6939
f 6939 7097 7063
f 6940 6968 7052
f 6940 6967 6968
f 6941 6942 7080
f 6942 6966 7107
f 6942 7107 7080
f 6943 6944 7064
f 6943 7064 7037
f 6944 6971 7100
f 6944 7100 7101
f 6944 7101 7064
f 6945 7062 7033
f 6945 6974 7062
f 6946 6970 7105
f 6946 7105 7076
f 6947 7015 6948
f 6948 7015 7092
f 6948 7092 7056
f 6949 6969 7099
f 6950 6978 7069
f 6950 7069 7041
f 6951 6998 7119
f 6951 7119 7096
f 6951 7096 7044
f 6952 6972 6953
f 6953 6972 6973
f 6953 6973 7084
f 6953 7084 7055
f 6954 6979 7065
f 6955 6976 6977
f 6955 6977 6956
f 6956 6977 7082
f 6956 7082 7054
f 6959 6983 6960
f 6959 6960 7073
f 6960 6983 6984
f 6960 6984 7150
f 6960 7150 7126
f 6960 7126 7103
f 6960 7103 7073
f 6962 6993 7120
f 6962 7120 7091
f 6963 6987 7123
f 6963 7123 7097
f 6964 6965 7118
f 6964 7118 7094
f 6964 7094 7067
f 6965 6986 7118
f 6966 6995 7107
f 6968 7033 7034
f 6968 7034 7117
f 6968 7117 7089
f 6968 7089 7052
f 6969 6996 6997
f 6969 6997 7122
f 6969 7122 7099
f 6970 7001 7132
f 6970 7132 7105
f 6971 7005 7100
f 6973 7003 7114
f 6973 7114 7084
f 6974 6975 7062
f 6975 7038 7125
f 6975 7125 7200
f 6975 7200 7062
f 6976 7007 7008
f 6976 7008 6977
f 6977 7008 7113
f 6977 7113 7082
f 6978 7129 7211
f 6978 7211 7069
f 6978 7010 7129
f 6979 7012 7042
f 6979 7042 7128
f 6979 7128 7102
f 6979 7102 7065
f 6981 7013 6982
f 6981 6982 7078
f 6982 7013 7014
f 6982 7014 7140
f 6982 7140 7112
f 6982 7112 7078
f 6984 7036 7150
f 6985 7043 7235
f 6985 7235 7061
f 6986 7145 7146
f 6986 7146 7118
f 6987 7019 7123
f 6988 7056 7092
f 6988 7092 7142
f 6988 7142 7179
f 6989 6990 6991
f 6989 6991 7115
f 6989 7115 7090
f 6991 7068 7275
f 6991 7275 7137
f 6991 7137 7115
f 6992 7021 7022
f 6992 7022 6993
f 6993 7022 7149
f 6993 7149 7120
f 6994 7104 7172
f 6994 7172 7060
f 6995 7018 7162
f 6995 7162 7134
f 6995 7134 7107
f 6996 7016 6997
f 6997 7016 7147
f 6997 7147 7122
f 6998 6999 7258
f 6998 7258 7119
f 6999 7020 7258
f 7001 7028 7132
f 7002 7061 7343
f 7002 7343 7327
f 7002 7327 7109
f 7003 7026 7004
f 7003 7004 7114
f 7004 7026 7027
f 7004 7027 7167
f 7004 7167 7143
f 7004 7143 7114
f 7005 7156 7127
f 7005 7127 7100
f 7007 7031 7008
f 7008 7031 7168
f 7008 7168 7138
f 7008 7138 7113
f 7009 7179 7083
f 7010 7011 7129
f 7011 7037 7158
f 7011 7158 7159
f 7011 7159 7129
f 7013 7040 7014
f 7014 7040 7063
f 7014 7063 7170
f 7014 7170 7140
f 7015 7074 7075
f 7015 7075 7154
f 7015 7154 7092
f 7016 7045 7286
f 7016 7286 7147
f 7017 7035 7214
f 7017 7214 7043
f 7018 7048 7162
f 7019 7050 7152
f 7019 7152 7123
f 7020 7047 7191
f 7020 7191 7281
f 7020 7281 7258
f 7021 7051 7022
f 7022 7051 7175
f 7022 7175 7149
f 7023 7052 7089
f 7023 7089 7141
f 7023 7141 7074
f 7024 7157 7246
f 7024 7246 7029
f 7027 7053 7187
f 7027 7187 7167
f 7028 7054 7164
f 7028 7164 7132
f 7029 7246 7136
f 7029 7136 7030
f 7030 7136 7308
f 7030 7308 7104
f 7031 7055 7168
f 7032 7059 7180
f 7032 7180 7156
f 7033 7062 7034
f 7034 7062 7178
f 7034 7178 7117
f 7035 7148 7226
f 7035 7226 7214
f 7036 7058 7174
f 7036 7174 7151
f 7036 7151 7150
f 7037 7064 7158
f 7038 7039 7125
f 7039 7182 7251
f 7039 7251 7125
f 7039 7065 7182
f 7041 7069 7160
f 7041 7160 7042
f 7042 7160 7128
f 7043 7214 7235
f 7044 7096 7068
f 7045 7066 7305
f 7045 7305 7286
f 7046 7072 7047
f 7047 7072 7191
f 7048 7181 7163
f 7048 7163 7162
f 7048 7073 7181
f 7050 7077 7177
f 7050 7177 7152
f 7051 7079 7197
f 7051 7197 7175
f 7051 7078 7079
f 7053 7080 7081
f 7053 7081 7206
f 7053 7206 7187
f 7054 7082 7183
f 7054 7183 7164
f 7055 7084 7189
f 7055 7189 7168
f 7057 7302 7169
f 7058 7090 7195
f 7058 7195 7174
f 7059 7091 7120
f 7059 7120 7202
f 7059 7202 7180
f 7060 7172 7192
f 7060 7192 7093
f 7061 7235 7361
f 7061 7361 7343
f 7062 7200 7178
f 7063 7098 7170
f 7063 7097 7098
f 7064 7101 7185
f 7064 7185 7158
f 7065 7102 7182
f 7066 7067 7305
f 7067 7094 7329
f 7067 7329 7305
f 7068 7096 7319
f 7068 7319 7292
f 7068 7292 7275
f 7069 7211 7186
f 7069 7186 7160
f 7072 7099 7208
f 7072 7208 7191
f 7073 7103 7181
f 7074 7141 7075
f 7075 7141 7210
f 7075 7210 7244
f 7075 7244 7154
f 7076 7105 7106
f 7076 7106 7077
f 7077 7106 7198
f 7077 7198 7177
f 7078 7112 7079
f 7079 7112 7217
f 7079 7217 7218
f 7079 7218 7197
f 7080 7107 7108
f 7080 7108 7081
f 7081 7108 7206
f 7082 7113 7204
f 7082 7204 7183
f 7083 7179 7262
f 7083 7262 7157
f 7084 7114 7085
f 7084 7085 7189
f 7085 7114 7143
f 7085 7143 7229
f 7085 7229 7209
f 7085 7209 7189
f 7087 7110 7111
f 7089 7117 7239
f 7089 7239 7193
f 7089 7193 7141
f 7090 7115 7195
f 7092 7154 7196
f 7092 7196 7173
f 7092 7173 7142
f 7093 7192 7241
f 7093 7241 7121
f 7094 7118 7372
f 7094 7372 7348
f 7094 7348 7329
f 7096 7119 7342
f 7096 7342 7319
f 7097 7123 7124
f 7097 7124 7098
f 7098 7124 7212
f 7098 7212 7170
f 7099 7122 7223
f 7099 7223 7208
f 7100 7127 7232
f 7100 7232 7101
f 7101 7232 7303
f 7101 7303 7185
f 7102 7128 7161
f 7102 7161 7230
f 7102 7230 7182
f 7103 7126 7219
f 7103 7219 7181
f 7104 7308 7367
f 7104 7367 7172
f 7105 7132 7133
f 7105 7133 7106
f 7106 7133 7216
f 7106 7216 7198
f 7107 7134 7108
f 7108 7134 7227
f 7108 7227 7207
f 7108 7207 7206
f 7109 7327 7622
f 7109 7622 7530
f 7110 7130 7111
f 7112 7140 7217
f 7113 7138 7221
f 7113 7221 7204
f 7115 7137 7236
f 7115 7236 7331
f 7115 7331 7195
f 7117 7178 7239
f 7118 7146 7393
f 7118 7393 7372
f 7119 7258 7465
f 7119 7465 7342
f 7120 7149 7202
f 7121 7241 7263
f 7121 7263 7148
f 7122 7147 7265
f 7122 7265 7224
f 7122 7224 7223
f 7123 7152 7153
f 7123 7153 7124
f 7124 7153 7234
f 7124 7234 7212
f 7125 7251 7200
f 7126 7242 7219
f 7126 7150 7242
f 7127 7156 7253
f 7127 7253 7232
f 7128 7160 7161
f 7129 7159 7211
f 7132 7164 7133
f 7133 7164 7165
f 7133 7165 7261
f 7133 7261 7237
f 7133 7237 7216
f 7134 7162 7135
f 7134 7135 7227
f 7135 7162 7163
f 7135 7163 7269
f 7135 7269 7245
f 7135 7245 7227
f 7136 7246 7338
f 7136 7338 7308
f 7137 7275 7374
f 7137 7374 7236
f 7138 7168 7139
f 7138 7139 7221
f 7139 7168 7190
f 7139 7190 7270
f 7139 7270 7222
f 7139 7222 7221
f 7140 7170 7171
f 7140 7171 7238
f 7140 7238 7217
f 7141 7193 7257
f 7141 7257 7210
f 7142 7173 7231
f 7142 7231 7179
f 7143 7167 7248
f 7143 7248 7229
f 7145 7169 7146
f 7146 7169 7283
f 7146 7283 7393
f 7147 7286 7265
f 7148 7263 7226
f 7149 7176 7225
f 7149 7225 7202
f 7149 7175 7176
f 7150 7151 7242
f 7151 7174 7259
f 7151 7259 7242
f 7152 7177 7276
f 7152 7276 7153
f 7153 7256 7234
f 7153 7276 7256
f 7154 7244 7196
f 7156 7180 7253
f 7157 7262 7295
f 7157 7295 7246
f 7158 7185 7280
f 7158 7280 7159
f 7159 7280 7233
f 7159 7233 7211
f 7160 7186 7255
f 7160 7255 7161
f 7161 7255 7230
f 7163 7181 7201
f 7163 7201 7268
f 7163 7268 7269
f 7164 7183 7165
f 7165 7183 7184
f 7165 7184 7261
f 7167 7271 7248
f 7167 7187 7271
f 7168 7189 7190
f 7169 7302 7284
f 7169 7284 7283
f 7170 7212 7171
f 7171 7212 7288
f 7171 7288 7264
f 7171 7264 7238
f 7172 7367 7395
f 7172 7395 7192
f 7173 7196 7309
f 7173 7309 7347
f 7173 7347 7231
f 7174 7195 7285
f 7174 7285 7259
f 7175 7197 7176
f 7176 7197 7293
f 7176 7293 7250
f 7176 7250 7225
f 7177 7198 7297
f 7177 7297 7276
f 7178 7200 7220
f 7178 7220 7266
f 7178 7266 7239
f 7179 7231 7262
f 7180 7202 7203
f 7180 7203 7278
f 7180 7278 7253
f 7181 7219 7201
f 7182 7230 7296
f 7182 7296 7274
f 7182 7274 7251
f 7183 7204 7184
f 7184 7204 7205
f 7184 7205 7287
f 7184 7287 7261
f 7185 7303 7280
f 7186 7233 7301
f 7186 7301 7255
f 7186 7211 7233
f 7187 7206 7188
f 7187 7188 7271
f 7188 7206 7207
f 7188 7207 7317
f 7188 7317 7291
f 7188 7291 7271
f 7189 7209 7190
f 7190 7209 7290
f 7190 7290 7270
f 7191 7208 7300
f 7191 7300 7282
f 7191 7282 7281
f 7192 7395 7437
f 7192 7437 7241
f 7193 7239 7240
f 7193 7240 7311
f 7193 7311 7257
f 7195 7331 7307
f 7195 7307 7285
f 7196 7244 7339
f 7196 7339 7309
f 7197 7218 7293
f 7198 7216 7297
f 7200 7251 7220
f 7201 7219 7314
f 7201 7314 7405
f 7201 7405 7268
f 7202 7225 7203
f 7203 7225 7330
f 7203 7330 7278
f 7204 7221 7205
f 7205 7221 7222
f 7205 7222 7336
f 7205 7336 7287
f 7207 7228 7317
f 7207 7227 7228
f 7208 7223 7300
f 7209 7229 7315
f 7209 7315 7290
f 7210 7294 7244
f 7210 7257 7356
f 7210 7356 7294
f 7212 7234 7288
f 7214 7226 7469
f 7214 7469 7235
f 7216 7237 7349
f 7216 7349 7325
f 7216 7325 7297
f 7217 7238 7345
f 7217 7345 7218
f 7218 7322 7293
f 7218 7345 7322
f 7219 7243 7337
f 7219 7337 7314
f 7219 7242 7243
f 7220 7251 7274
f 7220 7274 7320
f 7220 7320 7266
f 7222 7270 7359
f 7222 7359 7336
f 7223 7224 7324
f 7223 7324 7300
f 7224 7265 7370
f 7224 7370 7324
f 7225 7250 7353
f 7225 7353 7330
f 7226 7263 7479
f 7226 7479 7469
f 7227 7245 7228
f 7228 7318 7317
f 7228 7245 7364
f 7228 7364 7318
f 7229 7340 7315
f 7229 7248 7340
f 7230 7255 7354
f 7230 7354 7296
f 7231 7347 7321
f 7231 7321 7262
f 7232 7253 7254
f 7232 7254 7303
f 7233 7280 7358
f 7233 7358 7301
f 7234 7256 7365
f 7234 7365 7312
f 7234 7312 7288
f 7235 7469 7361
f 7236 7374 7351
f 7236 7351 7331
f 7237 7261 7375
f 7237 7375 7349
f 7238 7264 7345
f 7239 7266 7240
f 7240 7266 7394
f 7240 7394 7366
f 7240 7366 7311
f 7241 7437 7455
f 7241 7455 7263
f 7242 7259 7260
f 7242 7260 7243
f 7243 7260 7362
f 7243 7362 7337
f 7244 7294 7339
f 7245 7269 7363
f 7245 7363 7364
f 7246 7295 7416
f 7246 7416 7338
f 7248 7271 7249
f 7248 7249 7340
f 7249 7271 7291
f 7249 7291 7388
f 7249 7388 7341
f 7249 7341 7340
f 7250 7293 7273
f 7250 7273 7379
f 7250 7379 7353
f 7253 7278 7254
f 7254 7278 7383
f 7254 7383 7335
f 7254 7335 7303
f 7255 7301 7279
f 7255 7279 7354
f 7256 7276 7277
f 7256 7277 7365
f 7257 7311 7356
f 7258 7281 7465
f 7259 7285 7400
f 7259 7400 7260
f 7260 7400 7480
f 7260 7480 7362
f 7261 7287 7413
f 7261 7413 7375
f 7262 7321 7389
f 7262 7389 7295
f 7263 7455 7479
f 7264 7288 7289
f 7264 7289 7373
f 7264 7373 7345
f 7265 7286 7392
f 7265 7392 7370
f 7266 7320 7394
f 7268 7405 7385
f 7268 7385 7269
f 7269 7385 7363
f 7270 7290 7381
f 7270 7381 7359
f 7273 7293 7322
f 7273 7322 7399
f 7273 7399 7379
f 7274 7296 7328
f 7274 7328 7377
f 7274 7377 7320
f 7275 7292 7396
f 7275 7396 7374
f 7276 7297 7277
f 7277 7298 7390
f 7277 7390 7365
f 7277 7297 7298
f 7278 7330 7299
f 7278 7299 7383
f 7279 7301 7334
f 7279 7334 7402
f 7279 7402 7355
f 7279 7355 7354
f 7280 7303 7304
f 7280 7304 7358
f 7281 7282 7488
f 7281 7488 7466
f 7281 7466 7465
f 7282 7300 7525
f 7282 7525 7488
f 7283 7284 7409
f 7283 7409 7393
f 7284 7302 7426
f 7284 7426 7409
f 7285 7307 7400
f 7286 7305 7606
f 7286 7606 7496
f 7286 7496 7392
f 7287 7336 7413
f 7288 7312 7289
f 7289 7312 7313
f 7289 7313 7398
f 7289 7398 7373
f 7290 7315 7401
f 7290 7401 7381
f 7291 7317 7407
f 7291 7407 7388
f 7292 7319 7397
f 7292 7397 7396
f 7294 7356 7415
f 7294 7415 7339
f 7295 7389 7411
f 7295 7411 7416
f 7296 7354 7328
f 7297 7325 7298
f 7298 7326 7408
f 7298 7408 7390
f 7298 7325 7326
f 7299 7330 7353
f 7299 7353 7428
f 7299 7428 7404
f 7299 7404 7383
f 7300 7324 7546
f 7300 7546 7525
f 7301 7358 7334
f 7302 7323 7426
f 7303 7335 7304
f 7304 7335 7430
f 7304 7430 7384
f 7304 7384 7358
f 7305 7329 7606
f 7307 7331 7332
f 7307 7332 7418
f 7307 7418 7400
f 7308 7338 7420
f 7308 7420 7470
f 7308 7470 7367
f 7309 7339 7368
f 7309 7368 7378
f 7309 7378 7347
f 7311 7366 7406
f 7311 7406 7356
f 7312 7365 7313
f 7313 7365 7450
f 7313 7450 7412
f 7313 7412 7398
f 7314 7337 7440
f 7314 7440 7424
f 7314 7424 7405
f 7315 7340 7316
f 7315 7316 7401
f 7316 7340 7341
f 7316 7341 7438
f 7316 7438 7423
f 7316 7423 7401
f 7317 7318 7407
f 7318 7364 7442
f 7318 7442 7425
f 7318 7425 7407
f 7319 7342 7536
f 7319 7536 7517
f 7319 7517 7397
f 7320 7377 7435
f 7320 7435 7394
f 7321 7347 7432
f 7321 7432 7389
f 7322 7346 7441
f 7322 7441 7399
f 7322 7345 7346
f 7323 7439 7427
f 7323 7427 7426
f 7324 7370 7546
f 7325 7349 7326
f 7326 7349 7350
f 7326 7350 7431
f 7326 7431 7408
f 7327 7343 7659
f 7327 7659 7622
f 7328 7354 7355
f 7328 7355 7421
f 7328 7421 7377
f 7329 7348 7547
f 7329 7547 7606
f 7331 7351 7332
f 7332 7452 7419
f 7332 7419 7418
f 7332 7351 7452
f 7334 7358 7384
f 7334 7384 7444
f 7334 7444 7402
f 7335 7383 7357
f 7335 7357 7430
f 7336 7359 7433
f 7336 7433 7413
f 7337 7362 7558
f 7337 7558 7440
f 7338 7416 7420
f 7339 7415 7368
f 7341 7388 7457
f 7341 7457 7438
f 7342 7465 7552
f 7342 7552 7536
f 7343 7361 7672
f 7343 7672 7659
f 7345 7373 7346
f 7346 7373 7461
f 7346 7461 7441
f 7347 7378 7432
f 7348 7372 7478
f 7348 7478 7562
f 7348 7562 7547
f 7349 7375 7350
f 7350 7375 7376
f 7350 7376 7445
f 7350 7445 7431
f 7351 7374 7352
f 7351 7352 7452
f 7352 7374 7396
f 7352 7396 7473
f 7352 7473 7453
f 7352 7453 7452
f 7353 7379 7428
f 7355 7402 7464
f 7355 7464 7421
f 7356 7406 7380
f 7356 7380 7415
f 7357 7383 7404
f 7357 7404 7495
f 7357 7495 7446
f 7357 7446 7430
f 7359 7381 7360
f 7359 7360 7433
f 7360 7381 7382
f 7360 7382 7449
f 7360 7449 7434
f 7360 7434 7433
f 7361 7469 7672
f 7362 7480 7558
f 7363 7385 7387
f 7363 7387 7459
f 7363 7459 7364
f 7364 7459 7442
f 7365 7390 7450
f 7366 7394 7410
f 7366 7410 7472
f 7366 7472 7406
f 7367 7470 7565
f 7367 7565 7395
f 7368 7415 7501
f 7368 7501 7447
f 7368 7447 7378
f 7370 7392 7559
f 7370 7559 7546
f 7372 7393 7478
f 7373 7398 7461
f 7375 7413 7376
f 7376 7413 7414
f 7376 7414 7490
f 7376 7490 7445
f 7377 7421 7483
f 7377 7483 7435
f 7378 7447 7482
f 7378 7482 7432
f 7379 7399 7491
f 7379 7491 7443
f 7379 7443 7428
f 7380 7406 7511
f 7380 7511 7487
f 7380 7487 7415
f 7381 7401 7382
f 7382 7401 7423
f 7382 7423 7500
f 7382 7500 7449
f 7384 7430 7494
f 7384 7494 7444
f 7385 7405 7386
f 7385 7386 7387
f 7386 7405 7505
f 7386 7505 7484
f 7386 7484 7387
f 7387 7484 7485
f 7387 7485 7459
f 7388 7407 7481
f 7388 7481 7457
f 7389 7432 7538
f 7389 7538 7460
f 7389 7460 7411
f 7390 7408 7476
f 7390 7476 7450
f 7392 7496 7559
f 7393 7409 7499
f 7393 7499 7478
f 7394 7435 7410
f 7395 7565 7637
f 7395 7637 7437
f 7396 7397 7498
f 7396 7498 7473
f 7397 7517 7498
f 7398 7412 7486
f 7398 7486 7461
f 7399 7441 7491
f 7400 7418 7480
f 7402 7444 7512
f 7402 7512 7464
f 7404 7428 7429
f 7404 7429 7495
f 7405 7424 7505
f 7406 7472 7511
f 7407 7425 7481
f 7408 7431 7502
f 7408 7502 7476
f 7409 7426 7518
f 7409 7518 7499
f 7410 7435 7454
f 7410 7454 7522
f 7410 7522 7472
f 7411 7460 7520
f 7411 7520 7416
f 7412 7450 7451
f 7412 7451 7509
f 7412 7509 7486
f 7413 7433 7414
f 7414 7433 7434
f 7414 7434 7510
f 7414 7510 7490
f 7415 7487 7501
f 7416 7520 7497
f 7416 7497 7420
f 7418 7419 7503
f 7418 7503 7480
f 7419 7452 7453
f 7419 7453 7541
f 7419 7541 7588
f 7419 7588 7503
f 7420 7497 7470
f 7421 7464 7529
f 7421 7529 7483
f 7423 7438 7519
f 7423 7519 7500
f 7424 7440 7524
f 7424 7524 7505
f 7425 7442 7523
f 7425 7523 7504
f 7425 7504 7481
f 7426 7427 7518
f 7427 7439 7549
f 7427 7549 7533
f 7427 7533 7518
f 7428 7443 7429
f 7429 7443 7537
f 7429 7537 7516
f 7429 7516 7495
f 7430 7446 7494
f 7431 7445 7542
f 7431 7542 7521
f 7431 7521 7502
f 7432 7482 7578
f 7432 7578 7538
f 7434 7449 7531
f 7434 7531 7510
f 7435 7483 7454
f 7437 7637 7661
f 7437 7661 7455
f 7438 7457 7539
f 7438 7539 7519
f 7439 7456 7549
f 7440 7558 7524
f 7441 7462 7513
f 7441 7513 7491
f 7441 7461 7462
f 7442 7459 7543
f 7442 7543 7523
f 7443 7492 7537
f 7443 7491 7492
f 7444 7494 7467
f 7444 7467 7512
f 7445 7490 7576
f 7445 7576 7542
f 7446 7495 7556
f 7446 7556 7514
f 7446 7514 7494
f 7447 7501 7594
f 7447 7594 7553
f 7447 7553 7482
f 7449 7500 7564
f 7449 7564 7531
f 7450 7476 7451
f 7451 7476 7477
f 7451 7477 7528
f 7451 7528 7509
f 7453 7473 7568
f 7453 7568 7628
f 7453 7628 7541
f 7454 7483 7508
f 7454 7508 7560
f 7454 7560 7522
f 7455 7661 7687
f 7455 7687 7479
f 7456 7474 7550
f 7456 7550 7549
f 7457 7481 7458
f 7457 7458 7539
f 7458 7481 7504
f 7458 7504 7569
f 7458 7569 7540
f 7458 7540 7539
f 7459 7485 7543
f 7460 7538 7604
f 7460 7604 7634
f 7460 7634 7520
f 7461 7486 7462
f 7462 7486 7566
f 7462 7566 7554
f 7462 7554 7513
f 7463 7583 7682
f 7463 7682 7545
f 7464 7512 7489
f 7464 7489 7529
f 7465 7466 7552
f 7466 7488 7688
f 7466 7688 7665
f 7466 7665 7552
f 7467 7494 7514
f 7467 7514 7587
f 7467 7587 7534
f 7467 7534 7512
f 7469 7479 7705
f 7469 7705 7672
f 7470 7497 7584
f 7470 7584 7565
f 7472 7522 7555
f 7472 7555 7511
f 7473 7498 7568
f 7474 7475 7690
f 7474 7690 7550
f 7475 7515 7706
f 7475 7706 7690
f 7476 7502 7477
f 7477 7502 7579
f 7477 7579 7563
f 7477 7563 7528
f 7478 7499 7596
f 7478 7596 7562
f 7479 7687 7705
f 7480 7503 7573
f 7480 7573 7558
f 7482 7553 7578
f 7483 7529 7508
f 7484 7506 7575
f 7484 7575 7485
f 7484 7505 7506
f 7485 7575 7557
f 7485 7557 7543
f 7486 7509 7566
f 7487 7511 7535
f 7487 7535 7582
f 7487 7582 7594
f 7487 7594 7501
f 7488 7525 7623
f 7488 7623 7688
f 7489 7512 7534
f 7489 7534 7611
f 7489 7611 7548
f 7489 7548 7529
f 7490 7510 7595
f 7490 7595 7576
f 7491 7513 7492
f 7492 7570 7537
f 7492 7513 7590
f 7492 7590 7570
f 7495 7516 7556
f 7496 7606 7697
f 7496 7697 7572
f 7496 7572 7559
f 7497 7520 7663
f 7497 7663 7584
f 7498 7517 7605
f 7498 7605 7673
f 7498 7673 7568
f 7499 7518 7616
f 7499 7616 7596
f 7500 7519 7581
f 7500 7581 7564
f 7502 7521 7579
f 7503 7588 7574
f 7503 7574 7573
f 7504 7523 7586
f 7504 7586 7569
f 7505 7524 7506
f 7506 7615 7589
f 7506 7589 7575
f 7506 7524 7615
f 7508 7529 7548
f 7508 7548 7602
f 7508 7602 7560
f 7509 7528 7585
f 7509 7585 7566
f 7510 7531 7620
f 7510 7620 7595
f 7511 7555 7535
f 7513 7554 7590
f 7514 7556 7617
f 7514 7617 7587
f 7515 7721 7707
f 7515 7707 7706
f 7516 7537 7619
f 7516 7619 7571
f 7516 7571 7556
f 7517 7536 7605
f 7518 7533 7629
f 7518 7629 7616
f 7519 7539 7598
f 7519 7598 7581
f 7520 7634 7663
f 7521 7542 7600
f 7521 7600 7579
f 7522 7560 7621
f 7522 7621 7555
f 7523 7543 7608
f 7523 7608 7586
f 7524 7558 7544
f 7524 7544 7615
f 7525 7546 7636
f 7525 7636 7623
f 7526 7545 7639
f 7526 7639 7527
f 7527 7639 7613
f 7527 7613 7612
f 7528 7563 7631
f 7528 7631 7585
f 7530 7622 8220
f 7530 8220 8091
f 7531 7564 7656
f 7531 7656 7620
f 7533 7549 7551
f 7533 7551 7629
f 7534 7587 7653
f 7534 7653 7611
f 7535 7555 7651
f 7535 7651 7603
f 7535 7603 7582
f 7536 7552 7626
f 7536 7626 7605
f 7537 7570 7619
f 7538 7578 7654
f 7538 7654 7604
f 7539 7540 7598
f 7540 7569 7638
f 7540 7638 7599
f 7540 7599 7598
f 7541 7628 7588
f 7542 7576 7642
f 7542 7642 7600
f 7543 7557 7608
f 7544 7558 7573
f 7544 7573 7649
f 7544 7649 7632
f 7544 7632 7615
f 7545 7682 7662
f 7545 7662 7640
f 7545 7640 7639
f 7546 7559 7636
f 7547 7562 7686
f 7547 7686 7849
f 7547 7849 7732
f 7547 7732 7607
f 7547 7607 7606
f 7548 7611 7647
f 7548 7647 7602
f 7549 7550 7551
f 7550 7690 7670
f 7550 7670 7644
f 7550 7644 7645
f 7550 7645 7551
f 7551 7645 7630
f 7551 7630 7629
f 7552 7665 7641
f 7552 7641 7626
f 7553 7625 7578
f 7553 7594 7698
f 7553 7698 7625
f 7554 7566 7567
f 7554 7567 7633
f 7554 7633 7590
f 7555 7621 7651
f 7556 7571 7617
f 7557 7646 7627
f 7557 7627 7608
f 7557 7575 7646
f 7559 7572 7655
f 7559 7655 7636
f 7560 7602 7664
f 7560 7664 7621
f 7562 7596 7686
f 7563 7579 7580
f 7563 7580 7650
f 7563 7650 7631
f 7564 7581 7656
f 7565 7584 7694
f 7565 7694 7695
f 7565 7695 7637
f 7566 7585 7567
f 7567 7610 7658
f 7567 7658 7633
f 7567 7585 7610
f 7568 7673 7648
f 7568 7648 7628
f 7569 7586 7666
f 7569 7666 7638
f 7570 7590 7591
f 7570 7591 7635
f 7570 7635 7619
f 7571 7660 7617
f 7571 7619 7704
f 7571 7704 7660
f 7572 7697 7678
f 7572 7678 7655
f 7573 7574 7649
f 7574 7588 7713
f 7574 7713 7696
f 7574 7696 7675
f 7574 7675 7649
f 7575 7589 7646
f 7576 7595 7668
f 7576 7668 7642
f 7577 7592 7593
f 7577 7593 7702
f 7578 7625 7654
f 7579 7600 7580
f 7580 7600 7601
f 7580 7601 7677
f 7580 7677 7650
f 7581 7598 7679
f 7581 7679 7656
f 7582 7603 7667
f 7582 7667 7594
f 7583 7699 7682
f 7584 7663 7694
f 7585 7631 7610
f 7586 7608 7609
f 7586 7609 7666
f 7587 7617 7618
f 7587 7618 7653
f 7588 7628 7713
f 7589 7711 7674
f 7589 7674 7646
f 7589 7615 7711
f 7590 7633 7591
f 7591 7633 7703
f 7591 7703 7685
f 7591 7685 7635
f 7592 7612 7593
f 7593 7612 7614
f 7593 7614 7702
f 7594 7667 7698
f 7595 7620 7692
f 7595 7692 7668
f 7596 7616 7701
f 7596 7701 7686
f 7598 7599 7679
f 7599 7638 7719
f 7599 7719 7680
f 7599 7680 7679
f 7600 7642 7601
f 7601 7642 7643
f 7601 7643 7717
f 7601 7717 7677
f 7602 7647 7714
f 7602 7714 7664
f 7603 7651 7753
f 7603 7753 7715
f 7603 7715 7667
f 7604 7654 7754
f 7604 7754 7691
f 7604 7691 7634
f 7605 7626 7693
f 7605 7693 7673
f 7606 7607 7716
f 7606 7716 7697
f 7607 7732 7716
f 7608 7627 7609
f 7609 7689 7666
f 7609 7627 7708
f 7609 7708 7689
f 7610 7631 7722
f 7610 7722 7700
f 7610 7700 7658
f 7611 7653 7718
f 7611 7718 7647
f 7612 7613 7614
f 7613 7639 7614
f 7614 7639 7736
f 7614 7736 7812
f 7614 7812 7702
f 7615 7632 7711
f 7616 7629 7720
f 7616 7720 7701
f 7617 7660 7618
f 7618 7660 7724
f 7618 7724 7681
f 7618 7681 7653
f 7619 7635 7704
f 7620 7656 7728
f 7620 7728 7692
f 7621 7664 7725
f 7621 7725 7651
f 7622 7659 8220
f 7623 7636 7823
f 7623 7823 7790
f 7623 7790 7688
f 7625 7698 7723
f 7625 7723 7730
f 7625 7730 7654
f 7626 7641 7727
f 7626 7727 7693
f 7627 7646 7740
f 7627 7740 7708
f 7628 7648 7731
f 7628 7731 7713
f 7629 7630 7720
f 7630 7645 7748
f 7630 7748 7734
f 7630 7734 7720
f 7631 7650 7722
f 7632 7649 7746
f 7632 7746 7712
f 7632 7712 7711
f 7633 7658 7703
f 7634 7691 7663
f 7635 7685 7726
f 7635 7726 7704
f 7636 7655 7837
f 7636 7837 7823
f 7637 7695 7758
f 7637 7758 7661
f 7638 7666 7737
f 7638 7737 7719
f 7639 7640 7841
f 7639 7841 7736
f 7640 7662 7763
f 7640 7763 7841
f 7641 7665 7743
f 7641 7743 7744
f 7641 7744 7727
f 7642 7668 7643
f 7643 7668 7669
f 7643 7669 7735
f 7643 7735 7717
f 7644 7670 7671
f 7644 7671 7645
f 7645 7671 7748
f 7646 7674 7756
f 7646 7756 7740
f 7647 7718 7769
f 7647 7769 7714
f 7648 7673 7760
f 7648 7760 7809
f 7648 7809 7731
f 7649 7675 7746
f 7650 7677 7739
f 7650 7739 7722
f 7651 7725 7753
f 7653 7681 7718
f 7654 7730 7754
f 7655 7678 7837
f 7656 7679 7657
f 7656 7657 7728
f 7657 7679 7680
f 7657 7680 7761
f 7657 7761 7729
f 7657 7729 7728
f 7658 7700 7742
f 7658 7742 7703
f 7659 8182 8220
f 7659 7672 8182
f 7660 7704 7684
f 7660 7684 7724
f 7661 7758 7953
f 7661 7953 7687
f 7662 7682 7683
f 7662 7683 7778
f 7662 7778 7764
f 7662 7764 7763
f 7663 7691 7757
f 7663 7757 7694
f 7664 7714 7762
f 7664 7762 7725
f 7665 7688 7771
f 7665 7771 7743
f 7666 7689 7737
f 7667 7715 7741
f 7667 7741 7698
f 7668 7692 7669
f 7669 7692 7710
f 7669 7710 7751
f 7669 7751 7735
f 7670 7690 7671
f 7671 7690 7766
f 7671 7766 7765
f 7671 7765 7748
f 7672 8035 8182
f 7672 7705 8035
f 7673 7693 7760
f 7674 7772 7756
f 7674 7711 7772
f 7675 7696 7776
f 7675 7776 7826
f 7675 7826 7746
f 7677 7717 7773
f 7677 7773 7739
f 7678 7697 7785
f 7678 7785 7861
f 7678 7861 7837
f 7680 7719 7780
f 7680 7780 7761
f 7681 7724 7797
f 7681 7797 7738
f 7681 7738 7718
f 7682 7699 7794
f 7682 7794 7683
f 7683 7794 7778
f 7684 7704 7726
f 7684 7726 7800
f 7684 7800 7759
f 7684 7759 7724
f 7685 7703 7779
f 7685 7779 7745
f 7685 7745 7726
f 7686 7701 7791
f 7686 7791 7774
f 7686 7774 7849
f 7687 7953 7974
f 7687 7974 7705
f 7688 7790 7771
f 7689 7708 7786
f 7689 7786 7752
f 7689 7752 7737
f 7690 7706 7781
f 7690 7781 7782
f 7690 7782 7766
f 7691 7754 7838
f 7691 7838 7755
f 7691 7755 7757
f 7692 7728 7710
f 7693 7727 7793
f 7693 7793 7775
f 7693 7775 7760
f 7694 7757 7695
f 7695 7757 7846
f 7695 7846 7758
f 7696 7795 7776
f 7696 7713 7795
f 7697 7716 7785
f 7698 7741 7723
f 7699 7805 7794
f 7700 7722 7799
f 7700 7799 7777
f 7700 7777 7742
f 7701 7720 7804
f 7701 7804 7791
f 7702 7812 7907
f 7702 7907 7890
f 7702 7890 7877
f 7703 7742 7779
f 7705 7974 8035
f 7706 7707 7781
f 7707 7721 7810
f 7707 7810 7798
f 7707 7798 7781
f 7708 7740 7803
f 7708 7803 7786
f 7710 7728 7729
f 7710 7729 7787
f 7710 7787 7751
f 7711 7712 7772
f 7712 7746 7807
f 7712 7807 7879
f 7712 7879 7772
f 7713 7731 7795
f 7714 7769 7820
f 7714 7820 7762
f 7715 7753 7770
f 7715 7770 7822
f 7715 7822 7741
f 7716 7732 7802
f 7716 7802 7785
f 7717 7735 7792
f 7717 7792 7773
f 7718 7738 7769
f 7719 7737 7801
f 7719 7801 7780
f 7720 7734 7824
f 7720 7824 7804
f 7721 7827 7810
f 7722 7739 7799
f 7723 7808 7730
f 7723 7741 7851
f 7723 7851 7808
f 7724 7759 7797
f 7725 7762 7813
f 7725 7813 7753
f 7726 7745 7800
f 7727 7744 7793
f 7729 7761 7825
f 7729 7825 7787
f 7730 7808 7816
f 7730 7816 7754
f 7731 7809 7796
f 7731 7796 7795
f 7732 7849 7908
f 7732 7908 7802
f 7733 7747 7935
f 7733 7935 7918
f 7733 7918 7805
f 7734 7748 7835
f 7734 7835 7824
f 7735 7751 7832
f 7735 7832 7792
f 7736 7841 7830
f 7736 7830 7812
f 7737 7752 7801
f 7738 7797 7848
f 7738 7848 7789
f 7738 7789 7769
f 7739 7773 7834
f 7739 7834 7799
f 7740 7756 7803
f 7741 7822 7851
f 7742 7777 7818
f 7742 7818 7779
f 7743 7771 7843
f 7743 7843 7744
f 7744 7843 7829
f 7744 7829 7793
f 7745 7817 7800
f 7745 7779 7858
f 7745 7858 7817
f 7746 7826 7807
f 7747 7854 7935
f 7748 7765 7767
f 7748 7767 7859
f 7748 7859 7835
f 7750 7864 7842
f 7750 7842 7827
f 7751 7787 7847
f 7751 7847 7832
f 7752 7786 7850
f 7752 7850 7814
f 7752 7814 7801
f 7753 7813 7770
f 7754 7816 7838
f 7755 7838 7931
f 7755 7931 7845
f 7755 7845 7757
f 7756 7772 7862
f 7756 7862 7821
f 7756 7821 7803
f 7757 7845 7846
f 7758 7846 7913
f 7758 7913 7953
f 7759 7800 7852
f 7759 7852 7888
f 7759 7888 7797
f 7760 7775 7929
f 7760 7929 7831
f 7760 7831 7809
f 7761 7780 7839
f 7761 7839 7825
f 7762 7820 7853
f 7762 7853 7813
f 7763 7764 7863
f 7763 7863 7841
f 7764 7778 7875
f 7764 7875 7876
f 7764 7876 7863
f 7765 7766 7767
f 7766 7782 7784
f 7766 7784 7767
f 7767 7784 7859
f 7769 7789 7820
f 7770 7833 7884
f 7770 7884 7822
f 7770 7813 7833
f 7771 7790 7866
f 7771 7866 7843
f 7772 7879 7862
f 7773 7792 7870
f 7773 7870 7834
f 7774 7791 7804
f 7774 7804 7883
f 7774 7883 7952
f 7774 7952 7939
f 7774 7939 7849
f 7775 7793 7962
f 7775 7962 7929
f 7776 7867 7844
f 7776 7844 7826
f 7776 7795 7867
f 7777 7799 7815
f 7777 7815 7857
f 7777 7857 7818
f 7778 7794 7875
f 7779 7818 7858
f 7780 7801 7881
f 7780 7881 7839
f 7781 7798 7783
f 7781 7783 7782
f 7782 7783 7784
f 7783 7798 7885
f 7783 7885 7872
f 7783 7872 7871
f 7783 7871 7784
f 7784 7871 7859
f 7785 7802 7874
f 7785 7874 7861
f 7786 7803 7869
f 7786 7869 7850
f 7787 7825 7868
f 7787 7868 7847
f 7789 7848 7901
f 7789 7901 7840
f 7789 7840 7820
f 7790 7823 7897
f 7790 7897 7880
f 7790 7880 7866
f 7792 7832 7891
f 7792 7891 7870
f 7793 7829 7986
f 7793 7986 7962
f 7794 7805 7806
f 7794 7806 7889
f 7794 7889 7875
f 7795 7796 7867
f 7796 7809 7898
f 7796 7898 7882
f 7796 7882 7867
f 7797 7888 7848
f 7798 7810 7885
f 7799 7834 7815
f 7800 7817 7852
f 7801 7814 7881
f 7802 7908 7874
f 7803 7821 7869
f 7804 7824 7899
f 7804 7899 7883
f 7805 7918 7806
f 7806 7918 7904
f 7806 7904 7889
f 7807 7826 7911
f 7807 7911 7893
f 7807 7893 7879
f 7808 7900 7816
f 7808 7851 7941
f 7808 7941 7900
f 7809 7831 7898
f 7810 7827 7811
f 7810 7811 7885
f 7811 7827 7828
f 7811 7828 7902
f 7811 7902 7885
f 7812 7830 7907
f 7813 7853 7833
f 7814 7850 7916
f 7814 7916 7955
f 7814 7955 7881
f 7815 7834 7912
f 7815 7912 7894
f 7815 7894 7857
f 7816 7900 7906
f 7816 7906 7838
f 7817 7858 7930
f 7817 7930 7892
f 7817 7892 7852
f 7818 7857 7895
f 7818 7895 7858
f 7820 7840 7853
f 7821 7862 7940
f 7821 7940 7905
f 7821 7905 7869
f 7822 7884 7915
f 7822 7915 7851
f 7823 7837 7923
f 7823 7923 7897
f 7824 7835 7836
f 7824 7836 7925
f 7824 7925 7899
f 7825 7839 7903
f 7825 7903 7868
f 7826 7844 7911
f 7827 7842 7828
f 7828 7842 7917
f 7828 7917 7902
f 7829 7927 7986
f 7829 7843 7927
f 7830 7841 7937
f 7830 7937 7919
f 7830 7919 7907
f 7831 7929 7914
f 7831 7914 7898
f 7832 7847 7910
f 7832 7910 7891
f 7833 7853 7896
f 7833 7896 7943
f 7833 7943 7884
f 7834 7870 7912
f 7835 7859 7836
f 7836 7859 7860
f 7836 7860 7925
f 7837 7861 7923
f 7838 7906 7931
f 7839 7881 7920
f 7839 7920 7903
f 7840 7896 7853
f 7840 7901 7951
f 7840 7951 7896
f 7841 7863 7937
f 7842 7936 7917
f 7842 7864 7865
f 7842 7865 7947
f 7842 7947 7936
f 7843 7866 7927
f 7844 7867 7942
f 7844 7942 7924
f 7844 7924 7911
f 7845 7931 8037
f 7845 8037 7934
f 7845 7934 7846
f 7846 7934 7913
f 7847 7868 7944
f 7847 7944 7910
f 7848 7888 7957
f 7848 7957 7901
f 7849 7939 7921
f 7849 7921 7908
f 7850 7869 7933
f 7850 7933 7916
f 7851 7915 7941
f 7852 7892 7922
f 7852 7922 7888
f 7854 7856 7946
f 7854 7946 7935
f 7854 7855 7856
f 7855 7963 7856
f 7856 7963 7964
f 7856 7964 7946
f 7857 7894 7932
f 7857 7932 7895
f 7858 7895 7930
f 7859 7871 7873
f 7859 7873 7860
f 7860 7873 7958
f 7860 7958 7926
f 7860 7926 7925
f 7861 7874 7956
f 7861 7956 8031
f 7861 8031 7923
f 7862 7879 7940
f 7863 7876 7949
f 7863 7949 7937
f 7864 7877 7865
f 7865 7877 7878
f 7865 7878 7947
f 7866 7880 7928
f 7866 7928 7927
f 7867 7882 7942
f 7868 7903 7961
f 7868 7961 7944
f 7869 7905 7969
f 7869 7969 7933
f 7870 7891 7945
f 7870 7945 7912
f 7871 7872 7873
f 7872 7885 7886
f 7872 7886 7873
f 7873 7886 7976
f 7873 7976 7958
f 7874 7908 7909
f 7874 7909 7956
f 7875 7889 7990
f 7875 7990 7876
f 7876 7990 7968
f 7876 7968 7949
f 7877 7890 7878
f 7878 7890 7966
f 7878 7966 7947
f 7879 7893 7940
f 7880 7897 8098
f 7880 8098 8057
f 7880 8057 7928
f 7881 7955 7920
f 7882 7898 7983
f 7882 7983 7960
f 7882 7960 7942
f 7883 7899 7993
f 7883 7993 7952
f 7884 7943 7973
f 7884 7973 7915
f 7885 7902 7887
f 7885 7887 7886
f 7886 7887 7976
f 7887 7902 7996
f 7887 7996 7978
f 7887 7978 7977
f 7887 7977 7976
f 7888 7922 7957
f 7889 7904 8007
f 7889 8007 7990
f 7890 7907 7987
f 7890 7987 7966
f 7891 7910 7992
f 7891 7992 7945
f 7892 7965 7922
f 7892 7930 8015
f 7892 8015 7965
f 7893 7911 7995
f 7893 7995 7954
f 7893 7954 7940
f 7894 7912 8017
f 7894 8017 7972
f 7894 7972 7932
f 7895 7932 8018
f 7895 8018 7971
f 7895 7971 7930
f 7896 7951 8016
f 7896 8016 7943
f 7897 7923 8118
f 7897 8118 8098
f 7898 7914 7983
f 7899 7925 8038
f 7899 8038 7993
f 7900 7941 8056
f 7900 8056 7994
f 7900 7994 7906
f 7901 7957 8033
f 7901 8033 7951
f 7902 7917 8019
f 7902 8019 7996
f 7903 7920 7989
f 7903 7989 7961
f 7904 7918 8029
f 7904 8029 8030
f 7904 8030 8007
f 7905 7940 8012
f 7905 8012 7970
f 7905 7970 7969
f 7906 7994 8034
f 7906 8034 7931
f 7907 7919 8003
f 7907 8003 7987
f 7908 7921 7909
f 7909 7921 8022
f 7909 8022 7956
f 7910 7944 8014
f 7910 8014 7992
f 7911 7924 7995
f 7912 7945 8017
f 7913 7934 8041
f 7913 8041 7953
f 7914 7929 8032
f 7914 8032 8002
f 7914 8002 7983
f 7915 7973 8013
f 7915 8013 7941
f 7916 7933 7999
f 7916 7999 7975
f 7916 7975 7955
f 7917 7936 8019
f 7918 7935 8029
f 7919 7937 7938
f 7919 7938 8024
f 7919 8024 8004
f 7919 8004 8003
f 7920 7955 8036
f 7920 8036 7989
f 7921 7939 8022
f 7922 7965 8011
f 7922 8011 7957
f 7923 8031 8118
f 7924 8047 8023
f 7924 8023 7995
f 7924 7942 8047
f 7925 7926 8038
f 7926 7958 8058
f 7926 8058 8038
f 7927 7928 8009
f 7927 8009 7986
f 7928 8057 8145
f 7928 8145 8009
f 7929 7962 8055
f 7929 8055 8032
f 7930 7971 8015
f 7931 8034 8037
f 7932 7972 8073
f 7932 8073 8018
f 7933 7969 8054
f 7933 8054 7999
f 7934 8037 8162
f 7934 8162 8041
f 7935 7946 8048
f 7935 8048 8029
f 7936 7947 7948
f 7936 7948 8045
f 7936 8045 8019
f 7937 7949 7938
f 7938 7949 7950
f 7938 7950 8050
f 7938 8050 8051
f 7938 8051 8024
f 7939 7952 8202
f 7939 8202 8022
f 7940 7954 8012
f 7941 8013 8056
f 7942 7960 8047
f 7943 8016 8079
f 7943 8079 7973
f 7944 7961 8043
f 7944 8043 8014
f 7945 7992 8044
f 7945 8044 8017
f 7946 7964 8065
f 7946 8065 8048
f 7947 7966 7948
f 7948 7966 7967
f 7948 7967 8083
f 7948 8083 8060
f 7948 8060 8045
f 7949 7968 7950
f 7950 7968 8067
f 7950 8067 8068
f 7950 8068 8050
f 7951 8033 8100
f 7951 8100 8016
f 7952 7993 8202
f 7953 8041 8163
f 7953 8163 7974
f 7954 7995 8078
f 7954 8078 8042
f 7954 8042 8012
f 7955 7975 8036
f 7956 8022 8205
f 7956 8205 8031
f 7957 8011 8033
f 7958 7976 7959
f 7958 7959 8058
f 7959 7976 7979
f 7959 7979 8075
f 7959 8075 8058
f 7960 7983 8095
f 7960 8095 8072
f 7960 8072 8047
f 7961 7989 8063
f 7961 8063 8043
f 7962 7986 8055
f 7963 7984 7985
f 7963 7985 8089
f 7963 8089 7964
f 7964 8089 8065
f 7965 8015 8088
f 7965 8088 8040
f 7965 8040 8011
f 7966 7987 7967
f 7967 8081 8080
f 7967 8080 8083
f 7967 7987 7988
f 7967 7988 8103
f 7967 8103 8081
f 7968 7990 7991
f 7968 7991 8092
f 7968 8092 8067
f 7969 7970 8054
f 7970 8012 8099
f 7970 8099 8074
f 7970 8074 8054
f 7971 8018 8064
f 7971 8064 8015
f 7972 8017 8119
f 7972 8119 8120
f 7972 8120 8073
f 7973 8079 8128
f 7973 8128 8013
f 7974 8163 8309
f 7974 8309 8035
f 7975 7999 8110
f 7975 8110 8059
f 7975 8059 8036
f 7976 7977 7979
f 7977 7978 7979
f 7978 7996 7997
f 7978 7997 7998
f 7978 7998 7980
f 7978 7980 7982
f 7978 7982 7981
f 7978 7981 7979
f 7979 7981 8075
f 7980 7998 8123
f 7980 8123 7982
f 7981 7982 8101
f 7981 8101 8075
f 7982 8123 8102
f 7982 8102 8101
f 7983 8002 8095
f 7984 8000 8001
f 7984 8001 7985
f 7985 8001 8111
f 7985 8111 8089
f 7986 8009 8097
f 7986 8097 8055
f 7987 8003 7988
f 7988 8003 8005
f 7988 8005 8103
f 7989 8036 8010
f 7989 8010 8063
f 7990 8007 7991
f 7991 8008 8113
f 7991 8113 8114
f 7991 8114 8092
f 7991 8007 8008
f 7992 8014 8096
f 7992 8096 8044
f 7993 8038 8138
f 7993 8138 8112
f 7993 8112 8202
f 7994 8056 8146
f 7994 8146 8034
f 7995 8023 8078
f 7996 8019 7997
f 7997 8019 8020
f 7997 8020 8121
f 7997 8121 8122
f 7997 8122 7998
f 7998 8122 8123
f 7999 8054 8137
f 7999 8137 8110
f 8000 8158 8001
f 8001 8158 8134
f 8001 8134 8111
f 8002 8032 8141
f 8002 8141 8115
f 8002 8115 8095
f 8003 8004 8006
f 8003 8006 8005
f 8004 8024 8025
f 8004 8025 8027
f 8004 8027 8006
f 8005 8006 8129
f 8005 8129 8106
f 8005 8106 8104
f 8005 8104 8103
f 8006 8027 8130
f 8006 8130 8131
f 8006 8131 8129
f 8007 8030 8008
f 8008 8135 8136
f 8008 8136 8113
f 8008 8030 8161
f 8008 8161 8135
f 8009 8145 8225
f 8009 8225 8097
f 8010 8036 8059
f 8010 8059 8142
f 8010 8142 8094
f 8010 8094 8063
f 8011 8040 8077
f 8011 8077 8033
f 8012 8042 8099
f 8013 8128 8166
f 8013 8166 8056
f 8014 8043 8116
f 8014 8116 8096
f 8015 8064 8088
f 8016 8100 8174
f 8016 8174 8079
f 8017 8044 8119
f 8018 8073 8117
f 8018 8117 8064
f 8019 8045 8020
f 8020 8045 8021
f 8020 8021 8121
f 8021 8045 8167
f 8021 8167 8148
f 8021 8148 8147
f 8021 8147 8121
f 8022 8202 8164
f 8022 8164 8205
f 8023 8047 8140
f 8023 8140 8216
f 8023 8216 8078
f 8024 8051 8026
f 8024 8026 8025
f 8025 8026 8028
f 8025 8028 8027
f 8026 8051 8052
f 8026 8052 8177
f 8026 8177 8178
f 8026 8178 8028
f 8027 8028 8154
f 8027 8154 8130
f 8028 8178 8155
f 8028 8155 8154
f 8029 8048 8049
f 8029 8049 8030
f 8030 8049 8161
f 8031 8205 8144
f 8031 8144 8118
f 8032 8055 8141
f 8033 8077 8100
f 8034 8146 8153
f 8034 8153 8037
f 8035 8309 8360
f 8035 8360 8182
f 8037 8153 8162
f 8038 8058 8039
f 8038 8039 8139
f 8038 8139 8138
f 8039 8058 8076
f 8039 8076 8184
f 8039 8184 8139
f 8040 8088 8189
f 8040 8189 8224
f 8040 8224 8077
f 8041 8162 8206
f 8041 8206 8163
f 8042 8078 8175
f 8042 8175 8223
f 8042 8223 8099
f 8043 8063 8151
f 8043 8151 8116
f 8044 8096 8152
f 8044 8152 8119
f 8045 8060 8046
f 8045 8046 8167
f 8046 8060 8061
f 8046 8061 8188
f 8046 8188 8169
f 8046 8169 8168
f 8046 8168 8167
f 8047 8072 8140
f 8048 8065 8066
f 8048 8066 8049
f 8049 8066 8183
f 8049 8183 8161
f 8050 8068 8069
f 8050 8069 8052
f 8050 8052 8051
f 8052 8069 8053
f 8052 8053 8177
f 8053 8069 8194
f 8053 8194 8180
f 8053 8180 8179
f 8053 8179 8177
f 8054 8074 8137
f 8055 8097 8165
f 8055 8165 8141
f 8056 8166 8200
f 8056 8200 8146
f 8057 8098 8190
f 8057 8190 8145
f 8058 8075 8076
f 8059 8110 8191
f 8059 8191 8142
f 8060 8083 8062
f 8060 8062 8061
f 8061 8062 8187
f 8061 8187 8188
f 8062 8083 8085
f 8062 8085 8187
f 8063 8094 8151
f 8064 8117 8143
f 8064 8143 8088
f 8065 8089 8090
f 8065 8090 8066
f 8066 8090 8197
f 8066 8197 8183
f 8067 8092 8093
f 8067 8093 8071
f 8067 8071 8068
f 8068 8071 8070
f 8068 8070 8069
f 8069 8070 8192
f 8069 8192 8194
f 8070 8071 8192
f 8071 8093 8209
f 8071 8209 8193
f 8071 8193 8192
f 8072 8095 8185
f 8072 8185 8252
f 8072 8252 8140
f 8073 8120 8176
f 8073 8176 8117
f 8074 8099 8201
f 8074 8201 8186
f 8074 8186 8137
f 8075 8101 8102
f 8075 8102 8076
f 8076 8102 8217
f 8076 8217 8184
f 8077 8224 8160
f 8077 8160 8100
f 8078 8216 8175
f 8079 8174 8233
f 8079 8233 8128
f 8080 8081 8082
f 8080 8082 8086
f 8080 8086 8084
f 8080 8084 8083
f 8081 8103 8082
f 8082 8103 8108
f 8082 8108 8086
f 8083 8084 8085
f 8084 8086 8087
f 8084 8087 8085
f 8085 8087 8187
f 8086 8108 8109
f 8086 8109 8204
f 8086 8204 8087
f 8087 8204 8187
f 8088 8143 8189
f 8089 8111 8234
f 8089 8234 8090
f 8090 8234 8215
f 8090 8215 8197
f 8091 8220 8541
f 8091 8541 8707
f 8092 8114 8208
f 8092 8208 8093
f 8093 8208 8212
f 8093 8212 8209
f 8094 8142 8198
f 8094 8198 8254
f 8094 8254 8151
f 8095 8115 8185
f 8096 8116 8199
f 8096 8199 8152
f 8097 8225 8273
f 8097 8273 8165
f 8098 8118 8207
f 8098 8207 8190
f 8099 8223 8201
f 8100 8160 8174
f 8102 8127 8217
f 8102 8123 8124
f 8102 8124 8127
f 8103 8104 8105
f 8103 8105 8109
f 8103 8109 8108
f 8104 8106 8107
f 8104 8107 8222
f 8104 8222 8109
f 8104 8109 8105
f 8106 8129 8132
f 8106 8132 8222
f 8106 8222 8107
f 8109 8222 8204
f 8110 8137 8235
f 8110 8235 8191
f 8111 8134 8251
f 8111 8251 8234
f 8112 8138 8139
f 8112 8139 8310
f 8112 8310 8221
f 8112 8221 8202
f 8113 8136 8226
f 8113 8226 8114
f 8114 8226 8208
f 8115 8141 8240
f 8115 8240 8280
f 8115 8280 8185
f 8116 8151 8254
f 8116 8254 8219
f 8116 8219 8199
f 8117 8176 8238
f 8117 8238 8196
f 8117 8196 8143
f 8118 8144 8300
f 8118 8300 8207
f 8119 8152 8239
f 8119 8239 8120
f 8120 8239 8289
f 8120 8289 8176
f 8121 8147 8125
f 8121 8125 8124
f 8121 8124 8122
f 8122 8124 8123
f 8124 8125 8126
f 8124 8126 8127
f 8125 8147 8150
f 8125 8150 8126
f 8126 8150 8127
f 8127 8150 8307
f 8127 8307 8217
f 8128 8233 8257
f 8128 8257 8166
f 8129 8131 8132
f 8130 8154 8156
f 8130 8156 8132
f 8130 8132 8131
f 8132 8156 8133
f 8132 8133 8222
f 8133 8156 8157
f 8133 8157 8322
f 8133 8322 8315
f 8133 8315 8222
f 8134 8158 8159
f 8134 8159 8263
f 8134 8263 8251
f 8135 8242 8136
f 8135 8161 8259
f 8135 8259 8242
f 8136 8242 8243
f 8136 8243 8226
f 8137 8186 8235
f 8139 8184 8310
f 8140 8252 8237
f 8140 8237 8216
f 8141 8165 8240
f 8142 8191 8253
f 8142 8253 8198
f 8143 8196 8236
f 8143 8236 8189
f 8144 8205 8291
f 8144 8291 8266
f 8144 8266 8300
f 8145 8190 8249
f 8145 8249 8225
f 8146 8200 8269
f 8146 8269 8153
f 8147 8148 8149
f 8147 8149 8150
f 8148 8167 8168
f 8148 8168 8171
f 8148 8171 8172
f 8148 8172 8149
f 8149 8172 8150
f 8150 8172 8307
f 8152 8199 8275
f 8152 8275 8239
f 8153 8269 8272
f 8153 8272 8162
f 8154 8155 8157
f 8154 8157 8156
f 8155 8178 8179
f 8155 8179 8157
f 8157 8179 8180
f 8157 8180 8181
f 8157 8181 8271
f 8157 8271 8322
f 8160 8218 8174
f 8160 8224 8277
f 8160 8277 8314
f 8160 8314 8218
f 8161 8183 8258
f 8161 8258 8259
f 8162 8272 8206
f 8163 8206 8304
f 8163 8304 8309
f 8164 8202 8203
f 8164 8203 8351
f 8164 8351 8378
f 8164 8378 8248
f 8164 8248 8205
f 8165 8273 8256
f 8165 8256 8240
f 8166 8257 8279
f 8166 8279 8200
f 8168 8169 8170
f 8168 8170 8171
f 8169 8188 8170
f 8170 8173 8171
f 8170 8188 8187
f 8170 8187 8204
f 8170 8204 8173
f 8171 8173 8172
f 8172 8173 8307
f 8173 8204 8396
f 8173 8396 8307
f 8174 8218 8233
f 8175 8216 8276
f 8175 8276 8241
f 8175 8241 8223
f 8176 8289 8346
f 8176 8346 8238
f 8177 8179 8178
f 8180 8194 8181
f 8181 8194 8282
f 8181 8282 8271
f 8182 8360 8438
f 8182 8438 8220
f 8183 8197 8283
f 8183 8283 8274
f 8183 8274 8258
f 8184 8217 8348
f 8184 8348 8310
f 8185 8280 8281
f 8185 8281 8252
f 8186 8278 8312
f 8186 8312 8235
f 8186 8201 8278
f 8189 8236 8267
f 8189 8267 8224
f 8190 8207 8265
f 8190 8265 8249
f 8191 8235 8286
f 8191 8286 8253
f 8192 8193 8195
f 8192 8195 8194
f 8193 8209 8210
f 8193 8210 8195
f 8194 8195 8282
f 8195 8210 8214
f 8195 8214 8282
f 8196 8238 8270
f 8196 8270 8236
f 8197 8215 8297
f 8197 8297 8283
f 8198 8253 8288
f 8198 8288 8255
f 8198 8255 8254
f 8199 8219 8275
f 8200 8279 8250
f 8200 8250 8269
f 8201 8223 8294
f 8201 8294 8278
f 8202 8221 8203
f 8203 8221 8351
f 8204 8222 8315
f 8204 8315 8370
f 8204 8370 8396
f 8205 8248 8291
f 8206 8272 8372
f 8206 8372 8304
f 8207 8300 8350
f 8207 8350 8265
f 8208 8226 8227
f 8208 8227 8228
f 8208 8228 8213
f 8208 8213 8211
f 8208 8211 8212
f 8209 8212 8210
f 8210 8212 8214
f 8211 8213 8212
f 8212 8213 8214
f 8213 8228 8229
f 8213 8229 8232
f 8213 8232 8214
f 8214 8293 8282
f 8214 8232 8293
f 8215 8234 8305
f 8215 8305 8306
f 8215 8306 8297
f 8216 8237 8276
f 8217 8307 8348
f 8218 8314 8268
f 8218 8268 8233
f 8219 8254 8290
f 8219 8290 8275
f 8220 8438 8541
f 8221 8310 8351
f 8223 8241 8294
f 8224 8267 8277
f 8225 8249 8287
f 8225 8287 8273
f 8226 8243 8227
f 8227 8243 8231
f 8227 8231 8229
f 8227 8229 8228
f 8229 8231 8232
f 8230 8244 8247
f 8230 8247 8318
f 8230 8318 8231
f 8230 8231 8244
f 8231 8318 8375
f 8231 8375 8232
f 8231 8243 8244
f 8232 8375 8293
f 8233 8268 8257
f 8234 8251 8305
f 8235 8312 8286
f 8236 8270 8296
f 8236 8296 8267
f 8237 8252 8316
f 8237 8316 8292
f 8237 8292 8276
f 8238 8346 8299
f 8238 8299 8270
f 8239 8275 8317
f 8239 8317 8289
f 8240 8256 8308
f 8240 8308 8280
f 8241 8276 8336
f 8241 8336 8358
f 8241 8358 8294
f 8242 8259 8260
f 8242 8260 8245
f 8242 8245 8243
f 8243 8245 8244
f 8244 8245 8246
f 8244 8246 8247
f 8245 8260 8262
f 8245 8262 8246
f 8246 8262 8327
f 8246 8327 8247
f 8247 8327 8318
f 8248 8378 8291
f 8249 8265 8311
f 8249 8311 8287
f 8250 8279 8323
f 8250 8323 8347
f 8250 8347 8269
f 8251 8263 8264
f 8251 8264 8319
f 8251 8319 8305
f 8252 8281 8316
f 8253 8286 8325
f 8253 8325 8288
f 8254 8255 8290
f 8255 8288 8333
f 8255 8333 8301
f 8255 8301 8290
f 8256 8273 8335
f 8256 8335 8381
f 8256 8381 8308
f 8257 8268 8303
f 8257 8303 8279
f 8258 8274 8261
f 8258 8261 8259
f 8259 8261 8260
f 8260 8261 8262
f 8261 8274 8340
f 8261 8340 8326
f 8261 8326 8262
f 8262 8326 8328
f 8262 8328 8327
f 8263 8334 8264
f 8264 8334 8319
f 8265 8350 8397
f 8265 8397 8311
f 8266 8291 8402
f 8266 8402 8391
f 8266 8391 8364
f 8266 8364 8300
f 8267 8296 8302
f 8267 8302 8277
f 8268 8314 8352
f 8268 8352 8390
f 8268 8390 8303
f 8269 8347 8369
f 8269 8369 8272
f 8270 8299 8321
f 8270 8321 8296
f 8271 8282 8338
f 8271 8338 8322
f 8272 8369 8372
f 8273 8287 8335
f 8274 8283 8285
f 8274 8285 8340
f 8275 8290 8332
f 8275 8332 8317
f 8276 8292 8336
f 8277 8302 8362
f 8277 8362 8314
f 8278 8294 8358
f 8278 8358 8339
f 8278 8339 8312
f 8279 8303 8323
f 8280 8308 8295
f 8280 8295 8281
f 8281 8295 8344
f 8281 8344 8316
f 8282 8293 8349
f 8282 8349 8338
f 8283 8297 8284
f 8283 8284 8285
f 8284 8297 8365
f 8284 8365 8353
f 8284 8353 8285
f 8285 8353 8354
f 8285 8354 8340
f 8286 8312 8313
f 8286 8313 8345
f 8286 8345 8325
f 8287 8311 8363
f 8287 8363 8335
f 8288 8325 8361
f 8288 8361 8333
f 8289 8317 8346
f 8290 8301 8332
f 8291 8378 8402
f 8292 8376 8393
f 8292 8393 8336
f 8292 8316 8376
f 8293 8375 8426
f 8293 8426 8349
f 8295 8308 8371
f 8295 8371 8418
f 8295 8418 8344
f 8296 8321 8337
f 8296 8337 8302
f 8297 8306 8298
f 8297 8298 8365
f 8298 8306 8377
f 8298 8377 8366
f 8298 8366 8365
f 8299 8346 8324
f 8299 8324 8359
f 8299 8359 8321
f 8300 8364 8350
f 8301 8333 8374
f 8301 8374 8400
f 8301 8400 8332
f 8302 8337 8362
f 8303 8390 8323
f 8304 8372 8452
f 8304 8452 8404
f 8304 8404 8309
f 8305 8319 8320
f 8305 8320 8306
f 8306 8320 8377
f 8307 8396 8423
f 8307 8423 8348
f 8308 8381 8371
f 8309 8404 8360
f 8310 8348 8388
f 8310 8388 8351
f 8311 8397 8385
f 8311 8385 8363
f 8312 8339 8313
f 8313 8339 8383
f 8313 8383 8408
f 8313 8408 8345
f 8314 8362 8352
f 8315 8322 8380
f 8315 8380 8370
f 8316 8344 8376
f 8317 8332 8373
f 8317 8373 8346
f 8318 8327 8328
f 8318 8328 8395
f 8318 8395 8375
f 8319 8334 8398
f 8319 8398 8320
f 8320 8398 8386
f 8320 8386 8387
f 8320 8387 8377
f 8321 8359 8379
f 8321 8379 8337
f 8322 8338 8380
f 8323 8390 8414
f 8323 8414 8347
f 8324 8346 8373
f 8324 8373 8415
f 8324 8415 8462
f 8324 8462 8382
f 8324 8382 8359
f 8325 8345 8384
f 8325 8384 8361
f 8326 8340 8329
f 8326 8329 8330
f 8326 8330 8328
f 8328 8330 8331
f 8328 8331 8395
f 8329 8340 8341
f 8329 8341 8331
f 8329 8331 8330
f 8331 8341 8343
f 8331 8343 8395
f 8332 8400 8373
f 8333 8361 8401
f 8333 8401 8374
f 8335 8363 8405
f 8335 8405 8381
f 8336 8393 8368
f 8336 8368 8358
f 8337 8379 8389
f 8337 8389 8362
f 8338 8349 8454
f 8338 8454 8380
f 8339 8406 8383
f 8339 8358 8406
f 8340 8354 8341
f 8341 8354 8342
f 8341 8342 8343
f 8342 8354 8356
f 8342 8356 8343
f 8343 8356 8411
f 8343 8411 8459
f 8343 8459 8395
f 8344 8418 8403
f 8344 8403 8376
f 8345 8408 8384
f 8347 8414 8436
f 8347 8436 8369
f 8348 8423 8447
f 8348 8447 8388
f 8349 8426 8417
f 8349 8417 8454
f 8350 8364 8407
f 8350 8407 8397
f 8351 8388 8448
f 8351 8448 8392
f 8351 8392 8378
f 8352 8362 8394
f 8352 8394 8422
f 8352 8422 8390
f 8353 8355 8354
f 8353 8365 8367
f 8353 8367 8355
f 8354 8355 8357
f 8354 8357 8356
f 8355 8367 8409
f 8355 8409 8357
f 8356 8357 8411
f 8357 8409 8410
f 8357 8410 8411
f 8358 8368 8406
f 8359 8382 8445
f 8359 8445 8379
f 8360 8404 8503
f 8360 8503 8438
f 8361 8384 8430
f 8361 8430 8401
f 8362 8389 8394
f 8363 8385 8412
f 8363 8412 8405
f 8364 8391 8413
f 8364 8413 8407
f 8365 8366 8367
f 8366 8387 8431
f 8366 8431 8420
f 8366 8420 8367
f 8366 8377 8387
f 8367 8420 8419
f 8367 8419 8409
f 8368 8424 8453
f 8368 8453 8406
f 8368 8393 8424
f 8369 8436 8449
f 8369 8449 8372
f 8370 8380 8478
f 8370 8478 8396
f 8371 8381 8439
f 8371 8439 8418
f 8372 8449 8452
f 8373 8400 8415
f 8374 8401 8429
f 8374 8429 8441
f 8374 8441 8400
f 8375 8395 8425
f 8375 8425 8426
f 8376 8403 8473
f 8376 8473 8460
f 8376 8460 8393
f 8378 8392 8416
f 8378 8416 8402
f 8379 8445 8480
f 8379 8480 8421
f 8379 8421 8389
f 8380 8454 8478
f 8381 8405 8439
f 8382 8462 8474
f 8382 8474 8445
f 8383 8406 8453
f 8383 8453 8440
f 8383 8440 8408
f 8384 8408 8443
f 8384 8443 8430
f 8385 8397 8444
f 8385 8444 8466
f 8385 8466 8412
f 8386 8398 8399
f 8386 8399 8450
f 8386 8450 8442
f 8386 8442 8387
f 8387 8442 8432
f 8387 8432 8431
f 8388 8447 8448
f 8389 8421 8428
f 8389 8428 8394
f 8390 8422 8414
f 8391 8402 8437
f 8391 8437 8413
f 8392 8448 8416
f 8393 8460 8424
f 8394 8428 8461
f 8394 8461 8422
f 8395 8459 8446
f 8395 8446 8425
f 8396 8478 8536
f 8396 8536 8423
f 8397 8407 8444
f 8400 8441 8415
f 8401 8430 8455
f 8401 8455 8429
f 8402 8416 8437
f 8403 8418 8458
f 8403 8458 8473
f 8404 8452 8493
f 8404 8493 8503
f 8405 8412 8451
f 8405 8451 8439
f 8407 8413 8457
f 8407 8457 8444
f 8408 8440 8464
f 8408 8464 8443
f 8409 8419 8410
f 8410 8419 8420
f 8410 8420 8471
f 8410 8471 8411
f 8411 8471 8505
f 8411 8505 8459
f 8412 8466 8497
f 8412 8497 8451
f 8413 8437 8469
f 8413 8469 8457
f 8414 8422 8456
f 8414 8456 8436
f 8415 8441 8477
f 8415 8477 8462
f 8416 8448 8519
f 8416 8519 8502
f 8416 8502 8437
f 8417 8426 8465
f 8417 8465 8463
f 8417 8463 8454
f 8418 8439 8427
f 8418 8427 8458
f 8420 8431 8433
f 8420 8433 8471
f 8421 8480 8488
f 8421 8488 8428
f 8422 8461 8456
f 8423 8536 8504
f 8423 8504 8447
f 8424 8460 8496
f 8424 8496 8476
f 8424 8476 8453
f 8425 8446 8481
f 8425 8481 8472
f 8425 8472 8426
f 8426 8472 8465
f 8427 8439 8479
f 8427 8479 8509
f 8427 8509 8458
f 8428 8488 8461
f 8429 8455 8491
f 8429 8491 8467
f 8429 8467 8477
f 8429 8477 8441
f 8430 8443 8470
f 8430 8470 8455
f 8431 8432 8433
f 8432 8442 8434
f 8432 8434 8435
f 8432 8435 8433
f 8433 8435 8471
f 8434 8442 8483
f 8434 8483 8435
f 8435 8483 8471
f 8436 8456 8475
f 8436 8475 8449
f 8437 8502 8489
f 8437 8489 8469
f 8438 8503 8586
f 8438 8586 8541
f 8439 8451 8479
f 8440 8453 8490
f 8440 8490 8468
f 8440 8468 8464
f 8442 8494 8485
f 8442 8485 8484
f 8442 8484 8483
f 8443 8464 8492
f 8443 8492 8470
f 8444 8457 8482
f 8444 8482 8466
f 8445 8474 8480
f 8446 8459 8506
f 8446 8506 8498
f 8446 8498 8529
f 8446 8529 8481
f 8447 8504 8553
f 8447 8553 8540
f 8447 8540 8448
f 8448 8540 8519
f 8449 8475 8522
f 8449 8522 8452
f 8451 8497 8525
f 8451 8525 8479
f 8452 8522 8493
f 8453 8476 8490
f 8454 8463 8478
f 8455 8470 8514
f 8455 8514 8491
f 8456 8461 8512
f 8456 8512 8475
f 8457 8469 8499
f 8457 8499 8482
f 8458 8509 8500
f 8458 8500 8473
f 8459 8505 8506
f 8460 8473 8496
f 8461 8488 8520
f 8461 8520 8512
f 8462 8477 8501
f 8462 8501 8474
f 8463 8465 8508
f 8463 8508 8478
f 8464 8468 8492
f 8465 8472 8524
f 8465 8524 8516
f 8465 8516 8508
f 8466 8482 8507
f 8466 8507 8497
f 8467 8491 8511
f 8467 8511 8523
f 8467 8523 8477
f 8468 8490 8513
f 8468 8513 8530
f 8468 8530 8492
f 8469 8489 8517
f 8469 8517 8499
f 8470 8492 8514
f 8471 8483 8486
f 8471 8486 8521
f 8471 8521 8505
f 8472 8481 8524
f 8473 8500 8527
f 8473 8527 8537
f 8473 8537 8496
f 8474 8501 8526
f 8474 8526 8510
f 8474 8510 8480
f 8475 8512 8543
f 8475 8543 8522
f 8476 8496 8537
f 8476 8537 8539
f 8476 8539 8490
f 8477 8523 8501
f 8478 8508 8571
f 8478 8571 8603
f 8478 8603 8536
f 8479 8525 8518
f 8479 8518 8509
f 8480 8510 8515
f 8480 8515 8488
f 8481 8529 8524
f 8482 8499 8528
f 8482 8528 8507
f 8483 8484 8486
f 8484 8485 8486
f 8485 8494 8487
f 8485 8487 8486
f 8486 8487 8535
f 8486 8535 8521
f 8487 8494 8495
f 8487 8495 8535
f 8488 8515 8520
f 8489 8502 8531
f 8489 8531 8517
f 8490 8539 8513
f 8491 8514 8538
f 8491 8538 8511
f 8492 8530 8514
f 8493 8522 8560
f 8493 8560 8562
f 8493 8562 8503
f 8494 8533 8495
f 8495 8533 8535
f 8497 8507 8532
f 8497 8532 8525
f 8498 8506 8545
f 8498 8545 8568
f 8498 8568 8529
f 8499 8517 8546
f 8499 8546 8528
f 8500 8509 8542
f 8500 8542 8527
f 8501 8523 8526
f 8502 8519 8566
f 8502 8566 8531
f 8503 8562 8586
f 8504 8536 8601
f 8504 8601 8585
f 8504 8585 8553
f 8505 8521 8551
f 8505 8551 8544
f 8505 8544 8506
f 8506 8544 8545
f 8507 8528 8548
f 8507 8548 8532
f 8508 8516 8571
f 8509 8518 8542
f 8510 8526 8549
f 8510 8549 8515
f 8511 8538 8577
f 8511 8577 8556
f 8511 8556 8523
f 8512 8520 8550
f 8512 8550 8543
f 8513 8539 8565
f 8513 8565 8547
f 8513 8547 8530
f 8514 8530 8559
f 8514 8559 8538
f 8515 8549 8552
f 8515 8552 8520
f 8516 8524 8563
f 8516 8563 8571
f 8517 8531 8555
f 8517 8555 8546
f 8518 8532 8554
f 8518 8554 8542
f 8518 8525 8532
f 8519 8540 8584
f 8519 8584 8576
f 8519 8576 8566
f 8520 8552 8550
f 8521 8535 8561
f 8521 8561 8551
f 8522 8543 8560
f 8523 8556 8526
f 8524 8529 8563
f 8526 8556 8570
f 8526 8570 8549
f 8527 8542 8557
f 8527 8557 8537
f 8528 8546 8579
f 8528 8579 8548
f 8529 8568 8563
f 8530 8547 8559
f 8531 8566 8555
f 8532 8548 8567
f 8532 8567 8554
f 8533 8534 8535
f 8536 8603 8601
f 8537 8557 8569
f 8537 8569 8558
f 8537 8558 8539
f 8538 8559 8582
f 8538 8582 8577
f 8539 8558 8565
f 8540 8553 8598
f 8540 8598 8584
f 8541 8649 8707
f 8541 8586 8649
f 8542 8554 8572
f 8542 8572 8557
f 8543 8550 8591
f 8543 8591 8560
f 8544 8551 8578
f 8544 8578 8597
f 8544 8597 8545
f 8545 8597 8592
f 8545 8592 8593
f 8545 8593 8568
f 8546 8555 8573
f 8546 8573 8579
f 8547 8565 8600
f 8547 8600 8582
f 8547 8582 8559
f 8548 8579 8595
f 8548 8595 8567
f 8549 8570 8575
f 8549 8575 8552
f 8550 8552 8606
f 8550 8606 8591
f 8551 8561 8578
f 8552 8575 8606
f 8553 8585 8598
f 8554 8567 8580
f 8554 8580 8572
f 8555 8566 8581
f 8555 8581 8573
f 8556 8577 8587
f 8556 8587 8570
f 8557 8572 8564
f 8557 8564 8569
f 8558 8583 8602
f 8558 8602 8565
f 8558 8569 8583
f 8560 8591 8613
f 8560 8613 8619
f 8560 8619 8562
f 8561 8612 8578
f 8562 8619 8586
f 8563 8568 8588
f 8563 8588 8571
f 8564 8574 8569
f 8564 8572 8596
f 8564 8596 8610
f 8564 8610 8574
f 8565 8602 8594
f 8565 8594 8600
f 8566 8576 8590
f 8566 8590 8581
f 8567 8595 8589
f 8567 8589 8580
f 8568 8593 8588
f 8569 8574 8583
f 8570 8587 8604
f 8570 8604 8575
f 8571 8588 8634
f 8571 8634 8642
f 8571 8642 8603
f 8572 8580 8596
f 8573 8581 8622
f 8573 8622 8607
f 8573 8607 8579
f 8574 8610 8599
f 8574 8599 8583
f 8575 8604 8628
f 8575 8628 8606
f 8576 8584 8605
f 8576 8605 8590
f 8577 8582 8615
f 8577 8615 8587
f 8578 8612 8608
f 8578 8608 8597
f 8579 8607 8595
f 8580 8589 8609
f 8580 8609 8596
f 8581 8590 8616
f 8581 8616 8622
f 8582 8600 8617
f 8582 8617 8615
f 8583 8599 8611
f 8583 8611 8602
f 8584 8598 8618
f 8584 8618 8605
f 8585 8601 8598
f 8586 8619 8649
f 8587 8615 8632
f 8587 8632 8604
f 8588 8593 8614
f 8588 8614 8634
f 8589 8595 8624
f 8589 8624 8637
f 8589 8637 8609
f 8590 8605 8625
f 8590 8625 8616
f 8591 8606 8627
f 8591 8627 8613
f 8592 8614 8593
f 8592 8597 8623
f 8592 8623 8614
f 8594 8602 8611
f 8594 8611 8621
f 8594 8621 8600
f 8595 8607 8624
f 8596 8609 8620
f 8596 8620 8610
f 8597 8608 8626
f 8597 8626 8623
f 8598 8601 8653
f 8598 8653 8658
f 8598 8658 8618
f 8599 8610 8629
f 8599 8629 8639
f 8599 8639 8611
f 8600 8621 8630
f 8600 8630 8617
f 8601 8603 8660
f 8601 8660 8653
f 8603 8642 8667
f 8603 8667 8660
f 8604 8632 8635
f 8604 8635 8628
f 8605 8618 8625
f 8606 8628 8627
f 8607 8622 8636
f 8607 8636 8624
f 8608 8612 8633
f 8608 8633 8626
f 8609 8637 8644
f 8609 8644 8620
f 8610 8620 8629
f 8611 8639 8646
f 8611 8646 8621
f 8613 8627 8641
f 8613 8641 8619
f 8614 8623 8634
f 8615 8617 8648
f 8615 8648 8632
f 8616 8625 8640
f 8616 8640 8631
f 8616 8631 8622
f 8617 8630 8645
f 8617 8645 8648
f 8618 8658 8650
f 8618 8650 8625
f 8619 8641 8662
f 8619 8662 8649
f 8620 8644 8655
f 8620 8655 8629
f 8621 8646 8638
f 8621 8638 8630
f 8622 8631 8636
f 8623 8626 8652
f 8623 8652 8665
f 8623 8665 8634
f 8624 8636 8643
f 8624 8643 8637
f 8625 8650 8640
f 8626 8633 8652
f 8627 8628 8647
f 8627 8647 8641
f 8628 8635 8647
f 8629 8655 8651
f 8629 8651 8639
f 8630 8638 8645
f 8631 8640 8666
f 8631 8666 8656
f 8631 8656 8636
f 8632 8648 8657
f 8632 8657 8635
f 8634 8665 8677
f 8634 8677 8681
f 8634 8681 8642
f 8635 8657 8678
f 8635 8678 8647
f 8636 8656 8643
f 8637 8643 8654
f 8637 8654 8644
f 8638 8646 8670
f 8638 8670 8645
f 8639 8651 8664
f 8639 8664 8646
f 8640 8650 8661
f 8640 8661 8666
f 8641 8647 8675
f 8641 8675 8662
f 8642 8681 8667
f 8643 8656 8669
f 8643 8669 8654
f 8644 8654 8663
f 8644 8663 8655
f 8645 8670 8659
f 8645 8659 8648
f 8646 8664 8673
f 8646 8673 8670
f 8647 8678 8675
f 8648 8659 8657
f 8649 8662 8701
f 8649 8701 8707
f 8650 8658 8684
f 8650 8684 8661
f 8651 8655 8671
f 8651 8671 8664
f 8652 8668 8665
f 8653 8683 8697
f 8653 8697 8691
f 8653 8691 8658
f 8653 8660 8683
f 8654 8669 8679
f 8654 8679 8680
f 8654 8680 8663
f 8655 8663 8671
f 8656 8666 8676
f 8656 8676 8669
f 8657 8659 8686
f 8657 8686 8678
f 8658 8691 8684
f 8659 8670 8690
f 8659 8690 8686
f 8660 8667 8683
f 8661 8684 8674
f 8661 8674 8666
f 8662 8675 8704
f 8662 8704 8701
f 8663 8680 8688
f 8663 8688 8671
f 8664 8671 8672
f 8664 8672 8673
f 8665 8668 8677
f 8666 8674 8676
f 8667 8681 8702
f 8667 8702 8711
f 8667 8711 8683
f 8668 8699 8677
f 8669 8676 8687
f 8669 8687 8679
f 8670 8673 8689
f 8670 8689 8690
f 8671 8688 8672
f 8672 8688 8695
f 8672 8695 8682
f 8672 8682 8673
f 8673 8682 8689
f 8674 8684 8693
f 8674 8693 8685
f 8674 8685 8676
f 8675 8692 8704
f 8675 8678 8692
f 8676 8685 8687
f 8677 8699 8681
f 8678 8686 8692
f 8679 8687 8680
f 8680 8687 8696
f 8680 8696 8705
f 8680 8705 8688
f 8681 8699 8702
f 8682 8695 8700
f 8682 8700 8689
f 8683 8711 8713
f 8683 8713 8697
f 8684 8691 8693
f 8685 8693 8698
f 8685 8698 8694
f 8685 8694 8687
f 8686 8690 8709
f 8686 8709 8692
f 8687 8694 8696
f 8688 8705 8695
f 8689 8700 8706
f 8689 8706 8690
f 8690 8706 8709
f 8691 8697 8715
f 8691 8715 8708
f 8691 8708 8693
f 8692 8709 8716
f 8692 8716 8704
f 8693 8708 8698
f 8694 8698 8703
f 8694 8703 8696
f 8695 8705 8710
f 8695 8710 8700
f 8696 8703 8705
f 8697 8713 8715
f 8698 8708 8712
f 8698 8712 8714
f 8698 8714 8703
f 8700 8710 8718
f 8700 8718 8721
f 8700 8721 8706
f 8701 8726 8741
f 8701 8741 8707
f 8701 8704 8726
f 8702 8734 8711
f 8703 8714 8717
f 8703 8717 8705
f 8704 8716 8726
f 8705 8717 8710
f 8706 8721 8719
f 8706 8719 8709
f 8708 8715 8712
f 8709 8719 8716
f 8710 8717 8722
f 8710 8722 8718
f 8711 8734 8735
f 8711 8735 8729
f 8711 8729 8713
f 8712 8724 8714
f 8712 8715 8728
f 8712 8728 8730
f 8712 8730 8724
f 8713 8729 8728
f 8713 8728 8715
f 8714 8724 8720
f 8714 8720 8717
f 8716 8719 8731
f 8716 8731 8726
f 8717 8720 8725
f 8717 8725 8722
f 8718 8722 8721
f 8719 8723 8727
f 8719 8727 8731
f 8719 8721 8723
f 8720 8724 8725
f 8721 8722 8723
f 8722 8725 8733
f 8722 8733 8723
f 8723 8733 8737
f 8723 8737 8727
f 8724 8730 8736
f 8724 8736 8732
f 8724 8732 8725
f 8725 8732 8733
f 8726 8731 8747
f 8726 8747 8741
f 8727 8737 8743
f 8727 8743 8731
f 8728 8729 8738
f 8728 8738 8730
f 8729 8735 8742
f 8729 8742 8738
f 8730 8738 8736
f 8731 8743 8747
f 8732 8736 8739
f 8732 8739 8733
f 8733 8739 8744
f 8733 8744 8737
f 8734 8746 8735
f 8735 8746 8742
f 8736 8738 8745
f 8736 8745 8740
f 8736 8740 8739
f 8737 8744 8751
f 8737 8751 8743
f 8738 8742 8745
f 8739 8740 8744
f 8740 8745 8750
f 8740 8750 8744
f 8741 8747 8760
f 8742 8746 8748
f 8742 8748 8745
f 8743 8751 8755
f 8743 8755 8747
f 8744 8750 8752
f 8744 8752 8751
f 8745 8748 8749
f 8745 8749 8750
f 8746 8756 8748
f 8747 8755 8760
f 8748 8756 8753
f 8748 8753 8754
f 8748 8754 8749
f 8749 8754 8750
f 8750 8754 8752
f 8751 8752 8757
f 8751 8757 8755
f 8752 8754 8759
f 8752 8759 8757
f 8753 8756 8758
f 8753 8758 8759
f 8753 8759 8754
f 8755 8757 8761
f 8755 8761 8760
